(1784903364.924755) can0 121#00A601CF04800067 R
(1784903364.925023) can0 129#000000010000006E R
(1784903364.927486) can0 120#000000000000006A R
(1784903364.928012) can0 541#000010000004D0AB R
(1784903364.931512) can0 12D#000000000000006A R
(1784903364.931818) can0 12E#000000000000C02E R
(1784903364.937849) can0 450#0000000000002800 R
(1784903364.940708) can0 12D#000000000000008B R
(1784903364.940957) can0 12A#10050000000A00DC R
(1784903364.944779) can0 121#00A601CF04800086 R
(1784903364.945113) can0 129#000000010000008F R
(1784903364.947153) can0 120#000000000000008B R
(1784903364.947618) can0 541#000010000004D0C1 R
(1784903364.950939) can0 12D#00000000000000BE R
(1784903364.951378) can0 12E#000000000000C044 R
(1784903364.960668) can0 12D#00000000000000D4 R
(1784903364.964753) can0 121#00A601CF048000B3 R
(1784903364.965060) can0 129#00000001000000BA R
(1784903364.966337) can0 120#00000000000000BE R
(1784903364.968400) can0 541#000010000004D020 R
(1784903364.970766) can0 12D#0000000000000035 R
(1784903364.972916) can0 12E#000000000000C071 R
(1784903364.980671) can0 12D#000000000000005F R
(1784903364.985458) can0 121#00A601CF048000D9 R
(1784903364.985794) can0 129#00000001000000D0 R
(1784903364.985994) can0 540#000040100000ED00 R
(1784903364.986111) can0 5B0#10000000000000D5 R
(1784903364.986421) can0 120#00000000000000D4 R
(1784903364.987682) can0 541#000010000004D04A R
(1784903364.988061) can0 450#0000000000002800 R
(1784903364.991007) can0 12D#000000000000006A R
(1784903364.991285) can0 12E#000000000000C090 R
(1784903364.991409) can0 12A#10050000000A003D R
(1784903364.991549) can0 5A0#00000000040000DA R
(1784903365.000644) can0 12D#000000000000008B R
(1784903365.004832) can0 121#00A601CF04800038 R
(1784903365.006585) can0 129#0000000100000031 R
(1784903365.006971) can0 120#0000000000000035 R
(1784903365.007715) can0 541#000010000004D07F R
(1784903365.010807) can0 12D#00000000000000BE R
(1784903365.011176) can0 12E#000000000000C0A5 R
(1784903365.020701) can0 12D#00000000000000D4 R
(1784903365.025654) can0 121#00A601CF04800052 R
(1784903365.025996) can0 129#000000010000005B R
(1784903365.026554) can0 120#000000000000005F R
(1784903365.027690) can0 541#000010000004D09E R
(1784903365.030774) can0 12D#0000000000000035 R
(1784903365.031095) can0 12E#000000000000C0CF R
(1784903365.037299) can0 450#0000000000002800 R
(1784903365.040698) can0 12D#000000000000005F R
(1784903365.041160) can0 12A#10050000000A0057 R
(1784903365.044761) can0 121#00A601CF04800067 R
(1784903365.045082) can0 129#000000010000006E R
(1784903365.046967) can0 120#000000000000006A R
(1784903365.047633) can0 541#000010000004D0AB R
(1784903365.050844) can0 12D#000000000000006A R
(1784903365.051193) can0 12E#000000000000C02E R
(1784903365.060660) can0 12D#000000000000008B R
(1784903365.065590) can0 121#00A601CF04800086 R
(1784903365.065904) can0 129#000000010000008F R
(1784903365.066444) can0 120#000000000000008B R
(1784903365.067606) can0 541#000010000004D1D7 R
(1784903365.071164) can0 12D#00000000000000BE R
(1784903365.071497) can0 12E#000000000000C044 R
(1784903365.080671) can0 12D#00000000000000D4 R
(1784903365.085839) can0 121#00A601CF048000B3 R
(1784903365.086146) can0 129#00000001000000BA R
(1784903365.086254) can0 540#000040100000ED00 R
(1784903365.086447) can0 5B0#1000000000000034 R
(1784903365.086546) can0 120#00000000000000BE R
(1784903365.087635) can0 541#000010000004D136 R
(1784903365.088087) can0 450#0000000000002800 R
(1784903365.091069) can0 12D#0000000000000035 R
(1784903365.091411) can0 12E#000000000000C071 R
(1784903365.091528) can0 12A#10050000000A0062 R
(1784903365.091684) can0 5A0#000000000400003B R
(1784903365.100773) can0 12D#000000000000005F R
(1784903365.105621) can0 121#00A601CF048000D9 R
(1784903365.105975) can0 129#00000001000000D0 R
(1784903365.106339) can0 120#00000000000000D4 R
(1784903365.107679) can0 541#000010000004D15C R
(1784903365.110787) can0 12D#000000000000006A R
(1784903365.111030) can0 12E#000000000000C090 R
(1784903365.121018) can0 12D#000000000000008B R
(1784903365.124794) can0 121#00A601CF04800038 R
(1784903365.126425) can0 129#0000000100000031 R
(1784903365.126564) can0 120#0000000000000035 R
(1784903365.127633) can0 541#000010000004D169 R
(1784903365.130802) can0 12D#00000000000000BE R
(1784903365.131091) can0 12E#000000000000C0A5 R
(1784903365.137292) can0 450#0000000000002800 R
(1784903365.140685) can0 12D#00000000000000D4 R
(1784903365.141085) can0 12A#10050000000A0083 R
(1784903365.144787) can0 121#00A601CF04800052 R
(1784903365.146583) can0 129#000000010000005B R
(1784903365.146911) can0 120#000000000000005F R
(1784903365.147630) can0 541#000010000004D188 R
(1784903365.150838) can0 12D#0000000000000035 R
(1784903365.151327) can0 12E#000000000000C0CF R
(1784903365.160686) can0 12D#000000000000005F R
(1784903365.165498) can0 121#00A601CF04800067 R
(1784903365.165876) can0 129#000000010000006E R
(1784903365.166871) can0 120#000000000000006A R
(1784903365.167666) can0 541#000010000004D1BD R
(1784903365.171883) can0 12D#000000000000006A R
(1784903365.172304) can0 12E#000000000000C02E R
(1784903365.180662) can0 12D#000000000000008B R
(1784903365.184785) can0 121#00A601CF04800086 R
(1784903365.185056) can0 129#000000010000008F R
(1784903365.185192) can0 540#000040100000ED00 R
(1784903365.185436) can0 5B0#100000000000005E R
(1784903365.186456) can0 120#000000000000008B R
(1784903365.188221) can0 541#000010000004D1D7 R
(1784903365.188628) can0 450#0000000000002800 R
(1784903365.191468) can0 12D#00000000000000BE R
(1784903365.191880) can0 12E#000000000000C044 R
(1784903365.192065) can0 12A#10050000000A00B6 R
(1784903365.192204) can0 5A0#0000000004000051 R
(1784903365.200627) can0 12D#00000000000000D4 R
(1784903365.204775) can0 121#00A601CF048000B3 R
(1784903365.205083) can0 129#00000001000000BA R
(1784903365.207489) can0 120#00000000000000BE R
(1784903365.207903) can0 541#000010000004D136 R
(1784903365.210808) can0 12D#0000000000000035 R
(1784903365.211091) can0 12E#000000000000C071 R
(1784903365.220674) can0 12D#000000000000005F R
(1784903365.225703) can0 121#00A601CF048000D9 R
(1784903365.226160) can0 129#00000001000000D0 R
(1784903365.226354) can0 120#00000000000000D4 R
(1784903365.227615) can0 541#000010000004D15C R
(1784903365.230765) can0 12D#000000000000006A R
(1784903365.231077) can0 12E#000000000000C090 R
(1784903365.237294) can0 450#0000000000002800 R
(1784903365.240700) can0 12D#000000000000008B R
(1784903365.241011) can0 12A#10050000000A00DC R
(1784903365.244780) can0 121#00A601CF04800038 R
(1784903365.245062) can0 129#0000000100000031 R
(1784903365.246403) can0 120#0000000000000035 R
(1784903365.248084) can0 541#000010000004D169 R
(1784903365.251595) can0 12D#00000000000000BE R
(1784903365.251936) can0 12E#000000000000C0A5 R
(1784903365.260663) can0 12D#00000000000000D4 R
(1784903365.264775) can0 121#00A601CF04800052 R
(1784903365.265026) can0 129#000000010000005B R
(1784903365.267405) can0 120#000000000000005F R
(1784903365.267914) can0 541#000010000004D188 R
(1784903365.270766) can0 12D#0000000000000035 R
(1784903365.271090) can0 12E#000000000000C0CF R
(1784903365.280650) can0 12D#000000000000005F R
(1784903365.285576) can0 121#00A601CF04800067 R
(1784903365.285926) can0 129#000000010000006E R
(1784903365.286026) can0 540#000040100000ED00 R
(1784903365.286113) can0 5B0#100000000000006B R
(1784903365.286906) can0 120#000000000000006A R
(1784903365.287687) can0 541#000010000004D1BD R
(1784903365.288346) can0 450#0000000000002800 R
(1784903365.290915) can0 12D#000000000000006A R
(1784903365.291136) can0 12E#000000000000C02E R
(1784903365.291324) can0 12A#10050000000A003D R
(1784903365.291588) can0 5A0#0000000004000064 R
(1784903365.300703) can0 12D#000000000000008B R
(1784903365.305543) can0 121#00A601CF04800086 R
(1784903365.305863) can0 129#000000010000008F R
(1784903365.306766) can0 120#000000000000008B R
(1784903365.307683) can0 541#000010000004D1D7 R
(1784903365.310776) can0 12D#00000000000000BE R
(1784903365.311028) can0 12E#000000000000C044 R
(1784903365.320668) can0 12D#00000000000000D4 R
(1784903365.325798) can0 121#00A601CF048000B3 R
(1784903365.326126) can0 129#00000001000000BA R
(1784903365.326358) can0 120#00000000000000BE R
(1784903365.327659) can0 541#000010000004D136 R
(1784903365.330761) can0 12D#0000000000000035 R
(1784903365.331019) can0 12E#000000000000C071 R
(1784903365.337296) can0 450#0000000000002800 R
(1784903365.340665) can0 12D#000000000000005F R
(1784903365.341032) can0 12A#10050000000A0057 R
(1784903365.344827) can0 121#00A601CF048000D9 R
(1784903365.346598) can0 129#00000001000000D0 R
(1784903365.347311) can0 120#00000000000000D4 R
(1784903365.347729) can0 541#000010000004D15C R
(1784903365.350768) can0 12D#000000000000006A R
(1784903365.351252) can0 12E#000000000000C090 R
(1784903365.360653) can0 12D#000000000000008B R
(1784903365.364806) can0 121#00A601CF04800038 R
(1784903365.366540) can0 129#0000000100000031 R
(1784903365.366677) can0 120#0000000000000035 R
(1784903365.367755) can0 541#000010000004D169 R
(1784903365.370808) can0 12D#00000000000000BE R
(1784903365.371119) can0 12E#000000000000C0A5 R
(1784903365.380687) can0 12D#00000000000000D4 R
(1784903365.385956) can0 121#00A601CF04800052 R
(1784903365.386281) can0 129#000000010000005B R
(1784903365.386474) can0 540#000040100000ED00 R
(1784903365.386582) can0 5B0#100000000000008A R
(1784903365.386764) can0 120#000000000000005F R
(1784903365.387709) can0 541#000010000004D188 R
(1784903365.388063) can0 450#0000000000002800 R
(1784903365.391013) can0 12D#0000000000000035 R
(1784903365.391413) can0 12E#000000000000C0CF R
(1784903365.391630) can0 12A#10050000000A0062 R
(1784903365.391809) can0 5A0#0000000004000085 R
(1784903365.400653) can0 12D#000000000000005F R
(1784903365.405495) can0 121#00A601CF04800067 R
(1784903365.405882) can0 129#000000010000006E R
(1784903365.406770) can0 120#000000000000006A R
(1784903365.407746) can0 541#000010000004D1BD R
(1784903365.410761) can0 12D#000000000000006A R
(1784903365.411018) can0 12E#000000000000C02E R
(1784903365.420652) can0 12D#000000000000008B R
(1784903365.424804) can0 121#00A601CF04800086 R
(1784903365.425108) can0 129#000000010000008F R
(1784903365.426405) can0 120#000000000000008B R
(1784903365.428050) can0 541#000010000004D1D7 R
(1784903365.431398) can0 12D#00000000000000BE R
(1784903365.431761) can0 12E#000000000000C044 R
(1784903365.437306) can0 450#0000000000002800 R
(1784903365.440696) can0 12D#00000000000000D4 R
(1784903365.441148) can0 12A#10050000000A0083 R
(1784903365.444800) can0 121#00A601CF048000B3 R
(1784903365.445067) can0 129#00000001000000BA R
(1784903365.447992) can0 120#00000000000000BE R
(1784903365.448486) can0 541#000010000004D136 R
(1784903365.450796) can0 12D#0000000000000035 R
(1784903365.452460) can0 12E#000000000000C071 R
(1784903365.460681) can0 12D#000000000000005F R
(1784903365.465497) can0 121#00A601CF048000D9 R
(1784903365.465830) can0 129#00000001000000D0 R
(1784903365.466701) can0 120#00000000000000D4 R
(1784903365.467644) can0 541#000010000004D15C R
(1784903365.470732) can0 12D#000000000000006A R
(1784903365.470998) can0 12E#000000000000C090 R
(1784903365.480628) can0 12D#000000000000008B R
(1784903365.484803) can0 121#00A601CF04800038 R
(1784903365.485128) can0 129#0000000100000031 R
(1784903365.485216) can0 540#000040100000ED00 R
(1784903365.485449) can0 5B0#10000000000000BF R
(1784903365.486500) can0 120#0000000000000035 R
(1784903365.489040) can0 541#000010000004D169 R
(1784903365.489447) can0 450#0000000000002800 R
(1784903365.490870) can0 12D#00000000000000BE R
(1784903365.491038) can0 12E#000000000000C0A5 R
(1784903365.491313) can0 12A#10050000000A00B6 R
(1784903365.491565) can0 5A0#00000000040000B0 R
(1784903365.500673) can0 12D#00000000000000D4 R
(1784903365.505711) can0 121#00A601CF04800052 R
(1784903365.506018) can0 129#000000010000005B R
(1784903365.506883) can0 120#000000000000005F R
(1784903365.507756) can0 541#000010000004D188 R
(1784903365.510764) can0 12D#0000000000000035 R
(1784903365.511019) can0 12E#000000000000C0CF R
(1784903365.520656) can0 12D#000000000000005F R
(1784903365.524810) can0 121#00A601CF04800067 R
(1784903365.525061) can0 129#000000010000006E R
(1784903365.526429) can0 120#000000000000006A R
(1784903365.528198) can0 541#000010000004D1BD R
(1784903365.531540) can0 12D#000000000000006A R
(1784903365.531844) can0 12E#000000000000C02E R
(1784903365.537311) can0 450#0000000000002800 R
(1784903365.540655) can0 12D#000000000000008B R
(1784903365.540918) can0 12A#10050000000A00DC R
(1784903365.544804) can0 121#00A601CF04800086 R
(1784903365.545110) can0 129#000000010000008F R
(1784903365.547592) can0 120#000000000000008B R
(1784903365.547988) can0 541#000010000004D1D7 R
(1784903365.550829) can0 12D#00000000000000BE R
(1784903365.551271) can0 12E#000000000000C044 R
(1784903365.560640) can0 12D#00000000000000D4 R
(1784903365.565440) can0 121#00A601CF048000B3 R
(1784903365.565747) can0 129#00000001000000BA R
(1784903365.566716) can0 120#00000000000000BE R
(1784903365.567617) can0 541#000010000004D136 R
(1784903365.570774) can0 12D#0000000000000035 R
(1784903365.571110) can0 12E#000000000000C071 R
(1784903365.581030) can0 12D#000000000000005F R
(1784903365.587124) can0 121#00A601CF048000D9 R
(1784903365.587514) can0 129#00000001000000D0 R
(1784903365.587698) can0 540#000040100000ED00 R
(1784903365.587854) can0 5B0#10000000000000D5 R
(1784903365.587976) can0 120#00000000000000D4 R
(1784903365.590932) can0 541#000010000004D15C R
(1784903365.591089) can0 450#0000000000002800 R
(1784903365.591187) can0 12D#000000000000006A R
(1784903365.591304) can0 12E#000000000000C090 R
(1784903365.591429) can0 12A#10050000000A003D R
(1784903365.591646) can0 5A0#00000000040000DA R
(1784903365.600707) can0 12D#000000000000008B R
(1784903365.604889) can0 121#00A601CF04800038 R
(1784903365.605225) can0 129#0000000100000031 R
(1784903365.606449) can0 120#0000000000000035 R
(1784903365.608641) can0 541#000010000004D169 R
(1784903365.610740) can0 12D#00000000000000BE R
(1784903365.610937) can0 12E#000000000000C0A5 R
(1784903365.620629) can0 12D#00000000000000D4 R
(1784903365.625555) can0 121#00A601CF04800052 R
(1784903365.625857) can0 129#000000010000005B R
(1784903365.627079) can0 120#000000000000005F R
(1784903365.627668) can0 541#000010000004D188 R
(1784903365.630844) can0 12D#0000000000000035 R
(1784903365.631155) can0 12E#000000000000C0CF R
(1784903365.637394) can0 450#0000000000002800 R
(1784903365.640693) can0 12D#000000000000005F R
(1784903365.640940) can0 12A#10050000000A0057 R
(1784903365.644814) can0 121#00A601CF04800067 R
(1784903365.645213) can0 129#000000010000006E R
(1784903365.647254) can0 120#000000000000006A R
(1784903365.647634) can0 541#000010000004D1BD R
(1784903365.650807) can0 12D#000000000000006A R
(1784903365.651254) can0 12E#000000000000C02E R
(1784903365.660644) can0 12D#000000000000008B R
(1784903365.664833) can0 121#00A601CF04800086 R
(1784903365.666514) can0 129#000000010000008F R
(1784903365.667004) can0 120#000000000000008B R
(1784903365.667703) can0 541#000010000004D1D7 R
(1784903365.670798) can0 12D#00000000000000BE R
(1784903365.671174) can0 12E#000000000000C044 R
(1784903365.680622) can0 12D#00000000000000D4 R
(1784903365.685459) can0 121#00A601CF048000B3 R
(1784903365.685795) can0 129#00000001000000BA R
(1784903365.685978) can0 540#000040100000ED00 R
(1784903365.686082) can0 5B0#1000000000000034 R
(1784903365.686469) can0 120#00000000000000BE R
(1784903365.687642) can0 541#000010000004D136 R
(1784903365.688086) can0 450#0000000000002800 R
(1784903365.690863) can0 12D#0000000000000035 R
(1784903365.691216) can0 12E#000000000000C071 R
(1784903365.691303) can0 12A#10050000000A0062 R
(1784903365.691573) can0 5A0#000000000400003B R
(1784903365.700796) can0 12D#000000000000005F R
(1784903365.705990) can0 121#00A601CF048000D9 R
(1784903365.706425) can0 129#00000001000000D0 R
(1784903365.706536) can0 120#00000000000000D4 R
(1784903365.707688) can0 541#000010000004D15C R
(1784903365.710757) can0 12D#000000000000006A R
(1784903365.711249) can0 12E#000000000000C090 R
(1784903365.720673) can0 12D#000000000000008B R
(1784903365.725664) can0 121#00A601CF04800038 R
(1784903365.726011) can0 129#0000000100000031 R
(1784903365.726432) can0 120#0000000000000035 R
(1784903365.727669) can0 541#000010000004D169 R
(1784903365.730783) can0 12D#00000000000000BE R
(1784903365.731121) can0 12E#000000000000C0A5 R
(1784903365.737336) can0 450#0000000000002800 R
(1784903365.740664) can0 12D#00000000000000D4 R
(1784903365.740907) can0 12A#10050000000A0083 R
(1784903365.744820) can0 121#00A601CF04800052 R
(1784903365.745106) can0 129#000000010000005B R
(1784903365.746966) can0 120#000000000000005F R
(1784903365.748120) can0 541#000010000004D188 R
(1784903365.751171) can0 12D#0000000000000035 R
(1784903365.751570) can0 12E#000000000000C0CF R
(1784903365.760642) can0 12D#000000000000005F R
(1784903365.764889) can0 121#00A601CF04800067 R
(1784903365.765273) can0 129#000000010000006E R
(1784903365.767184) can0 120#000000000000006A R
(1784903365.767656) can0 541#000010000004D1BD R
(1784903365.770732) can0 12D#000000000000006A R
(1784903365.772306) can0 12E#000000000000C02E R
(1784903365.780643) can0 12D#000000000000008B R
(1784903365.785009) can0 121#00A601CF04800086 R
(1784903365.785306) can0 129#000000010000008F R
(1784903365.785426) can0 540#000040100000ED00 R
(1784903365.785687) can0 5B0#100000000000005E R
(1784903365.786691) can0 120#000000000000008B R
(1784903365.789015) can0 541#000010000004D1D7 R
(1784903365.789167) can0 450#0000000000002800 R
(1784903365.790876) can0 12D#00000000000000BE R
(1784903365.791217) can0 12E#000000000000C044 R
(1784903365.791361) can0 12A#10050000000A00B6 R
(1784903365.793288) can0 5A0#0000000004000051 R
(1784903365.800664) can0 12D#00000000000000D4 R
(1784903365.805507) can0 121#00A601CF048000B3 R
(1784903365.805867) can0 129#00000001000000BA R
(1784903365.806672) can0 120#00000000000000BE R
(1784903365.807677) can0 541#000010000004D136 R
(1784903365.810768) can0 12D#0000000000000035 R
(1784903365.811029) can0 12E#000000000000C071 R
(1784903365.820641) can0 12D#000000000000005F R
(1784903365.825775) can0 121#00A601CF048000D9 R
(1784903365.826102) can0 129#00000001000000D0 R
(1784903365.826972) can0 120#00000000000000D4 R
(1784903365.827625) can0 541#000010000004D15C R
(1784903365.830795) can0 12D#000000000000006A R
(1784903365.831195) can0 12E#000000000000C090 R
(1784903365.837844) can0 450#0000000000002800 R
(1784903365.840650) can0 12D#000000000000008B R
(1784903365.840927) can0 12A#10050000000A00DC R
(1784903365.844825) can0 121#00A601CF04800038 R
(1784903365.845167) can0 129#0000000100000031 R
(1784903365.846418) can0 120#0000000000000035 R
(1784903365.848799) can0 541#000010000004D169 R
(1784903365.850730) can0 12D#00000000000000BE R
(1784903365.850971) can0 12E#000000000000C0A5 R
(1784903365.860817) can0 12D#00000000000000D4 R
(1784903365.865661) can0 121#00A601CF04800052 R
(1784903365.866031) can0 129#000000010000005B R
(1784903365.866412) can0 120#000000000000005F R
(1784903365.867630) can0 541#000010000004D188 R
(1784903365.870753) can0 12D#0000000000000035 R
(1784903365.871022) can0 12E#000000000000C0CF R
(1784903365.880659) can0 12D#000000000000005F R
(1784903365.884829) can0 121#00A601CF04800067 R
(1784903365.885078) can0 129#000000010000006E R
(1784903365.885270) can0 540#000040100000ED00 R
(1784903365.885524) can0 5B0#100000000000006B R
(1784903365.886515) can0 120#000000000000006A R
(1784903365.887620) can0 541#000010000004D1BD R
(1784903365.888080) can0 450#0000000000002800 R
(1784903365.890874) can0 12D#000000000000006A R
(1784903365.891208) can0 12E#000000000000C02E R
(1784903365.891291) can0 12A#10050000000A003D R
(1784903365.891559) can0 5A0#0000000004000064 R
(1784903365.900625) can0 12D#000000000000008B R
(1784903365.905831) can0 121#00A601CF04800086 R
(1784903365.906223) can0 129#000000010000008F R
(1784903365.906418) can0 120#000000000000008B R
(1784903365.907685) can0 541#000010000004D1D7 R
(1784903365.910754) can0 12D#00000000000000BE R
(1784903365.911070) can0 12E#000000000000C044 R
(1784903365.920638) can0 12D#00000000000000D4 R
(1784903365.924829) can0 121#00A601CF048000B3 R
(1784903365.925077) can0 129#00000001000000BA R
(1784903365.926469) can0 120#00000000000000BE R
(1784903365.927666) can0 541#000010000004D136 R
(1784903365.930998) can0 12D#0000000000000035 R
(1784903365.931442) can0 12E#000000000000C071 R
(1784903365.937312) can0 450#0000000000002800 R
(1784903365.940676) can0 12D#000000000000005F R
(1784903365.940925) can0 12A#10050000000A0057 R
(1784903365.944854) can0 121#00A601CF048000D9 R
(1784903365.945120) can0 129#00000001000000D0 R
(1784903365.946483) can0 120#00000000000000D4 R
(1784903365.948068) can0 541#000010000004D15C R
(1784903365.951168) can0 12D#000000000000006A R
(1784903365.951558) can0 12E#000000000000C090 R
(1784903365.961101) can0 12D#000000000000008B R
(1784903365.965947) can0 121#00A601CF04800038 R
(1784903365.966267) can0 129#0000000100000031 R
(1784903365.966424) can0 120#0000000000000035 R
(1784903365.967638) can0 541#000010000004D169 R
(1784903365.970773) can0 12D#00000000000000BE R
(1784903365.971133) can0 12E#000000000000C0A5 R
(1784903365.980620) can0 12D#00000000000000D4 R
(1784903365.985333) can0 121#00A601CF04800052 R
(1784903365.985803) can0 129#000000010000005B R
(1784903365.985910) can0 540#000040100000ED00 R
(1784903365.986028) can0 5B0#100000000000008A R
(1784903365.986531) can0 120#000000000000005F R
(1784903365.987650) can0 541#000010000004D188 R
(1784903365.988053) can0 450#0000000000002800 R
(1784903365.991086) can0 12D#0000000000000035 R
(1784903365.991516) can0 12E#000000000000C0CF R
(1784903365.991636) can0 12A#10050000000A0062 R
(1784903365.991725) can0 5A0#0000000004000085 R
(1784903366.000665) can0 12D#000000000000005F R
(1784903366.005629) can0 121#00A601CF04800067 R
(1784903366.005956) can0 129#000000010000006E R
(1784903366.006913) can0 120#000000000000006A R
(1784903366.007669) can0 541#000010000004D1BD R
(1784903366.010763) can0 12D#000000000000006A R
(1784903366.011033) can0 12E#000000000000C02E R
(1784903366.020638) can0 12D#000000000000008B R
(1784903366.025587) can0 121#00A601CF04800086 R
(1784903366.025914) can0 129#000000010000008F R
(1784903366.026418) can0 120#000000000000008B R
(1784903366.027642) can0 541#000010000004D1D7 R
(1784903366.030731) can0 12D#00000000000000BE R
(1784903366.030985) can0 12E#000000000000C044 R
(1784903366.037310) can0 450#0000000000002800 R
(1784903366.040656) can0 12D#00000000000000D4 R
(1784903366.041051) can0 12A#10050000000A0083 R
(1784903366.044864) can0 121#00A601CF048000B3 R
(1784903366.045137) can0 129#00000001000000BA R
(1784903366.047523) can0 120#00000000000000BE R
(1784903366.047925) can0 541#000010000004D136 R
(1784903366.050784) can0 12D#0000000000000035 R
(1784903366.051161) can0 12E#000000000000C071 R
(1784903366.060653) can0 12D#000000000000005F R
(1784903366.065564) can0 121#00A601CF048000D9 R
(1784903366.065873) can0 129#00000001000000D0 R
(1784903366.066427) can0 120#00000000000000D4 R
(1784903366.067639) can0 541#000010000004D253 R
(1784903366.070774) can0 12D#000000000000006A R
(1784903366.071045) can0 12E#000000000000C090 R
(1784903366.080650) can0 12D#000000000000008B R
(1784903366.084861) can0 121#00A601CF04800038 R
(1784903366.085265) can0 129#0000000100000031 R
(1784903366.087470) can0 540#000040100000ED00 R
(1784903366.087704) can0 5B0#10000000000000BF R
(1784903366.087867) can0 120#0000000000000035 R
(1784903366.088018) can0 541#000010000004D266 R
(1784903366.088215) can0 450#0000000000002800 R
(1784903366.090977) can0 12D#00000000000000BE R
(1784903366.091362) can0 12E#000000000000C0A5 R
(1784903366.091457) can0 12A#10050000000A00B6 R
(1784903366.091737) can0 5A0#00000000040000B0 R
(1784903366.100639) can0 12D#00000000000000D4 R
(1784903366.104871) can0 121#00A601CF04800052 R
(1784903366.106522) can0 129#000000010000005B R
(1784903366.106965) can0 120#000000000000005F R
(1784903366.107652) can0 541#000010000004D287 R
(1784903366.110752) can0 12D#0000000000000035 R
(1784903366.111073) can0 12E#000000000000C0CF R
(1784903366.120636) can0 12D#000000000000005F R
(1784903366.124858) can0 121#00A601CF04800067 R
(1784903366.125097) can0 129#000000010000006E R
(1784903366.127242) can0 120#000000000000006A R
(1784903366.127667) can0 541#000010000004D2B2 R
(1784903366.130743) can0 12D#000000000000006A R
(1784903366.131124) can0 12E#000000000000C02E R
(1784903366.137313) can0 450#0000000000002800 R
(1784903366.140675) can0 12D#000000000000008B R
(1784903366.140998) can0 12A#10050000000A00DC R
(1784903366.144916) can0 121#00A601CF04800086 R
(1784903366.145180) can0 129#000000010000008F R
(1784903366.146556) can0 120#000000000000008B R
(1784903366.148341) can0 541#000010000004D2D8 R
(1784903366.151651) can0 12D#00000000000000BE R
(1784903366.152018) can0 12E#000000000000C044 R
(1784903366.160640) can0 12D#00000000000000D4 R
(1784903366.165906) can0 121#00A601CF048000B3 R
(1784903366.166248) can0 129#00000001000000BA R
(1784903366.167050) can0 120#00000000000000BE R
(1784903366.167713) can0 541#000010000004D239 R
(1784903366.170732) can0 12D#0000000000000035 R
(1784903366.171124) can0 12E#000000000000C071 R
(1784903366.180638) can0 12D#000000000000005F R
(1784903366.185396) can0 121#00A601CF048000D9 R
(1784903366.185824) can0 129#00000001000000D0 R
(1784903366.185919) can0 540#000040100000ED00 R
(1784903366.186031) can0 5B0#10000000000000D5 R
(1784903366.186537) can0 120#00000000000000D4 R
(1784903366.189418) can0 541#000010000004D253 R
(1784903366.189838) can0 450#0000000000002800 R
(1784903366.190841) can0 12D#000000000000006A R
(1784903366.191111) can0 12E#000000000000C090 R
(1784903366.191291) can0 12A#10050000000A003D R
(1784903366.191530) can0 5A0#00000000040000DA R
(1784903366.200630) can0 12D#000000000000008B R
(1784903366.205541) can0 121#00A601CF04800038 R
(1784903366.205861) can0 129#0000000100000031 R
(1784903366.206547) can0 120#0000000000000035 R
(1784903366.207751) can0 541#000010000004D266 R
(1784903366.210747) can0 12D#00000000000000BE R
(1784903366.211020) can0 12E#000000000000C0A5 R
(1784903366.220639) can0 12D#00000000000000D4 R
(1784903366.226001) can0 121#00A601CF04800052 R
(1784903366.226484) can0 129#000000010000005B R
(1784903366.226606) can0 120#000000000000005F R
(1784903366.227634) can0 541#000010000004D287 R
(1784903366.230775) can0 12D#0000000000000035 R
(1784903366.231026) can0 12E#000000000000C0CF R
(1784903366.237324) can0 450#0000000000002800 R
(1784903366.240666) can0 12D#000000000000005F R
(1784903366.241103) can0 12A#10050000000A0057 R
(1784903366.244839) can0 121#00A601CF04800067 R
(1784903366.245040) can0 129#000000010000006E R
(1784903366.246437) can0 120#000000000000006A R
(1784903366.247635) can0 541#000010000004D2B2 R
(1784903366.250716) can0 12D#000000000000006A R
(1784903366.250992) can0 12E#000000000000C02E R
(1784903366.260626) can0 12D#000000000000008B R
(1784903366.264875) can0 121#00A601CF04800086 R
(1784903366.265119) can0 129#000000010000008F R
(1784903366.267466) can0 120#000000000000008B R
(1784903366.267875) can0 541#000010000004D2D8 R
(1784903366.271439) can0 12D#00000000000000BE R
(1784903366.271775) can0 12E#000000000000C044 R
(1784903366.280645) can0 12D#00000000000000D4 R
(1784903366.285641) can0 121#00A601CF048000B3 R
(1784903366.285996) can0 129#00000001000000BA R
(1784903366.286092) can0 540#000040100000ED00 R
(1784903366.286278) can0 5B0#1000000000000034 R
(1784903366.286992) can0 120#00000000000000BE R
(1784903366.287723) can0 541#000010000004D239 R
(1784903366.288078) can0 450#0000000000002800 R
(1784903366.290883) can0 12D#0000000000000035 R
(1784903366.291135) can0 12E#000000000000C071 R
(1784903366.291277) can0 12A#10050000000A0062 R
(1784903366.291704) can0 5A0#000000000400003B R
(1784903366.300642) can0 12D#000000000000005F R
(1784903366.304900) can0 121#00A601CF048000D9 R
(1784903366.305171) can0 129#00000001000000D0 R
(1784903366.306465) can0 120#00000000000000D4 R
(1784903366.308612) can0 541#000010000004D253 R
(1784903366.310698) can0 12D#000000000000006A R
(1784903366.310927) can0 12E#000000000000C090 R
(1784903366.320613) can0 12D#000000000000008B R
(1784903366.325439) can0 121#00A601CF04800038 R
(1784903366.325749) can0 129#0000000100000031 R
(1784903366.326710) can0 120#0000000000000035 R
(1784903366.327635) can0 541#000010000004D266 R
(1784903366.330714) can0 12D#00000000000000BE R
(1784903366.330982) can0 12E#000000000000C0A5 R
(1784903366.337335) can0 450#0000000000002800 R
(1784903366.340672) can0 12D#00000000000000D4 R
(1784903366.341013) can0 12A#10050000000A0083 R
(1784903366.344867) can0 121#00A601CF04800052 R
(1784903366.345117) can0 129#000000010000005B R
(1784903366.347695) can0 120#000000000000005F R
(1784903366.348037) can0 541#000010000004D287 R
(1784903366.351224) can0 12D#0000000000000035 R
(1784903366.351560) can0 12E#000000000000C0CF R
(1784903366.360622) can0 12D#000000000000005F R
(1784903366.365670) can0 121#00A601CF04800067 R
(1784903366.366049) can0 129#000000010000006E R
(1784903366.366891) can0 120#000000000000006A R
(1784903366.367670) can0 541#000010000004D2B2 R
(1784903366.370745) can0 12D#000000000000006A R
(1784903366.371017) can0 12E#000000000000C02E R
(1784903366.380600) can0 12D#000000000000008B R
(1784903366.385424) can0 121#00A601CF04800086 R
(1784903366.385806) can0 129#000000010000008F R
(1784903366.385911) can0 540#000040100000ED00 R
(1784903366.386000) can0 5B0#100000000000005E R
(1784903366.386734) can0 120#000000000000008B R
(1784903366.387649) can0 541#000010000004D2D8 R
(1784903366.389968) can0 450#0000000000002800 R
(1784903366.390847) can0 12D#00000000000000BE R
(1784903366.391165) can0 12E#000000000000C044 R
(1784903366.391275) can0 12A#10050000000A00B6 R
(1784903366.391576) can0 5A0#0000000004000051 R
(1784903366.400714) can0 12D#00000000000000D4 R
(1784903366.404886) can0 121#00A601CF048000B3 R
(1784903366.405257) can0 129#00000001000000BA R
(1784903366.406456) can0 120#00000000000000BE R
(1784903366.408749) can0 541#000010000004D239 R
(1784903366.410722) can0 12D#0000000000000035 R
(1784903366.410956) can0 12E#000000000000C071 R
(1784903366.420660) can0 12D#000000000000005F R
(1784903366.425611) can0 121#00A601CF048000D9 R
(1784903366.425926) can0 129#00000001000000D0 R
(1784903366.427203) can0 120#00000000000000D4 R
(1784903366.427688) can0 541#000010000004D253 R
(1784903366.430762) can0 12D#000000000000006A R
(1784903366.431156) can0 12E#000000000000C090 R
(1784903366.437324) can0 450#0000000000002800 R
(1784903366.440678) can0 12D#000000000000008B R
(1784903366.440995) can0 12A#10050000000A00DC R
(1784903366.444878) can0 121#00A601CF04800038 R
(1784903366.445139) can0 129#0000000100000031 R
(1784903366.448077) can0 120#0000000000000035 R
(1784903366.448480) can0 541#000010000004D266 R
(1784903366.450699) can0 12D#00000000000000BE R
(1784903366.450863) can0 12E#000000000000C0A5 R
(1784903366.460626) can0 12D#00000000000000D4 R
(1784903366.465891) can0 121#00A601CF04800052 R
(1784903366.466267) can0 129#000000010000005B R
(1784903366.466485) can0 120#000000000000005F R
(1784903366.467660) can0 541#000010000004D287 R
(1784903366.470735) can0 12D#0000000000000035 R
(1784903366.470991) can0 12E#000000000000C0CF R
(1784903366.480633) can0 12D#000000000000005F R
(1784903366.485782) can0 121#00A601CF04800067 R
(1784903366.486105) can0 129#000000010000006E R
(1784903366.486192) can0 540#000040100000ED00 R
(1784903366.486376) can0 5B0#100000000000006B R
(1784903366.486590) can0 120#000000000000006A R
(1784903366.487666) can0 541#000010000004D2B2 R
(1784903366.488127) can0 450#0000000000002800 R
(1784903366.490897) can0 12D#000000000000006A R
(1784903366.491300) can0 12E#000000000000C02E R
(1784903366.491447) can0 12A#10050000000A003D R
(1784903366.491666) can0 5A0#0000000004000064 R
(1784903366.500621) can0 12D#000000000000008B R
(1784903366.505807) can0 121#00A601CF04800086 R
(1784903366.506145) can0 129#000000010000008F R
(1784903366.506453) can0 120#000000000000008B R
(1784903366.507684) can0 541#000010000004D2D8 R
(1784903366.510742) can0 12D#00000000000000BE R
(1784903366.511056) can0 12E#000000000000C044 R
(1784903366.520610) can0 12D#00000000000000D4 R
(1784903366.525412) can0 121#00A601CF048000B3 R
(1784903366.525729) can0 129#00000001000000BA R
(1784903366.526631) can0 120#00000000000000BE R
(1784903366.527677) can0 541#000010000004D239 R
(1784903366.530710) can0 12D#0000000000000035 R
(1784903366.530982) can0 12E#000000000000C071 R
(1784903366.537383) can0 450#0000000000002800 R
(1784903366.540624) can0 12D#000000000000005F R
(1784903366.540867) can0 12A#10050000000A0057 R
(1784903366.546131) can0 121#00A601CF048000D9 R
(1784903366.546463) can0 129#00000001000000D0 R
(1784903366.546671) can0 120#00000000000000D4 R
(1784903366.547743) can0 541#000010000004D253 R
(1784903366.550823) can0 12D#000000000000006A R
(1784903366.551242) can0 12E#000000000000C090 R
(1784903366.560615) can0 12D#000000000000008B R
(1784903366.565494) can0 121#00A601CF04800038 R
(1784903366.565842) can0 129#0000000100000031 R
(1784903366.566476) can0 120#0000000000000035 R
(1784903366.567650) can0 541#000010000004D266 R
(1784903366.570748) can0 12D#00000000000000BE R
(1784903366.571167) can0 12E#000000000000C0A5 R
(1784903366.581199) can0 12D#00000000000000D4 R
(1784903366.585813) can0 121#00A601CF04800052 R
(1784903366.586270) can0 129#000000010000005B R
(1784903366.586394) can0 540#000040100000ED00 R
(1784903366.587354) can0 5B0#100000000000008A R
(1784903366.587783) can0 120#000000000000005F R
(1784903366.588009) can0 541#000010000004D287 R
(1784903366.588135) can0 450#0000000000002800 R
(1784903366.591202) can0 12D#0000000000000035 R
(1784903366.591674) can0 12E#000000000000C0CF R
(1784903366.591788) can0 12A#10050000000A0062 R
(1784903366.591896) can0 5A0#0000000004000085 R
(1784903366.600645) can0 12D#000000000000005F R
(1784903366.604902) can0 121#00A601CF04800067 R
(1784903366.605155) can0 129#000000010000006E R
(1784903366.607494) can0 120#000000000000006A R
(1784903366.607852) can0 541#000010000004D2B2 R
(1784903366.611007) can0 12D#000000000000006A R
(1784903366.611382) can0 12E#000000000000C02E R
(1784903366.620640) can0 12D#000000000000008B R
(1784903366.624918) can0 121#00A601CF04800086 R
(1784903366.626590) can0 129#000000010000008F R
(1784903366.626917) can0 120#000000000000008B R
(1784903366.627705) can0 541#000010000004D2D8 R
(1784903366.630815) can0 12D#00000000000000BE R
(1784903366.631201) can0 12E#000000000000C044 R
(1784903366.637329) can0 450#0000000000002800 R
(1784903366.640627) can0 12D#00000000000000D4 R
(1784903366.640921) can0 12A#10050000000A0083 R
(1784903366.644892) can0 121#00A601CF048000B3 R
(1784903366.645152) can0 129#00000001000000BA R
(1784903366.647530) can0 120#00000000000000BE R
(1784903366.647921) can0 541#000010000004D239 R
(1784903366.650801) can0 12D#0000000000000035 R
(1784903366.651242) can0 12E#000000000000C071 R
(1784903366.660619) can0 12D#000000000000005F R
(1784903366.665566) can0 121#00A601CF048000D9 R
(1784903366.665928) can0 129#00000001000000D0 R
(1784903366.666476) can0 120#00000000000000D4 R
(1784903366.667874) can0 541#000010000004D253 R
(1784903366.670728) can0 12D#000000000000006A R
(1784903366.670896) can0 12E#000000000000C090 R
(1784903366.680582) can0 12D#000000000000008B R
(1784903366.685641) can0 121#00A601CF04800038 R
(1784903366.685992) can0 129#0000000100000031 R
(1784903366.686097) can0 540#000040100000ED00 R
(1784903366.686285) can0 5B0#10000000000000BF R
(1784903366.686566) can0 120#0000000000000035 R
(1784903366.687669) can0 541#000010000004D266 R
(1784903366.689977) can0 450#0000000000002800 R
(1784903366.690876) can0 12D#00000000000000BE R
(1784903366.691083) can0 12E#000000000000C0A5 R
(1784903366.691303) can0 12A#10050000000A00B6 R
(1784903366.691547) can0 5A0#00000000040000B0 R
(1784903366.700649) can0 12D#00000000000000D4 R
(1784903366.704921) can0 121#00A601CF04800052 R
(1784903366.705162) can0 129#000000010000005B R
(1784903366.706525) can0 120#000000000000005F R
(1784903366.708120) can0 541#000010000004D287 R
(1784903366.711558) can0 12D#0000000000000035 R
(1784903366.711870) can0 12E#000000000000C0CF R
(1784903366.720614) can0 12D#000000000000005F R
(1784903366.725455) can0 121#00A601CF04800067 R
(1784903366.725764) can0 129#000000010000006E R
(1784903366.726681) can0 120#000000000000006A R
(1784903366.727651) can0 541#000010000004D2B2 R
(1784903366.730689) can0 12D#000000000000006A R
(1784903366.730953) can0 12E#000000000000C02E R
(1784903366.737323) can0 450#0000000000002800 R
(1784903366.740715) can0 12D#000000000000008B R
(1784903366.741082) can0 12A#10050000000A00DC R
(1784903366.744920) can0 121#00A601CF04800086 R
(1784903366.745276) can0 129#000000010000008F R
(1784903366.746512) can0 120#000000000000008B R
(1784903366.748545) can0 541#000010000004D2D8 R
(1784903366.750693) can0 12D#00000000000000BE R
(1784903366.750946) can0 12E#000000000000C044 R
(1784903366.761001) can0 12D#00000000000000D4 R
(1784903366.764899) can0 121#00A601CF048000B3 R
(1784903366.765196) can0 129#00000001000000BA R
(1784903366.767931) can0 120#00000000000000BE R
(1784903366.768330) can0 541#000010000004D239 R
(1784903366.770697) can0 12D#0000000000000035 R
(1784903366.770896) can0 12E#000000000000C071 R
(1784903366.780746) can0 12D#000000000000005F R
(1784903366.785675) can0 121#00A601CF048000D9 R
(1784903366.786104) can0 129#00000001000000D0 R
(1784903366.786225) can0 540#000040100000ED00 R
(1784903366.786348) can0 5B0#10000000000000D5 R
(1784903366.786563) can0 120#00000000000000D4 R
(1784903366.787678) can0 541#000010000004D253 R
(1784903366.788094) can0 450#0000000000002800 R
(1784903366.790903) can0 12D#000000000000006A R
(1784903366.791189) can0 12E#000000000000C090 R
(1784903366.791263) can0 12A#10050000000A003D R
(1784903366.791658) can0 5A0#00000000040000DA R
(1784903366.800594) can0 12D#000000000000008B R
(1784903366.805708) can0 121#00A601CF04800038 R
(1784903366.806020) can0 129#0000000100000031 R
(1784903366.806891) can0 120#0000000000000035 R
(1784903366.807705) can0 541#000010000004D266 R
(1784903366.810678) can0 12D#00000000000000BE R
(1784903366.810881) can0 12E#000000000000C0A5 R
(1784903366.820609) can0 12D#00000000000000D4 R
(1784903366.825898) can0 121#00A601CF04800052 R
(1784903366.826221) can0 129#000000010000005B R
(1784903366.826545) can0 120#000000000000005F R
(1784903366.827675) can0 541#000010000004D287 R
(1784903366.830759) can0 12D#0000000000000035 R
(1784903366.831097) can0 12E#000000000000C0CF R
(1784903366.837341) can0 450#0000000000002800 R
(1784903366.840627) can0 12D#000000000000005F R
(1784903366.840930) can0 12A#10050000000A0057 R
(1784903366.844916) can0 121#00A601CF04800067 R
(1784903366.845183) can0 129#000000010000006E R
(1784903366.847579) can0 120#000000000000006A R
(1784903366.847973) can0 541#000010000004D2B2 R
(1784903366.850801) can0 12D#000000000000006A R
(1784903366.851188) can0 12E#000000000000C02E R
(1784903366.860624) can0 12D#000000000000008B R
(1784903366.865974) can0 121#00A601CF04800086 R
(1784903366.866303) can0 129#000000010000008F R
(1784903366.866497) can0 120#000000000000008B R
(1784903366.867750) can0 541#000010000004D2D8 R
(1784903366.870704) can0 12D#00000000000000BE R
(1784903366.870954) can0 12E#000000000000C044 R
(1784903366.880576) can0 12D#00000000000000D4 R
(1784903366.884910) can0 121#00A601CF048000B3 R
(1784903366.885295) can0 129#00000001000000BA R
(1784903366.885387) can0 540#000040100000ED00 R
(1784903366.885621) can0 5B0#1000000000000034 R
(1784903366.886646) can0 120#00000000000000BE R
(1784903366.889068) can0 541#000010000004D239 R
(1784903366.889482) can0 450#0000000000002800 R
(1784903366.890809) can0 12D#0000000000000035 R
(1784903366.890993) can0 12E#000000000000C071 R
(1784903366.891262) can0 12A#10050000000A0062 R
(1784903366.891506) can0 5A0#000000000400003B R
(1784903366.900649) can0 12D#000000000000005F R
(1784903366.904979) can0 121#00A601CF048000D9 R
(1784903366.905386) can0 129#00000001000000D0 R
(1784903366.907473) can0 120#00000000000000D4 R
(1784903366.907797) can0 541#000010000004D253 R
(1784903366.910699) can0 12D#000000000000006A R
(1784903366.910898) can0 12E#000000000000C090 R
(1784903366.920605) can0 12D#000000000000008B R
(1784903366.925465) can0 121#00A601CF04800038 R
(1784903366.925835) can0 129#0000000100000031 R
(1784903366.926876) can0 120#0000000000000035 R
(1784903366.927729) can0 541#000010000004D266 R
(1784903366.930735) can0 12D#00000000000000BE R
(1784903366.930988) can0 12E#000000000000C0A5 R
(1784903366.937333) can0 450#0000000000002800 R
(1784903366.940678) can0 12D#00000000000000D4 R
(1784903366.941034) can0 12A#10050000000A0083 R
(1784903366.944922) can0 121#00A601CF04800052 R
(1784903366.945235) can0 129#000000010000005B R
(1784903366.946550) can0 120#000000000000005F R
(1784903366.947716) can0 541#000010000004D287 R
(1784903366.951494) can0 12D#0000000000000035 R
(1784903366.951814) can0 12E#000000000000C0CF R
(1784903366.960589) can0 12D#000000000000005F R
(1784903366.965405) can0 121#00A601CF04800067 R
(1784903366.965772) can0 129#000000010000006E R
(1784903366.966623) can0 120#000000000000006A R
(1784903366.967667) can0 541#000010000004D2B2 R
(1784903366.970731) can0 12D#000000000000006A R
(1784903366.971052) can0 12E#000000000000C02E R
(1784903366.980631) can0 12D#000000000000008B R
(1784903366.984931) can0 121#00A601CF04800086 R
(1784903366.985391) can0 129#000000010000008F R
(1784903366.987362) can0 540#000040100000ED00 R
(1784903366.987736) can0 5B0#100000000000005E R
(1784903366.987842) can0 120#000000000000008B R
(1784903366.988075) can0 541#000010000004D2D8 R
(1784903366.988285) can0 450#0000000000002800 R
(1784903366.991106) can0 12D#00000000000000BE R
(1784903366.991513) can0 12E#000000000000C044 R
(1784903366.991716) can0 12A#10050000000A00B6 R
(1784903366.991844) can0 5A0#0000000004000051 R
(1784903367.001065) can0 12D#00000000000000D4 R
(1784903367.004915) can0 121#00A601CF048000B3 R
(1784903367.005184) can0 129#00000001000000BA R
(1784903367.006516) can0 120#00000000000000BE R
(1784903367.008739) can0 541#000010000004D239 R
(1784903367.010673) can0 12D#0000000000000035 R
(1784903367.010866) can0 12E#000000000000C071 R
(1784903367.020601) can0 12D#000000000000005F R
(1784903367.025624) can0 121#00A601CF048000D9 R
(1784903367.025981) can0 129#00000001000000D0 R
(1784903367.026995) can0 120#00000000000000D4 R
(1784903367.027756) can0 541#000010000004D253 R
(1784903367.030706) can0 12D#000000000000006A R
(1784903367.030973) can0 12E#000000000000C090 R
(1784903367.037334) can0 450#0000000000002800 R
(1784903367.040973) can0 12D#000000000000008B R
(1784903367.041399) can0 12A#10050000000A00DC R
(1784903367.044953) can0 121#00A601CF04800038 R
(1784903367.045220) can0 129#0000000100000031 R
(1784903367.046546) can0 120#0000000000000035 R
(1784903367.048195) can0 541#000010000004D266 R
(1784903367.050734) can0 12D#00000000000000BE R
(1784903367.052426) can0 12E#000000000000C0A5 R
(1784903367.060611) can0 12D#00000000000000D4 R
(1784903367.065719) can0 121#00A601CF04800052 R
(1784903367.066096) can0 129#000000010000005B R
(1784903367.066520) can0 120#000000000000005F R
(1784903367.067691) can0 541#000010000004D391 R
(1784903367.070713) can0 12D#0000000000000035 R
(1784903367.070981) can0 12E#000000000000C0CF R
(1784903367.080599) can0 12D#000000000000005F R
(1784903367.085479) can0 121#00A601CF04800067 R
(1784903367.085813) can0 129#000000010000006E R
(1784903367.085915) can0 540#000040100000ED00 R
(1784903367.086098) can0 5B0#100000000000006B R
(1784903367.086615) can0 120#000000000000006A R
(1784903367.087759) can0 541#000010000004D3A4 R
(1784903367.088117) can0 450#0000000000002800 R
(1784903367.090870) can0 12D#000000000000006A R
(1784903367.091108) can0 12E#000000000000C02E R
(1784903367.091244) can0 12A#10050000000A003D R
(1784903367.091717) can0 5A0#0000000004000064 R
(1784903367.101096) can0 12D#000000000000008B R
(1784903367.104925) can0 121#00A601CF04800086 R
(1784903367.105174) can0 129#000000010000008F R
(1784903367.107374) can0 120#000000000000008B R
(1784903367.107788) can0 541#000010000004D3CE R
(1784903367.110962) can0 12D#00000000000000BE R
(1784903367.111334) can0 12E#000000000000C044 R
(1784903367.120623) can0 12D#00000000000000D4 R
(1784903367.125652) can0 121#00A601CF048000B3 R
(1784903367.126030) can0 129#00000001000000BA R
(1784903367.126520) can0 120#00000000000000BE R
(1784903367.127656) can0 541#000010000004D32F R
(1784903367.130756) can0 12D#0000000000000035 R
(1784903367.131126) can0 12E#000000000000C071 R
(1784903367.137350) can0 450#0000000000002800 R
(1784903367.140644) can0 12D#000000000000005F R
(1784903367.140886) can0 12A#10050000000A0057 R
(1784903367.144983) can0 121#00A601CF048000D9 R
(1784903367.146794) can0 129#00000001000000D0 R
(1784903367.147116) can0 120#00000000000000D4 R
(1784903367.147665) can0 541#000010000004D345 R
(1784903367.150712) can0 12D#000000000000006A R
(1784903367.151079) can0 12E#000000000000C090 R
(1784903367.160589) can0 12D#000000000000008B R
(1784903367.164938) can0 121#00A601CF04800038 R
(1784903367.165246) can0 129#0000000100000031 R
(1784903367.166536) can0 120#0000000000000035 R
(1784903367.168143) can0 541#000010000004D370 R
(1784903367.171584) can0 12D#00000000000000BE R
(1784903367.171966) can0 12E#000000000000C0A5 R
(1784903367.180619) can0 12D#00000000000000D4 R
(1784903367.184939) can0 121#00A601CF04800052 R
(1784903367.185269) can0 129#000000010000005B R
(1784903367.185378) can0 540#000040100000ED00 R
(1784903367.186151) can0 5B0#100000000000008A R
(1784903367.186830) can0 120#000000000000005F R
(1784903367.189357) can0 541#000010000004D391 R
(1784903367.189766) can0 450#0000000000002800 R
(1784903367.190921) can0 12D#0000000000000035 R
(1784903367.191091) can0 12E#000000000000C0CF R
(1784903367.191243) can0 12A#10050000000A0062 R
(1784903367.191630) can0 5A0#0000000004000085 R
(1784903367.200620) can0 12D#000000000000005F R
(1784903367.204960) can0 121#00A601CF04800067 R
(1784903367.206647) can0 129#000000010000006E R
(1784903367.206802) can0 120#000000000000006A R
(1784903367.207702) can0 541#000010000004D3A4 R
(1784903367.210803) can0 12D#000000000000006A R
(1784903367.211071) can0 12E#000000000000C02E R
(1784903367.220581) can0 12D#000000000000008B R
(1784903367.225260) can0 121#00A601CF04800086 R
(1784903367.225674) can0 129#000000010000008F R
(1784903367.226581) can0 120#000000000000008B R
(1784903367.227666) can0 541#000010000004D3CE R
(1784903367.230689) can0 12D#00000000000000BE R
(1784903367.230940) can0 12E#000000000000C044 R
(1784903367.237358) can0 450#0000000000002800 R
(1784903367.240586) can0 12D#00000000000000D4 R
(1784903367.241053) can0 12A#10050000000A0083 R
(1784903367.244949) can0 121#00A601CF048000B3 R
(1784903367.245215) can0 129#00000001000000BA R
(1784903367.246586) can0 120#00000000000000BE R
(1784903367.248517) can0 541#000010000004D32F R
(1784903367.251415) can0 12D#0000000000000035 R
(1784903367.251729) can0 12E#000000000000C071 R
(1784903367.260627) can0 12D#000000000000005F R
(1784903367.264985) can0 121#00A601CF048000D9 R
(1784903367.266717) can0 129#00000001000000D0 R
(1784903367.267109) can0 120#00000000000000D4 R
(1784903367.267677) can0 541#000010000004D345 R
(1784903367.270706) can0 12D#000000000000006A R
(1784903367.270955) can0 12E#000000000000C090 R
(1784903367.280596) can0 12D#000000000000008B R
(1784903367.285734) can0 121#00A601CF04800038 R
(1784903367.286094) can0 129#0000000100000031 R
(1784903367.286193) can0 540#000040100000ED00 R
(1784903367.286365) can0 5B0#10000000000000BF R
(1784903367.287073) can0 120#0000000000000035 R
(1784903367.287726) can0 541#000010000004D370 R
(1784903367.288148) can0 450#0000000000002800 R
(1784903367.290879) can0 12D#00000000000000BE R
(1784903367.291136) can0 12E#000000000000C0A5 R
(1784903367.291233) can0 12A#10050000000A00B6 R
(1784903367.291633) can0 5A0#00000000040000B0 R
(1784903367.300597) can0 12D#00000000000000D4 R
(1784903367.305570) can0 121#00A601CF04800052 R
(1784903367.305890) can0 129#000000010000005B R
(1784903367.306822) can0 120#000000000000005F R
(1784903367.307777) can0 541#000010000004D391 R
(1784903367.310684) can0 12D#0000000000000035 R
(1784903367.310943) can0 12E#000000000000C0CF R
(1784903367.320608) can0 12D#000000000000005F R
(1784903367.325364) can0 121#00A601CF04800067 R
(1784903367.325699) can0 129#000000010000006E R
(1784903367.326644) can0 120#000000000000006A R
(1784903367.327789) can0 541#000010000004D3A4 R
(1784903367.330735) can0 12D#000000000000006A R
(1784903367.330972) can0 12E#000000000000C02E R
(1784903367.337350) can0 450#0000000000002800 R
(1784903367.340642) can0 12D#000000000000008B R
(1784903367.340981) can0 12A#10050000000A00DC R
(1784903367.345978) can0 121#00A601CF04800086 R
(1784903367.346346) can0 129#000000010000008F R
(1784903367.346614) can0 120#000000000000008B R
(1784903367.347714) can0 541#000010000004D3CE R
(1784903367.350708) can0 12D#00000000000000BE R
(1784903367.351020) can0 12E#000000000000C044 R
(1784903367.360577) can0 12D#00000000000000D4 R
(1784903367.366016) can0 121#00A601CF048000B3 R
(1784903367.366450) can0 129#00000001000000BA R
(1784903367.366557) can0 120#00000000000000BE R
(1784903367.367724) can0 541#000010000004D32F R
(1784903367.371044) can0 12D#0000000000000035 R
(1784903367.371445) can0 12E#000000000000C071 R
(1784903367.380577) can0 12D#000000000000005F R
(1784903367.385418) can0 121#00A601CF048000D9 R
(1784903367.385882) can0 129#00000001000000D0 R
(1784903367.385984) can0 540#000040100000ED00 R
(1784903367.386106) can0 5B0#10000000000000D5 R
(1784903367.386702) can0 120#00000000000000D4 R
(1784903367.387776) can0 541#000010000004D345 R
(1784903367.389809) can0 450#0000000000002800 R
(1784903367.390808) can0 12D#000000000000006A R
(1784903367.391033) can0 12E#000000000000C090 R
(1784903367.391289) can0 12A#10050000000A003D R
(1784903367.391522) can0 5A0#00000000040000DA R
(1784903367.400595) can0 12D#000000000000008B R
(1784903367.405517) can0 121#00A601CF04800038 R
(1784903367.405830) can0 129#0000000100000031 R
(1784903367.406536) can0 120#0000000000000035 R
(1784903367.407676) can0 541#000010000004D370 R
(1784903367.410727) can0 12D#00000000000000BE R
(1784903367.410986) can0 12E#000000000000C0A5 R
(1784903367.420616) can0 12D#00000000000000D4 R
(1784903367.424983) can0 121#00A601CF04800052 R
(1784903367.426798) can0 129#000000010000005B R
(1784903367.427107) can0 120#000000000000005F R
(1784903367.427676) can0 541#000010000004D391 R
(1784903367.430669) can0 12D#0000000000000035 R
(1784903367.430947) can0 12E#000000000000C0CF R
(1784903367.437352) can0 450#0000000000002800 R
(1784903367.440615) can0 12D#000000000000005F R
(1784903367.440919) can0 12A#10050000000A0057 R
(1784903367.446008) can0 121#00A601CF04800067 R
(1784903367.446351) can0 129#000000010000006E R
(1784903367.446536) can0 120#000000000000006A R
(1784903367.447789) can0 541#000010000004D3A4 R
(1784903367.450719) can0 12D#000000000000006A R
(1784903367.451092) can0 12E#000000000000C02E R
(1784903367.460612) can0 12D#000000000000008B R
(1784903367.465424) can0 121#00A601CF04800086 R
(1784903367.465775) can0 129#000000010000008F R
(1784903367.466629) can0 120#000000000000008B R
(1784903367.467786) can0 541#000010000004D3CE R
(1784903367.470734) can0 12D#00000000000000BE R
(1784903367.471117) can0 12E#000000000000C044 R
(1784903367.480600) can0 12D#00000000000000D4 R
(1784903367.486140) can0 121#00A601CF048000B3 R
(1784903367.486446) can0 129#00000001000000BA R
(1784903367.486550) can0 540#000040100000ED00 R
(1784903367.486731) can0 5B0#1000000000000034 R
(1784903367.486853) can0 120#00000000000000BE R
(1784903367.487702) can0 541#000010000004D32F R
(1784903367.488127) can0 450#0000000000002800 R
(1784903367.490865) can0 12D#0000000000000035 R
(1784903367.491251) can0 12E#000000000000C071 R
(1784903367.491347) can0 12A#10050000000A0062 R
(1784903367.491543) can0 5A0#000000000400003B R
(1784903367.500771) can0 12D#000000000000005F R
(1784903367.505741) can0 121#00A601CF048000D9 R
(1784903367.506100) can0 129#00000001000000D0 R
(1784903367.506547) can0 120#00000000000000D4 R
(1784903367.507687) can0 541#000010000004D345 R
(1784903367.510702) can0 12D#000000000000006A R
(1784903367.510989) can0 12E#000000000000C090 R
(1784903367.520562) can0 12D#000000000000008B R
(1784903367.524971) can0 121#00A601CF04800038 R
(1784903367.525222) can0 129#0000000100000031 R
(1784903367.527831) can0 120#0000000000000035 R
(1784903367.528186) can0 541#000010000004D370 R
(1784903367.531376) can0 12D#00000000000000BE R
(1784903367.531680) can0 12E#000000000000C0A5 R
(1784903367.538005) can0 450#0000000000002800 R
(1784903367.540635) can0 12D#00000000000000D4 R
(1784903367.540895) can0 12A#10050000000A0083 R
(1784903367.544975) can0 121#00A601CF04800052 R
(1784903367.546197) can0 129#000000010000005B R
(1784903367.546591) can0 120#000000000000005F R
(1784903367.547728) can0 541#000010000004D391 R
(1784903367.551040) can0 12D#0000000000000035 R
(1784903367.551444) can0 12E#000000000000C0CF R
(1784903367.560583) can0 12D#000000000000005F R
(1784903367.565355) can0 121#00A601CF04800067 R
(1784903367.565757) can0 129#000000010000006E R
(1784903367.566818) can0 120#000000000000006A R
(1784903367.567743) can0 541#000010000004D3A4 R
(1784903367.570668) can0 12D#000000000000006A R
(1784903367.571002) can0 12E#000000000000C02E R
(1784903367.580927) can0 12D#000000000000008B R
(1784903367.585023) can0 121#00A601CF04800086 R
(1784903367.585384) can0 129#000000010000008F R
(1784903367.585588) can0 540#000040100000ED00 R
(1784903367.588497) can0 5B0#100000000000005E R
(1784903367.588846) can0 120#000000000000008B R
(1784903367.589056) can0 541#000010000004D3CE R
(1784903367.589175) can0 450#0000000000002800 R
(1784903367.593457) can0 12D#00000000000000BE R
(1784903367.593808) can0 12E#000000000000C044 R
(1784903367.593979) can0 12A#10050000000A00B6 R
(1784903367.594086) can0 5A0#0000000004000051 R
(1784903367.601471) can0 12D#00000000000000D4 R
(1784903367.605023) can0 121#00A601CF048000B3 R
(1784903367.605342) can0 129#00000001000000BA R
(1784903367.606573) can0 120#00000000000000BE R
(1784903367.608993) can0 541#000010000004D32F R
(1784903367.610698) can0 12D#0000000000000035 R
(1784903367.610873) can0 12E#000000000000C071 R
(1784903367.620600) can0 12D#000000000000005F R
(1784903367.625907) can0 121#00A601CF048000D9 R
(1784903367.626234) can0 129#00000001000000D0 R
(1784903367.626543) can0 120#00000000000000D4 R
(1784903367.627696) can0 541#000010000004D345 R
(1784903367.631434) can0 12D#000000000000006A R
(1784903367.631797) can0 12E#000000000000C090 R
(1784903367.637362) can0 450#0000000000002800 R
(1784903367.640607) can0 12D#000000000000008B R
(1784903367.640866) can0 12A#10050000000A00DC R
(1784903367.645003) can0 121#00A601CF04800038 R
(1784903367.645437) can0 129#0000000100000031 R
(1784903367.646578) can0 120#0000000000000035 R
(1784903367.648904) can0 541#000010000004D370 R
(1784903367.650673) can0 12D#00000000000000BE R
(1784903367.650918) can0 12E#000000000000C0A5 R
(1784903367.660569) can0 12D#00000000000000D4 R
(1784903367.665740) can0 121#00A601CF04800052 R
(1784903367.666046) can0 129#000000010000005B R
(1784903367.666929) can0 120#000000000000005F R
(1784903367.667735) can0 541#000010000004D391 R
(1784903367.670726) can0 12D#0000000000000035 R
(1784903367.671200) can0 12E#000000000000C0CF R
(1784903367.680602) can0 12D#000000000000005F R
(1784903367.685504) can0 121#00A601CF04800067 R
(1784903367.685896) can0 129#000000010000006E R
(1784903367.686104) can0 540#000040100000ED00 R
(1784903367.686192) can0 5B0#100000000000006B R
(1784903367.686913) can0 120#000000000000006A R
(1784903367.687739) can0 541#000010000004D3A4 R
(1784903367.688203) can0 450#0000000000002800 R
(1784903367.690848) can0 12D#000000000000006A R
(1784903367.691236) can0 12E#000000000000C02E R
(1784903367.691516) can0 12A#10050000000A003D R
(1784903367.691661) can0 5A0#0000000004000064 R
(1784903367.700746) can0 12D#000000000000008B R
(1784903367.705513) can0 121#00A601CF04800086 R
(1784903367.705911) can0 129#000000010000008F R
(1784903367.706732) can0 120#000000000000008B R
(1784903367.707743) can0 541#000010000004D3CE R
(1784903367.710694) can0 12D#00000000000000BE R
(1784903367.711026) can0 12E#000000000000C044 R
(1784903367.720572) can0 12D#00000000000000D4 R
(1784903367.725522) can0 121#00A601CF048000B3 R
(1784903367.725880) can0 129#00000001000000BA R
(1784903367.726671) can0 120#00000000000000BE R
(1784903367.727704) can0 541#000010000004D32F R
(1784903367.730611) can0 12D#0000000000000035 R
(1784903367.730835) can0 12E#000000000000C071 R
(1784903367.737347) can0 450#0000000000002800 R
(1784903367.740611) can0 12D#000000000000005F R
(1784903367.740897) can0 12A#10050000000A0057 R
(1784903367.745968) can0 121#00A601CF048000D9 R
(1784903367.746291) can0 129#00000001000000D0 R
(1784903367.746537) can0 120#00000000000000D4 R
(1784903367.747710) can0 541#000010000004D345 R
(1784903367.750720) can0 12D#000000000000006A R
(1784903367.751132) can0 12E#000000000000C090 R
(1784903367.760605) can0 12D#000000000000008B R
(1784903367.765713) can0 121#00A601CF04800038 R
(1784903367.766036) can0 129#0000000100000031 R
(1784903367.766853) can0 120#0000000000000035 R
(1784903367.767694) can0 541#000010000004D370 R
(1784903367.770698) can0 12D#00000000000000BE R
(1784903367.770964) can0 12E#000000000000C0A5 R
(1784903367.780564) can0 12D#00000000000000D4 R
(1784903367.784990) can0 121#00A601CF04800052 R
(1784903367.785253) can0 129#000000010000005B R
(1784903367.785398) can0 540#000040100000ED00 R
(1784903367.785652) can0 5B0#100000000000008A R
(1784903367.787807) can0 120#000000000000005F R
(1784903367.787983) can0 541#000010000004D391 R
(1784903367.788134) can0 450#0000000000002800 R
(1784903367.791459) can0 12D#0000000000000035 R
(1784903367.791857) can0 12E#000000000000C0CF R
(1784903367.791946) can0 12A#10050000000A0062 R
(1784903367.792038) can0 5A0#0000000004000085 R
(1784903367.800583) can0 12D#000000000000005F R
(1784903367.805283) can0 121#00A601CF04800067 R
(1784903367.805662) can0 129#000000010000006E R
(1784903367.806642) can0 120#000000000000006A R
(1784903367.807700) can0 541#000010000004D3A4 R
(1784903367.810707) can0 12D#000000000000006A R
(1784903367.810977) can0 12E#000000000000C02E R
(1784903367.820588) can0 12D#000000000000008B R
(1784903367.824990) can0 121#00A601CF04800086 R
(1784903367.825355) can0 129#000000010000008F R
(1784903367.827252) can0 120#000000000000008B R
(1784903367.827768) can0 541#000010000004D3CE R
(1784903367.830686) can0 12D#00000000000000BE R
(1784903367.830883) can0 12E#000000000000C044 R
(1784903367.837373) can0 450#0000000000002800 R
(1784903367.840609) can0 12D#00000000000000D4 R
(1784903367.840855) can0 12A#10050000000A0083 R
(1784903367.845011) can0 121#00A601CF048000B3 R
(1784903367.845279) can0 129#00000001000000BA R
(1784903367.846598) can0 120#00000000000000BE R
(1784903367.849104) can0 541#000010000004D32F R
(1784903367.850664) can0 12D#0000000000000035 R
(1784903367.850904) can0 12E#000000000000C071 R
(1784903367.860572) can0 12D#000000000000005F R
(1784903367.865288) can0 121#00A601CF048000D9 R
(1784903367.865658) can0 129#00000001000000D0 R
(1784903367.866656) can0 120#00000000000000D4 R
(1784903367.867727) can0 541#000010000004D345 R
(1784903367.870681) can0 12D#000000000000006A R
(1784903367.870979) can0 12E#000000000000C090 R
(1784903367.880583) can0 12D#000000000000008B R
(1784903367.884998) can0 121#00A601CF04800038 R
(1784903367.885239) can0 129#0000000100000031 R
(1784903367.885421) can0 540#000040100000ED00 R
(1784903367.885683) can0 5B0#10000000000000BF R
(1784903367.888129) can0 120#0000000000000035 R
(1784903367.888530) can0 541#000010000004D370 R
(1784903367.888728) can0 450#0000000000002800 R
(1784903367.890872) can0 12D#00000000000000BE R
(1784903367.891272) can0 12E#000000000000C0A5 R
(1784903367.891469) can0 12A#10050000000A00B6 R
(1784903367.891586) can0 5A0#00000000040000B0 R
(1784903367.900588) can0 12D#00000000000000D4 R
(1784903367.906018) can0 121#00A601CF04800052 R
(1784903367.906394) can0 129#000000010000005B R
(1784903367.906607) can0 120#000000000000005F R
(1784903367.907752) can0 541#000010000004D391 R
(1784903367.910685) can0 12D#0000000000000035 R
(1784903367.911004) can0 12E#000000000000C0CF R
(1784903367.920580) can0 12D#000000000000005F R
(1784903367.925415) can0 121#00A601CF04800067 R
(1784903367.925799) can0 129#000000010000006E R
(1784903367.926668) can0 120#000000000000006A R
(1784903367.927743) can0 541#000010000004D3A4 R
(1784903367.930682) can0 12D#000000000000006A R
(1784903367.931164) can0 12E#000000000000C02E R
(1784903367.937389) can0 450#0000000000002800 R
(1784903367.940582) can0 12D#000000000000008B R
(1784903367.940948) can0 12A#10050000000A00DC R
(1784903367.945008) can0 121#00A601CF04800086 R
(1784903367.945284) can0 129#000000010000008F R
(1784903367.946895) can0 120#000000000000008B R
(1784903367.947788) can0 541#000010000004D3CE R
(1784903367.951331) can0 12D#00000000000000BE R
(1784903367.951690) can0 12E#000000000000C044 R
(1784903367.960592) can0 12D#00000000000000D4 R
(1784903367.965913) can0 121#00A601CF048000B3 R
(1784903367.966224) can0 129#00000001000000BA R
(1784903367.966579) can0 120#00000000000000BE R
(1784903367.967694) can0 541#000010000004D32F R
(1784903367.970712) can0 12D#0000000000000035 R
(1784903367.970980) can0 12E#000000000000C071 R
(1784903367.980584) can0 12D#000000000000005F R
(1784903367.985012) can0 121#00A601CF048000D9 R
(1784903367.985338) can0 129#00000001000000D0 R
(1784903367.985436) can0 540#000040100000ED00 R
(1784903367.985667) can0 5B0#10000000000000D5 R
(1784903367.986711) can0 120#00000000000000D4 R
(1784903367.989361) can0 541#000010000004D345 R
(1784903367.989767) can0 450#0000000000002800 R
(1784903367.990782) can0 12D#000000000000006A R
(1784903367.991008) can0 12E#000000000000C090 R
(1784903367.991215) can0 12A#10050000000A003D R
(1784903367.991470) can0 5A0#00000000040000DA R
(1784903368.000576) can0 12D#000000000000008B R
(1784903368.005562) can0 121#00A601CF04800038 R
(1784903368.005852) can0 129#0000000100000031 R
(1784903368.006662) can0 120#0000000000000035 R
(1784903368.007720) can0 541#000010000004D370 R
(1784903368.010689) can0 12D#00000000000000BE R
(1784903368.010946) can0 12E#000000000000C0A5 R
(1784903368.020583) can0 12D#00000000000000D4 R
(1784903368.025613) can0 121#00A601CF04800052 R
(1784903368.025928) can0 129#000000010000005B R
(1784903368.026614) can0 120#000000000000005F R
(1784903368.027702) can0 541#000010000004D391 R
(1784903368.030711) can0 12D#0000000000000035 R
(1784903368.030991) can0 12E#000000000000C0CF R
(1784903368.037371) can0 450#0000000000002800 R
(1784903368.040627) can0 12D#000000000000005F R
(1784903368.040998) can0 12A#10050000000A0057 R
(1784903368.045083) can0 121#00A601CF04800067 R
(1784903368.045347) can0 129#000000010000006E R
(1784903368.047948) can0 120#000000000000006A R
(1784903368.048343) can0 541#000010000004D3A4 R
(1784903368.050681) can0 12D#000000000000006A R
(1784903368.052374) can0 12E#000000000000C02E R
(1784903368.060552) can0 12D#000000000000008B R
(1784903368.065283) can0 121#00A601CF04800086 R
(1784903368.065616) can0 129#000000010000008F R
(1784903368.066888) can0 120#000000000000008B R
(1784903368.067770) can0 541#000010000004D4C6 R
(1784903368.070657) can0 12D#00000000000000BE R
(1784903368.070865) can0 12E#000000000000C044 R
(1784903368.080536) can0 12D#00000000000000D4 R
(1784903368.085022) can0 121#00A601CF048000B3 R
(1784903368.085285) can0 129#00000001000000BA R
(1784903368.085468) can0 540#000040100000ED00 R
(1784903368.085701) can0 5B0#1000000000000034 R
(1784903368.088027) can0 120#00000000000000BE R
(1784903368.088419) can0 541#000010000004D427 R
(1784903368.088623) can0 450#0000000000002800 R
(1784903368.091788) can0 12D#0000000000000035 R
(1784903368.092200) can0 12E#000000000000C071 R
(1784903368.092296) can0 12A#10050000000A0062 R
(1784903368.092490) can0 5A0#000000000400003B R
(1784903368.100596) can0 12D#000000000000005F R
(1784903368.105328) can0 121#00A601CF048000D9 R
(1784903368.105752) can0 129#00000001000000D0 R
(1784903368.106723) can0 120#00000000000000D4 R
(1784903368.107713) can0 541#000010000004D44D R
(1784903368.110717) can0 12D#000000000000006A R
(1784903368.111039) can0 12E#000000000000C090 R
(1784903368.120581) can0 12D#000000000000008B R
(1784903368.126053) can0 121#00A601CF04800038 R
(1784903368.126377) can0 129#0000000100000031 R
(1784903368.126595) can0 120#0000000000000035 R
(1784903368.127756) can0 541#000010000004D478 R
(1784903368.130668) can0 12D#00000000000000BE R
(1784903368.131072) can0 12E#000000000000C0A5 R
(1784903368.137369) can0 450#0000000000002800 R
(1784903368.140586) can0 12D#00000000000000D4 R
(1784903368.140828) can0 12A#10050000000A0083 R
(1784903368.145037) can0 121#00A601CF04800052 R
(1784903368.145484) can0 129#000000010000005B R
(1784903368.147428) can0 120#000000000000005F R
(1784903368.147696) can0 541#000010000004D499 R
(1784903368.150843) can0 12D#0000000000000035 R
(1784903368.151228) can0 12E#000000000000C0CF R
(1784903368.160594) can0 12D#000000000000005F R
(1784903368.165477) can0 121#00A601CF04800067 R
(1784903368.165807) can0 129#000000010000006E R
(1784903368.166625) can0 120#000000000000006A R
(1784903368.167691) can0 541#000010000004D4AC R
(1784903368.170708) can0 12D#000000000000006A R
(1784903368.171101) can0 12E#000000000000C02E R
(1784903368.180596) can0 12D#000000000000008B R
(1784903368.185586) can0 121#00A601CF04800086 R
(1784903368.185952) can0 129#000000010000008F R
(1784903368.186060) can0 540#000040100000ED00 R
(1784903368.186162) can0 5B0#100000000000005E R
(1784903368.187157) can0 120#000000000000008B R
(1784903368.188031) can0 541#000010000004D4C6 R
(1784903368.190208) can0 450#0000000000002800 R
(1784903368.190845) can0 12D#00000000000000BE R
(1784903368.191152) can0 12E#000000000000C044 R
(1784903368.191318) can0 12A#10050000000A00B6 R
(1784903368.191478) can0 5A0#0000000004000051 R
(1784903368.200558) can0 12D#00000000000000D4 R
(1784903368.205032) can0 121#00A601CF048000B3 R
(1784903368.205294) can0 129#00000001000000BA R
(1784903368.206635) can0 120#00000000000000BE R
(1784903368.208071) can0 541#000010000004D427 R
(1784903368.210665) can0 12D#0000000000000035 R
(1784903368.212257) can0 12E#000000000000C071 R
(1784903368.220575) can0 12D#000000000000005F R
(1784903368.225391) can0 121#00A601CF048000D9 R
(1784903368.225749) can0 129#00000001000000D0 R
(1784903368.226633) can0 120#00000000000000D4 R
(1784903368.227789) can0 541#000010000004D44D R
(1784903368.230699) can0 12D#000000000000006A R
(1784903368.230970) can0 12E#000000000000C090 R
(1784903368.237373) can0 450#0000000000002800 R
(1784903368.240593) can0 12D#000000000000008B R
(1784903368.240846) can0 12A#10050000000A00DC R
(1784903368.245057) can0 121#00A601CF04800038 R
(1784903368.245320) can0 129#0000000100000031 R
(1784903368.248060) can0 120#0000000000000035 R
(1784903368.248447) can0 541#000010000004D478 R
(1784903368.251302) can0 12D#00000000000000BE R
(1784903368.251661) can0 12E#000000000000C0A5 R
(1784903368.260562) can0 12D#00000000000000D4 R
(1784903368.265460) can0 121#00A601CF04800052 R
(1784903368.265782) can0 129#000000010000005B R
(1784903368.266675) can0 120#000000000000005F R
(1784903368.267740) can0 541#000010000004D499 R
(1784903368.270671) can0 12D#0000000000000035 R
(1784903368.270932) can0 12E#000000000000C0CF R
(1784903368.280559) can0 12D#000000000000005F R
(1784903368.285659) can0 121#00A601CF04800067 R
(1784903368.285995) can0 129#000000010000006E R
(1784903368.286185) can0 540#000040100000ED00 R
(1784903368.286274) can0 5B0#100000000000006B R
(1784903368.286689) can0 120#000000000000006A R
(1784903368.287731) can0 541#000010000004D4AC R
(1784903368.288180) can0 450#0000000000002800 R
(1784903368.290789) can0 12D#000000000000006A R
(1784903368.291127) can0 12E#000000000000C02E R
(1784903368.291242) can0 12A#10050000000A003D R
(1784903368.291471) can0 5A0#0000000004000064 R
(1784903368.300697) can0 12D#000000000000008B R
(1784903368.306086) can0 121#00A601CF04800086 R
(1784903368.306471) can0 129#000000010000008F R
(1784903368.306598) can0 120#000000000000008B R
(1784903368.307804) can0 541#000010000004D4C6 R
(1784903368.310720) can0 12D#00000000000000BE R
(1784903368.311029) can0 12E#000000000000C044 R
(1784903368.320570) can0 12D#00000000000000D4 R
(1784903368.325520) can0 121#00A601CF048000B3 R
(1784903368.325825) can0 129#00000001000000BA R
(1784903368.326892) can0 120#00000000000000BE R
(1784903368.327784) can0 541#000010000004D427 R
(1784903368.330664) can0 12D#0000000000000035 R
(1784903368.330984) can0 12E#000000000000C071 R
(1784903368.337362) can0 450#0000000000002800 R
(1784903368.340588) can0 12D#000000000000005F R
(1784903368.340833) can0 12A#10050000000A0057 R
(1784903368.345043) can0 121#00A601CF048000D9 R
(1784903368.345304) can0 129#00000001000000D0 R
(1784903368.346633) can0 120#00000000000000D4 R
(1784903368.348252) can0 541#000010000004D44D R
(1784903368.351666) can0 12D#000000000000006A R
(1784903368.352045) can0 12E#000000000000C090 R
(1784903368.360546) can0 12D#000000000000008B R
(1784903368.366139) can0 121#00A601CF04800038 R
(1784903368.366456) can0 129#0000000100000031 R
(1784903368.366626) can0 120#0000000000000035 R
(1784903368.367761) can0 541#000010000004D478 R
(1784903368.370704) can0 12D#00000000000000BE R
(1784903368.370980) can0 12E#000000000000C0A5 R
(1784903368.380591) can0 12D#00000000000000D4 R
(1784903368.385704) can0 121#00A601CF04800052 R
(1784903368.386081) can0 129#000000010000005B R
(1784903368.386184) can0 540#000040100000ED00 R
(1784903368.386268) can0 5B0#100000000000008A R
(1784903368.387029) can0 120#000000000000005F R
(1784903368.387780) can0 541#000010000004D499 R
(1784903368.388433) can0 450#0000000000002800 R
(1784903368.390823) can0 12D#0000000000000035 R
(1784903368.391101) can0 12E#000000000000C0CF R
(1784903368.391235) can0 12A#10050000000A0062 R
(1784903368.391478) can0 5A0#0000000004000085 R
(1784903368.400564) can0 12D#000000000000005F R
(1784903368.405046) can0 121#00A601CF04800067 R
(1784903368.405461) can0 129#000000010000006E R
(1784903368.407431) can0 120#000000000000006A R
(1784903368.407842) can0 541#000010000004D4AC R
(1784903368.410728) can0 12D#000000000000006A R
(1784903368.411132) can0 12E#000000000000C02E R
(1784903368.420541) can0 12D#000000000000008B R
(1784903368.425101) can0 121#00A601CF04800086 R
(1784903368.425381) can0 129#000000010000008F R
(1784903368.427402) can0 120#000000000000008B R
(1784903368.427817) can0 541#000010000004D4C6 R
(1784903368.430715) can0 12D#00000000000000BE R
(1784903368.431010) can0 12E#000000000000C044 R
(1784903368.437386) can0 450#0000000000002800 R
(1784903368.440589) can0 12D#00000000000000D4 R
(1784903368.440865) can0 12A#10050000000A0083 R
(1784903368.445229) can0 121#00A601CF048000B3 R
(1784903368.445503) can0 129#00000001000000BA R
(1784903368.446825) can0 120#00000000000000BE R
(1784903368.447770) can0 541#000010000004D427 R
(1784903368.450672) can0 12D#0000000000000035 R
(1784903368.450931) can0 12E#000000000000C071 R
(1784903368.460598) can0 12D#000000000000005F R
(1784903368.465084) can0 121#00A601CF048000D9 R
(1784903368.465464) can0 129#00000001000000D0 R
(1784903368.467593) can0 120#00000000000000D4 R
(1784903368.467947) can0 541#000010000004D44D R
(1784903368.471453) can0 12D#000000000000006A R
(1784903368.471749) can0 12E#000000000000C090 R
(1784903368.480552) can0 12D#000000000000008B R
(1784903368.485416) can0 121#00A601CF04800038 R
(1784903368.485747) can0 129#0000000100000031 R
(1784903368.485958) can0 540#000040100000ED00 R
(1784903368.486044) can0 5B0#10000000000000BF R
(1784903368.486805) can0 120#0000000000000035 R
(1784903368.487773) can0 541#000010000004D478 R
(1784903368.488198) can0 450#0000000000002800 R
(1784903368.490800) can0 12D#00000000000000BE R
(1784903368.491024) can0 12E#000000000000C0A5 R
(1784903368.491173) can0 12A#10050000000A00B6 R
(1784903368.491644) can0 5A0#00000000040000B0 R
(1784903368.501105) can0 12D#00000000000000D4 R
(1784903368.505970) can0 121#00A601CF04800052 R
(1784903368.506427) can0 129#000000010000005B R
(1784903368.506649) can0 120#000000000000005F R
(1784903368.507746) can0 541#000010000004D499 R
(1784903368.510705) can0 12D#0000000000000035 R
(1784903368.511025) can0 12E#000000000000C0CF R
(1784903368.520582) can0 12D#000000000000005F R
(1784903368.525304) can0 121#00A601CF04800067 R
(1784903368.525676) can0 129#000000010000006E R
(1784903368.526676) can0 120#000000000000006A R
(1784903368.527723) can0 541#000010000004D4AC R
(1784903368.530668) can0 12D#000000000000006A R
(1784903368.530985) can0 12E#000000000000C02E R
(1784903368.537384) can0 450#0000000000002800 R
(1784903368.540607) can0 12D#000000000000008B R
(1784903368.541038) can0 12A#10050000000A00DC R
(1784903368.545057) can0 121#00A601CF04800086 R
(1784903368.545332) can0 129#000000010000008F R
(1784903368.546690) can0 120#000000000000008B R
(1784903368.548393) can0 541#000010000004D4C6 R
(1784903368.550652) can0 12D#00000000000000BE R
(1784903368.550857) can0 12E#000000000000C044 R
(1784903368.560548) can0 12D#00000000000000D4 R
(1784903368.565057) can0 121#00A601CF048000B3 R
(1784903368.565470) can0 129#00000001000000BA R
(1784903368.567523) can0 120#00000000000000BE R
(1784903368.567833) can0 541#000010000004D427 R
(1784903368.570660) can0 12D#0000000000000035 R
(1784903368.570935) can0 12E#000000000000C071 R
(1784903368.580586) can0 12D#000000000000005F R
(1784903368.585121) can0 121#00A601CF048000D9 R
(1784903368.585536) can0 129#00000001000000D0 R
(1784903368.585688) can0 540#000040100000ED00 R
(1784903368.585795) can0 5B0#10000000000000D5 R
(1784903368.588968) can0 120#00000000000000D4 R
(1784903368.589337) can0 541#000010000004D44D R
(1784903368.589423) can0 450#0000000000002800 R
(1784903368.593154) can0 12D#000000000000006A R
(1784903368.593457) can0 12E#000000000000C090 R
(1784903368.593534) can0 12A#10050000000A003D R
(1784903368.593620) can0 5A0#00000000040000DA R
(1784903368.600585) can0 12D#000000000000008B R
(1784903368.605159) can0 121#00A601CF04800038 R
(1784903368.605431) can0 129#0000000100000031 R
(1784903368.607798) can0 120#0000000000000035 R
(1784903368.608297) can0 541#000010000004D478 R
(1784903368.611471) can0 12D#00000000000000BE R
(1784903368.611772) can0 12E#000000000000C0A5 R
(1784903368.620557) can0 12D#00000000000000D4 R
(1784903368.625867) can0 121#00A601CF04800052 R
(1784903368.626235) can0 129#000000010000005B R
(1784903368.626653) can0 120#000000000000005F R
(1784903368.627744) can0 541#000010000004D499 R
(1784903368.630666) can0 12D#0000000000000035 R
(1784903368.630928) can0 12E#000000000000C0CF R
(1784903368.637390) can0 450#0000000000002800 R
(1784903368.640544) can0 12D#000000000000005F R
(1784903368.640797) can0 12A#10050000000A0057 R
(1784903368.645065) can0 121#00A601CF04800067 R
(1784903368.645474) can0 129#000000010000006E R
(1784903368.647377) can0 120#000000000000006A R
(1784903368.647702) can0 541#000010000004D4AC R
(1784903368.650656) can0 12D#000000000000006A R
(1784903368.650872) can0 12E#000000000000C02E R
(1784903368.660586) can0 12D#000000000000008B R
(1784903368.665255) can0 121#00A601CF04800086 R
(1784903368.665630) can0 129#000000010000008F R
(1784903368.666675) can0 120#000000000000008B R
(1784903368.667889) can0 541#000010000004D4C6 R
(1784903368.670687) can0 12D#00000000000000BE R
(1784903368.670938) can0 12E#000000000000C044 R
(1784903368.680537) can0 12D#00000000000000D4 R
(1784903368.685753) can0 121#00A601CF048000B3 R
(1784903368.686073) can0 129#00000001000000BA R
(1784903368.686165) can0 540#000040100000ED00 R
(1784903368.686351) can0 5B0#1000000000000034 R
(1784903368.686754) can0 120#00000000000000BE R
(1784903368.687779) can0 541#000010000004D427 R
(1784903368.688215) can0 450#0000000000002800 R
(1784903368.690899) can0 12D#0000000000000035 R
(1784903368.691178) can0 12E#000000000000C071 R
(1784903368.691252) can0 12A#10050000000A0062 R
(1784903368.691445) can0 5A0#000000000400003B R
(1784903368.700568) can0 12D#000000000000005F R
(1784903368.705100) can0 121#00A601CF048000D9 R
(1784903368.706775) can0 129#00000001000000D0 R
(1784903368.706995) can0 120#00000000000000D4 R
(1784903368.707766) can0 541#000010000004D44D R
(1784903368.710724) can0 12D#000000000000006A R
(1784903368.711236) can0 12E#000000000000C090 R
(1784903368.720789) can0 12D#000000000000008B R
(1784903368.725629) can0 121#00A601CF04800038 R
(1784903368.725948) can0 129#0000000100000031 R
(1784903368.726663) can0 120#0000000000000035 R
(1784903368.727722) can0 541#000010000004D478 R
(1784903368.730682) can0 12D#00000000000000BE R
(1784903368.730940) can0 12E#000000000000C0A5 R
(1784903368.737384) can0 450#0000000000002800 R
(1784903368.740606) can0 12D#00000000000000D4 R
(1784903368.740968) can0 12A#10050000000A0083 R
(1784903368.745069) can0 121#00A601CF04800052 R
(1784903368.745348) can0 129#000000010000005B R
(1784903368.747253) can0 120#000000000000005F R
(1784903368.747699) can0 541#000010000004D499 R
(1784903368.751482) can0 12D#0000000000000035 R
(1784903368.751793) can0 12E#000000000000C0CF R
(1784903368.760524) can0 12D#000000000000005F R
(1784903368.765495) can0 121#00A601CF04800067 R
(1784903368.765871) can0 129#000000010000006E R
(1784903368.766688) can0 120#000000000000006A R
(1784903368.767736) can0 541#000010000004D4AC R
(1784903368.770637) can0 12D#000000000000006A R
(1784903368.770911) can0 12E#000000000000C02E R
(1784903368.780551) can0 12D#000000000000008B R
(1784903368.785236) can0 121#00A601CF04800086 R
(1784903368.785670) can0 129#000000010000008F R
(1784903368.785776) can0 540#000040100000ED00 R
(1784903368.785876) can0 5B0#100000000000005E R
(1784903368.786790) can0 120#000000000000008B R
(1784903368.787865) can0 541#000010000004D4C6 R
(1784903368.788175) can0 450#0000000000002800 R
(1784903368.790870) can0 12D#00000000000000BE R
(1784903368.791157) can0 12E#000000000000C044 R
(1784903368.791241) can0 12A#10050000000A00B6 R
(1784903368.791463) can0 5A0#0000000004000051 R
(1784903368.800575) can0 12D#00000000000000D4 R
(1784903368.805176) can0 121#00A601CF048000B3 R
(1784903368.805431) can0 129#00000001000000BA R
(1784903368.806776) can0 120#00000000000000BE R
(1784903368.808504) can0 541#000010000004D427 R
(1784903368.810673) can0 12D#0000000000000035 R
(1784903368.811033) can0 12E#000000000000C071 R
(1784903368.820581) can0 12D#000000000000005F R
(1784903368.825394) can0 121#00A601CF048000D9 R
(1784903368.825770) can0 129#00000001000000D0 R
(1784903368.826906) can0 120#00000000000000D4 R
(1784903368.829202) can0 541#000010000004D44D R
(1784903368.830667) can0 12D#000000000000006A R
(1784903368.830938) can0 12E#000000000000C090 R
(1784903368.837398) can0 450#0000000000002800 R
(1784903368.840546) can0 12D#000000000000008B R
(1784903368.840842) can0 12A#10050000000A00DC R
(1784903368.845085) can0 121#00A601CF04800038 R
(1784903368.845357) can0 129#0000000100000031 R
(1784903368.848163) can0 120#0000000000000035 R
(1784903368.848549) can0 541#000010000004D478 R
(1784903368.850621) can0 12D#00000000000000BE R
(1784903368.850884) can0 12E#000000000000C0A5 R
(1784903368.860596) can0 12D#00000000000000D4 R
(1784903368.866105) can0 121#00A601CF04800052 R
(1784903368.866452) can0 129#000000010000005B R
(1784903368.866762) can0 120#000000000000005F R
(1784903368.867779) can0 541#000010000004D499 R
(1784903368.870705) can0 12D#0000000000000035 R
(1784903368.871076) can0 12E#000000000000C0CF R
(1784903368.880553) can0 12D#000000000000005F R
(1784903368.885077) can0 121#00A601CF04800067 R
(1784903368.885325) can0 129#000000010000006E R
(1784903368.885488) can0 540#000040100000ED00 R
(1784903368.885771) can0 5B0#100000000000006B R
(1784903368.888183) can0 120#000000000000006A R
(1784903368.888574) can0 541#000010000004D4AC R
(1784903368.888765) can0 450#0000000000002800 R
(1784903368.891796) can0 12D#000000000000006A R
(1784903368.892220) can0 12E#000000000000C02E R
(1784903368.892304) can0 12A#10050000000A003D R
(1784903368.892523) can0 5A0#0000000004000064 R
(1784903368.900546) can0 12D#000000000000008B R
(1784903368.905099) can0 121#00A601CF04800086 R
(1784903368.905404) can0 129#000000010000008F R
(1784903368.907976) can0 120#000000000000008B R
(1784903368.908394) can0 541#000010000004D4C6 R
(1784903368.910927) can0 12D#00000000000000BE R
(1784903368.911371) can0 12E#000000000000C044 R
(1784903368.920516) can0 12D#00000000000000D4 R
(1784903368.925241) can0 121#00A601CF048000B3 R
(1784903368.925626) can0 129#00000001000000BA R
(1784903368.926717) can0 120#00000000000000BE R
(1784903368.927716) can0 541#000010000004D427 R
(1784903368.930653) can0 12D#0000000000000035 R
(1784903368.930843) can0 12E#000000000000C071 R
(1784903368.937394) can0 450#0000000000002800 R
(1784903368.940599) can0 12D#000000000000005F R
(1784903368.940930) can0 12A#10050000000A0057 R
(1784903368.945976) can0 121#00A601CF048000D9 R
(1784903368.946297) can0 129#00000001000000D0 R
(1784903368.947162) can0 120#00000000000000D4 R
(1784903368.947719) can0 541#000010000004D44D R
(1784903368.950684) can0 12D#000000000000006A R
(1784903368.951045) can0 12E#000000000000C090 R
(1784903368.960562) can0 12D#000000000000008B R
(1784903368.965990) can0 121#00A601CF04800038 R
(1784903368.966448) can0 129#0000000100000031 R
(1784903368.966665) can0 120#0000000000000035 R
(1784903368.967729) can0 541#000010000004D478 R
(1784903368.970673) can0 12D#00000000000000BE R
(1784903368.971075) can0 12E#000000000000C0A5 R
(1784903368.980547) can0 12D#00000000000000D4 R
(1784903368.986180) can0 121#00A601CF04800052 R
(1784903368.986544) can0 129#000000010000005B R
(1784903368.986629) can0 540#000040100000ED00 R
(1784903368.986756) can0 5B0#100000000000008A R
(1784903368.986853) can0 120#000000000000005F R
(1784903368.987794) can0 541#000010000004D499 R
(1784903368.988226) can0 450#0000000000002800 R
(1784903368.990805) can0 12D#0000000000000035 R
(1784903368.991278) can0 12E#000000000000C0CF R
(1784903368.991422) can0 12A#10050000000A0062 R
(1784903368.991593) can0 5A0#0000000004000085 R
(1784903369.000564) can0 12D#000000000000005F R
(1784903369.006525) can0 121#00A601CF04800067 R
(1784903369.006843) can0 129#000000010000006E R
(1784903369.006946) can0 120#000000000000006A R
(1784903369.007764) can0 541#000010000004D4AC R
(1784903369.011560) can0 12D#000000000000006A R
(1784903369.011868) can0 12E#000000000000C02E R
(1784903369.020567) can0 12D#000000000000008B R
(1784903369.025307) can0 121#00A601CF04800086 R
(1784903369.025706) can0 129#000000010000008F R
(1784903369.026755) can0 120#000000000000008B R
(1784903369.027747) can0 541#000010000004D4C6 R
(1784903369.030667) can0 12D#00000000000000BE R
(1784903369.030929) can0 12E#000000000000C044 R
(1784903369.037388) can0 450#0000000000002800 R
(1784903369.040532) can0 12D#00000000000000D4 R
(1784903369.040832) can0 12A#10050000000A0083 R
(1784903369.045112) can0 121#00A601CF048000B3 R
(1784903369.046745) can0 129#00000001000000BA R
(1784903369.046977) can0 120#00000000000000BE R
(1784903369.047725) can0 541#000010000004D427 R
(1784903369.050664) can0 12D#0000000000000035 R
(1784903369.051073) can0 12E#000000000000C071 R
(1784903369.060546) can0 12D#000000000000005F R
(1784903369.065318) can0 121#00A601CF048000D9 R
(1784903369.065704) can0 129#00000001000000D0 R
(1784903369.066717) can0 120#00000000000000D4 R
(1784903369.067733) can0 541#000010000004D55B R
(1784903369.070661) can0 12D#000000000000006A R
(1784903369.070933) can0 12E#000000000000C090 R
(1784903369.080537) can0 12D#000000000000008B R
(1784903369.086194) can0 121#00A601CF04800038 R
(1784903369.086575) can0 129#0000000100000031 R
(1784903369.086662) can0 540#000040100000ED00 R
(1784903369.086866) can0 5B0#10000000000000BF R
(1784903369.086999) can0 120#0000000000000035 R
(1784903369.087831) can0 541#000010000004D56E R
(1784903369.088581) can0 450#0000000000002800 R
(1784903369.090832) can0 12D#00000000000000BE R
(1784903369.090988) can0 12E#000000000000C0A5 R
(1784903369.091203) can0 12A#10050000000A00B6 R
(1784903369.091525) can0 5A0#00000000040000B0 R
(1784903369.101071) can0 12D#00000000000000D4 R
(1784903369.105896) can0 121#00A601CF04800052 R
(1784903369.106222) can0 129#000000010000005B R
(1784903369.107181) can0 120#000000000000005F R
(1784903369.108077) can0 541#000010000004D58F R
(1784903369.111809) can0 12D#0000000000000035 R
(1784903369.112172) can0 12E#000000000000C0CF R
(1784903369.120540) can0 12D#000000000000005F R
(1784903369.125201) can0 121#00A601CF04800067 R
(1784903369.125594) can0 129#000000010000006E R
(1784903369.126737) can0 120#000000000000006A R
(1784903369.127758) can0 541#000010000004D5BA R
(1784903369.130641) can0 12D#000000000000006A R
(1784903369.130919) can0 12E#000000000000C02E R
(1784903369.137398) can0 450#0000000000002800 R
(1784903369.140572) can0 12D#000000000000008B R
(1784903369.140819) can0 12A#10050000000A00DC R
(1784903369.145114) can0 121#00A601CF04800086 R
(1784903369.145528) can0 129#000000010000008F R
(1784903369.147411) can0 120#000000000000008B R
(1784903369.147796) can0 541#000010000004D5D0 R
(1784903369.151344) can0 12D#00000000000000BE R
(1784903369.151644) can0 12E#000000000000C044 R
(1784903369.160545) can0 12D#00000000000000D4 R
(1784903369.165100) can0 121#00A601CF048000B3 R
(1784903369.165396) can0 129#00000001000000BA R
(1784903369.167860) can0 120#00000000000000BE R
(1784903369.168280) can0 541#000010000004D531 R
(1784903369.170839) can0 12D#0000000000000035 R
(1784903369.171245) can0 12E#000000000000C071 R
(1784903369.180541) can0 12D#000000000000005F R
(1784903369.185504) can0 121#00A601CF048000D9 R
(1784903369.185951) can0 129#00000001000000D0 R
(1784903369.186048) can0 540#000040100000ED00 R
(1784903369.186150) can0 5B0#10000000000000D5 R
(1784903369.186911) can0 120#00000000000000D4 R
(1784903369.187785) can0 541#000010000004D55B R
(1784903369.188258) can0 450#0000000000002800 R
(1784903369.190772) can0 12D#000000000000006A R
(1784903369.191230) can0 12E#000000000000C090 R
(1784903369.191334) can0 12A#10050000000A003D R
(1784903369.191509) can0 5A0#00000000040000DA R
(1784903369.200538) can0 12D#000000000000008B R
(1784903369.206271) can0 121#00A601CF04800038 R
(1784903369.206576) can0 129#0000000100000031 R
(1784903369.206902) can0 120#0000000000000035 R
(1784903369.207882) can0 541#000010000004D56E R
(1784903369.210785) can0 12D#00000000000000BE R
(1784903369.211174) can0 12E#000000000000C0A5 R
(1784903369.220571) can0 12D#00000000000000D4 R
(1784903369.225823) can0 121#00A601CF04800052 R
(1784903369.226161) can0 129#000000010000005B R
(1784903369.226694) can0 120#000000000000005F R
(1784903369.227728) can0 541#000010000004D58F R
(1784903369.230671) can0 12D#0000000000000035 R
(1784903369.230951) can0 12E#000000000000C0CF R
(1784903369.237396) can0 450#0000000000002800 R
(1784903369.240576) can0 12D#000000000000005F R
(1784903369.241026) can0 12A#10050000000A0057 R
(1784903369.246082) can0 121#00A601CF04800067 R
(1784903369.246407) can0 129#000000010000006E R
(1784903369.247348) can0 120#000000000000006A R
(1784903369.247783) can0 541#000010000004D5BA R
(1784903369.250646) can0 12D#000000000000006A R
(1784903369.251027) can0 12E#000000000000C02E R
(1784903369.260513) can0 12D#000000000000008B R
(1784903369.265106) can0 121#00A601CF04800086 R
(1784903369.265352) can0 129#000000010000008F R
(1784903369.266713) can0 120#000000000000008B R
(1784903369.268439) can0 541#000010000004D5D0 R
(1784903369.270621) can0 12D#00000000000000BE R
(1784903369.272136) can0 12E#000000000000C044 R
(1784903369.280529) can0 12D#00000000000000D4 R
(1784903369.285268) can0 121#00A601CF048000B3 R
(1784903369.285636) can0 129#00000001000000BA R
(1784903369.285748) can0 540#000040100000ED00 R
(1784903369.285935) can0 5B0#1000000000000034 R
(1784903369.286826) can0 120#00000000000000BE R
(1784903369.289548) can0 541#000010000004D531 R
(1784903369.289924) can0 450#0000000000002800 R
(1784903369.290795) can0 12D#0000000000000035 R
(1784903369.291045) can0 12E#000000000000C071 R
(1784903369.291236) can0 12A#10050000000A0062 R
(1784903369.291519) can0 5A0#000000000400003B R
(1784903369.300843) can0 12D#000000000000005F R
(1784903369.305112) can0 121#00A601CF048000D9 R
(1784903369.305354) can0 129#00000001000000D0 R
(1784903369.307793) can0 120#00000000000000D4 R
(1784903369.308185) can0 541#000010000004D55B R
(1784903369.311042) can0 12D#000000000000006A R
(1784903369.311369) can0 12E#000000000000C090 R
(1784903369.320992) can0 12D#000000000000008B R
(1784903369.325121) can0 121#00A601CF04800038 R
(1784903369.325447) can0 129#0000000100000031 R
(1784903369.327501) can0 120#0000000000000035 R
(1784903369.327875) can0 541#000010000004D56E R
(1784903369.330703) can0 12D#00000000000000BE R
(1784903369.331093) can0 12E#000000000000C0A5 R
(1784903369.337639) can0 450#0000000000002800 R
(1784903369.340549) can0 12D#00000000000000D4 R
(1784903369.340787) can0 12A#10050000000A0083 R
(1784903369.345169) can0 121#00A601CF04800052 R
(1784903369.346387) can0 129#000000010000005B R
(1784903369.346732) can0 120#000000000000005F R
(1784903369.347985) can0 541#000010000004D58F R
(1784903369.350657) can0 12D#0000000000000035 R
(1784903369.352330) can0 12E#000000000000C0CF R
(1784903369.360556) can0 12D#000000000000005F R
(1784903369.365361) can0 121#00A601CF04800067 R
(1784903369.365791) can0 129#000000010000006E R
(1784903369.366753) can0 120#000000000000006A R
(1784903369.367721) can0 541#000010000004D5BA R
(1784903369.370632) can0 12D#000000000000006A R
(1784903369.372846) can0 12E#000000000000C02E R
(1784903369.380541) can0 12D#000000000000008B R
(1784903369.385284) can0 121#00A601CF04800086 R
(1784903369.385719) can0 129#000000010000008F R
(1784903369.385832) can0 540#000040100000ED00 R
(1784903369.385926) can0 5B0#100000000000005E R
(1784903369.386821) can0 120#000000000000008B R
(1784903369.387806) can0 541#000010000004D5D0 R
(1784903369.390010) can0 450#0000000000002800 R
(1784903369.390715) can0 12D#00000000000000BE R
(1784903369.391073) can0 12E#000000000000C044 R
(1784903369.391240) can0 12A#10050000000A00B6 R
(1784903369.391405) can0 5A0#0000000004000051 R
(1784903369.400671) can0 12D#00000000000000D4 R
(1784903369.405512) can0 121#00A601CF048000B3 R
(1784903369.405835) can0 129#00000001000000BA R
(1784903369.406748) can0 120#00000000000000BE R
(1784903369.407756) can0 541#000010000004D531 R
(1784903369.410630) can0 12D#0000000000000035 R
(1784903369.410884) can0 12E#000000000000C071 R
(1784903369.420534) can0 12D#000000000000005F R
(1784903369.425417) can0 121#00A601CF048000D9 R
(1784903369.425813) can0 129#00000001000000D0 R
(1784903369.426742) can0 120#00000000000000D4 R
(1784903369.427752) can0 541#000010000004D55B R
(1784903369.430641) can0 12D#000000000000006A R
(1784903369.430901) can0 12E#000000000000C090 R
(1784903369.437436) can0 450#0000000000002800 R
(1784903369.440554) can0 12D#000000000000008B R
(1784903369.440857) can0 12A#10050000000A00DC R
(1784903369.445128) can0 121#00A601CF04800038 R
(1784903369.445451) can0 129#0000000100000031 R
(1784903369.447494) can0 120#0000000000000035 R
(1784903369.447882) can0 541#000010000004D56E R
(1784903369.451329) can0 12D#00000000000000BE R
(1784903369.451648) can0 12E#000000000000C0A5 R
(1784903369.460532) can0 12D#00000000000000D4 R
(1784903369.465605) can0 121#00A601CF04800052 R
(1784903369.465907) can0 129#000000010000005B R
(1784903369.467088) can0 120#000000000000005F R
(1784903369.467810) can0 541#000010000004D58F R
(1784903369.470562) can0 12D#0000000000000035 R
(1784903369.470765) can0 12E#000000000000C0CF R
(1784903369.480527) can0 12D#000000000000005F R
(1784903369.485271) can0 121#00A601CF04800067 R
(1784903369.485658) can0 129#000000010000006E R
(1784903369.485763) can0 540#000040100000ED00 R
(1784903369.485948) can0 5B0#100000000000006B R
(1784903369.486850) can0 120#000000000000006A R
(1784903369.489236) can0 541#000010000004D5BA R
(1784903369.489629) can0 450#0000000000002800 R
(1784903369.490777) can0 12D#000000000000006A R
(1784903369.491010) can0 12E#000000000000C02E R
(1784903369.491200) can0 12A#10050000000A003D R
(1784903369.491722) can0 5A0#0000000004000064 R
(1784903369.500566) can0 12D#000000000000008B R
(1784903369.506028) can0 121#00A601CF04800086 R
(1784903369.506339) can0 129#000000010000008F R
(1784903369.507272) can0 120#000000000000008B R
(1784903369.507751) can0 541#000010000004D5D0 R
(1784903369.510665) can0 12D#00000000000000BE R
(1784903369.511040) can0 12E#000000000000C044 R
(1784903369.520524) can0 12D#00000000000000D4 R
(1784903369.525492) can0 121#00A601CF048000B3 R
(1784903369.525854) can0 129#00000001000000BA R
(1784903369.526809) can0 120#00000000000000BE R
(1784903369.527791) can0 541#000010000004D531 R
(1784903369.530647) can0 12D#0000000000000035 R
(1784903369.530920) can0 12E#000000000000C071 R
(1784903369.537402) can0 450#0000000000002800 R
(1784903369.540550) can0 12D#000000000000005F R
(1784903369.540802) can0 12A#10050000000A0057 R
(1784903369.545136) can0 121#00A601CF048000D9 R
(1784903369.545518) can0 129#00000001000000D0 R
(1784903369.547507) can0 120#00000000000000D4 R
(1784903369.547904) can0 541#000010000004D55B R
(1784903369.550854) can0 12D#000000000000006A R
(1784903369.551258) can0 12E#000000000000C090 R
(1784903369.560523) can0 12D#000000000000008B R
(1784903369.565517) can0 121#00A601CF04800038 R
(1784903369.565955) can0 129#0000000100000031 R
(1784903369.566900) can0 120#0000000000000035 R
(1784903369.567847) can0 541#000010000004D56E R
(1784903369.570665) can0 12D#00000000000000BE R
(1784903369.570978) can0 12E#000000000000C0A5 R
(1784903369.580568) can0 12D#00000000000000D4 R
(1784903369.586105) can0 121#00A601CF04800052 R
(1784903369.586584) can0 129#000000010000005B R
(1784903369.586741) can0 540#000040100000ED00 R
(1784903369.586838) can0 5B0#100000000000008A R
(1784903369.587589) can0 120#000000000000005F R
(1784903369.588042) can0 541#000010000004D58F R
(1784903369.588237) can0 450#0000000000002800 R
(1784903369.592669) can0 12D#0000000000000035 R
(1784903369.593105) can0 12E#000000000000C0CF R
(1784903369.593325) can0 12A#10050000000A0062 R
(1784903369.593441) can0 5A0#0000000004000085 R
(1784903369.602951) can0 12D#000000000000005F R
(1784903369.606865) can0 121#00A601CF04800067 R
(1784903369.607239) can0 129#000000010000006E R
(1784903369.607459) can0 120#000000000000006A R
(1784903369.607787) can0 541#000010000004D5BA R
(1784903369.610639) can0 12D#000000000000006A R
(1784903369.611019) can0 12E#000000000000C02E R
(1784903369.620498) can0 12D#000000000000008B R
(1784903369.625524) can0 121#00A601CF04800086 R
(1784903369.625869) can0 129#000000010000008F R
(1784903369.626860) can0 120#000000000000008B R
(1784903369.627933) can0 541#000010000004D5D0 R
(1784903369.630666) can0 12D#00000000000000BE R
(1784903369.631029) can0 12E#000000000000C044 R
(1784903369.637404) can0 450#0000000000002800 R
(1784903369.640566) can0 12D#00000000000000D4 R
(1784903369.640832) can0 12A#10050000000A0083 R
(1784903369.645154) can0 121#00A601CF048000B3 R
(1784903369.647476) can0 129#00000001000000BA R
(1784903369.647871) can0 120#00000000000000BE R
(1784903369.648003) can0 541#000010000004D531 R
(1784903369.651389) can0 12D#0000000000000035 R
(1784903369.651802) can0 12E#000000000000C071 R
(1784903369.660528) can0 12D#000000000000005F R
(1784903369.665218) can0 121#00A601CF048000D9 R
(1784903369.665662) can0 129#00000001000000D0 R
(1784903369.666777) can0 120#00000000000000D4 R
(1784903369.667796) can0 541#000010000004D55B R
(1784903369.670619) can0 12D#000000000000006A R
(1784903369.670882) can0 12E#000000000000C090 R
(1784903369.680517) can0 12D#000000000000008B R
(1784903369.685159) can0 121#00A601CF04800038 R
(1784903369.685421) can0 129#0000000100000031 R
(1784903369.685592) can0 540#000040100000ED00 R
(1784903369.685821) can0 5B0#10000000000000BF R
(1784903369.687747) can0 120#0000000000000035 R
(1784903369.688273) can0 541#000010000004D56E R
(1784903369.688435) can0 450#0000000000002800 R
(1784903369.691778) can0 12D#00000000000000BE R
(1784903369.692096) can0 12E#000000000000C0A5 R
(1784903369.692291) can0 12A#10050000000A00B6 R
(1784903369.692382) can0 5A0#00000000040000B0 R
(1784903369.700538) can0 12D#00000000000000D4 R
(1784903369.705279) can0 121#00A601CF04800052 R
(1784903369.705737) can0 129#000000010000005B R
(1784903369.706767) can0 120#000000000000005F R
(1784903369.707754) can0 541#000010000004D58F R
(1784903369.710662) can0 12D#0000000000000035 R
(1784903369.711041) can0 12E#000000000000C0CF R
(1784903369.720546) can0 12D#000000000000005F R
(1784903369.726053) can0 121#00A601CF04800067 R
(1784903369.726446) can0 129#000000010000006E R
(1784903369.727738) can0 120#000000000000006A R
(1784903369.728537) can0 541#000010000004D5BA R
(1784903369.730666) can0 12D#000000000000006A R
(1784903369.731141) can0 12E#000000000000C02E R
(1784903369.737404) can0 450#0000000000002800 R
(1784903369.740520) can0 12D#000000000000008B R
(1784903369.740833) can0 12A#10050000000A00DC R
(1784903369.746227) can0 121#00A601CF04800086 R
(1784903369.746552) can0 129#000000010000008F R
(1784903369.746737) can0 120#000000000000008B R
(1784903369.747786) can0 541#000010000004D5D0 R
(1784903369.750637) can0 12D#00000000000000BE R
(1784903369.751030) can0 12E#000000000000C044 R
(1784903369.760507) can0 12D#00000000000000D4 R
(1784903369.765608) can0 121#00A601CF048000B3 R
(1784903369.765914) can0 129#00000001000000BA R
(1784903369.766756) can0 120#00000000000000BE R
(1784903369.767774) can0 541#000010000004D531 R
(1784903369.770620) can0 12D#0000000000000035 R
(1784903369.770888) can0 12E#000000000000C071 R
(1784903369.780539) can0 12D#000000000000005F R
(1784903369.785540) can0 121#00A601CF048000D9 R
(1784903369.785890) can0 129#00000001000000D0 R
(1784903369.785999) can0 540#000040100000ED00 R
(1784903369.786090) can0 5B0#10000000000000D5 R
(1784903369.786882) can0 120#00000000000000D4 R
(1784903369.787805) can0 541#000010000004D55B R
(1784903369.789837) can0 450#0000000000002800 R
(1784903369.790727) can0 12D#000000000000006A R
(1784903369.790962) can0 12E#000000000000C090 R
(1784903369.791191) can0 12A#10050000000A003D R
(1784903369.791433) can0 5A0#00000000040000DA R
(1784903369.800935) can0 12D#000000000000008B R
(1784903369.805153) can0 121#00A601CF04800038 R
(1784903369.805394) can0 129#0000000100000031 R
(1784903369.807832) can0 120#0000000000000035 R
(1784903369.808330) can0 541#000010000004D56E R
(1784903369.811225) can0 12D#00000000000000BE R
(1784903369.811544) can0 12E#000000000000C0A5 R
(1784903369.820506) can0 12D#00000000000000D4 R
(1784903369.825900) can0 121#00A601CF04800052 R
(1784903369.826190) can0 129#000000010000005B R
(1784903369.826747) can0 120#000000000000005F R
(1784903369.827787) can0 541#000010000004D58F R
(1784903369.830667) can0 12D#0000000000000035 R
(1784903369.831078) can0 12E#000000000000C0CF R
(1784903369.837412) can0 450#0000000000002800 R
(1784903369.840564) can0 12D#000000000000005F R
(1784903369.840833) can0 12A#10050000000A0057 R
(1784903369.845158) can0 121#00A601CF04800067 R
(1784903369.845483) can0 129#000000010000006E R
(1784903369.847738) can0 120#000000000000006A R
(1784903369.848127) can0 541#000010000004D5BA R
(1784903369.851096) can0 12D#000000000000006A R
(1784903369.851495) can0 12E#000000000000C02E R
(1784903369.860515) can0 12D#000000000000008B R
(1784903369.865304) can0 121#00A601CF04800086 R
(1784903369.865682) can0 129#000000010000008F R
(1784903369.866778) can0 120#000000000000008B R
(1784903369.867778) can0 541#000010000004D5D0 R
(1784903369.870650) can0 12D#00000000000000BE R
(1784903369.870973) can0 12E#000000000000C044 R
(1784903369.880500) can0 12D#00000000000000D4 R
(1784903369.885157) can0 121#00A601CF048000B3 R
(1784903369.885412) can0 129#00000001000000BA R
(1784903369.885598) can0 540#000040100000ED00 R
(1784903369.885853) can0 5B0#1000000000000034 R
(1784903369.888595) can0 120#00000000000000BE R
(1784903369.889091) can0 541#000010000004D531 R
(1784903369.889208) can0 450#0000000000002800 R
(1784903369.892370) can0 12D#0000000000000035 R
(1784903369.892769) can0 12E#000000000000C071 R
(1784903369.892979) can0 12A#10050000000A0062 R
(1784903369.893084) can0 5A0#000000000400003B R
(1784903369.900500) can0 12D#000000000000005F R
(1784903369.905208) can0 121#00A601CF048000D9 R
(1784903369.907006) can0 129#00000001000000D0 R
(1784903369.907321) can0 120#00000000000000D4 R
(1784903369.908144) can0 541#000010000004D55B R
(1784903369.910652) can0 12D#000000000000006A R
(1784903369.911016) can0 12E#000000000000C090 R
(1784903369.920534) can0 12D#000000000000008B R
(1784903369.925293) can0 121#00A601CF04800038 R
(1784903369.925725) can0 129#0000000100000031 R
(1784903369.926795) can0 120#0000000000000035 R
(1784903369.927842) can0 541#000010000004D56E R
(1784903369.930650) can0 12D#00000000000000BE R
(1784903369.931160) can0 12E#000000000000C0A5 R
(1784903369.937424) can0 450#0000000000002800 R
(1784903369.940533) can0 12D#00000000000000D4 R
(1784903369.940861) can0 12A#10050000000A0083 R
(1784903369.945907) can0 121#00A601CF04800052 R
(1784903369.946216) can0 129#000000010000005B R
(1784903369.946848) can0 120#000000000000005F R
(1784903369.947805) can0 541#000010000004D58F R
(1784903369.950606) can0 12D#0000000000000035 R
(1784903369.951013) can0 12E#000000000000C0CF R
(1784903369.960519) can0 12D#000000000000005F R
(1784903369.966166) can0 121#00A601CF04800067 R
(1784903369.966475) can0 129#000000010000006E R
(1784903369.967458) can0 120#000000000000006A R
(1784903369.967839) can0 541#000010000004D5BA R
(1784903369.970623) can0 12D#000000000000006A R
(1784903369.970872) can0 12E#000000000000C02E R
(1784903369.980510) can0 12D#000000000000008B R
(1784903369.985197) can0 121#00A601CF04800086 R
(1784903369.986916) can0 129#000000010000008F R
(1784903369.987050) can0 540#000040100000ED00 R
(1784903369.987138) can0 5B0#100000000000005E R
(1784903369.987328) can0 120#000000000000008B R
(1784903369.987813) can0 541#000010000004D5D0 R
(1784903369.988237) can0 450#0000000000002800 R
(1784903369.990805) can0 12D#00000000000000BE R
(1784903369.991188) can0 12E#000000000000C044 R
(1784903369.991295) can0 12A#10050000000A00B6 R
(1784903369.991451) can0 5A0#0000000004000051 R
(1784903370.000533) can0 12D#00000000000000D4 R
(1784903370.006355) can0 121#00A601CF048000B3 R
(1784903370.006705) can0 129#00000001000000BA R
(1784903370.006889) can0 120#00000000000000BE R
(1784903370.007816) can0 541#000010000004D531 R
(1784903370.010665) can0 12D#0000000000000035 R
(1784903370.011054) can0 12E#000000000000C071 R
(1784903370.020494) can0 12D#000000000000005F R
(1784903370.025233) can0 121#00A601CF048000D9 R
(1784903370.025564) can0 129#00000001000000D0 R
(1784903370.026773) can0 120#00000000000000D4 R
(1784903370.027780) can0 541#000010000004D55B R
(1784903370.030625) can0 12D#000000000000006A R
(1784903370.030892) can0 12E#000000000000C090 R
(1784903370.037661) can0 450#0000000000002800 R
(1784903370.040526) can0 12D#000000000000008B R
(1784903370.040762) can0 12A#10050000000A00DC R
(1784903370.046238) can0 121#00A601CF04800038 R
(1784903370.046601) can0 129#0000000100000031 R
(1784903370.046768) can0 120#0000000000000035 R
(1784903370.047810) can0 541#000010000004D56E R
(1784903370.050673) can0 12D#00000000000000BE R
(1784903370.051171) can0 12E#000000000000C0A5 R
(1784903370.060519) can0 12D#00000000000000D4 R
(1784903370.065293) can0 121#00A601CF04800052 R
(1784903370.065670) can0 129#000000010000005B R
(1784903370.066921) can0 120#000000000000005F R
(1784903370.069200) can0 541#000010000004D680 R
(1784903370.070616) can0 12D#0000000000000035 R
(1784903370.070870) can0 12E#000000000000C0CF R
(1784903370.080513) can0 12D#000000000000005F R
(1784903370.085179) can0 121#00A601CF04800067 R
(1784903370.085421) can0 129#000000010000006E R
(1784903370.085594) can0 540#000040100000ED00 R
(1784903370.085979) can0 5B0#100000000000006B R
(1784903370.088051) can0 120#000000000000006A R
(1784903370.088450) can0 541#000010000004D6B5 R
(1784903370.088658) can0 450#0000000000002800 R
(1784903370.092110) can0 12D#000000000000006A R
(1784903370.092521) can0 12E#000000000000C02E R
(1784903370.092696) can0 12A#10050000000A003D R
(1784903370.092826) can0 5A0#0000000004000064 R
(1784903370.100507) can0 12D#000000000000008B R
(1784903370.105187) can0 121#00A601CF04800086 R
(1784903370.105535) can0 129#000000010000008F R
(1784903370.107440) can0 120#000000000000008B R
(1784903370.107822) can0 541#000010000004D6DF R
(1784903370.111191) can0 12D#00000000000000BE R
(1784903370.111633) can0 12E#000000000000C044 R
(1784903370.120506) can0 12D#00000000000000D4 R
(1784903370.125590) can0 121#00A601CF048000B3 R
(1784903370.125980) can0 129#00000001000000BA R
(1784903370.126815) can0 120#00000000000000BE R
(1784903370.127816) can0 541#000010000004D63E R
(1784903370.130639) can0 12D#0000000000000035 R
(1784903370.131086) can0 12E#000000000000C071 R
(1784903370.138296) can0 450#0000000000002800 R
(1784903370.140542) can0 12D#000000000000005F R
(1784903370.140800) can0 12A#10050000000A0057 R
(1784903370.145188) can0 121#00A601CF048000D9 R
(1784903370.145461) can0 129#00000001000000D0 R
(1784903370.146809) can0 120#00000000000000D4 R
(1784903370.147829) can0 541#000010000004D654 R
(1784903370.151280) can0 12D#000000000000006A R
(1784903370.151592) can0 12E#000000000000C090 R
(1784903370.160497) can0 12D#000000000000008B R
(1784903370.165337) can0 121#00A601CF04800038 R
(1784903370.165723) can0 129#0000000100000031 R
(1784903370.166804) can0 120#0000000000000035 R
(1784903370.167814) can0 541#000010000004D661 R
(1784903370.170602) can0 12D#00000000000000BE R
(1784903370.170857) can0 12E#000000000000C0A5 R
(1784903370.180506) can0 12D#00000000000000D4 R
(1784903370.185657) can0 121#00A601CF04800052 R
(1784903370.185987) can0 129#000000010000005B R
(1784903370.186087) can0 540#000040100000ED00 R
(1784903370.186173) can0 5B0#100000000000008A R
(1784903370.187006) can0 120#000000000000005F R
(1784903370.187848) can0 541#000010000004D680 R
(1784903370.188492) can0 450#0000000000002800 R
(1784903370.191115) can0 12D#0000000000000035 R
(1784903370.191483) can0 12E#000000000000C0CF R
(1784903370.191585) can0 12A#10050000000A0062 R
(1784903370.191678) can0 5A0#0000000004000085 R
(1784903370.200535) can0 12D#000000000000005F R
(1784903370.205257) can0 121#00A601CF04800067 R
(1784903370.205643) can0 129#000000010000006E R
(1784903370.206786) can0 120#000000000000006A R
(1784903370.207823) can0 541#000010000004D6B5 R
(1784903370.210635) can0 12D#000000000000006A R
(1784903370.210875) can0 12E#000000000000C02E R
(1784903370.220517) can0 12D#000000000000008B R
(1784903370.225294) can0 121#00A601CF04800086 R
(1784903370.225682) can0 129#000000010000008F R
(1784903370.227063) can0 120#000000000000008B R
(1784903370.229595) can0 541#000010000004D6DF R
(1784903370.230621) can0 12D#00000000000000BE R
(1784903370.230792) can0 12E#000000000000C044 R
(1784903370.237412) can0 450#0000000000002800 R
(1784903370.240510) can0 12D#00000000000000D4 R
(1784903370.240779) can0 12A#10050000000A0083 R
(1784903370.245193) can0 121#00A601CF048000B3 R
(1784903370.246421) can0 129#00000001000000BA R
(1784903370.246799) can0 120#00000000000000BE R
(1784903370.248037) can0 541#000010000004D63E R
(1784903370.251463) can0 12D#0000000000000035 R
(1784903370.251854) can0 12E#000000000000C071 R
(1784903370.260523) can0 12D#000000000000005F R
(1784903370.265556) can0 121#00A601CF048000D9 R
(1784903370.265907) can0 129#00000001000000D0 R
(1784903370.266865) can0 120#00000000000000D4 R
(1784903370.267812) can0 541#000010000004D654 R
(1784903370.270647) can0 12D#000000000000006A R
(1784903370.271119) can0 12E#000000000000C090 R
(1784903370.280505) can0 12D#000000000000008B R
(1784903370.285746) can0 121#00A601CF04800038 R
(1784903370.286083) can0 129#0000000100000031 R
(1784903370.286274) can0 540#000040100000ED00 R
(1784903370.286383) can0 5B0#10000000000000BF R
(1784903370.286881) can0 120#0000000000000035 R
(1784903370.287818) can0 541#000010000004D661 R
(1784903370.288245) can0 450#0000000000002800 R
(1784903370.290712) can0 12D#00000000000000BE R
(1784903370.292296) can0 12E#000000000000C0A5 R
(1784903370.292787) can0 12A#10050000000A00B6 R
(1784903370.292890) can0 5A0#00000000040000B0 R
(1784903370.300492) can0 12D#00000000000000D4 R
(1784903370.305666) can0 121#00A601CF04800052 R
(1784903370.306059) can0 129#000000010000005B R
(1784903370.306875) can0 120#000000000000005F R
(1784903370.307845) can0 541#000010000004D680 R
(1784903370.310626) can0 12D#0000000000000035 R
(1784903370.311064) can0 12E#000000000000C0CF R
(1784903370.320490) can0 12D#000000000000005F R
(1784903370.325475) can0 121#00A601CF04800067 R
(1784903370.325904) can0 129#000000010000006E R
(1784903370.326918) can0 120#000000000000006A R
(1784903370.327885) can0 541#000010000004D6B5 R
(1784903370.330725) can0 12D#000000000000006A R
(1784903370.331024) can0 12E#000000000000C02E R
(1784903370.337434) can0 450#0000000000002800 R
(1784903370.340512) can0 12D#000000000000008B R
(1784903370.340713) can0 12A#10050000000A00DC R
(1784903370.346088) can0 121#00A601CF04800086 R
(1784903370.346394) can0 129#000000010000008F R
(1784903370.347237) can0 120#000000000000008B R
(1784903370.347838) can0 541#000010000004D6DF R
(1784903370.350838) can0 12D#00000000000000BE R
(1784903370.351110) can0 12E#000000000000C044 R
(1784903370.360511) can0 12D#00000000000000D4 R
(1784903370.365406) can0 121#00A601CF048000B3 R
(1784903370.365789) can0 129#00000001000000BA R
(1784903370.366829) can0 120#00000000000000BE R
(1784903370.367824) can0 541#000010000004D63E R
(1784903370.370600) can0 12D#0000000000000035 R
(1784903370.370862) can0 12E#000000000000C071 R
(1784903370.380502) can0 12D#000000000000005F R
(1784903370.385205) can0 121#00A601CF048000D9 R
(1784903370.385588) can0 129#00000001000000D0 R
(1784903370.386097) can0 540#000040100000ED00 R
(1784903370.386309) can0 5B0#10000000000000D5 R
(1784903370.387441) can0 120#00000000000000D4 R
(1784903370.389446) can0 541#000010000004D654 R
(1784903370.389755) can0 450#0000000000002800 R
(1784903370.390724) can0 12D#000000000000006A R
(1784903370.391078) can0 12E#000000000000C090 R
(1784903370.391236) can0 12A#10050000000A003D R
(1784903370.391408) can0 5A0#00000000040000DA R
(1784903370.400992) can0 12D#000000000000008B R
(1784903370.405217) can0 121#00A601CF04800038 R
(1784903370.405574) can0 129#0000000100000031 R
(1784903370.406775) can0 120#0000000000000035 R
(1784903370.409033) can0 541#000010000004D661 R
(1784903370.410598) can0 12D#00000000000000BE R
(1784903370.410787) can0 12E#000000000000C0A5 R
(1784903370.420529) can0 12D#00000000000000D4 R
(1784903370.425940) can0 121#00A601CF04800052 R
(1784903370.426269) can0 129#000000010000005B R
(1784903370.426804) can0 120#000000000000005F R
(1784903370.427842) can0 541#000010000004D680 R
(1784903370.430644) can0 12D#0000000000000035 R
(1784903370.431064) can0 12E#000000000000C0CF R
(1784903370.437435) can0 450#0000000000002800 R
(1784903370.440496) can0 12D#000000000000005F R
(1784903370.440746) can0 12A#10050000000A0057 R
(1784903370.445239) can0 121#00A601CF04800067 R
(1784903370.445523) can0 129#000000010000006E R
(1784903370.447763) can0 120#000000000000006A R
(1784903370.448162) can0 541#000010000004D6B5 R
(1784903370.450580) can0 12D#000000000000006A R
(1784903370.452256) can0 12E#000000000000C02E R
(1784903370.460482) can0 12D#000000000000008B R
(1784903370.465812) can0 121#00A601CF04800086 R
(1784903370.466117) can0 129#000000010000008F R
(1784903370.467040) can0 120#000000000000008B R
(1784903370.467953) can0 541#000010000004D6DF R
(1784903370.470645) can0 12D#00000000000000BE R
(1784903370.471029) can0 12E#000000000000C044 R
(1784903370.480511) can0 12D#00000000000000D4 R
(1784903370.485521) can0 121#00A601CF048000B3 R
(1784903370.485925) can0 129#00000001000000BA R
(1784903370.486122) can0 540#000040100000ED00 R
(1784903370.486255) can0 5B0#1000000000000034 R
(1784903370.486962) can0 120#00000000000000BE R
(1784903370.487826) can0 541#000010000004D63E R
(1784903370.490096) can0 450#0000000000002800 R
(1784903370.490754) can0 12D#0000000000000035 R
(1784903370.490920) can0 12E#000000000000C071 R
(1784903370.491314) can0 12A#10050000000A0062 R
(1784903370.491578) can0 5A0#000000000400003B R
(1784903370.500528) can0 12D#000000000000005F R
(1784903370.505240) can0 121#00A601CF048000D9 R
(1784903370.507006) can0 129#00000001000000D0 R
(1784903370.507317) can0 120#00000000000000D4 R
(1784903370.508017) can0 541#000010000004D654 R
(1784903370.510648) can0 12D#000000000000006A R
(1784903370.511038) can0 12E#000000000000C090 R
(1784903370.520494) can0 12D#000000000000008B R
(1784903370.525267) can0 121#00A601CF04800038 R
(1784903370.525616) can0 129#0000000100000031 R
(1784903370.526830) can0 120#0000000000000035 R
(1784903370.529257) can0 541#000010000004D661 R
(1784903370.530555) can0 12D#00000000000000BE R
(1784903370.530765) can0 12E#000000000000C0A5 R
(1784903370.537442) can0 450#0000000000002800 R
(1784903370.540562) can0 12D#00000000000000D4 R
(1784903370.540887) can0 12A#10050000000A0083 R
(1784903370.545269) can0 121#00A601CF04800052 R
(1784903370.545583) can0 129#000000010000005B R
(1784903370.546962) can0 120#000000000000005F R
(1784903370.549371) can0 541#000010000004D680 R
(1784903370.550624) can0 12D#0000000000000035 R
(1784903370.550809) can0 12E#000000000000C0CF R
(1784903370.560519) can0 12D#000000000000005F R
(1784903370.565300) can0 121#00A601CF04800067 R
(1784903370.565676) can0 129#000000010000006E R
(1784903370.566879) can0 120#000000000000006A R
(1784903370.568949) can0 541#000010000004D6B5 R
(1784903370.570601) can0 12D#000000000000006A R
(1784903370.570799) can0 12E#000000000000C02E R
(1784903370.580480) can0 12D#000000000000008B R
(1784903370.586168) can0 121#00A601CF04800086 R
(1784903370.586621) can0 129#000000010000008F R
(1784903370.586725) can0 540#000040100000ED00 R
(1784903370.586822) can0 5B0#100000000000005E R
(1784903370.587099) can0 120#000000000000008B R
(1784903370.588303) can0 541#000010000004D6DF R
(1784903370.588632) can0 450#0000000000002800 R
(1784903370.592089) can0 12D#00000000000000BE R
(1784903370.592583) can0 12E#000000000000C044 R
(1784903370.595935) can0 12A#10050000000A00B6 R
(1784903370.596251) can0 5A0#0000000004000051 R
(1784903370.600769) can0 12D#00000000000000D4 R
(1784903370.605284) can0 121#00A601CF048000B3 R
(1784903370.605616) can0 129#00000001000000BA R
(1784903370.607061) can0 120#00000000000000BE R
(1784903370.607869) can0 541#000010000004D63E R
(1784903370.610602) can0 12D#0000000000000035 R
(1784903370.610877) can0 12E#000000000000C071 R
(1784903370.620507) can0 12D#000000000000005F R
(1784903370.626228) can0 121#00A601CF048000D9 R
(1784903370.626549) can0 129#00000001000000D0 R
(1784903370.626787) can0 120#00000000000000D4 R
(1784903370.627883) can0 541#000010000004D654 R
(1784903370.630614) can0 12D#000000000000006A R
(1784903370.630978) can0 12E#000000000000C090 R
(1784903370.637432) can0 450#0000000000002800 R
(1784903370.640512) can0 12D#000000000000008B R
(1784903370.640773) can0 12A#10050000000A00DC R
(1784903370.645237) can0 121#00A601CF04800038 R
(1784903370.645506) can0 129#0000000100000031 R
(1784903370.648331) can0 120#0000000000000035 R
(1784903370.648708) can0 541#000010000004D661 R
(1784903370.650584) can0 12D#00000000000000BE R
(1784903370.650948) can0 12E#000000000000C0A5 R
(1784903370.660496) can0 12D#00000000000000D4 R
(1784903370.666244) can0 121#00A601CF04800052 R
(1784903370.666560) can0 129#000000010000005B R
(1784903370.666860) can0 120#000000000000005F R
(1784903370.667837) can0 541#000010000004D680 R
(1784903370.670618) can0 12D#0000000000000035 R
(1784903370.670996) can0 12E#000000000000C0CF R
(1784903370.680493) can0 12D#000000000000005F R
(1784903370.686426) can0 121#00A601CF04800067 R
(1784903370.686740) can0 129#000000010000006E R
(1784903370.686929) can0 540#000040100000ED00 R
(1784903370.687033) can0 5B0#100000000000006B R
(1784903370.687132) can0 120#000000000000006A R
(1784903370.687846) can0 541#000010000004D6B5 R
(1784903370.688267) can0 450#0000000000002800 R
(1784903370.690770) can0 12D#000000000000006A R
(1784903370.691154) can0 12E#000000000000C02E R
(1784903370.691273) can0 12A#10050000000A003D R
(1784903370.691469) can0 5A0#0000000004000064 R
(1784903370.700524) can0 12D#000000000000008B R
(1784903370.705302) can0 121#00A601CF04800086 R
(1784903370.706509) can0 129#000000010000008F R
(1784903370.706905) can0 120#000000000000008B R
(1784903370.708098) can0 541#000010000004D6DF R
(1784903370.710589) can0 12D#00000000000000BE R
(1784903370.710990) can0 12E#000000000000C044 R
(1784903370.720466) can0 12D#00000000000000D4 R
(1784903370.726100) can0 121#00A601CF048000B3 R
(1784903370.726468) can0 129#00000001000000BA R
(1784903370.727014) can0 120#00000000000000BE R
(1784903370.727867) can0 541#000010000004D63E R
(1784903370.730656) can0 12D#0000000000000035 R
(1784903370.730964) can0 12E#000000000000C071 R
(1784903370.737429) can0 450#0000000000002800 R
(1784903370.740518) can0 12D#000000000000005F R
(1784903370.740764) can0 12A#10050000000A0057 R
(1784903370.745263) can0 121#00A601CF048000D9 R
(1784903370.747218) can0 129#00000001000000D0 R
(1784903370.747511) can0 120#00000000000000D4 R
(1784903370.747806) can0 541#000010000004D654 R
(1784903370.750629) can0 12D#000000000000006A R
(1784903370.752318) can0 12E#000000000000C090 R
(1784903370.760481) can0 12D#000000000000008B R
(1784903370.765946) can0 121#00A601CF04800038 R
(1784903370.766272) can0 129#0000000100000031 R
(1784903370.766902) can0 120#0000000000000035 R
(1784903370.767830) can0 541#000010000004D661 R
(1784903370.770646) can0 12D#00000000000000BE R
(1784903370.771077) can0 12E#000000000000C0A5 R
(1784903370.780505) can0 12D#00000000000000D4 R
(1784903370.785311) can0 121#00A601CF04800052 R
(1784903370.785721) can0 129#000000010000005B R
(1784903370.785824) can0 540#000040100000ED00 R
(1784903370.785922) can0 5B0#100000000000008A R
(1784903370.786957) can0 120#000000000000005F R
(1784903370.787828) can0 541#000010000004D680 R
(1784903370.789887) can0 450#0000000000002800 R
(1784903370.790876) can0 12D#0000000000000035 R
(1784903370.791233) can0 12E#000000000000C0CF R
(1784903370.791417) can0 12A#10050000000A0062 R
(1784903370.791561) can0 5A0#0000000004000085 R
(1784903370.800468) can0 12D#000000000000005F R
(1784903370.805250) can0 121#00A601CF04800067 R
(1784903370.805635) can0 129#000000010000006E R
(1784903370.807630) can0 120#000000000000006A R
(1784903370.808048) can0 541#000010000004D6B5 R
(1784903370.810686) can0 12D#000000000000006A R
(1784903370.811053) can0 12E#000000000000C02E R
(1784903370.820515) can0 12D#000000000000008B R
(1784903370.825313) can0 121#00A601CF04800086 R
(1784903370.825658) can0 129#000000010000008F R
(1784903370.826838) can0 120#000000000000008B R
(1784903370.829252) can0 541#000010000004D6DF R
(1784903370.830632) can0 12D#00000000000000BE R
(1784903370.830912) can0 12E#000000000000C044 R
(1784903370.837451) can0 450#0000000000002800 R
(1784903370.840533) can0 12D#00000000000000D4 R
(1784903370.840898) can0 12A#10050000000A0083 R
(1784903370.845251) can0 121#00A601CF048000B3 R
(1784903370.845530) can0 129#00000001000000BA R
(1784903370.848156) can0 120#00000000000000BE R
(1784903370.848542) can0 541#000010000004D63E R
(1784903370.850603) can0 12D#0000000000000035 R
(1784903370.850928) can0 12E#000000000000C071 R
(1784903370.860494) can0 12D#000000000000005F R
(1784903370.865922) can0 121#00A601CF048000D9 R
(1784903370.866236) can0 129#00000001000000D0 R
(1784903370.867186) can0 120#00000000000000D4 R
(1784903370.867850) can0 541#000010000004D654 R
(1784903370.870605) can0 12D#000000000000006A R
(1784903370.870863) can0 12E#000000000000C090 R
(1784903370.880460) can0 12D#000000000000008B R
(1784903370.885291) can0 121#00A601CF04800038 R
(1784903370.885554) can0 129#0000000100000031 R
(1784903370.885738) can0 540#000040100000ED00 R
(1784903370.885942) can0 5B0#10000000000000BF R
(1784903370.886978) can0 120#0000000000000035 R
(1784903370.887875) can0 541#000010000004D661 R
(1784903370.890126) can0 450#0000000000002800 R
(1784903370.890740) can0 12D#00000000000000BE R
(1784903370.890991) can0 12E#000000000000C0A5 R
(1784903370.891160) can0 12A#10050000000A00B6 R
(1784903370.891425) can0 5A0#00000000040000B0 R
(1784903370.900667) can0 12D#00000000000000D4 R
(1784903370.905243) can0 121#00A601CF04800052 R
(1784903370.905544) can0 129#000000010000005B R
(1784903370.907964) can0 120#000000000000005F R
(1784903370.908337) can0 541#000010000004D680 R
(1784903370.911769) can0 12D#0000000000000035 R
(1784903370.912195) can0 12E#000000000000C0CF R
(1784903370.920479) can0 12D#000000000000005F R
(1784903370.925272) can0 121#00A601CF04800067 R
(1784903370.925536) can0 129#000000010000006E R
(1784903370.926861) can0 120#000000000000006A R
(1784903370.927852) can0 541#000010000004D6B5 R
(1784903370.930590) can0 12D#000000000000006A R
(1784903370.930910) can0 12E#000000000000C02E R
(1784903370.937445) can0 450#0000000000002800 R
(1784903370.940497) can0 12D#000000000000008B R
(1784903370.940750) can0 12A#10050000000A00DC R
(1784903370.945920) can0 121#00A601CF04800086 R
(1784903370.946247) can0 129#000000010000008F R
(1784903370.946813) can0 120#000000000000008B R
(1784903370.947891) can0 541#000010000004D6DF R
(1784903370.950583) can0 12D#00000000000000BE R
(1784903370.950840) can0 12E#000000000000C044 R
(1784903370.960470) can0 12D#00000000000000D4 R
(1784903370.966131) can0 121#00A601CF048000B3 R
(1784903370.966451) can0 129#00000001000000BA R
(1784903370.967313) can0 120#00000000000000BE R
(1784903370.967829) can0 541#000010000004D63E R
(1784903370.970622) can0 12D#0000000000000035 R
(1784903370.971009) can0 12E#000000000000C071 R
(1784903370.980513) can0 12D#000000000000005F R
(1784903370.985317) can0 121#00A601CF048000D9 R
(1784903370.985717) can0 129#00000001000000D0 R
(1784903370.985820) can0 540#000040100000ED00 R
(1784903370.985913) can0 5B0#10000000000000D5 R
(1784903370.987168) can0 120#00000000000000D4 R
(1784903370.987820) can0 541#000010000004D654 R
(1784903370.989831) can0 450#0000000000002800 R
(1784903370.990705) can0 12D#000000000000006A R
(1784903370.991022) can0 12E#000000000000C090 R
(1784903370.991203) can0 12A#10050000000A003D R
(1784903370.991413) can0 5A0#00000000040000DA R
(1784903371.000592) can0 12D#000000000000008B R
(1784903371.005406) can0 121#00A601CF04800038 R
(1784903371.005788) can0 129#0000000100000031 R
(1784903371.006880) can0 120#0000000000000035 R
(1784903371.007847) can0 541#000010000004D661 R
(1784903371.010605) can0 12D#00000000000000BE R
(1784903371.010870) can0 12E#000000000000C0A5 R
(1784903371.020483) can0 12D#00000000000000D4 R
(1784903371.025975) can0 121#00A601CF04800052 R
(1784903371.026334) can0 129#000000010000005B R
(1784903371.026847) can0 120#000000000000005F R
(1784903371.027876) can0 541#000010000004D680 R
(1784903371.030602) can0 12D#0000000000000035 R
(1784903371.030868) can0 12E#000000000000C0CF R
(1784903371.037447) can0 450#0000000000002800 R
(1784903371.040509) can0 12D#000000000000005F R
(1784903371.040760) can0 12A#10050000000A0057 R
(1784903371.046309) can0 121#00A601CF04800067 R
(1784903371.046628) can0 129#000000010000006E R
(1784903371.046865) can0 120#000000000000006A R
(1784903371.047855) can0 541#000010000004D6B5 R
(1784903371.050641) can0 12D#000000000000006A R
(1784903371.051050) can0 12E#000000000000C02E R
(1784903371.060511) can0 12D#000000000000008B R
(1784903371.065876) can0 121#00A601CF04800086 R
(1784903371.066167) can0 129#000000010000008F R
(1784903371.067138) can0 120#000000000000008B R
(1784903371.067835) can0 541#000010000004D7C9 R
(1784903371.070621) can0 12D#00000000000000BE R
(1784903371.070997) can0 12E#000000000000C044 R
(1784903371.080446) can0 12D#00000000000000D4 R
(1784903371.085359) can0 121#00A601CF048000B3 R
(1784903371.085648) can0 129#00000001000000BA R
(1784903371.085754) can0 540#000040100000ED00 R
(1784903371.086007) can0 5B0#1000000000000034 R
(1784903371.087031) can0 120#00000000000000BE R
(1784903371.089658) can0 541#000010000004D728 R
(1784903371.090153) can0 450#0000000000002800 R
(1784903371.090769) can0 12D#0000000000000035 R
(1784903371.090931) can0 12E#000000000000C071 R
(1784903371.091103) can0 12A#10050000000A0062 R
(1784903371.091416) can0 5A0#000000000400003B R
(1784903371.100497) can0 12D#000000000000005F R
(1784903371.105495) can0 121#00A601CF048000D9 R
(1784903371.107308) can0 129#00000001000000D0 R
(1784903371.107483) can0 120#00000000000000D4 R
(1784903371.107789) can0 541#000010000004D742 R
(1784903371.110575) can0 12D#000000000000006A R
(1784903371.110814) can0 12E#000000000000C090 R
(1784903371.120479) can0 12D#000000000000008B R
(1784903371.125336) can0 121#00A601CF04800038 R
(1784903371.125662) can0 129#0000000100000031 R
(1784903371.126886) can0 120#0000000000000035 R
(1784903371.129191) can0 541#000010000004D777 R
(1784903371.130578) can0 12D#00000000000000BE R
(1784903371.130858) can0 12E#000000000000C0A5 R
(1784903371.137449) can0 450#0000000000002800 R
(1784903371.140505) can0 12D#00000000000000D4 R
(1784903371.140830) can0 12A#10050000000A0083 R
(1784903371.145274) can0 121#00A601CF04800052 R
(1784903371.145533) can0 129#000000010000005B R
(1784903371.148279) can0 120#000000000000005F R
(1784903371.148658) can0 541#000010000004D796 R
(1784903371.151564) can0 12D#0000000000000035 R
(1784903371.151920) can0 12E#000000000000C0CF R
(1784903371.160474) can0 12D#000000000000005F R
(1784903371.165501) can0 121#00A601CF04800067 R
(1784903371.165890) can0 129#000000010000006E R
(1784903371.166889) can0 120#000000000000006A R
(1784903371.167822) can0 541#000010000004D7A3 R
(1784903371.170610) can0 12D#000000000000006A R
(1784903371.170882) can0 12E#000000000000C02E R
(1784903371.180500) can0 12D#000000000000008B R
(1784903371.185324) can0 121#00A601CF04800086 R
(1784903371.185682) can0 129#000000010000008F R
(1784903371.185797) can0 540#000040100000ED00 R
(1784903371.185924) can0 5B0#100000000000005E R
(1784903371.186996) can0 120#000000000000008B R
(1784903371.187963) can0 541#000010000004D7C9 R
(1784903371.190093) can0 450#0000000000002800 R
(1784903371.190682) can0 12D#00000000000000BE R
(1784903371.190984) can0 12E#000000000000C044 R
(1784903371.191118) can0 12A#10050000000A00B6 R
(1784903371.191380) can0 5A0#0000000004000051 R
(1784903371.200487) can0 12D#00000000000000D4 R
(1784903371.205408) can0 121#00A601CF048000B3 R
(1784903371.205809) can0 129#00000001000000BA R
(1784903371.206955) can0 120#00000000000000BE R
(1784903371.209276) can0 541#000010000004D728 R
(1784903371.210572) can0 12D#0000000000000035 R
(1784903371.210737) can0 12E#000000000000C071 R
(1784903371.220476) can0 12D#000000000000005F R
(1784903371.225355) can0 121#00A601CF048000D9 R
(1784903371.225731) can0 129#00000001000000D0 R
(1784903371.227064) can0 120#00000000000000D4 R
(1784903371.227846) can0 541#000010000004D742 R
(1784903371.230577) can0 12D#000000000000006A R
(1784903371.230910) can0 12E#000000000000C090 R
(1784903371.237458) can0 450#0000000000002800 R
(1784903371.240507) can0 12D#000000000000008B R
(1784903371.240752) can0 12A#10050000000A00DC R
(1784903371.246346) can0 121#00A601CF04800038 R
(1784903371.246673) can0 129#0000000100000031 R
(1784903371.246889) can0 120#0000000000000035 R
(1784903371.247882) can0 541#000010000004D777 R
(1784903371.250789) can0 12D#00000000000000BE R
(1784903371.251197) can0 12E#000000000000C0A5 R
(1784903371.260495) can0 12D#00000000000000D4 R
(1784903371.265926) can0 121#00A601CF04800052 R
(1784903371.266229) can0 129#000000010000005B R
(1784903371.267129) can0 120#000000000000005F R
(1784903371.267911) can0 541#000010000004D796 R
(1784903371.270626) can0 12D#0000000000000035 R
(1784903371.270881) can0 12E#000000000000C0CF R
(1784903371.280464) can0 12D#000000000000005F R
(1784903371.286211) can0 121#00A601CF04800067 R
(1784903371.286533) can0 129#000000010000006E R
(1784903371.286638) can0 540#000040100000ED00 R
(1784903371.286823) can0 5B0#100000000000006B R
(1784903371.286984) can0 120#000000000000006A R
(1784903371.287952) can0 541#000010000004D7A3 R
(1784903371.288284) can0 450#0000000000002800 R
(1784903371.290731) can0 12D#000000000000006A R
(1784903371.291111) can0 12E#000000000000C02E R
(1784903371.291207) can0 12A#10050000000A003D R
(1784903371.291486) can0 5A0#0000000004000064 R
(1784903371.300453) can0 12D#000000000000008B R
(1784903371.305313) can0 121#00A601CF04800086 R
(1784903371.306996) can0 129#000000010000008F R
(1784903371.307488) can0 120#000000000000008B R
(1784903371.308249) can0 541#000010000004D7C9 R
(1784903371.311012) can0 12D#00000000000000BE R
(1784903371.311409) can0 12E#000000000000C044 R
(1784903371.320470) can0 12D#00000000000000D4 R
(1784903371.325638) can0 121#00A601CF048000B3 R
(1784903371.326024) can0 129#00000001000000BA R
(1784903371.326963) can0 120#00000000000000BE R
(1784903371.327927) can0 541#000010000004D728 R
(1784903371.330609) can0 12D#0000000000000035 R
(1784903371.331011) can0 12E#000000000000C071 R
(1784903371.337463) can0 450#0000000000002800 R
(1784903371.340513) can0 12D#000000000000005F R
(1784903371.340751) can0 12A#10050000000A0057 R
(1784903371.346305) can0 121#00A601CF048000D9 R
(1784903371.346637) can0 129#00000001000000D0 R
(1784903371.346858) can0 120#00000000000000D4 R
(1784903371.347854) can0 541#000010000004D742 R
(1784903371.350848) can0 12D#000000000000006A R
(1784903371.351266) can0 12E#000000000000C090 R
(1784903371.360486) can0 12D#000000000000008B R
(1784903371.365291) can0 121#00A601CF04800038 R
(1784903371.365596) can0 129#0000000100000031 R
(1784903371.367115) can0 120#0000000000000035 R
(1784903371.369399) can0 541#000010000004D777 R
(1784903371.370570) can0 12D#00000000000000BE R
(1784903371.370839) can0 12E#000000000000C0A5 R
(1784903371.380486) can0 12D#00000000000000D4 R
(1784903371.385342) can0 121#00A601CF04800052 R
(1784903371.385704) can0 129#000000010000005B R
(1784903371.385799) can0 540#000040100000ED00 R
(1784903371.385951) can0 5B0#100000000000008A R
(1784903371.386988) can0 120#000000000000005F R
(1784903371.389488) can0 541#000010000004D796 R
(1784903371.389900) can0 450#0000000000002800 R
(1784903371.390695) can0 12D#0000000000000035 R
(1784903371.390905) can0 12E#000000000000C0CF R
(1784903371.391392) can0 12A#10050000000A0062 R
(1784903371.393385) can0 5A0#0000000004000085 R
(1784903371.400781) can0 12D#000000000000005F R
(1784903371.405297) can0 121#00A601CF04800067 R
(1784903371.405567) can0 129#000000010000006E R
(1784903371.408511) can0 120#000000000000006A R
(1784903371.409002) can0 541#000010000004D7A3 R
(1784903371.410567) can0 12D#000000000000006A R
(1784903371.410750) can0 12E#000000000000C02E R
(1784903371.420460) can0 12D#000000000000008B R
(1784903371.425327) can0 121#00A601CF04800086 R
(1784903371.425620) can0 129#000000010000008F R
(1784903371.426888) can0 120#000000000000008B R
(1784903371.427868) can0 541#000010000004D7C9 R
(1784903371.430562) can0 12D#00000000000000BE R
(1784903371.430862) can0 12E#000000000000C044 R
(1784903371.437466) can0 450#0000000000002800 R
(1784903371.440478) can0 12D#00000000000000D4 R
(1784903371.440722) can0 12A#10050000000A0083 R
(1784903371.445314) can0 121#00A601CF048000B3 R
(1784903371.445680) can0 129#00000001000000BA R
(1784903371.447677) can0 120#00000000000000BE R
(1784903371.448063) can0 541#000010000004D728 R
(1784903371.451520) can0 12D#0000000000000035 R
(1784903371.451845) can0 12E#000000000000C071 R
(1784903371.460481) can0 12D#000000000000005F R
(1784903371.465394) can0 121#00A601CF048000D9 R
(1784903371.467041) can0 129#00000001000000D0 R
(1784903371.467430) can0 120#00000000000000D4 R
(1784903371.467819) can0 541#000010000004D742 R
(1784903371.470581) can0 12D#000000000000006A R
(1784903371.470854) can0 12E#000000000000C090 R
(1784903371.480461) can0 12D#000000000000008B R
(1784903371.485487) can0 121#00A601CF04800038 R
(1784903371.485734) can0 129#0000000100000031 R
(1784903371.485895) can0 540#000040100000ED00 R
(1784903371.487946) can0 5B0#10000000000000BF R
(1784903371.488393) can0 120#0000000000000035 R
(1784903371.488502) can0 541#000010000004D777 R
(1784903371.488702) can0 450#0000000000002800 R
(1784903371.490752) can0 12D#00000000000000BE R
(1784903371.491118) can0 12E#000000000000C0A5 R
(1784903371.491211) can0 12A#10050000000A00B6 R
(1784903371.491410) can0 5A0#00000000040000B0 R
(1784903371.500463) can0 12D#00000000000000D4 R
(1784903371.505322) can0 121#00A601CF04800052 R
(1784903371.505697) can0 129#000000010000005B R
(1784903371.506901) can0 120#000000000000005F R
(1784903371.507842) can0 541#000010000004D796 R
(1784903371.510554) can0 12D#0000000000000035 R
(1784903371.510877) can0 12E#000000000000C0CF R
(1784903371.520486) can0 12D#000000000000005F R
(1784903371.526456) can0 121#00A601CF04800067 R
(1784903371.526776) can0 129#000000010000006E R
(1784903371.527020) can0 120#000000000000006A R
(1784903371.527863) can0 541#000010000004D7A3 R
(1784903371.530938) can0 12D#000000000000006A R
(1784903371.531344) can0 12E#000000000000C02E R
(1784903371.538293) can0 450#0000000000002800 R
(1784903371.540499) can0 12D#000000000000008B R
(1784903371.540882) can0 12A#10050000000A00DC R
(1784903371.546195) can0 121#00A601CF04800086 R
(1784903371.546578) can0 129#000000010000008F R
(1784903371.546897) can0 120#000000000000008B R
(1784903371.547901) can0 541#000010000004D7C9 R
(1784903371.550600) can0 12D#00000000000000BE R
(1784903371.550985) can0 12E#000000000000C044 R
(1784903371.560451) can0 12D#00000000000000D4 R
(1784903371.566226) can0 121#00A601CF048000B3 R
(1784903371.566541) can0 129#00000001000000BA R
(1784903371.566876) can0 120#00000000000000BE R
(1784903371.567883) can0 541#000010000004D728 R
(1784903371.571610) can0 12D#0000000000000035 R
(1784903371.572013) can0 12E#000000000000C071 R
(1784903371.580954) can0 12D#000000000000005F R
(1784903371.588533) can0 121#00A601CF048000D9 R
(1784903371.588994) can0 129#00000001000000D0 R
(1784903371.589098) can0 540#000040100000ED00 R
(1784903371.589252) can0 5B0#10000000000000D5 R
(1784903371.589371) can0 120#00000000000000D4 R
(1784903371.589503) can0 541#000010000004D742 R
(1784903371.589648) can0 450#0000000000002800 R
(1784903371.590723) can0 12D#000000000000006A R
(1784903371.591145) can0 12E#000000000000C090 R
(1784903371.591477) can0 12A#10050000000A003D R
(1784903371.591671) can0 5A0#00000000040000DA R
(1784903371.600484) can0 12D#000000000000008B R
(1784903371.605371) can0 121#00A601CF04800038 R
(1784903371.605755) can0 129#0000000100000031 R
(1784903371.606948) can0 120#0000000000000035 R
(1784903371.607841) can0 541#000010000004D777 R
(1784903371.610592) can0 12D#00000000000000BE R
(1784903371.610853) can0 12E#000000000000C0A5 R
(1784903371.620482) can0 12D#00000000000000D4 R
(1784903371.626440) can0 121#00A601CF04800052 R
(1784903371.626762) can0 129#000000010000005B R
(1784903371.626965) can0 120#000000000000005F R
(1784903371.627904) can0 541#000010000004D796 R
(1784903371.630553) can0 12D#0000000000000035 R
(1784903371.630934) can0 12E#000000000000C0CF R
(1784903371.637466) can0 450#0000000000002800 R
(1784903371.640464) can0 12D#000000000000005F R
(1784903371.640710) can0 12A#10050000000A0057 R
(1784903371.645310) can0 121#00A601CF04800067 R
(1784903371.645626) can0 129#000000010000006E R
(1784903371.646927) can0 120#000000000000006A R
(1784903371.649230) can0 541#000010000004D7A3 R
(1784903371.650530) can0 12D#000000000000006A R
(1784903371.650719) can0 12E#000000000000C02E R
(1784903371.660457) can0 12D#000000000000008B R
(1784903371.665562) can0 121#00A601CF04800086 R
(1784903371.666001) can0 129#000000010000008F R
(1784903371.666955) can0 120#000000000000008B R
(1784903371.667847) can0 541#000010000004D7C9 R
(1784903371.670674) can0 12D#00000000000000BE R
(1784903371.670992) can0 12E#000000000000C044 R
(1784903371.680473) can0 12D#00000000000000D4 R
(1784903371.685333) can0 121#00A601CF048000B3 R
(1784903371.685663) can0 129#00000001000000BA R
(1784903371.685769) can0 540#000040100000ED00 R
(1784903371.685987) can0 5B0#1000000000000034 R
(1784903371.686995) can0 120#00000000000000BE R
(1784903371.687900) can0 541#000010000004D728 R
(1784903371.690002) can0 450#0000000000002800 R
(1784903371.690680) can0 12D#0000000000000035 R
(1784903371.690906) can0 12E#000000000000C071 R
(1784903371.691135) can0 12A#10050000000A0062 R
(1784903371.691403) can0 5A0#000000000400003B R
(1784903371.700449) can0 12D#000000000000005F R
(1784903371.705479) can0 121#00A601CF048000D9 R
(1784903371.705868) can0 129#00000001000000D0 R
(1784903371.706938) can0 120#00000000000000D4 R
(1784903371.707850) can0 541#000010000004D742 R
(1784903371.710587) can0 12D#000000000000006A R
(1784903371.710853) can0 12E#000000000000C090 R
(1784903371.720458) can0 12D#000000000000008B R
(1784903371.725313) can0 121#00A601CF04800038 R
(1784903371.725619) can0 129#0000000100000031 R
(1784903371.728028) can0 120#0000000000000035 R
(1784903371.728432) can0 541#000010000004D777 R
(1784903371.731213) can0 12D#00000000000000BE R
(1784903371.731534) can0 12E#000000000000C0A5 R
(1784903371.737638) can0 450#0000000000002800 R
(1784903371.740488) can0 12D#00000000000000D4 R
(1784903371.740782) can0 12A#10050000000A0083 R
(1784903371.745352) can0 121#00A601CF04800052 R
(1784903371.746963) can0 129#000000010000005B R
(1784903371.747236) can0 120#000000000000005F R
(1784903371.747821) can0 541#000010000004D796 R
(1784903371.750708) can0 12D#0000000000000035 R
(1784903371.751091) can0 12E#000000000000C0CF R
(1784903371.760582) can0 12D#000000000000005F R
(1784903371.765395) can0 121#00A601CF04800067 R
(1784903371.765696) can0 129#000000010000006E R
(1784903371.766925) can0 120#000000000000006A R
(1784903371.769272) can0 541#000010000004D7A3 R
(1784903371.770767) can0 12D#000000000000006A R
(1784903371.771133) can0 12E#000000000000C02E R
(1784903371.780441) can0 12D#000000000000008B R
(1784903371.785352) can0 121#00A601CF04800086 R
(1784903371.785638) can0 129#000000010000008F R
(1784903371.785727) can0 540#000040100000ED00 R
(1784903371.785992) can0 5B0#100000000000005E R
(1784903371.787016) can0 120#000000000000008B R
(1784903371.789199) can0 541#000010000004D7C9 R
(1784903371.789583) can0 450#0000000000002800 R
(1784903371.790692) can0 12D#00000000000000BE R
(1784903371.790958) can0 12E#000000000000C044 R
(1784903371.791116) can0 12A#10050000000A00B6 R
(1784903371.791419) can0 5A0#0000000004000051 R
(1784903371.800476) can0 12D#00000000000000D4 R
(1784903371.805323) can0 121#00A601CF048000B3 R
(1784903371.805582) can0 129#00000001000000BA R
(1784903371.807920) can0 120#00000000000000BE R
(1784903371.808329) can0 541#000010000004D728 R
(1784903371.810554) can0 12D#0000000000000035 R
(1784903371.810769) can0 12E#000000000000C071 R
(1784903371.820465) can0 12D#000000000000005F R
(1784903371.825337) can0 121#00A601CF048000D9 R
(1784903371.825585) can0 129#00000001000000D0 R
(1784903371.827993) can0 120#00000000000000D4 R
(1784903371.828466) can0 541#000010000004D742 R
(1784903371.831537) can0 12D#000000000000006A R
(1784903371.831872) can0 12E#000000000000C090 R
(1784903371.838042) can0 450#0000000000002800 R
(1784903371.840481) can0 12D#000000000000008B R
(1784903371.840729) can0 12A#10050000000A00DC R
(1784903371.845762) can0 121#00A601CF04800038 R
(1784903371.846068) can0 129#0000000100000031 R
(1784903371.847290) can0 120#0000000000000035 R
(1784903371.848407) can0 541#000010000004D777 R
(1784903371.851046) can0 12D#00000000000000BE R
(1784903371.851437) can0 12E#000000000000C0A5 R
(1784903371.860438) can0 12D#00000000000000D4 R
(1784903371.865537) can0 121#00A601CF04800052 R
(1784903371.865962) can0 129#000000010000005B R
(1784903371.867142) can0 120#000000000000005F R
(1784903371.869291) can0 541#000010000004D796 R
(1784903371.870559) can0 12D#0000000000000035 R
(1784903371.870771) can0 12E#000000000000C0CF R
(1784903371.880487) can0 12D#000000000000005F R
(1784903371.886200) can0 121#00A601CF04800067 R
(1784903371.886529) can0 129#000000010000006E R
(1784903371.886700) can0 540#000040100000ED00 R
(1784903371.886805) can0 5B0#100000000000006B R
(1784903371.887038) can0 120#000000000000006A R
(1784903371.887891) can0 541#000010000004D7A3 R
(1784903371.888413) can0 450#0000000000002800 R
(1784903371.890735) can0 12D#000000000000006A R
(1784903371.891141) can0 12E#000000000000C02E R
(1784903371.891368) can0 12A#10050000000A003D R
(1784903371.891613) can0 5A0#0000000004000064 R
(1784903371.900562) can0 12D#000000000000008B R
(1784903371.905395) can0 121#00A601CF04800086 R
(1784903371.905697) can0 129#000000010000008F R
(1784903371.906999) can0 120#000000000000008B R
(1784903371.909470) can0 541#000010000004D7C9 R
(1784903371.910551) can0 12D#00000000000000BE R
(1784903371.910791) can0 12E#000000000000C044 R
(1784903371.920445) can0 12D#00000000000000D4 R
(1784903371.925335) can0 121#00A601CF048000B3 R
(1784903371.925798) can0 129#00000001000000BA R
(1784903371.926926) can0 120#00000000000000BE R
(1784903371.927842) can0 541#000010000004D728 R
(1784903371.930567) can0 12D#0000000000000035 R
(1784903371.930889) can0 12E#000000000000C071 R
(1784903371.937991) can0 450#0000000000002800 R
(1784903371.940484) can0 12D#000000000000005F R
(1784903371.940775) can0 12A#10050000000A0057 R
(1784903371.946504) can0 121#00A601CF048000D9 R
(1784903371.946924) can0 129#00000001000000D0 R
(1784903371.947024) can0 120#00000000000000D4 R
(1784903371.947850) can0 541#000010000004D742 R
(1784903371.950911) can0 12D#000000000000006A R
(1784903371.951312) can0 12E#000000000000C090 R
(1784903371.960472) can0 12D#000000000000008B R
(1784903371.965413) can0 121#00A601CF04800038 R
(1784903371.965807) can0 129#0000000100000031 R
(1784903371.966960) can0 120#0000000000000035 R
(1784903371.967886) can0 541#000010000004D777 R
(1784903371.970590) can0 12D#00000000000000BE R
(1784903371.970891) can0 12E#000000000000C0A5 R
(1784903371.980474) can0 12D#00000000000000D4 R
(1784903371.985397) can0 121#00A601CF04800052 R
(1784903371.985678) can0 129#000000010000005B R
(1784903371.985777) can0 540#000040100000ED00 R
(1784903371.986041) can0 5B0#100000000000008A R
(1784903371.987079) can0 120#000000000000005F R
(1784903371.989668) can0 541#000010000004D796 R
(1784903371.990070) can0 450#0000000000002800 R
(1784903371.990738) can0 12D#0000000000000035 R
(1784903371.990988) can0 12E#000000000000C0CF R
(1784903371.991118) can0 12A#10050000000A0062 R
(1784903371.991371) can0 5A0#0000000004000085 R
(1784903372.000728) can0 12D#000000000000005F R
(1784903372.006037) can0 121#00A601CF04800067 R
(1784903372.006368) can0 129#000000010000006E R
(1784903372.006927) can0 120#000000000000006A R
(1784903372.007859) can0 541#000010000004D7A3 R
(1784903372.010632) can0 12D#000000000000006A R
(1784903372.010942) can0 12E#000000000000C02E R
(1784903372.020457) can0 12D#000000000000008B R
(1784903372.025901) can0 121#00A601CF04800086 R
(1784903372.026226) can0 129#000000010000008F R
(1784903372.027025) can0 120#000000000000008B R
(1784903372.027888) can0 541#000010000004D7C9 R
(1784903372.030594) can0 12D#00000000000000BE R
(1784903372.030855) can0 12E#000000000000C044 R
(1784903372.037498) can0 450#0000000000002800 R
(1784903372.040508) can0 12D#00000000000000D4 R
(1784903372.040873) can0 12A#10050000000A0083 R
(1784903372.045868) can0 121#00A601CF048000B3 R
(1784903372.046179) can0 129#00000001000000BA R
(1784903372.046968) can0 120#00000000000000BE R
(1784903372.048343) can0 541#000010000004D728 R
(1784903372.051211) can0 12D#0000000000000035 R
(1784903372.051546) can0 12E#000000000000C071 R
(1784903372.060430) can0 12D#000000000000005F R
(1784903372.066081) can0 121#00A601CF048000D9 R
(1784903372.066475) can0 129#00000001000000D0 R
(1784903372.067296) can0 120#00000000000000D4 R
(1784903372.067982) can0 541#000010000004D844 R
(1784903372.070578) can0 12D#000000000000006A R
(1784903372.071112) can0 12E#000000000000C090 R
(1784903372.081073) can0 12D#000000000000008B R
(1784903372.085999) can0 121#00A601CF04800038 R
(1784903372.086349) can0 129#0000000100000031 R
(1784903372.086533) can0 540#000040100000ED00 R
(1784903372.086658) can0 5B0#10000000000000BF R
(1784903372.087345) can0 120#0000000000000035 R
(1784903372.088000) can0 541#000010000004D871 R
(1784903372.090037) can0 450#0000000000002800 R
(1784903372.090674) can0 12D#00000000000000BE R
(1784903372.090886) can0 12E#000000000000C0A5 R
(1784903372.091157) can0 12A#10050000000A00B6 R
(1784903372.091370) can0 5A0#00000000040000B0 R
(1784903372.100474) can0 12D#00000000000000D4 R
(1784903372.105427) can0 121#00A601CF04800052 R
(1784903372.105828) can0 129#000000010000005B R
(1784903372.107076) can0 120#000000000000005F R
(1784903372.107877) can0 541#000010000004D890 R
(1784903372.110557) can0 12D#0000000000000035 R
(1784903372.110797) can0 12E#000000000000C0CF R
(1784903372.120445) can0 12D#000000000000005F R
(1784903372.125393) can0 121#00A601CF04800067 R
(1784903372.125737) can0 129#000000010000006E R
(1784903372.127190) can0 120#000000000000006A R
(1784903372.127842) can0 541#000010000004D8A5 R
(1784903372.130548) can0 12D#000000000000006A R
(1784903372.130834) can0 12E#000000000000C02E R
(1784903372.137479) can0 450#0000000000002800 R
(1784903372.140446) can0 12D#000000000000008B R
(1784903372.140759) can0 12A#10050000000A00DC R
(1784903372.145923) can0 121#00A601CF04800086 R
(1784903372.146190) can0 129#000000010000008F R
(1784903372.146961) can0 120#000000000000008B R
(1784903372.148150) can0 541#000010000004D8CF R
(1784903372.151544) can0 12D#00000000000000BE R
(1784903372.151873) can0 12E#000000000000C044 R
(1784903372.160440) can0 12D#00000000000000D4 R
(1784903372.166008) can0 121#00A601CF048000B3 R
(1784903372.166364) can0 129#00000001000000BA R
(1784903372.166940) can0 120#00000000000000BE R
(1784903372.167856) can0 541#000010000004D82E R
(1784903372.170563) can0 12D#0000000000000035 R
(1784903372.170943) can0 12E#000000000000C071 R
(1784903372.180463) can0 12D#000000000000005F R
(1784903372.186526) can0 121#00A601CF048000D9 R
(1784903372.186843) can0 129#00000001000000D0 R
(1784903372.186949) can0 540#000040100000ED00 R
(1784903372.187045) can0 5B0#10000000000000D5 R
(1784903372.187215) can0 120#00000000000000D4 R
(1784903372.187912) can0 541#000010000004D844 R
(1784903372.188286) can0 450#0000000000002800 R
(1784903372.190949) can0 12D#000000000000006A R
(1784903372.191338) can0 12E#000000000000C090 R
(1784903372.191427) can0 12A#10050000000A003D R
(1784903372.191532) can0 5A0#00000000040000DA R
(1784903372.200442) can0 12D#000000000000008B R
(1784903372.206299) can0 121#00A601CF04800038 R
(1784903372.206579) can0 129#0000000100000031 R
(1784903372.207004) can0 120#0000000000000035 R
(1784903372.207928) can0 541#000010000004D871 R
(1784903372.210584) can0 12D#00000000000000BE R
(1784903372.210976) can0 12E#000000000000C0A5 R
(1784903372.220465) can0 12D#00000000000000D4 R
(1784903372.225423) can0 121#00A601CF04800052 R
(1784903372.225705) can0 129#000000010000005B R
(1784903372.227043) can0 120#000000000000005F R
(1784903372.227859) can0 541#000010000004D890 R
(1784903372.230619) can0 12D#0000000000000035 R
(1784903372.230912) can0 12E#000000000000C0CF R
(1784903372.237483) can0 450#0000000000002800 R
(1784903372.240764) can0 12D#000000000000005F R
(1784903372.241030) can0 12A#10050000000A0057 R
(1784903372.245574) can0 121#00A601CF04800067 R
(1784903372.247274) can0 129#000000010000006E R
(1784903372.247419) can0 120#000000000000006A R
(1784903372.247817) can0 541#000010000004D8A5 R
(1784903372.250613) can0 12D#000000000000006A R
(1784903372.251004) can0 12E#000000000000C02E R
(1784903372.260442) can0 12D#000000000000008B R
(1784903372.265404) can0 121#00A601CF04800086 R
(1784903372.265802) can0 129#000000010000008F R
(1784903372.266958) can0 120#000000000000008B R
(1784903372.269249) can0 541#000010000004D8CF R
(1784903372.270529) can0 12D#00000000000000BE R
(1784903372.270764) can0 12E#000000000000C044 R
(1784903372.280428) can0 12D#00000000000000D4 R
(1784903372.285364) can0 121#00A601CF048000B3 R
(1784903372.285618) can0 129#00000001000000BA R
(1784903372.285817) can0 540#000040100000ED00 R
(1784903372.286035) can0 5B0#1000000000000034 R
(1784903372.288494) can0 120#00000000000000BE R
(1784903372.288991) can0 541#000010000004D82E R
(1784903372.289115) can0 450#0000000000002800 R
(1784903372.290672) can0 12D#0000000000000035 R
(1784903372.292264) can0 12E#000000000000C071 R
(1784903372.292488) can0 12A#10050000000A0062 R
(1784903372.292590) can0 5A0#000000000400003B R
(1784903372.300478) can0 12D#000000000000005F R
(1784903372.305421) can0 121#00A601CF048000D9 R
(1784903372.305781) can0 129#00000001000000D0 R
(1784903372.306987) can0 120#00000000000000D4 R
(1784903372.307867) can0 541#000010000004D844 R
(1784903372.310555) can0 12D#000000000000006A R
(1784903372.310829) can0 12E#000000000000C090 R
(1784903372.320437) can0 12D#000000000000008B R
(1784903372.325378) can0 121#00A601CF04800038 R
(1784903372.325709) can0 129#0000000100000031 R
(1784903372.326985) can0 120#0000000000000035 R
(1784903372.327872) can0 541#000010000004D871 R
(1784903372.330539) can0 12D#00000000000000BE R
(1784903372.330912) can0 12E#000000000000C0A5 R
(1784903372.337473) can0 450#0000000000002800 R
(1784903372.340442) can0 12D#00000000000000D4 R
(1784903372.340848) can0 12A#10050000000A0083 R
(1784903372.345372) can0 121#00A601CF04800052 R
(1784903372.345643) can0 129#000000010000005B R
(1784903372.346992) can0 120#000000000000005F R
(1784903372.348515) can0 541#000010000004D890 R
(1784903372.350542) can0 12D#0000000000000035 R
(1784903372.350865) can0 12E#000000000000C0CF R
(1784903372.360450) can0 12D#000000000000005F R
(1784903372.365808) can0 121#00A601CF04800067 R
(1784903372.366186) can0 129#000000010000006E R
(1784903372.366969) can0 120#000000000000006A R
(1784903372.367876) can0 541#000010000004D8A5 R
(1784903372.370579) can0 12D#000000000000006A R
(1784903372.370831) can0 12E#000000000000C02E R
(1784903372.380458) can0 12D#000000000000008B R
(1784903372.386275) can0 121#00A601CF04800086 R
(1784903372.386708) can0 129#000000010000008F R
(1784903372.386806) can0 540#000040100000ED00 R
(1784903372.386928) can0 5B0#100000000000005E R
(1784903372.387161) can0 120#000000000000008B R
(1784903372.387879) can0 541#000010000004D8CF R
(1784903372.388344) can0 450#0000000000002800 R
(1784903372.390655) can0 12D#00000000000000BE R
(1784903372.390868) can0 12E#000000000000C044 R
(1784903372.391150) can0 12A#10050000000A00B6 R
(1784903372.391367) can0 5A0#0000000004000051 R
(1784903372.400434) can0 12D#00000000000000D4 R
(1784903372.405364) can0 121#00A601CF048000B3 R
(1784903372.405769) can0 129#00000001000000BA R
(1784903372.406970) can0 120#00000000000000BE R
(1784903372.409382) can0 541#000010000004D82E R
(1784903372.410877) can0 12D#0000000000000035 R
(1784903372.411163) can0 12E#000000000000C071 R
(1784903372.420433) can0 12D#000000000000005F R
(1784903372.425427) can0 121#00A601CF048000D9 R
(1784903372.425706) can0 129#00000001000000D0 R
(1784903372.426996) can0 120#00000000000000D4 R
(1784903372.429140) can0 541#000010000004D844 R
(1784903372.430534) can0 12D#000000000000006A R
(1784903372.430729) can0 12E#000000000000C090 R
(1784903372.437501) can0 450#0000000000002800 R
(1784903372.440439) can0 12D#000000000000008B R
(1784903372.440614) can0 12A#10050000000A00DC R
(1784903372.445902) can0 121#00A601CF04800038 R
(1784903372.446785) can0 129#0000000100000031 R
(1784903372.447007) can0 120#0000000000000035 R
(1784903372.447884) can0 541#000010000004D871 R
(1784903372.450730) can0 12D#00000000000000BE R
(1784903372.451243) can0 12E#000000000000C0A5 R
(1784903372.460461) can0 12D#00000000000000D4 R
(1784903372.465431) can0 121#00A601CF04800052 R
(1784903372.465719) can0 129#000000010000005B R
(1784903372.466993) can0 120#000000000000005F R
(1784903372.467872) can0 541#000010000004D890 R
(1784903372.470547) can0 12D#0000000000000035 R
(1784903372.470902) can0 12E#000000000000C0CF R
(1784903372.480420) can0 12D#000000000000005F R
(1784903372.485376) can0 121#00A601CF04800067 R
(1784903372.485725) can0 129#000000010000006E R
(1784903372.485913) can0 540#000040100000ED00 R
(1784903372.486043) can0 5B0#100000000000006B R
(1784903372.487126) can0 120#000000000000006A R
(1784903372.489877) can0 541#000010000004D8A5 R
(1784903372.490402) can0 450#0000000000002800 R
(1784903372.490629) can0 12D#000000000000006A R
(1784903372.490804) can0 12E#000000000000C02E R
(1784903372.491078) can0 12A#10050000000A003D R
(1784903372.491331) can0 5A0#0000000004000064 R
(1784903372.500858) can0 12D#000000000000008B R
(1784903372.506382) can0 121#00A601CF04800086 R
(1784903372.506803) can0 129#000000010000008F R
(1784903372.507205) can0 120#000000000000008B R
(1784903372.507881) can0 541#000010000004D8CF R
(1784903372.510600) can0 12D#00000000000000BE R
(1784903372.510974) can0 12E#000000000000C044 R
(1784903372.520451) can0 12D#00000000000000D4 R
(1784903372.525447) can0 121#00A601CF048000B3 R
(1784903372.525814) can0 129#00000001000000BA R
(1784903372.526996) can0 120#00000000000000BE R
(1784903372.527882) can0 541#000010000004D82E R
(1784903372.530672) can0 12D#0000000000000035 R
(1784903372.530970) can0 12E#000000000000C071 R
(1784903372.537485) can0 450#0000000000002800 R
(1784903372.540457) can0 12D#000000000000005F R
(1784903372.540755) can0 12A#10050000000A0057 R
(1784903372.545422) can0 121#00A601CF048000D9 R
(1784903372.545688) can0 129#00000001000000D0 R
(1784903372.546987) can0 120#00000000000000D4 R
(1784903372.548702) can0 541#000010000004D844 R
(1784903372.550526) can0 12D#000000000000006A R
(1784903372.550788) can0 12E#000000000000C090 R
(1784903372.560420) can0 12D#000000000000008B R
(1784903372.566075) can0 121#00A601CF04800038 R
(1784903372.566375) can0 129#0000000100000031 R
(1784903372.566973) can0 120#0000000000000035 R
(1784903372.567863) can0 541#000010000004D871 R
(1784903372.570572) can0 12D#00000000000000BE R
(1784903372.570932) can0 12E#000000000000C0A5 R
(1784903372.581231) can0 12D#00000000000000D4 R
(1784903372.586404) can0 121#00A601CF04800052 R
(1784903372.589022) can0 129#000000010000005B R
(1784903372.589167) can0 540#000040100000ED00 R
(1784903372.591018) can0 5B0#100000000000008A R
(1784903372.591512) can0 120#000000000000005F R
(1784903372.591619) can0 541#000010000004D890 R
(1784903372.591754) can0 450#0000000000002800 R
(1784903372.591924) can0 12D#0000000000000035 R
(1784903372.592070) can0 12E#000000000000C0CF R
(1784903372.592172) can0 12A#10050000000A0062 R
(1784903372.592331) can0 5A0#0000000004000085 R
(1784903372.600475) can0 12D#000000000000005F R
(1784903372.605479) can0 121#00A601CF04800067 R
(1784903372.605878) can0 129#000000010000006E R
(1784903372.607067) can0 120#000000000000006A R
(1784903372.607936) can0 541#000010000004D8A5 R
(1784903372.610548) can0 12D#000000000000006A R
(1784903372.611289) can0 12E#000000000000C02E R
(1784903372.620418) can0 12D#000000000000008B R
(1784903372.625954) can0 121#00A601CF04800086 R
(1784903372.626319) can0 129#000000010000008F R
(1784903372.627247) can0 120#000000000000008B R
(1784903372.627886) can0 541#000010000004D8CF R
(1784903372.630750) can0 12D#00000000000000BE R
(1784903372.631145) can0 12E#000000000000C044 R
(1784903372.637483) can0 450#0000000000002800 R
(1784903372.640457) can0 12D#00000000000000D4 R
(1784903372.640722) can0 12A#10050000000A0083 R
(1784903372.645416) can0 121#00A601CF048000B3 R
(1784903372.645728) can0 129#00000001000000BA R
(1784903372.647001) can0 120#00000000000000BE R
(1784903372.647872) can0 541#000010000004D82E R
(1784903372.650543) can0 12D#0000000000000035 R
(1784903372.650866) can0 12E#000000000000C071 R
(1784903372.660445) can0 12D#000000000000005F R
(1784903372.665401) can0 121#00A601CF048000D9 R
(1784903372.665773) can0 129#00000001000000D0 R
(1784903372.667082) can0 120#00000000000000D4 R
(1784903372.669215) can0 541#000010000004D844 R
(1784903372.670504) can0 12D#000000000000006A R
(1784903372.670746) can0 12E#000000000000C090 R
(1784903372.680400) can0 12D#000000000000008B R
(1784903372.685403) can0 121#00A601CF04800038 R
(1784903372.685679) can0 129#0000000100000031 R
(1784903372.685876) can0 540#000040100000ED00 R
(1784903372.686077) can0 5B0#10000000000000BF R
(1784903372.687103) can0 120#0000000000000035 R
(1784903372.687877) can0 541#000010000004D871 R
(1784903372.688319) can0 450#0000000000002800 R
(1784903372.690709) can0 12D#00000000000000BE R
(1784903372.691056) can0 12E#000000000000C0A5 R
(1784903372.691280) can0 12A#10050000000A00B6 R
(1784903372.691436) can0 5A0#00000000040000B0 R
(1784903372.700445) can0 12D#00000000000000D4 R
(1784903372.705464) can0 121#00A601CF04800052 R
(1784903372.705875) can0 129#000000010000005B R
(1784903372.707050) can0 120#000000000000005F R
(1784903372.707977) can0 541#000010000004D890 R
(1784903372.710568) can0 12D#0000000000000035 R
(1784903372.710824) can0 12E#000000000000C0CF R
(1784903372.720434) can0 12D#000000000000005F R
(1784903372.726130) can0 121#00A601CF04800067 R
(1784903372.726496) can0 129#000000010000006E R
(1784903372.727489) can0 120#000000000000006A R
(1784903372.727872) can0 541#000010000004D8A5 R
(1784903372.730585) can0 12D#000000000000006A R
(1784903372.730906) can0 12E#000000000000C02E R
(1784903372.737488) can0 450#0000000000002800 R
(1784903372.740470) can0 12D#000000000000008B R
(1784903372.740726) can0 12A#10050000000A00DC R
(1784903372.746330) can0 121#00A601CF04800086 R
(1784903372.746659) can0 129#000000010000008F R
(1784903372.746972) can0 120#000000000000008B R
(1784903372.747890) can0 541#000010000004D8CF R
(1784903372.751280) can0 12D#00000000000000BE R
(1784903372.751574) can0 12E#000000000000C044 R
(1784903372.760397) can0 12D#00000000000000D4 R
(1784903372.765427) can0 121#00A601CF048000B3 R
(1784903372.765696) can0 129#00000001000000BA R
(1784903372.767022) can0 120#00000000000000BE R
(1784903372.768044) can0 541#000010000004D82E R
(1784903372.770550) can0 12D#0000000000000035 R
(1784903372.770830) can0 12E#000000000000C071 R
(1784903372.780461) can0 12D#000000000000005F R
(1784903372.786327) can0 121#00A601CF048000D9 R
(1784903372.786650) can0 129#00000001000000D0 R
(1784903372.786752) can0 540#000040100000ED00 R
(1784903372.786842) can0 5B0#10000000000000D5 R
(1784903372.787673) can0 120#00000000000000D4 R
(1784903372.787962) can0 541#000010000004D844 R
(1784903372.788326) can0 450#0000000000002800 R
(1784903372.790749) can0 12D#000000000000006A R
(1784903372.791235) can0 12E#000000000000C090 R
(1784903372.791374) can0 12A#10050000000A003D R
(1784903372.791486) can0 5A0#00000000040000DA R
(1784903372.800433) can0 12D#000000000000008B R
(1784903372.805413) can0 121#00A601CF04800038 R
(1784903372.805680) can0 129#0000000100000031 R
(1784903372.808163) can0 120#0000000000000035 R
(1784903372.808688) can0 541#000010000004D871 R
(1784903372.810518) can0 12D#00000000000000BE R
(1784903372.810702) can0 12E#000000000000C0A5 R
(1784903372.820420) can0 12D#00000000000000D4 R
(1784903372.825405) can0 121#00A601CF04800052 R
(1784903372.825669) can0 129#000000010000005B R
(1784903372.826998) can0 120#000000000000005F R
(1784903372.827882) can0 541#000010000004D890 R
(1784903372.830522) can0 12D#0000000000000035 R
(1784903372.830927) can0 12E#000000000000C0CF R
(1784903372.837500) can0 450#0000000000002800 R
(1784903372.840428) can0 12D#000000000000005F R
(1784903372.840684) can0 12A#10050000000A0057 R
(1784903372.846333) can0 121#00A601CF04800067 R
(1784903372.846802) can0 129#000000010000006E R
(1784903372.847021) can0 120#000000000000006A R
(1784903372.847939) can0 541#000010000004D8A5 R
(1784903372.850477) can0 12D#000000000000006A R
(1784903372.850807) can0 12E#000000000000C02E R
(1784903372.860456) can0 12D#000000000000008B R
(1784903372.865836) can0 121#00A601CF04800086 R
(1784903372.866163) can0 129#000000010000008F R
(1784903372.867071) can0 120#000000000000008B R
(1784903372.867897) can0 541#000010000004D8CF R
(1784903372.870628) can0 12D#00000000000000BE R
(1784903372.870944) can0 12E#000000000000C044 R
(1784903372.880407) can0 12D#00000000000000D4 R
(1784903372.885904) can0 121#00A601CF048000B3 R
(1784903372.886244) can0 129#00000001000000BA R
(1784903372.886442) can0 540#000040100000ED00 R
(1784903372.886542) can0 5B0#1000000000000034 R
(1784903372.887390) can0 120#00000000000000BE R
(1784903372.887956) can0 541#000010000004D82E R
(1784903372.888416) can0 450#0000000000002800 R
(1784903372.890680) can0 12D#0000000000000035 R
(1784903372.891071) can0 12E#000000000000C071 R
(1784903372.891283) can0 12A#10050000000A0062 R
(1784903372.891430) can0 5A0#000000000400003B R
(1784903372.900434) can0 12D#000000000000005F R
(1784903372.905449) can0 121#00A601CF048000D9 R
(1784903372.907237) can0 129#00000001000000D0 R
(1784903372.907400) can0 120#00000000000000D4 R
(1784903372.907854) can0 541#000010000004D844 R
(1784903372.911149) can0 12D#000000000000006A R
(1784903372.911542) can0 12E#000000000000C090 R
(1784903372.920419) can0 12D#000000000000008B R
(1784903372.925432) can0 121#00A601CF04800038 R
(1784903372.925829) can0 129#0000000100000031 R
(1784903372.927025) can0 120#0000000000000035 R
(1784903372.929146) can0 541#000010000004D871 R
(1784903372.930532) can0 12D#00000000000000BE R
(1784903372.930756) can0 12E#000000000000C0A5 R
(1784903372.937493) can0 450#0000000000002800 R
(1784903372.940473) can0 12D#00000000000000D4 R
(1784903372.940741) can0 12A#10050000000A0083 R
(1784903372.945421) can0 121#00A601CF04800052 R
(1784903372.945696) can0 129#000000010000005B R
(1784903372.948162) can0 120#000000000000005F R
(1784903372.948689) can0 541#000010000004D890 R
(1784903372.951371) can0 12D#0000000000000035 R
(1784903372.951687) can0 12E#000000000000C0CF R
(1784903372.960407) can0 12D#000000000000005F R
(1784903372.965427) can0 121#00A601CF04800067 R
(1784903372.965821) can0 129#000000010000006E R
(1784903372.967001) can0 120#000000000000006A R
(1784903372.969286) can0 541#000010000004D8A5 R
(1784903372.970510) can0 12D#000000000000006A R
(1784903372.970725) can0 12E#000000000000C02E R
(1784903372.980410) can0 12D#000000000000008B R
(1784903372.985494) can0 121#00A601CF04800086 R
(1784903372.985767) can0 129#000000010000008F R
(1784903372.985900) can0 540#000040100000ED00 R
(1784903372.986648) can0 5B0#100000000000005E R
(1784903372.987170) can0 120#000000000000008B R
(1784903372.989796) can0 541#000010000004D8CF R
(1784903372.990214) can0 450#0000000000002800 R
(1784903372.990635) can0 12D#00000000000000BE R
(1784903372.990947) can0 12E#000000000000C044 R
(1784903372.991075) can0 12A#10050000000A00B6 R
(1784903372.991323) can0 5A0#0000000004000051 R
(1784903373.000420) can0 12D#00000000000000D4 R
(1784903373.006245) can0 121#00A601CF048000B3 R
(1784903373.006544) can0 129#00000001000000BA R
(1784903373.007233) can0 120#00000000000000BE R
(1784903373.007888) can0 541#000010000004D82E R
(1784903373.010597) can0 12D#0000000000000035 R
(1784903373.010987) can0 12E#000000000000C071 R
(1784903373.020451) can0 12D#000000000000005F R
(1784903373.025434) can0 121#00A601CF048000D9 R
(1784903373.025828) can0 129#00000001000000D0 R
(1784903373.027004) can0 120#00000000000000D4 R
(1784903373.029275) can0 541#000010000004D844 R
(1784903373.030488) can0 12D#000000000000006A R
(1784903373.030670) can0 12E#000000000000C090 R
(1784903373.037489) can0 450#0000000000002800 R
(1784903373.040423) can0 12D#000000000000008B R
(1784903373.040808) can0 12A#10050000000A00DC R
(1784903373.045437) can0 121#00A601CF04800038 R
(1784903373.045859) can0 129#0000000100000031 R
(1784903373.047784) can0 120#0000000000000035 R
(1784903373.048112) can0 541#000010000004D871 R
(1784903373.051261) can0 12D#00000000000000BE R
(1784903373.051629) can0 12E#000000000000C0A5 R
(1784903373.060449) can0 12D#00000000000000D4 R
(1784903373.065490) can0 121#00A601CF04800052 R
(1784903373.065826) can0 129#000000010000005B R
(1784903373.067066) can0 120#000000000000005F R
(1784903373.067948) can0 541#000010000004D986 R
(1784903373.070539) can0 12D#0000000000000035 R
(1784903373.070798) can0 12E#000000000000C0CF R
(1784903373.080408) can0 12D#000000000000005F R
(1784903373.085531) can0 121#00A601CF04800067 R
(1784903373.085924) can0 129#000000010000006E R
(1784903373.086108) can0 540#000040100000ED00 R
(1784903373.086228) can0 5B0#100000000000006B R
(1784903373.087166) can0 120#000000000000006A R
(1784903373.087958) can0 541#000010000004D9B3 R
(1784903373.090257) can0 450#0000000000002800 R
(1784903373.090650) can0 12D#000000000000006A R
(1784903373.090855) can0 12E#000000000000C02E R
(1784903373.091094) can0 12A#10050000000A003D R
(1784903373.091347) can0 5A0#0000000004000064 R
(1784903373.100865) can0 12D#000000000000008B R
(1784903373.105429) can0 121#00A601CF04800086 R
(1784903373.105729) can0 129#000000010000008F R
(1784903373.108161) can0 120#000000000000008B R
(1784903373.108554) can0 541#000010000004D9D9 R
(1784903373.110519) can0 12D#00000000000000BE R
(1784903373.112156) can0 12E#000000000000C044 R
(1784903373.120381) can0 12D#00000000000000D4 R
(1784903373.125432) can0 121#00A601CF048000B3 R
(1784903373.125900) can0 129#00000001000000BA R
(1784903373.127023) can0 120#00000000000000BE R
(1784903373.129346) can0 541#000010000004D938 R
(1784903373.130494) can0 12D#0000000000000035 R
(1784903373.130721) can0 12E#000000000000C071 R
(1784903373.137501) can0 450#0000000000002800 R
(1784903373.140457) can0 12D#000000000000005F R
(1784903373.140732) can0 12A#10050000000A0057 R
(1784903373.145440) can0 121#00A601CF048000D9 R
(1784903373.145704) can0 129#00000001000000D0 R
(1784903373.148128) can0 120#00000000000000D4 R
(1784903373.148607) can0 541#000010000004D952 R
(1784903373.151409) can0 12D#000000000000006A R
(1784903373.151738) can0 12E#000000000000C090 R
(1784903373.160407) can0 12D#000000000000008B R
(1784903373.165434) can0 121#00A601CF04800038 R
(1784903373.165704) can0 129#0000000100000031 R
(1784903373.167047) can0 120#0000000000000035 R
(1784903373.167907) can0 541#000010000004D967 R
(1784903373.170515) can0 12D#00000000000000BE R
(1784903373.170766) can0 12E#000000000000C0A5 R
(1784903373.180394) can0 12D#00000000000000D4 R
(1784903373.185635) can0 121#00A601CF04800052 R
(1784903373.186027) can0 129#000000010000005B R
(1784903373.186127) can0 540#000040100000ED00 R
(1784903373.186221) can0 5B0#100000000000008A R
(1784903373.187137) can0 120#000000000000005F R
(1784903373.187959) can0 541#000010000004D986 R
(1784903373.188317) can0 450#0000000000002800 R
(1784903373.190623) can0 12D#0000000000000035 R
(1784903373.191082) can0 12E#000000000000C0CF R
(1784903373.191205) can0 12A#10050000000A0062 R
(1784903373.191347) can0 5A0#0000000004000085 R
(1784903373.200435) can0 12D#000000000000005F R
(1784903373.206050) can0 121#00A601CF04800067 R
(1784903373.206332) can0 129#000000010000006E R
(1784903373.207034) can0 120#000000000000006A R
(1784903373.207921) can0 541#000010000004D9B3 R
(1784903373.210741) can0 12D#000000000000006A R
(1784903373.211130) can0 12E#000000000000C02E R
(1784903373.220440) can0 12D#000000000000008B R
(1784903373.225447) can0 121#00A601CF04800086 R
(1784903373.225711) can0 129#000000010000008F R
(1784903373.227034) can0 120#000000000000008B R
(1784903373.228772) can0 541#000010000004D9D9 R
(1784903373.230499) can0 12D#00000000000000BE R
(1784903373.230767) can0 12E#000000000000C044 R
(1784903373.237498) can0 450#0000000000002800 R
(1784903373.240418) can0 12D#00000000000000D4 R
(1784903373.240673) can0 12A#10050000000A0083 R
(1784903373.245442) can0 121#00A601CF048000B3 R
(1784903373.245717) can0 129#00000001000000BA R
(1784903373.248072) can0 120#00000000000000BE R
(1784903373.248477) can0 541#000010000004D938 R
(1784903373.251376) can0 12D#0000000000000035 R
(1784903373.251764) can0 12E#000000000000C071 R
(1784903373.260431) can0 12D#000000000000005F R
(1784903373.265976) can0 121#00A601CF048000D9 R
(1784903373.266296) can0 129#00000001000000D0 R
(1784903373.267280) can0 120#00000000000000D4 R
(1784903373.267899) can0 541#000010000004D952 R
(1784903373.270539) can0 12D#000000000000006A R
(1784903373.270943) can0 12E#000000000000C090 R
(1784903373.280427) can0 12D#000000000000008B R
(1784903373.285443) can0 121#00A601CF04800038 R
(1784903373.285805) can0 129#0000000100000031 R
(1784903373.286011) can0 540#000040100000ED00 R
(1784903373.286143) can0 5B0#10000000000000BF R
(1784903373.287200) can0 120#0000000000000035 R
(1784903373.289417) can0 541#000010000004D967 R
(1784903373.289928) can0 450#0000000000002800 R
(1784903373.290717) can0 12D#00000000000000BE R
(1784903373.290874) can0 12E#000000000000C0A5 R
(1784903373.291090) can0 12A#10050000000A00B6 R
(1784903373.291354) can0 5A0#00000000040000B0 R
(1784903373.300430) can0 12D#00000000000000D4 R
(1784903373.305465) can0 121#00A601CF04800052 R
(1784903373.305928) can0 129#000000010000005B R
(1784903373.307104) can0 120#000000000000005F R
(1784903373.307886) can0 541#000010000004D986 R
(1784903373.310567) can0 12D#0000000000000035 R
(1784903373.310927) can0 12E#000000000000C0CF R
(1784903373.320396) can0 12D#000000000000005F R
(1784903373.325449) can0 121#00A601CF04800067 R
(1784903373.325785) can0 129#000000010000006E R
(1784903373.327034) can0 120#000000000000006A R
(1784903373.329415) can0 541#000010000004D9B3 R
(1784903373.330560) can0 12D#000000000000006A R
(1784903373.330794) can0 12E#000000000000C02E R
(1784903373.337522) can0 450#0000000000002800 R
(1784903373.340477) can0 12D#000000000000008B R
(1784903373.340770) can0 12A#10050000000A00DC R
(1784903373.345480) can0 121#00A601CF04800086 R
(1784903373.346552) can0 129#000000010000008F R
(1784903373.347021) can0 120#000000000000008B R
(1784903373.348136) can0 541#000010000004D9D9 R
(1784903373.351984) can0 12D#00000000000000BE R
(1784903373.352253) can0 12E#000000000000C044 R
(1784903373.360401) can0 12D#00000000000000D4 R
(1784903373.365581) can0 121#00A601CF048000B3 R
(1784903373.365962) can0 129#00000001000000BA R
(1784903373.367154) can0 120#00000000000000BE R
(1784903373.367899) can0 541#000010000004D938 R
(1784903373.370545) can0 12D#0000000000000035 R
(1784903373.370819) can0 12E#000000000000C071 R
(1784903373.380411) can0 12D#000000000000005F R
(1784903373.385648) can0 121#00A601CF048000D9 R
(1784903373.386113) can0 129#00000001000000D0 R
(1784903373.386237) can0 540#000040100000ED00 R
(1784903373.386363) can0 5B0#10000000000000D5 R
(1784903373.387334) can0 120#00000000000000D4 R
(1784903373.389748) can0 541#000010000004D952 R
(1784903373.390169) can0 450#0000000000002800 R
(1784903373.390724) can0 12D#000000000000006A R
(1784903373.390938) can0 12E#000000000000C090 R
(1784903373.391014) can0 12A#10050000000A003D R
(1784903373.391408) can0 5A0#00000000040000DA R
(1784903373.400402) can0 12D#000000000000008B R
(1784903373.405472) can0 121#00A601CF04800038 R
(1784903373.407178) can0 129#0000000100000031 R
(1784903373.407585) can0 120#0000000000000035 R
(1784903373.408870) can0 541#000010000004D967 R
(1784903373.411907) can0 12D#00000000000000BE R
(1784903373.412301) can0 12E#000000000000C0A5 R
(1784903373.420925) can0 12D#00000000000000D4 R
(1784903373.425962) can0 121#00A601CF04800052 R
(1784903373.426268) can0 129#000000010000005B R
(1784903373.427313) can0 120#000000000000005F R
(1784903373.428866) can0 541#000010000004D986 R
(1784903373.430544) can0 12D#0000000000000035 R
(1784903373.430914) can0 12E#000000000000C0CF R
(1784903373.437507) can0 450#0000000000002800 R
(1784903373.440444) can0 12D#000000000000005F R
(1784903373.440702) can0 12A#10050000000A0057 R
(1784903373.445463) can0 121#00A601CF04800067 R
(1784903373.445770) can0 129#000000010000006E R
(1784903373.447837) can0 120#000000000000006A R
(1784903373.448858) can0 541#000010000004D9B3 R
(1784903373.451633) can0 12D#000000000000006A R
(1784903373.452116) can0 12E#000000000000C02E R
(1784903373.460398) can0 12D#000000000000008B R
(1784903373.466567) can0 121#00A601CF04800086 R
(1784903373.466911) can0 129#000000010000008F R
(1784903373.467117) can0 120#000000000000008B R
(1784903373.468878) can0 541#000010000004D9D9 R
(1784903373.470546) can0 12D#00000000000000BE R
(1784903373.470679) can0 12E#000000000000C044 R
(1784903373.480409) can0 12D#00000000000000D4 R
(1784903373.485910) can0 121#00A601CF048000B3 R
(1784903373.486236) can0 129#00000001000000BA R
(1784903373.486417) can0 540#000040100000ED00 R
(1784903373.486521) can0 5B0#1000000000000034 R
(1784903373.487151) can0 120#00000000000000BE R
(1784903373.487644) can0 450#0000000000002800 R
(1784903373.490203) can0 541#000010000004D938 R
(1784903373.490670) can0 12D#0000000000000035 R
(1784903373.490830) can0 12E#000000000000C071 R
(1784903373.491104) can0 12A#10050000000A0062 R
(1784903373.491358) can0 5A0#000000000400003B R
(1784903373.500480) can0 12D#000000000000005F R
(1784903373.505464) can0 121#00A601CF048000D9 R
(1784903373.505791) can0 129#00000001000000D0 R
(1784903373.507043) can0 120#00000000000000D4 R
(1784903373.509560) can0 541#000010000004D952 R
(1784903373.510491) can0 12D#000000000000006A R
(1784903373.510794) can0 12E#000000000000C090 R
(1784903373.520385) can0 12D#000000000000008B R
(1784903373.525550) can0 121#00A601CF04800038 R
(1784903373.525916) can0 129#0000000100000031 R
(1784903373.527195) can0 120#0000000000000035 R
(1784903373.529516) can0 541#000010000004D967 R
(1784903373.530491) can0 12D#00000000000000BE R
(1784903373.530879) can0 12E#000000000000C0A5 R
(1784903373.537515) can0 450#0000000000002800 R
(1784903373.540421) can0 12D#00000000000000D4 R
(1784903373.540668) can0 12A#10050000000A0083 R
(1784903373.545488) can0 121#00A601CF04800052 R
(1784903373.545896) can0 129#000000010000005B R
(1784903373.547057) can0 120#000000000000005F R
(1784903373.549299) can0 541#000010000004D986 R
(1784903373.550531) can0 12D#0000000000000035 R
(1784903373.550715) can0 12E#000000000000C0CF R
(1784903373.560424) can0 12D#000000000000005F R
(1784903373.565608) can0 121#00A601CF04800067 R
(1784903373.566000) can0 129#000000010000006E R
(1784903373.567074) can0 120#000000000000006A R
(1784903373.568833) can0 541#000010000004D9B3 R
(1784903373.571300) can0 12D#000000000000006A R
(1784903373.571580) can0 12E#000000000000C02E R
(1784903373.581408) can0 12D#000000000000008B R
(1784903373.585576) can0 121#00A601CF04800086 R
(1784903373.585990) can0 129#000000010000008F R
(1784903373.586070) can0 540#000040100000ED00 R
(1784903373.586173) can0 5B0#100000000000005E R
(1784903373.588921) can0 120#000000000000008B R
(1784903373.589315) can0 450#0000000000002800 R
(1784903373.589406) can0 541#000010000004D9D9 R
(1784903373.592775) can0 12D#00000000000000BE R
(1784903373.593348) can0 12E#000000000000C044 R
(1784903373.593479) can0 12A#10050000000A00B6 R
(1784903373.593575) can0 5A0#0000000004000051 R
(1784903373.600421) can0 12D#00000000000000D4 R
(1784903373.605559) can0 121#00A601CF048000B3 R
(1784903373.605977) can0 129#00000001000000BA R
(1784903373.607182) can0 120#00000000000000BE R
(1784903373.609445) can0 541#000010000004D938 R
(1784903373.610538) can0 12D#0000000000000035 R
(1784903373.610789) can0 12E#000000000000C071 R
(1784903373.620418) can0 12D#000000000000005F R
(1784903373.626183) can0 121#00A601CF048000D9 R
(1784903373.626487) can0 129#00000001000000D0 R
(1784903373.627501) can0 120#00000000000000D4 R
(1784903373.628855) can0 541#000010000004D952 R
(1784903373.630516) can0 12D#000000000000006A R
(1784903373.630785) can0 12E#000000000000C090 R
(1784903373.637510) can0 450#0000000000002800 R
(1784903373.640420) can0 12D#000000000000008B R
(1784903373.640664) can0 12A#10050000000A00DC R
(1784903373.646077) can0 121#00A601CF04800038 R
(1784903373.646405) can0 129#0000000100000031 R
(1784903373.647360) can0 120#0000000000000035 R
(1784903373.649621) can0 541#000010000004D967 R
(1784903373.651036) can0 12D#00000000000000BE R
(1784903373.651342) can0 12E#000000000000C0A5 R
(1784903373.660399) can0 12D#00000000000000D4 R
(1784903373.665476) can0 121#00A601CF04800052 R
(1784903373.665906) can0 129#000000010000005B R
(1784903373.667074) can0 120#000000000000005F R
(1784903373.668825) can0 541#000010000004D986 R
(1784903373.671399) can0 12D#0000000000000035 R
(1784903373.671720) can0 12E#000000000000C0CF R
(1784903373.680370) can0 12D#000000000000005F R
(1784903373.685509) can0 121#00A601CF04800067 R
(1784903373.685929) can0 129#000000010000006E R
(1784903373.686051) can0 540#000040100000ED00 R
(1784903373.686140) can0 5B0#100000000000006B R
(1784903373.687324) can0 120#000000000000006A R
(1784903373.689607) can0 450#0000000000002800 R
(1784903373.689903) can0 541#000010000004D9B3 R
(1784903373.690689) can0 12D#000000000000006A R
(1784903373.690889) can0 12E#000000000000C02E R
(1784903373.691042) can0 12A#10050000000A003D R
(1784903373.691415) can0 5A0#0000000004000064 R
(1784903373.700407) can0 12D#000000000000008B R
(1784903373.705506) can0 121#00A601CF04800086 R
(1784903373.705833) can0 129#000000010000008F R
(1784903373.707062) can0 120#000000000000008B R
(1784903373.709147) can0 541#000010000004D9D9 R
(1784903373.710503) can0 12D#00000000000000BE R
(1784903373.710693) can0 12E#000000000000C044 R
(1784903373.720410) can0 12D#00000000000000D4 R
(1784903373.725570) can0 121#00A601CF048000B3 R
(1784903373.725965) can0 129#00000001000000BA R
(1784903373.727096) can0 120#00000000000000BE R
(1784903373.729362) can0 541#000010000004D938 R
(1784903373.730480) can0 12D#0000000000000035 R
(1784903373.730781) can0 12E#000000000000C071 R
(1784903373.737529) can0 450#0000000000002800 R
(1784903373.740414) can0 12D#000000000000005F R
(1784903373.740710) can0 12A#10050000000A0057 R
(1784903373.746196) can0 121#00A601CF048000D9 R
(1784903373.746516) can0 129#00000001000000D0 R
(1784903373.747491) can0 120#00000000000000D4 R
(1784903373.749914) can0 541#000010000004D952 R
(1784903373.750501) can0 12D#000000000000006A R
(1784903373.750656) can0 12E#000000000000C090 R
(1784903373.760415) can0 12D#000000000000008B R
(1784903373.765680) can0 121#00A601CF04800038 R
(1784903373.766056) can0 129#0000000100000031 R
(1784903373.767288) can0 120#0000000000000035 R
(1784903373.769632) can0 541#000010000004D967 R
(1784903373.770505) can0 12D#00000000000000BE R
(1784903373.770687) can0 12E#000000000000C0A5 R
(1784903373.780403) can0 12D#00000000000000D4 R
(1784903373.785495) can0 121#00A601CF04800052 R
(1784903373.785774) can0 129#000000010000005B R
(1784903373.785874) can0 540#000040100000ED00 R
(1784903373.786696) can0 5B0#100000000000008A R
(1784903373.787177) can0 120#000000000000005F R
(1784903373.787628) can0 450#0000000000002800 R
(1784903373.789826) can0 541#000010000004D986 R
(1784903373.790612) can0 12D#0000000000000035 R
(1784903373.790863) can0 12E#000000000000C0CF R
(1784903373.791091) can0 12A#10050000000A0062 R
(1784903373.791606) can0 5A0#0000000004000085 R
(1784903373.800402) can0 12D#000000000000005F R
(1784903373.805518) can0 121#00A601CF04800067 R
(1784903373.805810) can0 129#000000010000006E R
(1784903373.807194) can0 120#000000000000006A R
(1784903373.808895) can0 541#000010000004D9B3 R
(1784903373.810459) can0 12D#000000000000006A R
(1784903373.810647) can0 12E#000000000000C02E R
(1784903373.820397) can0 12D#000000000000008B R
(1784903373.825495) can0 121#00A601CF04800086 R
(1784903373.825884) can0 129#000000010000008F R
(1784903373.827071) can0 120#000000000000008B R
(1784903373.829403) can0 541#000010000004D9D9 R
(1784903373.830538) can0 12D#00000000000000BE R
(1784903373.830808) can0 12E#000000000000C044 R
(1784903373.837523) can0 450#0000000000002800 R
(1784903373.840424) can0 12D#00000000000000D4 R
(1784903373.840673) can0 12A#10050000000A0083 R
(1784903373.846356) can0 121#00A601CF048000B3 R
(1784903373.846753) can0 129#00000001000000BA R
(1784903373.847524) can0 120#00000000000000BE R
(1784903373.849981) can0 541#000010000004D938 R
(1784903373.850497) can0 12D#0000000000000035 R
(1784903373.850673) can0 12E#000000000000C071 R
(1784903373.860396) can0 12D#000000000000005F R
(1784903373.865562) can0 121#00A601CF048000D9 R
(1784903373.866006) can0 129#00000001000000D0 R
(1784903373.867133) can0 120#00000000000000D4 R
(1784903373.869424) can0 541#000010000004D952 R
(1784903373.870444) can0 12D#000000000000006A R
(1784903373.870759) can0 12E#000000000000C090 R
(1784903373.880390) can0 12D#000000000000008B R
(1784903373.885498) can0 121#00A601CF04800038 R
(1784903373.885814) can0 129#0000000100000031 R
(1784903373.885930) can0 540#000040100000ED00 R
(1784903373.886162) can0 5B0#10000000000000BF R
(1784903373.887394) can0 120#0000000000000035 R
(1784903373.887736) can0 450#0000000000002800 R
(1784903373.888867) can0 541#000010000004D967 R
(1784903373.890629) can0 12D#00000000000000BE R
(1784903373.890768) can0 12E#000000000000C0A5 R
(1784903373.891555) can0 12A#10050000000A00B6 R
(1784903373.891832) can0 5A0#00000000040000B0 R
(1784903373.901022) can0 12D#00000000000000D4 R
(1784903373.906275) can0 121#00A601CF04800052 R
(1784903373.906570) can0 129#000000010000005B R
(1784903373.907082) can0 120#000000000000005F R
(1784903373.909949) can0 541#000010000004D986 R
(1784903373.910472) can0 12D#0000000000000035 R
(1784903373.911222) can0 12E#000000000000C0CF R
(1784903373.920439) can0 12D#000000000000005F R
(1784903373.926251) can0 121#00A601CF04800067 R
(1784903373.926585) can0 129#000000010000006E R
(1784903373.927586) can0 120#000000000000006A R
(1784903373.928866) can0 541#000010000004D9B3 R
(1784903373.930554) can0 12D#000000000000006A R
(1784903373.930672) can0 12E#000000000000C02E R
(1784903373.937529) can0 450#0000000000002800 R
(1784903373.940395) can0 12D#000000000000008B R
(1784903373.940689) can0 12A#10050000000A00DC R
(1784903373.946567) can0 121#00A601CF04800086 R
(1784903373.946894) can0 129#000000010000008F R
(1784903373.947130) can0 120#000000000000008B R
(1784903373.948845) can0 541#000010000004D9D9 R
(1784903373.951374) can0 12D#00000000000000BE R
(1784903373.951752) can0 12E#000000000000C044 R
(1784903373.960378) can0 12D#00000000000000D4 R
(1784903373.965520) can0 121#00A601CF048000B3 R
(1784903373.965846) can0 129#00000001000000BA R
(1784903373.967108) can0 120#00000000000000BE R
(1784903373.969523) can0 541#000010000004D938 R
(1784903373.970579) can0 12D#0000000000000035 R
(1784903373.970737) can0 12E#000000000000C071 R
(1784903373.980394) can0 12D#000000000000005F R
(1784903373.985514) can0 121#00A601CF048000D9 R
(1784903373.985909) can0 129#00000001000000D0 R
(1784903373.986020) can0 540#000040100000ED00 R
(1784903373.986232) can0 5B0#10000000000000D5 R
(1784903373.987198) can0 120#00000000000000D4 R
(1784903373.987658) can0 450#0000000000002800 R
(1784903373.989690) can0 541#000010000004D952 R
(1784903373.990743) can0 12D#000000000000006A R
(1784903373.990933) can0 12E#000000000000C090 R
(1784903373.991058) can0 12A#10050000000A003D R
(1784903373.991458) can0 5A0#00000000040000DA R
(1784903374.000405) can0 12D#000000000000008B R
(1784903374.005532) can0 121#00A601CF04800038 R
(1784903374.005872) can0 129#0000000100000031 R
(1784903374.007104) can0 120#0000000000000035 R
(1784903374.009181) can0 541#000010000004D967 R
(1784903374.010445) can0 12D#00000000000000BE R
(1784903374.010645) can0 12E#000000000000C0A5 R
(1784903374.020376) can0 12D#00000000000000D4 R
(1784903374.025537) can0 121#00A601CF04800052 R
(1784903374.027241) can0 129#000000010000005B R
(1784903374.027675) can0 120#000000000000005F R
(1784903374.028993) can0 541#000010000004D986 R
(1784903374.031307) can0 12D#0000000000000035 R
(1784903374.031720) can0 12E#000000000000C0CF R
(1784903374.037522) can0 450#0000000000002800 R
(1784903374.040432) can0 12D#000000000000005F R
(1784903374.040676) can0 12A#10050000000A0057 R
(1784903374.045538) can0 121#00A601CF04800067 R
(1784903374.047356) can0 129#000000010000006E R
(1784903374.047680) can0 120#000000000000006A R
(1784903374.048876) can0 541#000010000004DABC R
(1784903374.051567) can0 12D#000000000000006A R
(1784903374.051946) can0 12E#000000000000C02E R
(1784903374.060394) can0 12D#000000000000008B R
(1784903374.065982) can0 121#00A601CF04800086 R
(1784903374.066363) can0 129#000000010000008F R
(1784903374.067120) can0 120#000000000000008B R
(1784903374.069829) can0 541#000010000004DAD6 R
(1784903374.070478) can0 12D#00000000000000BE R
(1784903374.070728) can0 12E#000000000000C044 R
(1784903374.080376) can0 12D#00000000000000D4 R
(1784903374.085525) can0 121#00A601CF048000B3 R
(1784903374.085921) can0 129#00000001000000BA R
(1784903374.086013) can0 540#000040100000ED00 R
(1784903374.086201) can0 5B0#1000000000000034 R
(1784903374.087316) can0 120#00000000000000BE R
(1784903374.087695) can0 450#0000000000002800 R
(1784903374.089657) can0 541#000010000004DA37 R
(1784903374.090598) can0 12D#0000000000000035 R
(1784903374.090827) can0 12E#000000000000C071 R
(1784903374.091034) can0 12A#10050000000A0062 R
(1784903374.091297) can0 5A0#000000000400003B R
(1784903374.100383) can0 12D#000000000000005F R
(1784903374.105521) can0 121#00A601CF048000D9 R
(1784903374.105901) can0 129#00000001000000D0 R
(1784903374.107110) can0 120#00000000000000D4 R
(1784903374.109328) can0 541#000010000004DA5D R
(1784903374.110594) can0 12D#000000000000006A R
(1784903374.110795) can0 12E#000000000000C090 R
(1784903374.120412) can0 12D#000000000000008B R
(1784903374.125612) can0 121#00A601CF04800038 R
(1784903374.126096) can0 129#0000000100000031 R
(1784903374.127289) can0 120#0000000000000035 R
(1784903374.129973) can0 541#000010000004DA68 R
(1784903374.130521) can0 12D#00000000000000BE R
(1784903374.130663) can0 12E#000000000000C0A5 R
(1784903374.137535) can0 450#0000000000002800 R
(1784903374.140410) can0 12D#00000000000000D4 R
(1784903374.140705) can0 12A#10050000000A0083 R
(1784903374.146031) can0 121#00A601CF04800052 R
(1784903374.146420) can0 129#000000010000005B R
(1784903374.147411) can0 120#000000000000005F R
(1784903374.149823) can0 541#000010000004DA89 R
(1784903374.150430) can0 12D#0000000000000035 R
(1784903374.151164) can0 12E#000000000000C0CF R
(1784903374.160384) can0 12D#000000000000005F R
(1784903374.165516) can0 121#00A601CF04800067 R
(1784903374.165804) can0 129#000000010000006E R
(1784903374.167115) can0 120#000000000000006A R
(1784903374.169291) can0 541#000010000004DABC R
(1784903374.170594) can0 12D#000000000000006A R
(1784903374.170770) can0 12E#000000000000C02E R
(1784903374.180375) can0 12D#000000000000008B R
(1784903374.185573) can0 121#00A601CF04800086 R
(1784903374.186607) can0 129#000000010000008F R
(1784903374.186729) can0 540#000040100000ED00 R
(1784903374.186926) can0 5B0#100000000000005E R
(1784903374.187303) can0 120#000000000000008B R
(1784903374.187670) can0 450#0000000000002800 R
(1784903374.188955) can0 541#000010000004DAD6 R
(1784903374.190664) can0 12D#00000000000000BE R
(1784903374.192690) can0 12E#000000000000C044 R
(1784903374.192983) can0 12A#10050000000A00B6 R
(1784903374.193095) can0 5A0#0000000004000051 R
(1784903374.200382) can0 12D#00000000000000D4 R
(1784903374.205532) can0 121#00A601CF048000B3 R
(1784903374.205918) can0 129#00000001000000BA R
(1784903374.207119) can0 120#00000000000000BE R
(1784903374.209397) can0 541#000010000004DA37 R
(1784903374.210454) can0 12D#0000000000000035 R
(1784903374.210643) can0 12E#000000000000C071 R
(1784903374.220373) can0 12D#000000000000005F R
(1784903374.225535) can0 121#00A601CF048000D9 R
(1784903374.225925) can0 129#00000001000000D0 R
(1784903374.227121) can0 120#00000000000000D4 R
(1784903374.229468) can0 541#000010000004DA5D R
(1784903374.230457) can0 12D#000000000000006A R
(1784903374.230643) can0 12E#000000000000C090 R
(1784903374.237527) can0 450#0000000000002800 R
(1784903374.240393) can0 12D#000000000000008B R
(1784903374.240640) can0 12A#10050000000A00DC R
(1784903374.245533) can0 121#00A601CF04800038 R
(1784903374.245857) can0 129#0000000100000031 R
(1784903374.247114) can0 120#0000000000000035 R
(1784903374.248922) can0 541#000010000004DA68 R
(1784903374.250511) can0 12D#00000000000000BE R
(1784903374.250904) can0 12E#000000000000C0A5 R
(1784903374.260417) can0 12D#00000000000000D4 R
(1784903374.265595) can0 121#00A601CF04800052 R
(1784903374.266040) can0 129#000000010000005B R
(1784903374.267190) can0 120#000000000000005F R
(1784903374.269407) can0 541#000010000004DA89 R
(1784903374.270551) can0 12D#0000000000000035 R
(1784903374.270897) can0 12E#000000000000C0CF R
(1784903374.280400) can0 12D#000000000000005F R
(1784903374.285528) can0 121#00A601CF04800067 R
(1784903374.285851) can0 129#000000010000006E R
(1784903374.285956) can0 540#000040100000ED00 R
(1784903374.287991) can0 5B0#100000000000006B R
(1784903374.288386) can0 120#000000000000006A R
(1784903374.288607) can0 450#0000000000002800 R
(1784903374.289009) can0 541#000010000004DABC R
(1784903374.290792) can0 12D#000000000000006A R
(1784903374.292946) can0 12E#000000000000C02E R
(1784903374.293195) can0 12A#10050000000A003D R
(1784903374.293317) can0 5A0#0000000004000064 R
(1784903374.300381) can0 12D#000000000000008B R
(1784903374.305539) can0 121#00A601CF04800086 R
(1784903374.305814) can0 129#000000010000008F R
(1784903374.307127) can0 120#000000000000008B R
(1784903374.308911) can0 541#000010000004DAD6 R
(1784903374.310529) can0 12D#00000000000000BE R
(1784903374.310759) can0 12E#000000000000C044 R
(1784903374.320377) can0 12D#00000000000000D4 R
(1784903374.325605) can0 121#00A601CF048000B3 R
(1784903374.326024) can0 129#00000001000000BA R
(1784903374.327203) can0 120#00000000000000BE R
(1784903374.329487) can0 541#000010000004DA37 R
(1784903374.331228) can0 12D#0000000000000035 R
(1784903374.331620) can0 12E#000000000000C071 R
(1784903374.337537) can0 450#0000000000002800 R
(1784903374.340424) can0 12D#000000000000005F R
(1784903374.340732) can0 12A#10050000000A0057 R
(1784903374.346359) can0 121#00A601CF048000D9 R
(1784903374.346663) can0 129#00000001000000D0 R
(1784903374.347106) can0 120#00000000000000D4 R
(1784903374.348902) can0 541#000010000004DA5D R
(1784903374.350689) can0 12D#000000000000006A R
(1784903374.350834) can0 12E#000000000000C090 R
(1784903374.360343) can0 12D#000000000000008B R
(1784903374.365559) can0 121#00A601CF04800038 R
(1784903374.365899) can0 129#0000000100000031 R
(1784903374.367139) can0 120#0000000000000035 R
(1784903374.369299) can0 541#000010000004DA68 R
(1784903374.370449) can0 12D#00000000000000BE R
(1784903374.370652) can0 12E#000000000000C0A5 R
(1784903374.380362) can0 12D#00000000000000D4 R
(1784903374.385537) can0 121#00A601CF04800052 R
(1784903374.385805) can0 129#000000010000005B R
(1784903374.385951) can0 540#000040100000ED00 R
(1784903374.386211) can0 5B0#100000000000008A R
(1784903374.388774) can0 120#000000000000005F R
(1784903374.389155) can0 450#0000000000002800 R
(1784903374.389293) can0 541#000010000004DA89 R
(1784903374.390616) can0 12D#0000000000000035 R
(1784903374.390902) can0 12E#000000000000C0CF R
(1784903374.391055) can0 12A#10050000000A0062 R
(1784903374.391337) can0 5A0#0000000004000085 R
(1784903374.400401) can0 12D#000000000000005F R
(1784903374.405623) can0 121#00A601CF04800067 R
(1784903374.405926) can0 129#000000010000006E R
(1784903374.407418) can0 120#000000000000006A R
(1784903374.409850) can0 541#000010000004DABC R
(1784903374.410448) can0 12D#000000000000006A R
(1784903374.410641) can0 12E#000000000000C02E R
(1784903374.420388) can0 12D#000000000000008B R
(1784903374.425695) can0 121#00A601CF04800086 R
(1784903374.426078) can0 129#000000010000008F R
(1784903374.427162) can0 120#000000000000008B R
(1784903374.428897) can0 541#000010000004DAD6 R
(1784903374.430636) can0 12D#00000000000000BE R
(1784903374.431011) can0 12E#000000000000C044 R
(1784903374.437526) can0 450#0000000000002800 R
(1784903374.441526) can0 12D#00000000000000D4 R
(1784903374.441874) can0 12A#10050000000A0083 R
(1784903374.445567) can0 121#00A601CF048000B3 R
(1784903374.445989) can0 129#00000001000000BA R
(1784903374.447143) can0 120#00000000000000BE R
(1784903374.449287) can0 541#000010000004DA37 R
(1784903374.450440) can0 12D#0000000000000035 R
(1784903374.450825) can0 12E#000000000000C071 R
(1784903374.460404) can0 12D#000000000000005F R
(1784903374.465565) can0 121#00A601CF048000D9 R
(1784903374.466003) can0 129#00000001000000D0 R
(1784903374.467123) can0 120#00000000000000D4 R
(1784903374.469227) can0 541#000010000004DA5D R
(1784903374.470466) can0 12D#000000000000006A R
(1784903374.470685) can0 12E#000000000000C090 R
(1784903374.480385) can0 12D#000000000000008B R
(1784903374.485596) can0 121#00A601CF04800038 R
(1784903374.485886) can0 129#0000000100000031 R
(1784903374.486065) can0 540#000040100000ED00 R
(1784903374.486223) can0 5B0#10000000000000BF R
(1784903374.487249) can0 120#0000000000000035 R
(1784903374.487693) can0 450#0000000000002800 R
(1784903374.488851) can0 541#000010000004DA68 R
(1784903374.490642) can0 12D#00000000000000BE R
(1784903374.490994) can0 12E#000000000000C0A5 R
(1784903374.491181) can0 12A#10050000000A00B6 R
(1784903374.491314) can0 5A0#00000000040000B0 R
(1784903374.500376) can0 12D#00000000000000D4 R
(1784903374.505639) can0 121#00A601CF04800052 R
(1784903374.506034) can0 129#000000010000005B R
(1784903374.507237) can0 120#000000000000005F R
(1784903374.509289) can0 541#000010000004DA89 R
(1784903374.510482) can0 12D#0000000000000035 R
(1784903374.510649) can0 12E#000000000000C0CF R
(1784903374.520350) can0 12D#000000000000005F R
(1784903374.525759) can0 121#00A601CF04800067 R
(1784903374.526079) can0 129#000000010000006E R
(1784903374.528916) can0 120#000000000000006A R
(1784903374.529309) can0 541#000010000004DABC R
(1784903374.530440) can0 12D#000000000000006A R
(1784903374.530645) can0 12E#000000000000C02E R
(1784903374.537531) can0 450#0000000000002800 R
(1784903374.541177) can0 12D#000000000000008B R
(1784903374.541555) can0 12A#10050000000A00DC R
(1784903374.545575) can0 121#00A601CF04800086 R
(1784903374.545851) can0 129#000000010000008F R
(1784903374.547143) can0 120#000000000000008B R
(1784903374.549341) can0 541#000010000004DAD6 R
(1784903374.550602) can0 12D#00000000000000BE R
(1784903374.550784) can0 12E#000000000000C044 R
(1784903374.560380) can0 12D#00000000000000D4 R
(1784903374.565617) can0 121#00A601CF048000B3 R
(1784903374.566006) can0 129#00000001000000BA R
(1784903374.567279) can0 120#00000000000000BE R
(1784903374.569626) can0 541#000010000004DA37 R
(1784903374.570413) can0 12D#0000000000000035 R
(1784903374.570627) can0 12E#000000000000C071 R
(1784903374.581249) can0 12D#000000000000005F R
(1784903374.585959) can0 121#00A601CF048000D9 R
(1784903374.587310) can0 129#00000001000000D0 R
(1784903374.587515) can0 540#000040100000ED00 R
(1784903374.587713) can0 5B0#10000000000000D5 R
(1784903374.587834) can0 120#00000000000000D4 R
(1784903374.587958) can0 450#0000000000002800 R
(1784903374.588920) can0 541#000010000004DA5D R
(1784903374.590600) can0 12D#000000000000006A R
(1784903374.590808) can0 12E#000000000000C090 R
(1784903374.591000) can0 12A#10050000000A003D R
(1784903374.591243) can0 5A0#00000000040000DA R
(1784903374.600445) can0 12D#000000000000008B R
(1784903374.605587) can0 121#00A601CF04800038 R
(1784903374.607178) can0 129#0000000100000031 R
(1784903374.607407) can0 120#0000000000000035 R
(1784903374.608857) can0 541#000010000004DA68 R
(1784903374.611375) can0 12D#00000000000000BE R
(1784903374.611763) can0 12E#000000000000C0A5 R
(1784903374.620421) can0 12D#00000000000000D4 R
(1784903374.625806) can0 121#00A601CF04800052 R
(1784903374.626186) can0 129#000000010000005B R
(1784903374.627205) can0 120#000000000000005F R
(1784903374.629879) can0 541#000010000004DA89 R
(1784903374.630450) can0 12D#0000000000000035 R
(1784903374.630655) can0 12E#000000000000C0CF R
(1784903374.637543) can0 450#0000000000002800 R
(1784903374.640391) can0 12D#000000000000005F R
(1784903374.640636) can0 12A#10050000000A0057 R
(1784903374.646049) can0 121#00A601CF04800067 R
(1784903374.646401) can0 129#000000010000006E R
(1784903374.647169) can0 120#000000000000006A R
(1784903374.649962) can0 541#000010000004DABC R
(1784903374.650427) can0 12D#000000000000006A R
(1784903374.650636) can0 12E#000000000000C02E R
(1784903374.660349) can0 12D#000000000000008B R
(1784903374.665559) can0 121#00A601CF04800086 R
(1784903374.665878) can0 129#000000010000008F R
(1784903374.667160) can0 120#000000000000008B R
(1784903374.669518) can0 541#000010000004DAD6 R
(1784903374.670463) can0 12D#00000000000000BE R
(1784903374.670826) can0 12E#000000000000C044 R
(1784903374.680395) can0 12D#00000000000000D4 R
(1784903374.685560) can0 121#00A601CF048000B3 R
(1784903374.685836) can0 129#00000001000000BA R
(1784903374.686026) can0 540#000040100000ED00 R
(1784903374.686254) can0 5B0#1000000000000034 R
(1784903374.687347) can0 120#00000000000000BE R
(1784903374.687711) can0 450#0000000000002800 R
(1784903374.689891) can0 541#000010000004DA37 R
(1784903374.690573) can0 12D#0000000000000035 R
(1784903374.690773) can0 12E#000000000000C071 R
(1784903374.691216) can0 12A#10050000000A0062 R
(1784903374.691443) can0 5A0#000000000400003B R
(1784903374.700379) can0 12D#000000000000005F R
(1784903374.705565) can0 121#00A601CF048000D9 R
(1784903374.705899) can0 129#00000001000000D0 R
(1784903374.707311) can0 120#00000000000000D4 R
(1784903374.709868) can0 541#000010000004DA5D R
(1784903374.710429) can0 12D#000000000000006A R
(1784903374.710619) can0 12E#000000000000C090 R
(1784903374.720342) can0 12D#000000000000008B R
(1784903374.725843) can0 121#00A601CF04800038 R
(1784903374.726284) can0 129#0000000100000031 R
(1784903374.727231) can0 120#0000000000000035 R
(1784903374.729780) can0 541#000010000004DA68 R
(1784903374.730435) can0 12D#00000000000000BE R
(1784903374.730697) can0 12E#000000000000C0A5 R
(1784903374.737540) can0 450#0000000000002800 R
(1784903374.740440) can0 12D#00000000000000D4 R
(1784903374.740877) can0 12A#10050000000A0083 R
(1784903374.746008) can0 121#00A601CF04800052 R
(1784903374.746334) can0 129#000000010000005B R
(1784903374.747208) can0 120#000000000000005F R
(1784903374.749808) can0 541#000010000004DA89 R
(1784903374.750942) can0 12D#0000000000000035 R
(1784903374.751132) can0 12E#000000000000C0CF R
(1784903374.760359) can0 12D#000000000000005F R
(1784903374.766051) can0 121#00A601CF04800067 R
(1784903374.766373) can0 129#000000010000006E R
(1784903374.767187) can0 120#000000000000006A R
(1784903374.770114) can0 541#000010000004DABC R
(1784903374.770479) can0 12D#000000000000006A R
(1784903374.770644) can0 12E#000000000000C02E R
(1784903374.780368) can0 12D#000000000000008B R
(1784903374.785593) can0 121#00A601CF04800086 R
(1784903374.785963) can0 129#000000010000008F R
(1784903374.786068) can0 540#000040100000ED00 R
(1784903374.786234) can0 5B0#100000000000005E R
(1784903374.787499) can0 120#000000000000008B R
(1784903374.789589) can0 450#0000000000002800 R
(1784903374.789888) can0 541#000010000004DAD6 R
(1784903374.790606) can0 12D#00000000000000BE R
(1784903374.790784) can0 12E#000000000000C044 R
(1784903374.791166) can0 12A#10050000000A00B6 R
(1784903374.791373) can0 5A0#0000000004000051 R
(1784903374.800332) can0 12D#00000000000000D4 R
(1784903374.805909) can0 121#00A601CF048000B3 R
(1784903374.806170) can0 129#00000001000000BA R
(1784903374.807454) can0 120#00000000000000BE R
(1784903374.808930) can0 541#000010000004DA37 R
(1784903374.811553) can0 12D#0000000000000035 R
(1784903374.811940) can0 12E#000000000000C071 R
(1784903374.820409) can0 12D#000000000000005F R
(1784903374.825598) can0 121#00A601CF048000D9 R
(1784903374.825974) can0 129#00000001000000D0 R
(1784903374.827175) can0 120#00000000000000D4 R
(1784903374.829305) can0 541#000010000004DA5D R
(1784903374.830570) can0 12D#000000000000006A R
(1784903374.830771) can0 12E#000000000000C090 R
(1784903374.837563) can0 450#0000000000002800 R
(1784903374.840396) can0 12D#000000000000008B R
(1784903374.840799) can0 12A#10050000000A00DC R
(1784903374.845603) can0 121#00A601CF04800038 R
(1784903374.845932) can0 129#0000000100000031 R
(1784903374.848470) can0 120#0000000000000035 R
(1784903374.848910) can0 541#000010000004DA68 R
(1784903374.850441) can0 12D#00000000000000BE R
(1784903374.850687) can0 12E#000000000000C0A5 R
(1784903374.860356) can0 12D#00000000000000D4 R
(1784903374.866368) can0 121#00A601CF04800052 R
(1784903374.866731) can0 129#000000010000005B R
(1784903374.867165) can0 120#000000000000005F R
(1784903374.870038) can0 541#000010000004DA89 R
(1784903374.870429) can0 12D#0000000000000035 R
(1784903374.870624) can0 12E#000000000000C0CF R
(1784903374.880359) can0 12D#000000000000005F R
(1784903374.885670) can0 121#00A601CF04800067 R
(1784903374.886054) can0 129#000000010000006E R
(1784903374.886269) can0 540#000040100000ED00 R
(1784903374.886391) can0 5B0#100000000000006B R
(1784903374.887389) can0 120#000000000000006A R
(1784903374.889438) can0 450#0000000000002800 R
(1784903374.889892) can0 541#000010000004DABC R
(1784903374.890585) can0 12D#000000000000006A R
(1784903374.890810) can0 12E#000000000000C02E R
(1784903374.891024) can0 12A#10050000000A003D R
(1784903374.891277) can0 5A0#0000000004000064 R
(1784903374.900411) can0 12D#000000000000008B R
(1784903374.906833) can0 121#00A601CF04800086 R
(1784903374.907204) can0 129#000000010000008F R
(1784903374.907397) can0 120#000000000000008B R
(1784903374.908882) can0 541#000010000004DAD6 R
(1784903374.911051) can0 12D#00000000000000BE R
(1784903374.911428) can0 12E#000000000000C044 R
(1784903374.920329) can0 12D#00000000000000D4 R
(1784903374.925604) can0 121#00A601CF048000B3 R
(1784903374.925979) can0 129#00000001000000BA R
(1784903374.927183) can0 120#00000000000000BE R
(1784903374.929262) can0 541#000010000004DA37 R
(1784903374.930434) can0 12D#0000000000000035 R
(1784903374.930785) can0 12E#000000000000C071 R
(1784903374.937553) can0 450#0000000000002800 R
(1784903374.940393) can0 12D#000000000000005F R
(1784903374.940696) can0 12A#10050000000A0057 R
(1784903374.945596) can0 121#00A601CF048000D9 R
(1784903374.945869) can0 129#00000001000000D0 R
(1784903374.947293) can0 120#00000000000000D4 R
(1784903374.948936) can0 541#000010000004DA5D R
(1784903374.950503) can0 12D#000000000000006A R
(1784903374.950710) can0 12E#000000000000C090 R
(1784903374.960442) can0 12D#000000000000008B R
(1784903374.965624) can0 121#00A601CF04800038 R
(1784903374.965890) can0 129#0000000100000031 R
(1784903374.967202) can0 120#0000000000000035 R
(1784903374.968932) can0 541#000010000004DA68 R
(1784903374.970450) can0 12D#00000000000000BE R
(1784903374.970637) can0 12E#000000000000C0A5 R
(1784903374.980374) can0 12D#00000000000000D4 R
(1784903374.985607) can0 121#00A601CF04800052 R
(1784903374.985970) can0 129#000000010000005B R
(1784903374.986072) can0 540#000040100000ED00 R
(1784903374.986263) can0 5B0#100000000000008A R
(1784903374.987481) can0 120#000000000000005F R
(1784903374.989600) can0 450#0000000000002800 R
(1784903374.989924) can0 541#000010000004DA89 R
(1784903374.990581) can0 12D#0000000000000035 R
(1784903374.990757) can0 12E#000000000000C0CF R
(1784903374.991084) can0 12A#10050000000A0062 R
(1784903374.991267) can0 5A0#0000000004000085 R
(1784903375.000351) can0 12D#000000000000005F R
(1784903375.005911) can0 121#00A601CF04800067 R
(1784903375.006294) can0 129#000000010000006E R
(1784903375.007209) can0 120#000000000000006A R
(1784903375.008909) can0 541#000010000004DABC R
(1784903375.010939) can0 12D#000000000000006A R
(1784903375.011350) can0 12E#000000000000C02E R
(1784903375.020365) can0 12D#000000000000008B R
(1784903375.025617) can0 121#00A601CF04800086 R
(1784903375.025951) can0 129#000000010000008F R
(1784903375.027170) can0 120#000000000000008B R
(1784903375.029337) can0 541#000010000004DAD6 R
(1784903375.030445) can0 12D#00000000000000BE R
(1784903375.030682) can0 12E#000000000000C044 R
(1784903375.037547) can0 450#0000000000002800 R
(1784903375.040379) can0 12D#00000000000000D4 R
(1784903375.040626) can0 12A#10050000000A0083 R
(1784903375.046110) can0 121#00A601CF048000B3 R
(1784903375.046444) can0 129#00000001000000BA R
(1784903375.047567) can0 120#00000000000000BE R
(1784903375.048864) can0 541#000010000004DB21 R
(1784903375.051509) can0 12D#0000000000000035 R
(1784903375.051925) can0 12E#000000000000C071 R
(1784903375.060365) can0 12D#000000000000005F R
(1784903375.065625) can0 121#00A601CF048000D9 R
(1784903375.066020) can0 129#00000001000000D0 R
(1784903375.067208) can0 120#00000000000000D4 R
(1784903375.069455) can0 541#000010000004DB4B R
(1784903375.070443) can0 12D#000000000000006A R
(1784903375.070744) can0 12E#000000000000C090 R
(1784903375.080326) can0 12D#000000000000008B R
(1784903375.085625) can0 121#00A601CF04800038 R
(1784903375.087340) can0 129#0000000100000031 R
(1784903375.087773) can0 540#000040100000ED00 R
(1784903375.087892) can0 5B0#10000000000000BF R
(1784903375.088013) can0 120#0000000000000035 R
(1784903375.088128) can0 450#0000000000002800 R
(1784903375.088938) can0 541#000010000004DB7E R
(1784903375.091294) can0 12D#00000000000000BE R
(1784903375.091693) can0 12E#000000000000C0A5 R
(1784903375.091894) can0 12A#10050000000A00B6 R
(1784903375.092008) can0 5A0#00000000040000B0 R
(1784903375.101369) can0 12D#00000000000000D4 R
(1784903375.105589) can0 121#00A601CF04800052 R
(1784903375.105857) can0 129#000000010000005B R
(1784903375.108504) can0 120#000000000000005F R
(1784903375.108915) can0 541#000010000004DB9F R
(1784903375.110432) can0 12D#0000000000000035 R
(1784903375.110668) can0 12E#000000000000C0CF R
(1784903375.120354) can0 12D#000000000000005F R
(1784903375.125627) can0 121#00A601CF04800067 R
(1784903375.125955) can0 129#000000010000006E R
(1784903375.127201) can0 120#000000000000006A R
(1784903375.129268) can0 541#000010000004DBAA R
(1784903375.130416) can0 12D#000000000000006A R
(1784903375.130641) can0 12E#000000000000C02E R
(1784903375.137560) can0 450#0000000000002800 R
(1784903375.140420) can0 12D#000000000000008B R
(1784903375.140803) can0 12A#10050000000A00DC R
(1784903375.145608) can0 121#00A601CF04800086 R
(1784903375.145889) can0 129#000000010000008F R
(1784903375.147856) can0 120#000000000000008B R
(1784903375.149060) can0 541#000010000004DBC0 R
(1784903375.150481) can0 12D#00000000000000BE R
(1784903375.150831) can0 12E#000000000000C044 R
(1784903375.160347) can0 12D#00000000000000D4 R
(1784903375.165604) can0 121#00A601CF048000B3 R
(1784903375.165939) can0 129#00000001000000BA R
(1784903375.167444) can0 120#00000000000000BE R
(1784903375.169600) can0 541#000010000004DB21 R
(1784903375.170476) can0 12D#0000000000000035 R
(1784903375.170629) can0 12E#000000000000C071 R
(1784903375.180378) can0 12D#000000000000005F R
(1784903375.185625) can0 121#00A601CF048000D9 R
(1784903375.185903) can0 129#00000001000000D0 R
(1784903375.186037) can0 540#000040100000ED00 R
(1784903375.186788) can0 5B0#10000000000000D5 R
(1784903375.187400) can0 120#00000000000000D4 R
(1784903375.187767) can0 450#0000000000002800 R
(1784903375.189942) can0 541#000010000004DB4B R
(1784903375.190567) can0 12D#000000000000006A R
(1784903375.191042) can0 12E#000000000000C090 R
(1784903375.191256) can0 12A#10050000000A003D R
(1784903375.191399) can0 5A0#00000000040000DA R
(1784903375.200361) can0 12D#000000000000008B R
(1784903375.205608) can0 121#00A601CF04800038 R
(1784903375.205850) can0 129#0000000100000031 R
(1784903375.208229) can0 120#0000000000000035 R
(1784903375.208893) can0 541#000010000004DB7E R
(1784903375.210401) can0 12D#00000000000000BE R
(1784903375.210608) can0 12E#000000000000C0A5 R
(1784903375.220329) can0 12D#00000000000000D4 R
(1784903375.225605) can0 121#00A601CF04800052 R
(1784903375.225982) can0 129#000000010000005B R
(1784903375.227192) can0 120#000000000000005F R
(1784903375.229496) can0 541#000010000004DB9F R
(1784903375.230465) can0 12D#0000000000000035 R
(1784903375.230679) can0 12E#000000000000C0CF R
(1784903375.237550) can0 450#0000000000002800 R
(1784903375.240390) can0 12D#000000000000005F R
(1784903375.240643) can0 12A#10050000000A0057 R
(1784903375.246513) can0 121#00A601CF04800067 R
(1784903375.246915) can0 129#000000010000006E R
(1784903375.247180) can0 120#000000000000006A R
(1784903375.250030) can0 541#000010000004DBAA R
(1784903375.250459) can0 12D#000000000000006A R
(1784903375.250670) can0 12E#000000000000C02E R
(1784903375.260364) can0 12D#000000000000008B R
(1784903375.265738) can0 121#00A601CF04800086 R
(1784903375.266066) can0 129#000000010000008F R
(1784903375.267356) can0 120#000000000000008B R
(1784903375.269454) can0 541#000010000004DBC0 R
(1784903375.270599) can0 12D#00000000000000BE R
(1784903375.270825) can0 12E#000000000000C044 R
(1784903375.280333) can0 12D#00000000000000D4 R
(1784903375.285826) can0 121#00A601CF048000B3 R
(1784903375.286103) can0 129#00000001000000BA R
(1784903375.286300) can0 540#000040100000ED00 R
(1784903375.286488) can0 5B0#1000000000000034 R
(1784903375.289130) can0 120#00000000000000BE R
(1784903375.289562) can0 450#0000000000002800 R
(1784903375.289756) can0 541#000010000004DB21 R
(1784903375.290579) can0 12D#0000000000000035 R
(1784903375.290749) can0 12E#000000000000C071 R
(1784903375.291352) can0 12A#10050000000A0062 R
(1784903375.293474) can0 5A0#000000000400003B R
(1784903375.300374) can0 12D#000000000000005F R
(1784903375.305671) can0 121#00A601CF048000D9 R
(1784903375.306085) can0 129#00000001000000D0 R
(1784903375.307212) can0 120#00000000000000D4 R
(1784903375.308871) can0 541#000010000004DB4B R
(1784903375.311443) can0 12D#000000000000006A R
(1784903375.311818) can0 12E#000000000000C090 R
(1784903375.320371) can0 12D#000000000000008B R
(1784903375.325639) can0 121#00A601CF04800038 R
(1784903375.325966) can0 129#0000000100000031 R
(1784903375.327307) can0 120#0000000000000035 R
(1784903375.329863) can0 541#000010000004DB7E R
(1784903375.330435) can0 12D#00000000000000BE R
(1784903375.330645) can0 12E#000000000000C0A5 R
(1784903375.337555) can0 450#0000000000002800 R
(1784903375.340367) can0 12D#00000000000000D4 R
(1784903375.340603) can0 12A#10050000000A0083 R
(1784903375.345622) can0 121#00A601CF04800052 R
(1784903375.345918) can0 129#000000010000005B R
(1784903375.347878) can0 120#000000000000005F R
(1784903375.348912) can0 541#000010000004DB9F R
(1784903375.350429) can0 12D#0000000000000035 R
(1784903375.352037) can0 12E#000000000000C0CF R
(1784903375.360340) can0 12D#000000000000005F R
(1784903375.365648) can0 121#00A601CF04800067 R
(1784903375.365927) can0 129#000000010000006E R
(1784903375.367219) can0 120#000000000000006A R
(1784903375.368960) can0 541#000010000004DBAA R
(1784903375.370444) can0 12D#000000000000006A R
(1784903375.370625) can0 12E#000000000000C02E R
(1784903375.380350) can0 12D#000000000000008B R
(1784903375.385649) can0 121#00A601CF04800086 R
(1784903375.385971) can0 129#000000010000008F R
(1784903375.386077) can0 540#000040100000ED00 R
(1784903375.386290) can0 5B0#100000000000005E R
(1784903375.387515) can0 120#000000000000008B R
(1784903375.389599) can0 450#0000000000002800 R
(1784903375.389916) can0 541#000010000004DBC0 R
(1784903375.390556) can0 12D#00000000000000BE R
(1784903375.390876) can0 12E#000000000000C044 R
(1784903375.391032) can0 12A#10050000000A00B6 R
(1784903375.391256) can0 5A0#0000000004000051 R
(1784903375.400626) can0 12D#00000000000000D4 R
(1784903375.405636) can0 121#00A601CF048000B3 R
(1784903375.405968) can0 129#00000001000000BA R
(1784903375.407217) can0 120#00000000000000BE R
(1784903375.409638) can0 541#000010000004DB21 R
(1784903375.410421) can0 12D#0000000000000035 R
(1784903375.410637) can0 12E#000000000000C071 R
(1784903375.420342) can0 12D#000000000000005F R
(1784903375.425649) can0 121#00A601CF048000D9 R
(1784903375.425966) can0 129#00000001000000D0 R
(1784903375.427220) can0 120#00000000000000D4 R
(1784903375.429342) can0 541#000010000004DB4B R
(1784903375.430516) can0 12D#000000000000006A R
(1784903375.430683) can0 12E#000000000000C090 R
(1784903375.437560) can0 450#0000000000002800 R
(1784903375.440371) can0 12D#000000000000008B R
(1784903375.440625) can0 12A#10050000000A00DC R
(1784903375.445896) can0 121#00A601CF04800038 R
(1784903375.446209) can0 129#0000000100000031 R
(1784903375.447483) can0 120#0000000000000035 R
(1784903375.448932) can0 541#000010000004DB7E R
(1784903375.451609) can0 12D#00000000000000BE R
(1784903375.452099) can0 12E#000000000000C0A5 R
(1784903375.460425) can0 12D#00000000000000D4 R
(1784903375.465642) can0 121#00A601CF04800052 R
(1784903375.465914) can0 129#000000010000005B R
(1784903375.467393) can0 120#000000000000005F R
(1784903375.469023) can0 541#000010000004DB9F R
(1784903375.470398) can0 12D#0000000000000035 R
(1784903375.470656) can0 12E#000000000000C0CF R
(1784903375.480338) can0 12D#000000000000005F R
(1784903375.485666) can0 121#00A601CF04800067 R
(1784903375.485995) can0 129#000000010000006E R
(1784903375.486180) can0 540#000040100000ED00 R
(1784903375.486316) can0 5B0#100000000000006B R
(1784903375.487404) can0 120#000000000000006A R
(1784903375.487800) can0 450#0000000000002800 R
(1784903375.489709) can0 541#000010000004DBAA R
(1784903375.490550) can0 12D#000000000000006A R
(1784903375.490739) can0 12E#000000000000C02E R
(1784903375.490999) can0 12A#10050000000A003D R
(1784903375.491267) can0 5A0#0000000004000064 R
(1784903375.500591) can0 12D#000000000000008B R
(1784903375.506607) can0 121#00A601CF04800086 R
(1784903375.506987) can0 129#000000010000008F R
(1784903375.507287) can0 120#000000000000008B R
(1784903375.508882) can0 541#000010000004DBC0 R
(1784903375.510471) can0 12D#00000000000000BE R
(1784903375.510952) can0 12E#000000000000C044 R
(1784903375.520352) can0 12D#00000000000000D4 R
(1784903375.525652) can0 121#00A601CF048000B3 R
(1784903375.525980) can0 129#00000001000000BA R
(1784903375.528663) can0 120#00000000000000BE R
(1784903375.529069) can0 541#000010000004DB21 R
(1784903375.530421) can0 12D#0000000000000035 R
(1784903375.530745) can0 12E#000000000000C071 R
(1784903375.537554) can0 450#0000000000002800 R
(1784903375.540396) can0 12D#000000000000005F R
(1784903375.540718) can0 12A#10050000000A0057 R
(1784903375.546234) can0 121#00A601CF048000D9 R
(1784903375.546505) can0 129#00000001000000D0 R
(1784903375.547741) can0 120#00000000000000D4 R
(1784903375.548956) can0 541#000010000004DB4B R
(1784903375.550420) can0 12D#000000000000006A R
(1784903375.550818) can0 12E#000000000000C090 R
(1784903375.560313) can0 12D#000000000000008B R
(1784903375.565701) can0 121#00A601CF04800038 R
(1784903375.566024) can0 129#0000000100000031 R
(1784903375.567252) can0 120#0000000000000035 R
(1784903375.569729) can0 541#000010000004DB7E R
(1784903375.570672) can0 12D#00000000000000BE R
(1784903375.570899) can0 12E#000000000000C0A5 R
(1784903375.581474) can0 12D#00000000000000D4 R
(1784903375.588903) can0 121#00A601CF04800052 R
(1784903375.589282) can0 129#000000010000005B R
(1784903375.589365) can0 540#000040100000ED00 R
(1784903375.591397) can0 5B0#100000000000008A R
(1784903375.591797) can0 120#000000000000005F R
(1784903375.591883) can0 450#0000000000002800 R
(1784903375.591980) can0 541#000010000004DB9F R
(1784903375.592071) can0 12D#0000000000000035 R
(1784903375.592191) can0 12E#000000000000C0CF R
(1784903375.592284) can0 12A#10050000000A0062 R
(1784903375.592362) can0 5A0#0000000004000085 R
(1784903375.601562) can0 12D#000000000000005F R
(1784903375.605672) can0 121#00A601CF04800067 R
(1784903375.605941) can0 129#000000010000006E R
(1784903375.608523) can0 120#000000000000006A R
(1784903375.608923) can0 541#000010000004DBAA R
(1784903375.610423) can0 12D#000000000000006A R
(1784903375.610836) can0 12E#000000000000C02E R
(1784903375.620330) can0 12D#000000000000008B R
(1784903375.626732) can0 121#00A601CF04800086 R
(1784903375.627018) can0 129#000000010000008F R
(1784903375.627258) can0 120#000000000000008B R
(1784903375.628986) can0 541#000010000004DBC0 R
(1784903375.631057) can0 12D#00000000000000BE R
(1784903375.631282) can0 12E#000000000000C044 R
(1784903375.637571) can0 450#0000000000002800 R
(1784903375.640344) can0 12D#00000000000000D4 R
(1784903375.640587) can0 12A#10050000000A0083 R
(1784903375.645904) can0 121#00A601CF048000B3 R
(1784903375.646288) can0 129#00000001000000BA R
(1784903375.647360) can0 120#00000000000000BE R
(1784903375.648900) can0 541#000010000004DB21 R
(1784903375.651266) can0 12D#0000000000000035 R
(1784903375.651652) can0 12E#000000000000C071 R
(1784903375.660368) can0 12D#000000000000005F R
(1784903375.665849) can0 121#00A601CF048000D9 R
(1784903375.666235) can0 129#00000001000000D0 R
(1784903375.668264) can0 120#00000000000000D4 R
(1784903375.668926) can0 541#000010000004DB4B R
(1784903375.670432) can0 12D#000000000000006A R
(1784903375.672018) can0 12E#000000000000C090 R
(1784903375.680332) can0 12D#000000000000008B R
(1784903375.685644) can0 121#00A601CF04800038 R
(1784903375.686064) can0 129#0000000100000031 R
(1784903375.686155) can0 540#000040100000ED00 R
(1784903375.686321) can0 5B0#10000000000000BF R
(1784903375.687359) can0 120#0000000000000035 R
(1784903375.689774) can0 450#0000000000002800 R
(1784903375.690163) can0 541#000010000004DB7E R
(1784903375.690673) can0 12D#00000000000000BE R
(1784903375.690976) can0 12E#000000000000C0A5 R
(1784903375.691097) can0 12A#10050000000A00B6 R
(1784903375.691244) can0 5A0#00000000040000B0 R
(1784903375.700369) can0 12D#00000000000000D4 R
(1784903375.706016) can0 121#00A601CF04800052 R
(1784903375.706367) can0 129#000000010000005B R
(1784903375.707494) can0 120#000000000000005F R
(1784903375.708925) can0 541#000010000004DB9F R
(1784903375.711124) can0 12D#0000000000000035 R
(1784903375.711518) can0 12E#000000000000C0CF R
(1784903375.720434) can0 12D#000000000000005F R
(1784903375.725676) can0 121#00A601CF04800067 R
(1784903375.726026) can0 129#000000010000006E R
(1784903375.727250) can0 120#000000000000006A R
(1784903375.729596) can0 541#000010000004DBAA R
(1784903375.730416) can0 12D#000000000000006A R
(1784903375.730689) can0 12E#000000000000C02E R
(1784903375.737561) can0 450#0000000000002800 R
(1784903375.740359) can0 12D#000000000000008B R
(1784903375.740612) can0 12A#10050000000A00DC R
(1784903375.746152) can0 121#00A601CF04800086 R
(1784903375.746434) can0 129#000000010000008F R
(1784903375.747388) can0 120#000000000000008B R
(1784903375.750013) can0 541#000010000004DBC0 R
(1784903375.750436) can0 12D#00000000000000BE R
(1784903375.750630) can0 12E#000000000000C044 R
(1784903375.760331) can0 12D#00000000000000D4 R
(1784903375.765671) can0 121#00A601CF048000B3 R
(1784903375.766050) can0 129#00000001000000BA R
(1784903375.767252) can0 120#00000000000000BE R
(1784903375.769562) can0 541#000010000004DB21 R
(1784903375.770492) can0 12D#0000000000000035 R
(1784903375.770713) can0 12E#000000000000C071 R
(1784903375.780318) can0 12D#000000000000005F R
(1784903375.785723) can0 121#00A601CF048000D9 R
(1784903375.786089) can0 129#00000001000000D0 R
(1784903375.786199) can0 540#000040100000ED00 R
(1784903375.786377) can0 5B0#10000000000000D5 R
(1784903375.787360) can0 120#00000000000000D4 R
(1784903375.787831) can0 450#0000000000002800 R
(1784903375.790151) can0 541#000010000004DB4B R
(1784903375.790595) can0 12D#000000000000006A R
(1784903375.790751) can0 12E#000000000000C090 R
(1784903375.791093) can0 12A#10050000000A003D R
(1784903375.791406) can0 5A0#00000000040000DA R
(1784903375.800359) can0 12D#000000000000008B R
(1784903375.806417) can0 121#00A601CF04800038 R
(1784903375.806704) can0 129#0000000100000031 R
(1784903375.807719) can0 120#0000000000000035 R
(1784903375.808935) can0 541#000010000004DB7E R
(1784903375.810510) can0 12D#00000000000000BE R
(1784903375.810921) can0 12E#000000000000C0A5 R
(1784903375.820338) can0 12D#00000000000000D4 R
(1784903375.825680) can0 121#00A601CF04800052 R
(1784903375.826057) can0 129#000000010000005B R
(1784903375.827247) can0 120#000000000000005F R
(1784903375.829400) can0 541#000010000004DB9F R
(1784903375.830435) can0 12D#0000000000000035 R
(1784903375.830711) can0 12E#000000000000C0CF R
(1784903375.837578) can0 450#0000000000002800 R
(1784903375.840353) can0 12D#000000000000005F R
(1784903375.840596) can0 12A#10050000000A0057 R
(1784903375.846047) can0 121#00A601CF04800067 R
(1784903375.846388) can0 129#000000010000006E R
(1784903375.847344) can0 120#000000000000006A R
(1784903375.849641) can0 541#000010000004DBAA R
(1784903375.850399) can0 12D#000000000000006A R
(1784903375.850615) can0 12E#000000000000C02E R
(1784903375.860333) can0 12D#000000000000008B R
(1784903375.865680) can0 121#00A601CF04800086 R
(1784903375.866145) can0 129#000000010000008F R
(1784903375.867313) can0 120#000000000000008B R
(1784903375.869951) can0 541#000010000004DBC0 R
(1784903375.870429) can0 12D#00000000000000BE R
(1784903375.870622) can0 12E#000000000000C044 R
(1784903375.880341) can0 12D#00000000000000D4 R
(1784903375.885685) can0 121#00A601CF048000B3 R
(1784903375.885998) can0 129#00000001000000BA R
(1784903375.886104) can0 540#000040100000ED00 R
(1784903375.886332) can0 5B0#1000000000000034 R
(1784903375.887534) can0 120#00000000000000BE R
(1784903375.889688) can0 450#0000000000002800 R
(1784903375.889808) can0 541#000010000004DB21 R
(1784903375.890614) can0 12D#0000000000000035 R
(1784903375.890827) can0 12E#000000000000C071 R
(1784903375.890976) can0 12A#10050000000A0062 R
(1784903375.891370) can0 5A0#000000000400003B R
(1784903375.900723) can0 12D#000000000000005F R
(1784903375.906171) can0 121#00A601CF048000D9 R
(1784903375.906482) can0 129#00000001000000D0 R
(1784903375.907293) can0 120#00000000000000D4 R
(1784903375.909716) can0 541#000010000004DB4B R
(1784903375.910386) can0 12D#000000000000006A R
(1784903375.911109) can0 12E#000000000000C090 R
(1784903375.920348) can0 12D#000000000000008B R
(1784903375.925675) can0 121#00A601CF04800038 R
(1784903375.925930) can0 129#0000000100000031 R
(1784903375.928391) can0 120#0000000000000035 R
(1784903375.928927) can0 541#000010000004DB7E R
(1784903375.930407) can0 12D#00000000000000BE R
(1784903375.930607) can0 12E#000000000000C0A5 R
(1784903375.937572) can0 450#0000000000002800 R
(1784903375.940855) can0 12D#00000000000000D4 R
(1784903375.941152) can0 12A#10050000000A0083 R
(1784903375.945695) can0 121#00A601CF04800052 R
(1784903375.945953) can0 129#000000010000005B R
(1784903375.947333) can0 120#000000000000005F R
(1784903375.949437) can0 541#000010000004DB9F R
(1784903375.950421) can0 12D#0000000000000035 R
(1784903375.950649) can0 12E#000000000000C0CF R
(1784903375.960320) can0 12D#000000000000005F R
(1784903375.965709) can0 121#00A601CF04800067 R
(1784903375.966073) can0 129#000000010000006E R
(1784903375.967270) can0 120#000000000000006A R
(1784903375.969706) can0 541#000010000004DBAA R
(1784903375.970382) can0 12D#000000000000006A R
(1784903375.970591) can0 12E#000000000000C02E R
(1784903375.980289) can0 12D#000000000000008B R
(1784903375.985699) can0 121#00A601CF04800086 R
(1784903375.986008) can0 129#000000010000008F R
(1784903375.986100) can0 540#000040100000ED00 R
(1784903375.986329) can0 5B0#100000000000005E R
(1784903375.987541) can0 120#000000000000008B R
(1784903375.989669) can0 450#0000000000002800 R
(1784903375.990069) can0 541#000010000004DBC0 R
(1784903375.990702) can0 12D#00000000000000BE R
(1784903375.990951) can0 12E#000000000000C044 R
(1784903375.991088) can0 12A#10050000000A00B6 R
(1784903375.991207) can0 5A0#0000000004000051 R
(1784903376.000338) can0 12D#00000000000000D4 R
(1784903376.005674) can0 121#00A601CF048000B3 R
(1784903376.006044) can0 129#00000001000000BA R
(1784903376.007259) can0 120#00000000000000BE R
(1784903376.009519) can0 541#000010000004DB21 R
(1784903376.010437) can0 12D#0000000000000035 R
(1784903376.010770) can0 12E#000000000000C071 R
(1784903376.020333) can0 12D#000000000000005F R
(1784903376.026575) can0 121#00A601CF048000D9 R
(1784903376.026906) can0 129#00000001000000D0 R
(1784903376.027331) can0 120#00000000000000D4 R
(1784903376.029991) can0 541#000010000004DB4B R
(1784903376.030447) can0 12D#000000000000006A R
(1784903376.030610) can0 12E#000000000000C090 R
(1784903376.037577) can0 450#0000000000002800 R
(1784903376.040341) can0 12D#000000000000008B R
(1784903376.040581) can0 12A#10050000000A00DC R
(1784903376.045945) can0 121#00A601CF04800038 R
(1784903376.046257) can0 129#0000000100000031 R
(1784903376.047496) can0 120#0000000000000035 R
(1784903376.050129) can0 541#000010000004DC76 R
(1784903376.050639) can0 12D#00000000000000BE R
(1784903376.050746) can0 12E#000000000000C0A5 R
(1784903376.060313) can0 12D#00000000000000D4 R
(1784903376.066461) can0 121#00A601CF04800052 R
(1784903376.066928) can0 129#000000010000005B R
(1784903376.067267) can0 120#000000000000005F R
(1784903376.069857) can0 541#000010000004DC97 R
(1784903376.070431) can0 12D#0000000000000035 R
(1784903376.070598) can0 12E#000000000000C0CF R
(1784903376.080354) can0 12D#000000000000005F R
(1784903376.085982) can0 121#00A601CF04800067 R
(1784903376.086413) can0 129#000000010000006E R
(1784903376.086518) can0 540#000040100000ED00 R
(1784903376.086609) can0 5B0#100000000000006B R
(1784903376.087567) can0 120#000000000000006A R
(1784903376.087904) can0 450#0000000000002800 R
(1784903376.090012) can0 541#000010000004DCA2 R
(1784903376.090576) can0 12D#000000000000006A R
(1784903376.090877) can0 12E#000000000000C02E R
(1784903376.091054) can0 12A#10050000000A003D R
(1784903376.091258) can0 5A0#0000000004000064 R
(1784903376.100578) can0 12D#000000000000008B R
(1784903376.105734) can0 121#00A601CF04800086 R
(1784903376.106039) can0 129#000000010000008F R
(1784903376.107264) can0 120#000000000000008B R
(1784903376.108962) can0 541#000010000004DCC8 R
(1784903376.110440) can0 12D#00000000000000BE R
(1784903376.110802) can0 12E#000000000000C044 R
(1784903376.120312) can0 12D#00000000000000D4 R
(1784903376.125687) can0 121#00A601CF048000B3 R
(1784903376.125972) can0 129#00000001000000BA R
(1784903376.127268) can0 120#00000000000000BE R
(1784903376.128898) can0 541#000010000004DC29 R
(1784903376.131324) can0 12D#0000000000000035 R
(1784903376.131614) can0 12E#000000000000C071 R
(1784903376.137784) can0 450#0000000000002800 R
(1784903376.140346) can0 12D#000000000000005F R
(1784903376.140647) can0 12A#10050000000A0057 R
(1784903376.145689) can0 121#00A601CF048000D9 R
(1784903376.146045) can0 129#00000001000000D0 R
(1784903376.148098) can0 120#00000000000000D4 R
(1784903376.148900) can0 541#000010000004DC43 R
(1784903376.150451) can0 12D#000000000000006A R
(1784903376.150832) can0 12E#000000000000C090 R
(1784903376.160350) can0 12D#000000000000008B R
(1784903376.165718) can0 121#00A601CF04800038 R
(1784903376.166114) can0 129#0000000100000031 R
(1784903376.167302) can0 120#0000000000000035 R
(1784903376.169454) can0 541#000010000004DC76 R
(1784903376.170474) can0 12D#00000000000000BE R
(1784903376.170711) can0 12E#000000000000C0A5 R
(1784903376.180295) can0 12D#00000000000000D4 R
(1784903376.185716) can0 121#00A601CF04800052 R
(1784903376.186104) can0 129#000000010000005B R
(1784903376.186208) can0 540#000040100000ED00 R
(1784903376.186404) can0 5B0#100000000000008A R
(1784903376.187393) can0 120#000000000000005F R
(1784903376.187835) can0 450#0000000000002800 R
(1784903376.189850) can0 541#000010000004DC97 R
(1784903376.190581) can0 12D#0000000000000035 R
(1784903376.190768) can0 12E#000000000000C0CF R
(1784903376.190881) can0 12A#10050000000A0062 R
(1784903376.191295) can0 5A0#0000000004000085 R
(1784903376.200394) can0 12D#000000000000005F R
(1784903376.205704) can0 121#00A601CF04800067 R
(1784903376.206080) can0 129#000000010000006E R
(1784903376.207294) can0 120#000000000000006A R
(1784903376.209423) can0 541#000010000004DCA2 R
(1784903376.210416) can0 12D#000000000000006A R
(1784903376.210607) can0 12E#000000000000C02E R
(1784903376.220325) can0 12D#000000000000008B R
(1784903376.225685) can0 121#00A601CF04800086 R
(1784903376.226059) can0 129#000000010000008F R
(1784903376.227296) can0 120#000000000000008B R
(1784903376.228894) can0 541#000010000004DCC8 R
(1784903376.231390) can0 12D#00000000000000BE R
(1784903376.231692) can0 12E#000000000000C044 R
(1784903376.237673) can0 450#0000000000002800 R
(1784903376.240330) can0 12D#00000000000000D4 R
(1784903376.240575) can0 12A#10050000000A0083 R
(1784903376.246269) can0 121#00A601CF048000B3 R
(1784903376.246577) can0 129#00000001000000BA R
(1784903376.247437) can0 120#00000000000000BE R
(1784903376.249952) can0 541#000010000004DC29 R
(1784903376.250382) can0 12D#0000000000000035 R
(1784903376.250499) can0 12E#000000000000C071 R
(1784903376.260400) can0 12D#000000000000005F R
(1784903376.265698) can0 121#00A601CF048000D9 R
(1784903376.266020) can0 129#00000001000000D0 R
(1784903376.267314) can0 120#00000000000000D4 R
(1784903376.269449) can0 541#000010000004DC43 R
(1784903376.270413) can0 12D#000000000000006A R
(1784903376.270593) can0 12E#000000000000C090 R
(1784903376.280640) can0 12D#000000000000008B R
(1784903376.285712) can0 121#00A601CF04800038 R
(1784903376.286046) can0 129#0000000100000031 R
(1784903376.286156) can0 540#000040100000ED00 R
(1784903376.286929) can0 5B0#10000000000000BF R
(1784903376.287395) can0 120#0000000000000035 R
(1784903376.287883) can0 450#0000000000002800 R
(1784903376.290214) can0 541#000010000004DC76 R
(1784903376.290638) can0 12D#00000000000000BE R
(1784903376.290821) can0 12E#000000000000C0A5 R
(1784903376.290958) can0 12A#10050000000A00B6 R
(1784903376.291244) can0 5A0#00000000040000B0 R
(1784903376.300348) can0 12D#00000000000000D4 R
(1784903376.305707) can0 121#00A601CF04800052 R
(1784903376.306102) can0 129#000000010000005B R
(1784903376.307554) can0 120#000000000000005F R
(1784903376.309122) can0 541#000010000004DC97 R
(1784903376.310441) can0 12D#0000000000000035 R
(1784903376.310711) can0 12E#000000000000C0CF R
(1784903376.320303) can0 12D#000000000000005F R
(1784903376.325710) can0 121#00A601CF04800067 R
(1784903376.325986) can0 129#000000010000006E R
(1784903376.327276) can0 120#000000000000006A R
(1784903376.329344) can0 541#000010000004DCA2 R
(1784903376.330315) can0 12D#000000000000006A R
(1784903376.330607) can0 12E#000000000000C02E R
(1784903376.337609) can0 450#0000000000002800 R
(1784903376.340430) can0 12D#000000000000008B R
(1784903376.340945) can0 12A#10050000000A00DC R
(1784903376.345994) can0 121#00A601CF04800086 R
(1784903376.346382) can0 129#000000010000008F R
(1784903376.347323) can0 120#000000000000008B R
(1784903376.348968) can0 541#000010000004DCC8 R
(1784903376.350441) can0 12D#00000000000000BE R
(1784903376.351980) can0 12E#000000000000C044 R
(1784903376.360325) can0 12D#00000000000000D4 R
(1784903376.365701) can0 121#00A601CF048000B3 R
(1784903376.365979) can0 129#00000001000000BA R
(1784903376.367309) can0 120#00000000000000BE R
(1784903376.368977) can0 541#000010000004DC29 R
(1784903376.370480) can0 12D#0000000000000035 R
(1784903376.370839) can0 12E#000000000000C071 R
(1784903376.380346) can0 12D#000000000000005F R
(1784903376.386024) can0 121#00A601CF048000D9 R
(1784903376.386425) can0 129#00000001000000D0 R
(1784903376.386534) can0 540#000040100000ED00 R
(1784903376.386708) can0 5B0#10000000000000D5 R
(1784903376.387451) can0 120#00000000000000D4 R
(1784903376.387879) can0 450#0000000000002800 R
(1784903376.390481) can0 541#000010000004DC43 R
(1784903376.390958) can0 12D#000000000000006A R
(1784903376.391075) can0 12E#000000000000C090 R
(1784903376.391158) can0 12A#10050000000A003D R
(1784903376.391360) can0 5A0#00000000040000DA R
(1784903376.400510) can0 12D#000000000000008B R
(1784903376.405767) can0 121#00A601CF04800038 R
(1784903376.406088) can0 129#0000000100000031 R
(1784903376.407386) can0 120#0000000000000035 R
(1784903376.409766) can0 541#000010000004DC76 R
(1784903376.410292) can0 12D#00000000000000BE R
(1784903376.410486) can0 12E#000000000000C0A5 R
(1784903376.420366) can0 12D#00000000000000D4 R
(1784903376.425893) can0 121#00A601CF04800052 R
(1784903376.426220) can0 129#000000010000005B R
(1784903376.427513) can0 120#000000000000005F R
(1784903376.429946) can0 541#000010000004DC97 R
(1784903376.430319) can0 12D#0000000000000035 R
(1784903376.430509) can0 12E#000000000000C0CF R
(1784903376.437594) can0 450#0000000000002800 R
(1784903376.440455) can0 12D#000000000000005F R
(1784903376.440717) can0 12A#10050000000A0057 R
(1784903376.445714) can0 121#00A601CF04800067 R
(1784903376.446034) can0 129#000000010000006E R
(1784903376.447332) can0 120#000000000000006A R
(1784903376.450014) can0 541#000010000004DCA2 R
(1784903376.450442) can0 12D#000000000000006A R
(1784903376.450539) can0 12E#000000000000C02E R
(1784903376.460383) can0 12D#000000000000008B R
(1784903376.465718) can0 121#00A601CF04800086 R
(1784903376.466199) can0 129#000000010000008F R
(1784903376.467387) can0 120#000000000000008B R
(1784903376.469622) can0 541#000010000004DCC8 R
(1784903376.470297) can0 12D#00000000000000BE R
(1784903376.470525) can0 12E#000000000000C044 R
(1784903376.480357) can0 12D#00000000000000D4 R
(1784903376.485711) can0 121#00A601CF048000B3 R
(1784903376.486016) can0 129#00000001000000BA R
(1784903376.486113) can0 540#000040100000ED00 R
(1784903376.486382) can0 5B0#1000000000000034 R
(1784903376.487495) can0 120#00000000000000BE R
(1784903376.487844) can0 450#0000000000002800 R
(1784903376.490125) can0 541#000010000004DC29 R
(1784903376.490564) can0 12D#0000000000000035 R
(1784903376.490706) can0 12E#000000000000C071 R
(1784903376.490982) can0 12A#10050000000A0062 R
(1784903376.491231) can0 5A0#000000000400003B R
(1784903376.500346) can0 12D#000000000000005F R
(1784903376.505730) can0 121#00A601CF048000D9 R
(1784903376.506110) can0 129#00000001000000D0 R
(1784903376.507310) can0 120#00000000000000D4 R
(1784903376.509601) can0 541#000010000004DC43 R
(1784903376.510415) can0 12D#000000000000006A R
(1784903376.510678) can0 12E#000000000000C090 R
(1784903376.520323) can0 12D#000000000000008B R
(1784903376.525729) can0 121#00A601CF04800038 R
(1784903376.526057) can0 129#0000000100000031 R
(1784903376.527345) can0 120#0000000000000035 R
(1784903376.529486) can0 541#000010000004DC76 R
(1784903376.530309) can0 12D#00000000000000BE R
(1784903376.530519) can0 12E#000000000000C0A5 R
(1784903376.538598) can0 450#0000000000002800 R
(1784903376.540387) can0 12D#00000000000000D4 R
(1784903376.540639) can0 12A#10050000000A0083 R
(1784903376.546220) can0 121#00A601CF04800052 R
(1784903376.546519) can0 129#000000010000005B R
(1784903376.547444) can0 120#000000000000005F R
(1784903376.550030) can0 541#000010000004DC97 R
(1784903376.550410) can0 12D#0000000000000035 R
(1784903376.550518) can0 12E#000000000000C0CF R
(1784903376.560386) can0 12D#000000000000005F R
(1784903376.565754) can0 121#00A601CF04800067 R
(1784903376.566037) can0 129#000000010000006E R
(1784903376.567321) can0 120#000000000000006A R
(1784903376.568993) can0 541#000010000004DCA2 R
(1784903376.570426) can0 12D#000000000000006A R
(1784903376.570617) can0 12E#000000000000C02E R
(1784903376.580395) can0 12D#000000000000008B R
(1784903376.587640) can0 121#00A601CF04800086 R
(1784903376.588010) can0 129#000000010000008F R
(1784903376.588101) can0 540#000040100000ED00 R
(1784903376.588260) can0 5B0#100000000000005E R
(1784903376.588382) can0 120#000000000000008B R
(1784903376.588511) can0 450#0000000000002800 R
(1784903376.592541) can0 541#000010000004DCC8 R
(1784903376.595389) can0 12D#00000000000000BE R
(1784903376.595758) can0 12E#000000000000C044 R
(1784903376.595844) can0 12A#10050000000A00B6 R
(1784903376.596063) can0 5A0#0000000004000051 R
(1784903376.600312) can0 12D#00000000000000D4 R
(1784903376.606012) can0 121#00A601CF048000B3 R
(1784903376.606394) can0 129#00000001000000BA R
(1784903376.607379) can0 120#00000000000000BE R
(1784903376.609899) can0 541#000010000004DC29 R
(1784903376.610298) can0 12D#0000000000000035 R
(1784903376.610488) can0 12E#000000000000C071 R
(1784903376.620392) can0 12D#000000000000005F R
(1784903376.625755) can0 121#00A601CF048000D9 R
(1784903376.627377) can0 129#00000001000000D0 R
(1784903376.627757) can0 120#00000000000000D4 R
(1784903376.628995) can0 541#000010000004DC43 R
(1784903376.631540) can0 12D#000000000000006A R
(1784903376.631812) can0 12E#000000000000C090 R
(1784903376.637595) can0 450#0000000000002800 R
(1784903376.641289) can0 12D#000000000000008B R
(1784903376.641624) can0 12A#10050000000A00DC R
(1784903376.645738) can0 121#00A601CF04800038 R
(1784903376.646044) can0 129#0000000100000031 R
(1784903376.648716) can0 120#0000000000000035 R
(1784903376.649133) can0 541#000010000004DC76 R
(1784903376.650405) can0 12D#00000000000000BE R
(1784903376.650622) can0 12E#000000000000C0A5 R
(1784903376.660327) can0 12D#00000000000000D4 R
(1784903376.665735) can0 121#00A601CF04800052 R
(1784903376.666062) can0 129#000000010000005B R
(1784903376.668984) can0 120#000000000000005F R
(1784903376.669375) can0 541#000010000004DC97 R
(1784903376.670310) can0 12D#0000000000000035 R
(1784903376.670573) can0 12E#000000000000C0CF R
(1784903376.680378) can0 12D#000000000000005F R
(1784903376.685741) can0 121#00A601CF04800067 R
(1784903376.686060) can0 129#000000010000006E R
(1784903376.686152) can0 540#000040100000ED00 R
(1784903376.686795) can0 5B0#100000000000006B R
(1784903376.687645) can0 120#000000000000006A R
(1784903376.687968) can0 450#0000000000002800 R
(1784903376.688923) can0 541#000010000004DCA2 R
(1784903376.691551) can0 12D#000000000000006A R
(1784903376.691840) can0 12E#000000000000C02E R
(1784903376.692018) can0 12A#10050000000A003D R
(1784903376.692110) can0 5A0#0000000004000064 R
(1784903376.700388) can0 12D#000000000000008B R
(1784903376.705729) can0 121#00A601CF04800086 R
(1784903376.706003) can0 129#000000010000008F R
(1784903376.707300) can0 120#000000000000008B R
(1784903376.708981) can0 541#000010000004DCC8 R
(1784903376.710467) can0 12D#00000000000000BE R
(1784903376.710887) can0 12E#000000000000C044 R
(1784903376.720320) can0 12D#00000000000000D4 R
(1784903376.725757) can0 121#00A601CF048000B3 R
(1784903376.726084) can0 129#00000001000000BA R
(1784903376.729054) can0 120#00000000000000BE R
(1784903376.729863) can0 541#000010000004DC29 R
(1784903376.730450) can0 12D#0000000000000035 R
(1784903376.730673) can0 12E#000000000000C071 R
(1784903376.737598) can0 450#0000000000002800 R
(1784903376.740382) can0 12D#000000000000005F R
(1784903376.740679) can0 12A#10050000000A0057 R
(1784903376.745775) can0 121#00A601CF048000D9 R
(1784903376.746107) can0 129#00000001000000D0 R
(1784903376.747338) can0 120#00000000000000D4 R
(1784903376.749447) can0 541#000010000004DC43 R
(1784903376.750330) can0 12D#000000000000006A R
(1784903376.750615) can0 12E#000000000000C090 R
(1784903376.760360) can0 12D#000000000000008B R
(1784903376.765765) can0 121#00A601CF04800038 R
(1784903376.766053) can0 129#0000000100000031 R
(1784903376.767338) can0 120#0000000000000035 R
(1784903376.768998) can0 541#000010000004DC76 R
(1784903376.770455) can0 12D#00000000000000BE R
(1784903376.770637) can0 12E#000000000000C0A5 R
(1784903376.780343) can0 12D#00000000000000D4 R
(1784903376.785828) can0 121#00A601CF04800052 R
(1784903376.786094) can0 129#000000010000005B R
(1784903376.786191) can0 540#000040100000ED00 R
(1784903376.786444) can0 5B0#100000000000008A R
(1784903376.787538) can0 120#000000000000005F R
(1784903376.790086) can0 450#0000000000002800 R
(1784903376.790525) can0 541#000010000004DC97 R
(1784903376.790735) can0 12D#0000000000000035 R
(1784903376.790854) can0 12E#000000000000C0CF R
(1784903376.790966) can0 12A#10050000000A0062 R
(1784903376.791152) can0 5A0#0000000004000085 R
(1784903376.800407) can0 12D#000000000000005F R
(1784903376.805972) can0 121#00A601CF04800067 R
(1784903376.806278) can0 129#000000010000006E R
(1784903376.807577) can0 120#000000000000006A R
(1784903376.808963) can0 541#000010000004DCA2 R
(1784903376.810483) can0 12D#000000000000006A R
(1784903376.810886) can0 12E#000000000000C02E R
(1784903376.820383) can0 12D#000000000000008B R
(1784903376.825798) can0 121#00A601CF04800086 R
(1784903376.826058) can0 129#000000010000008F R
(1784903376.827350) can0 120#000000000000008B R
(1784903376.829815) can0 541#000010000004DCC8 R
(1784903376.830362) can0 12D#00000000000000BE R
(1784903376.830517) can0 12E#000000000000C044 R
(1784903376.837593) can0 450#0000000000002800 R
(1784903376.841279) can0 12D#00000000000000D4 R
(1784903376.841599) can0 12A#10050000000A0083 R
(1784903376.845722) can0 121#00A601CF048000B3 R
(1784903376.846119) can0 129#00000001000000BA R
(1784903376.848033) can0 120#00000000000000BE R
(1784903376.848927) can0 541#000010000004DC29 R
(1784903376.850416) can0 12D#0000000000000035 R
(1784903376.852530) can0 12E#000000000000C071 R
(1784903376.860338) can0 12D#000000000000005F R
(1784903376.865745) can0 121#00A601CF048000D9 R
(1784903376.866164) can0 129#00000001000000D0 R
(1784903376.867338) can0 120#00000000000000D4 R
(1784903376.869696) can0 541#000010000004DC43 R
(1784903376.870317) can0 12D#000000000000006A R
(1784903376.870547) can0 12E#000000000000C090 R
(1784903376.880349) can0 12D#000000000000008B R
(1784903376.885760) can0 121#00A601CF04800038 R
(1784903376.886077) can0 129#0000000100000031 R
(1784903376.886176) can0 540#000040100000ED00 R
(1784903376.886410) can0 5B0#10000000000000BF R
(1784903376.889277) can0 120#0000000000000035 R
(1784903376.889786) can0 450#0000000000002800 R
(1784903376.889871) can0 541#000010000004DC76 R
(1784903376.890526) can0 12D#00000000000000BE R
(1784903376.890799) can0 12E#000000000000C0A5 R
(1784903376.890991) can0 12A#10050000000A00B6 R
(1784903376.891175) can0 5A0#00000000040000B0 R
(1784903376.900399) can0 12D#00000000000000D4 R
(1784903376.905990) can0 121#00A601CF04800052 R
(1784903376.906375) can0 129#000000010000005B R
(1784903376.907392) can0 120#000000000000005F R
(1784903376.909819) can0 541#000010000004DC97 R
(1784903376.910276) can0 12D#0000000000000035 R
(1784903376.910474) can0 12E#000000000000C0CF R
(1784903376.920342) can0 12D#000000000000005F R
(1784903376.925762) can0 121#00A601CF04800067 R
(1784903376.926191) can0 129#000000010000006E R
(1784903376.927351) can0 120#000000000000006A R
(1784903376.929491) can0 541#000010000004DCA2 R
(1784903376.930268) can0 12D#000000000000006A R
(1784903376.930473) can0 12E#000000000000C02E R
(1784903376.937600) can0 450#0000000000002800 R
(1784903376.940385) can0 12D#000000000000008B R
(1784903376.940684) can0 12A#10050000000A00DC R
(1784903376.945764) can0 121#00A601CF04800086 R
(1784903376.946031) can0 129#000000010000008F R
(1784903376.947333) can0 120#000000000000008B R
(1784903376.949007) can0 541#000010000004DCC8 R
(1784903376.950505) can0 12D#00000000000000BE R
(1784903376.950868) can0 12E#000000000000C044 R
(1784903376.960331) can0 12D#00000000000000D4 R
(1784903376.965760) can0 121#00A601CF048000B3 R
(1784903376.966019) can0 129#00000001000000BA R
(1784903376.967362) can0 120#00000000000000BE R
(1784903376.969145) can0 541#000010000004DC29 R
(1784903376.970372) can0 12D#0000000000000035 R
(1784903376.970561) can0 12E#000000000000C071 R
(1784903376.980374) can0 12D#000000000000005F R
(1784903376.985784) can0 121#00A601CF048000D9 R
(1784903376.986048) can0 129#00000001000000D0 R
(1784903376.986146) can0 540#000040100000ED00 R
(1784903376.986421) can0 5B0#10000000000000D5 R
(1784903376.987550) can0 120#00000000000000D4 R
(1784903376.987893) can0 450#0000000000002800 R
(1784903376.989827) can0 541#000010000004DC43 R
(1784903376.990633) can0 12D#000000000000006A R
(1784903376.990861) can0 12E#000000000000C090 R
(1784903376.990976) can0 12A#10050000000A003D R
(1784903376.991133) can0 5A0#00000000040000DA R
(1784903377.000356) can0 12D#000000000000008B R
(1784903377.006177) can0 121#00A601CF04800038 R
(1784903377.006520) can0 129#0000000100000031 R
(1784903377.007373) can0 120#0000000000000035 R
(1784903377.010097) can0 541#000010000004DC76 R
(1784903377.010529) can0 12D#00000000000000BE R
(1784903377.010636) can0 12E#000000000000C0A5 R
(1784903377.020355) can0 12D#00000000000000D4 R
(1784903377.025837) can0 121#00A601CF04800052 R
(1784903377.026233) can0 129#000000010000005B R
(1784903377.027447) can0 120#000000000000005F R
(1784903377.029793) can0 541#000010000004DC97 R
(1784903377.030250) can0 12D#0000000000000035 R
(1784903377.030468) can0 12E#000000000000C0CF R
(1784903377.037599) can0 450#0000000000002800 R
(1784903377.040346) can0 12D#000000000000005F R
(1784903377.040592) can0 12A#10050000000A0057 R
(1784903377.046616) can0 121#00A601CF04800067 R
(1784903377.046963) can0 129#000000010000006E R
(1784903377.047363) can0 120#000000000000006A R
(1784903377.048919) can0 541#000010000004DDB4 R
(1784903377.050279) can0 12D#000000000000006A R
(1784903377.050520) can0 12E#000000000000C02E R
(1784903377.060354) can0 12D#000000000000008B R
(1784903377.065768) can0 121#00A601CF04800086 R
(1784903377.066091) can0 129#000000010000008F R
(1784903377.069002) can0 120#000000000000008B R
(1784903377.069416) can0 541#000010000004DDDE R
(1784903377.070268) can0 12D#00000000000000BE R
(1784903377.070567) can0 12E#000000000000C044 R
(1784903377.080327) can0 12D#00000000000000D4 R
(1784903377.085772) can0 121#00A601CF048000B3 R
(1784903377.086050) can0 129#00000001000000BA R
(1784903377.086251) can0 540#000040100000ED00 R
(1784903377.086431) can0 5B0#1000000000000034 R
(1784903377.087649) can0 120#00000000000000BE R
(1784903377.089867) can0 450#0000000000002800 R
(1784903377.089981) can0 541#000010000004DD3F R
(1784903377.090443) can0 12D#0000000000000035 R
(1784903377.090711) can0 12E#000000000000C071 R
(1784903377.090895) can0 12A#10050000000A0062 R
(1784903377.091113) can0 5A0#000000000400003B R
(1784903377.100384) can0 12D#000000000000005F R
(1784903377.105777) can0 121#00A601CF048000D9 R
(1784903377.106239) can0 129#00000001000000D0 R
(1784903377.107364) can0 120#00000000000000D4 R
(1784903377.109438) can0 541#000010000004DD55 R
(1784903377.110280) can0 12D#000000000000006A R
(1784903377.110524) can0 12E#000000000000C090 R
(1784903377.120347) can0 12D#000000000000008B R
(1784903377.125772) can0 121#00A601CF04800038 R
(1784903377.126098) can0 129#0000000100000031 R
(1784903377.127511) can0 120#0000000000000035 R
(1784903377.128987) can0 541#000010000004DD60 R
(1784903377.130552) can0 12D#00000000000000BE R
(1784903377.131033) can0 12E#000000000000C0A5 R
(1784903377.137611) can0 450#0000000000002800 R
(1784903377.140442) can0 12D#00000000000000D4 R
(1784903377.140908) can0 12A#10050000000A0083 R
(1784903377.145775) can0 121#00A601CF04800052 R
(1784903377.146176) can0 129#000000010000005B R
(1784903377.147931) can0 120#000000000000005F R
(1784903377.149008) can0 541#000010000004DD81 R
(1784903377.150279) can0 12D#0000000000000035 R
(1784903377.150481) can0 12E#000000000000C0CF R
(1784903377.160334) can0 12D#000000000000005F R
(1784903377.165860) can0 121#00A601CF04800067 R
(1784903377.166127) can0 129#000000010000006E R
(1784903377.169065) can0 120#000000000000006A R
(1784903377.169575) can0 541#000010000004DDB4 R
(1784903377.170298) can0 12D#000000000000006A R
(1784903377.170525) can0 12E#000000000000C02E R
(1784903377.180356) can0 12D#000000000000008B R
(1784903377.187174) can0 121#00A601CF04800086 R
(1784903377.187562) can0 129#000000010000008F R
(1784903377.187667) can0 540#000040100000ED00 R
(1784903377.187845) can0 5B0#100000000000005E R
(1784903377.187941) can0 120#000000000000008B R
(1784903377.188590) can0 450#0000000000002800 R
(1784903377.188958) can0 541#000010000004DDDE R
(1784903377.191669) can0 12D#00000000000000BE R
(1784903377.192083) can0 12E#000000000000C044 R
(1784903377.192187) can0 12A#10050000000A00B6 R
(1784903377.192278) can0 5A0#0000000004000051 R
(1784903377.200329) can0 12D#00000000000000D4 R
(1784903377.205775) can0 121#00A601CF048000B3 R
(1784903377.206185) can0 129#00000001000000BA R
(1784903377.208140) can0 120#00000000000000BE R
(1784903377.209093) can0 541#000010000004DD3F R
(1784903377.211848) can0 12D#0000000000000035 R
(1784903377.212273) can0 12E#000000000000C071 R
(1784903377.220366) can0 12D#000000000000005F R
(1784903377.225784) can0 121#00A601CF048000D9 R
(1784903377.226055) can0 129#00000001000000D0 R
(1784903377.229011) can0 120#00000000000000D4 R
(1784903377.229500) can0 541#000010000004DD55 R
(1784903377.230289) can0 12D#000000000000006A R
(1784903377.230517) can0 12E#000000000000C090 R
(1784903377.237608) can0 450#0000000000002800 R
(1784903377.240405) can0 12D#000000000000008B R
(1784903377.240728) can0 12A#10050000000A00DC R
(1784903377.245809) can0 121#00A601CF04800038 R
(1784903377.246907) can0 129#0000000100000031 R
(1784903377.248099) can0 120#0000000000000035 R
(1784903377.248966) can0 541#000010000004DD60 R
(1784903377.250347) can0 12D#00000000000000BE R
(1784903377.250767) can0 12E#000000000000C0A5 R
(1784903377.260334) can0 12D#00000000000000D4 R
(1784903377.265812) can0 121#00A601CF04800052 R
(1784903377.266122) can0 129#000000010000005B R
(1784903377.268875) can0 120#000000000000005F R
(1784903377.269299) can0 541#000010000004DD81 R
(1784903377.270287) can0 12D#0000000000000035 R
(1784903377.270549) can0 12E#000000000000C0CF R
(1784903377.280347) can0 12D#000000000000005F R
(1784903377.285850) can0 121#00A601CF04800067 R
(1784903377.286178) can0 129#000000010000006E R
(1784903377.286376) can0 540#000040100000ED00 R
(1784903377.286470) can0 5B0#100000000000006B R
(1784903377.287482) can0 120#000000000000006A R
(1784903377.287947) can0 450#0000000000002800 R
(1784903377.290473) can0 541#000010000004DDB4 R
(1784903377.290867) can0 12D#000000000000006A R
(1784903377.290962) can0 12E#000000000000C02E R
(1784903377.291189) can0 12A#10050000000A003D R
(1784903377.291342) can0 5A0#0000000004000064 R
(1784903377.300510) can0 12D#000000000000008B R
(1784903377.306451) can0 121#00A601CF04800086 R
(1784903377.306803) can0 129#000000010000008F R
(1784903377.307368) can0 120#000000000000008B R
(1784903377.308973) can0 541#000010000004DDDE R
(1784903377.310656) can0 12D#00000000000000BE R
(1784903377.310995) can0 12E#000000000000C044 R
(1784903377.320338) can0 12D#00000000000000D4 R
(1784903377.325808) can0 121#00A601CF048000B3 R
(1784903377.326166) can0 129#00000001000000BA R
(1784903377.327390) can0 120#00000000000000BE R
(1784903377.329751) can0 541#000010000004DD3F R
(1784903377.330376) can0 12D#0000000000000035 R
(1784903377.330670) can0 12E#000000000000C071 R
(1784903377.337642) can0 450#0000000000002800 R
(1784903377.341065) can0 12D#000000000000005F R
(1784903377.341485) can0 12A#10050000000A0057 R
(1784903377.345797) can0 121#00A601CF048000D9 R
(1784903377.346066) can0 129#00000001000000D0 R
(1784903377.348180) can0 120#00000000000000D4 R
(1784903377.349480) can0 541#000010000004DD55 R
(1784903377.350259) can0 12D#000000000000006A R
(1784903377.350456) can0 12E#000000000000C090 R
(1784903377.360729) can0 12D#000000000000008B R
(1784903377.365850) can0 121#00A601CF04800038 R
(1784903377.366173) can0 129#0000000100000031 R
(1784903377.367411) can0 120#0000000000000035 R
(1784903377.369746) can0 541#000010000004DD60 R
(1784903377.370280) can0 12D#00000000000000BE R
(1784903377.370498) can0 12E#000000000000C0A5 R
(1784903377.380343) can0 12D#00000000000000D4 R
(1784903377.386125) can0 121#00A601CF04800052 R
(1784903377.386522) can0 129#000000010000005B R
(1784903377.386631) can0 540#000040100000ED00 R
(1784903377.386734) can0 5B0#100000000000008A R
(1784903377.387522) can0 120#000000000000005F R
(1784903377.387913) can0 450#0000000000002800 R
(1784903377.388955) can0 541#000010000004DD81 R
(1784903377.390460) can0 12D#0000000000000035 R
(1784903377.390848) can0 12E#000000000000C0CF R
(1784903377.390952) can0 12A#10050000000A0062 R
(1784903377.391114) can0 5A0#0000000004000085 R
(1784903377.400390) can0 12D#000000000000005F R
(1784903377.405809) can0 121#00A601CF04800067 R
(1784903377.406183) can0 129#000000010000006E R
(1784903377.408191) can0 120#000000000000006A R
(1784903377.408984) can0 541#000010000004DDB4 R
(1784903377.410314) can0 12D#000000000000006A R
(1784903377.412392) can0 12E#000000000000C02E R
(1784903377.420359) can0 12D#000000000000008B R
(1784903377.425800) can0 121#00A601CF04800086 R
(1784903377.426059) can0 129#000000010000008F R
(1784903377.428927) can0 120#000000000000008B R
(1784903377.429416) can0 541#000010000004DDDE R
(1784903377.430280) can0 12D#00000000000000BE R
(1784903377.430542) can0 12E#000000000000C044 R
(1784903377.437607) can0 450#0000000000002800 R
(1784903377.440369) can0 12D#00000000000000D4 R
(1784903377.440741) can0 12A#10050000000A0083 R
(1784903377.446342) can0 121#00A601CF048000B3 R
(1784903377.446644) can0 129#00000001000000BA R
(1784903377.447661) can0 120#00000000000000BE R
(1784903377.449003) can0 541#000010000004DD3F R
(1784903377.450460) can0 12D#0000000000000035 R
(1784903377.452625) can0 12E#000000000000C071 R
(1784903377.460397) can0 12D#000000000000005F R
(1784903377.465833) can0 121#00A601CF048000D9 R
(1784903377.467563) can0 129#00000001000000D0 R
(1784903377.467892) can0 120#00000000000000D4 R
(1784903377.468978) can0 541#000010000004DD55 R
(1784903377.471559) can0 12D#000000000000006A R
(1784903377.472031) can0 12E#000000000000C090 R
(1784903377.480370) can0 12D#000000000000008B R
(1784903377.485942) can0 121#00A601CF04800038 R
(1784903377.486310) can0 129#0000000100000031 R
(1784903377.486501) can0 540#000040100000ED00 R
(1784903377.486610) can0 5B0#10000000000000BF R
(1784903377.487524) can0 120#0000000000000035 R
(1784903377.487975) can0 450#0000000000002800 R
(1784903377.490305) can0 541#000010000004DD60 R
(1784903377.490683) can0 12D#00000000000000BE R
(1784903377.490786) can0 12E#000000000000C0A5 R
(1784903377.490998) can0 12A#10050000000A00B6 R
(1784903377.491198) can0 5A0#00000000040000B0 R
(1784903377.500365) can0 12D#00000000000000D4 R
(1784903377.505807) can0 121#00A601CF04800052 R
(1784903377.506129) can0 129#000000010000005B R
(1784903377.507417) can0 120#000000000000005F R
(1784903377.509489) can0 541#000010000004DD81 R
(1784903377.510275) can0 12D#0000000000000035 R
(1784903377.510524) can0 12E#000000000000C0CF R
(1784903377.520354) can0 12D#000000000000005F R
(1784903377.525823) can0 121#00A601CF04800067 R
(1784903377.526147) can0 129#000000010000006E R
(1784903377.527413) can0 120#000000000000006A R
(1784903377.529019) can0 541#000010000004DDB4 R
(1784903377.530437) can0 12D#000000000000006A R
(1784903377.530682) can0 12E#000000000000C02E R
(1784903377.537624) can0 450#0000000000002800 R
(1784903377.540864) can0 12D#000000000000008B R
(1784903377.541349) can0 12A#10050000000A00DC R
(1784903377.545868) can0 121#00A601CF04800086 R
(1784903377.546154) can0 129#000000010000008F R
(1784903377.548266) can0 120#000000000000008B R
(1784903377.548941) can0 541#000010000004DDDE R
(1784903377.551945) can0 12D#00000000000000BE R
(1784903377.552363) can0 12E#000000000000C044 R
(1784903377.560359) can0 12D#00000000000000D4 R
(1784903377.565984) can0 121#00A601CF048000B3 R
(1784903377.566262) can0 129#00000001000000BA R
(1784903377.567613) can0 120#00000000000000BE R
(1784903377.568992) can0 541#000010000004DD3F R
(1784903377.570613) can0 12D#0000000000000035 R
(1784903377.570987) can0 12E#000000000000C071 R
(1784903377.580371) can0 12D#000000000000005F R
(1784903377.586410) can0 121#00A601CF048000D9 R
(1784903377.586787) can0 129#00000001000000D0 R
(1784903377.586893) can0 540#000040100000ED00 R
(1784903377.586994) can0 5B0#10000000000000D5 R
(1784903377.587955) can0 120#00000000000000D4 R
(1784903377.588312) can0 450#0000000000002800 R
(1784903377.589002) can0 541#000010000004DD55 R
(1784903377.592037) can0 12D#000000000000006A R
(1784903377.592132) can0 12E#000000000000C090 R
(1784903377.592209) can0 12A#10050000000A003D R
(1784903377.592314) can0 5A0#00000000040000DA R
(1784903377.600374) can0 12D#000000000000008B R
(1784903377.606430) can0 121#00A601CF04800038 R
(1784903377.606804) can0 129#0000000100000031 R
(1784903377.607939) can0 120#0000000000000035 R
(1784903377.608994) can0 541#000010000004DD60 R
(1784903377.611123) can0 12D#00000000000000BE R
(1784903377.611354) can0 12E#000000000000C0A5 R
(1784903377.620381) can0 12D#00000000000000D4 R
(1784903377.625832) can0 121#00A601CF04800052 R
(1784903377.626152) can0 129#000000010000005B R
(1784903377.627420) can0 120#000000000000005F R
(1784903377.629439) can0 541#000010000004DD81 R
(1784903377.630270) can0 12D#0000000000000035 R
(1784903377.630579) can0 12E#000000000000C0CF R
(1784903377.637617) can0 450#0000000000002800 R
(1784903377.640526) can0 12D#000000000000005F R
(1784903377.640903) can0 12A#10050000000A0057 R
(1784903377.645819) can0 121#00A601CF04800067 R
(1784903377.646075) can0 129#000000010000006E R
(1784903377.648021) can0 120#000000000000006A R
(1784903377.649152) can0 541#000010000004DDB4 R
(1784903377.650293) can0 12D#000000000000006A R
(1784903377.650633) can0 12E#000000000000C02E R
(1784903377.660348) can0 12D#000000000000008B R
(1784903377.665815) can0 121#00A601CF04800086 R
(1784903377.666197) can0 129#000000010000008F R
(1784903377.668133) can0 120#000000000000008B R
(1784903377.668949) can0 541#000010000004DDDE R
(1784903377.670286) can0 12D#00000000000000BE R
(1784903377.672170) can0 12E#000000000000C044 R
(1784903377.680361) can0 12D#00000000000000D4 R
(1784903377.685822) can0 121#00A601CF048000B3 R
(1784903377.686091) can0 129#00000001000000BA R
(1784903377.686220) can0 540#000040100000ED00 R
(1784903377.687023) can0 5B0#1000000000000034 R
(1784903377.687519) can0 120#00000000000000BE R
(1784903377.687947) can0 450#0000000000002800 R
(1784903377.690254) can0 541#000010000004DD3F R
(1784903377.690656) can0 12D#0000000000000035 R
(1784903377.690864) can0 12E#000000000000C071 R
(1784903377.690981) can0 12A#10050000000A0062 R
(1784903377.691179) can0 5A0#000000000400003B R
(1784903377.700421) can0 12D#000000000000005F R
(1784903377.705843) can0 121#00A601CF048000D9 R
(1784903377.706234) can0 129#00000001000000D0 R
(1784903377.708014) can0 120#00000000000000D4 R
(1784903377.708949) can0 541#000010000004DD55 R
(1784903377.710497) can0 12D#000000000000006A R
(1784903377.710876) can0 12E#000000000000C090 R
(1784903377.720323) can0 12D#000000000000008B R
(1784903377.725814) can0 121#00A601CF04800038 R
(1784903377.726130) can0 129#0000000100000031 R
(1784903377.727394) can0 120#0000000000000035 R
(1784903377.729546) can0 541#000010000004DD60 R
(1784903377.730648) can0 12D#00000000000000BE R
(1784903377.730816) can0 12E#000000000000C0A5 R
(1784903377.737629) can0 450#0000000000002800 R
(1784903377.740387) can0 12D#00000000000000D4 R
(1784903377.740640) can0 12A#10050000000A0083 R
(1784903377.746187) can0 121#00A601CF04800052 R
(1784903377.746522) can0 129#000000010000005B R
(1784903377.747485) can0 120#000000000000005F R
(1784903377.750229) can0 541#000010000004DD81 R
(1784903377.750628) can0 12D#0000000000000035 R
(1784903377.750815) can0 12E#000000000000C0CF R
(1784903377.760355) can0 12D#000000000000005F R
(1784903377.765823) can0 121#00A601CF04800067 R
(1784903377.766137) can0 129#000000010000006E R
(1784903377.768195) can0 120#000000000000006A R
(1784903377.768958) can0 541#000010000004DDB4 R
(1784903377.770284) can0 12D#000000000000006A R
(1784903377.771919) can0 12E#000000000000C02E R
(1784903377.780318) can0 12D#000000000000008B R
(1784903377.785829) can0 121#00A601CF04800086 R
(1784903377.786223) can0 129#000000010000008F R
(1784903377.786439) can0 540#000040100000ED00 R
(1784903377.786559) can0 5B0#100000000000005E R
(1784903377.787514) can0 120#000000000000008B R
(1784903377.787939) can0 450#0000000000002800 R
(1784903377.789908) can0 541#000010000004DDDE R
(1784903377.790410) can0 12D#00000000000000BE R
(1784903377.790614) can0 12E#000000000000C044 R
(1784903377.790887) can0 12A#10050000000A00B6 R
(1784903377.791131) can0 5A0#0000000004000051 R
(1784903377.800782) can0 12D#00000000000000D4 R
(1784903377.806200) can0 121#00A601CF048000B3 R
(1784903377.806599) can0 129#00000001000000BA R
(1784903377.807450) can0 120#00000000000000BE R
(1784903377.810037) can0 541#000010000004DD3F R
(1784903377.810459) can0 12D#0000000000000035 R
(1784903377.810656) can0 12E#000000000000C071 R
(1784903377.820350) can0 12D#000000000000005F R
(1784903377.826269) can0 121#00A601CF048000D9 R
(1784903377.826629) can0 129#00000001000000D0 R
(1784903377.827710) can0 120#00000000000000D4 R
(1784903377.830039) can0 541#000010000004DD55 R
(1784903377.830338) can0 12D#000000000000006A R
(1784903377.830541) can0 12E#000000000000C090 R
(1784903377.837624) can0 450#0000000000002800 R
(1784903377.840386) can0 12D#000000000000008B R
(1784903377.840620) can0 12A#10050000000A00DC R
(1784903377.845848) can0 121#00A601CF04800038 R
(1784903377.846129) can0 129#0000000100000031 R
(1784903377.847465) can0 120#0000000000000035 R
(1784903377.848968) can0 541#000010000004DD60 R
(1784903377.851470) can0 12D#00000000000000BE R
(1784903377.851754) can0 12E#000000000000C0A5 R
(1784903377.860330) can0 12D#00000000000000D4 R
(1784903377.865843) can0 121#00A601CF04800052 R
(1784903377.866110) can0 129#000000010000005B R
(1784903377.867403) can0 120#000000000000005F R
(1784903377.868944) can0 541#000010000004DD81 R
(1784903377.870261) can0 12D#0000000000000035 R
(1784903377.870463) can0 12E#000000000000C0CF R
(1784903377.880369) can0 12D#000000000000005F R
(1784903377.885846) can0 121#00A601CF04800067 R
(1784903377.886161) can0 129#000000010000006E R
(1784903377.886257) can0 540#000040100000ED00 R
(1784903377.886497) can0 5B0#100000000000006B R
(1784903377.887561) can0 120#000000000000006A R
(1784903377.887951) can0 450#0000000000002800 R
(1784903377.889006) can0 541#000010000004DDB4 R
(1784903377.890427) can0 12D#000000000000006A R
(1784903377.890795) can0 12E#000000000000C02E R
(1784903377.890939) can0 12A#10050000000A003D R
(1784903377.891124) can0 5A0#0000000004000064 R
(1784903377.900354) can0 12D#000000000000008B R
(1784903377.905832) can0 121#00A601CF04800086 R
(1784903377.906105) can0 129#000000010000008F R
(1784903377.907409) can0 120#000000000000008B R
(1784903377.909020) can0 541#000010000004DDDE R
(1784903377.910570) can0 12D#00000000000000BE R
(1784903377.910949) can0 12E#000000000000C044 R
(1784903377.920327) can0 12D#00000000000000D4 R
(1784903377.925930) can0 121#00A601CF048000B3 R
(1784903377.926208) can0 129#00000001000000BA R
(1784903377.929140) can0 120#00000000000000BE R
(1784903377.929523) can0 541#000010000004DD3F R
(1784903377.930278) can0 12D#0000000000000035 R
(1784903377.930435) can0 12E#000000000000C071 R
(1784903377.937633) can0 450#0000000000002800 R
(1784903377.940371) can0 12D#000000000000005F R
(1784903377.940750) can0 12A#10050000000A0057 R
(1784903377.946032) can0 121#00A601CF048000D9 R
(1784903377.946298) can0 129#00000001000000D0 R
(1784903377.948245) can0 120#00000000000000D4 R
(1784903377.948935) can0 541#000010000004DD55 R
(1784903377.950298) can0 12D#000000000000006A R
(1784903377.950723) can0 12E#000000000000C090 R
(1784903377.960364) can0 12D#000000000000008B R
(1784903377.965837) can0 121#00A601CF04800038 R
(1784903377.966118) can0 129#0000000100000031 R
(1784903377.967436) can0 120#0000000000000035 R
(1784903377.968939) can0 541#000010000004DD60 R
(1784903377.970278) can0 12D#00000000000000BE R
(1784903377.970507) can0 12E#000000000000C0A5 R
(1784903377.980338) can0 12D#00000000000000D4 R
(1784903377.985865) can0 121#00A601CF04800052 R
(1784903377.986193) can0 129#000000010000005B R
(1784903377.986396) can0 540#000040100000ED00 R
(1784903377.986489) can0 5B0#100000000000008A R
(1784903377.987727) can0 120#000000000000005F R
(1784903377.989832) can0 450#0000000000002800 R
(1784903377.990210) can0 541#000010000004DD81 R
(1784903377.990407) can0 12D#0000000000000035 R
(1784903377.990604) can0 12E#000000000000C0CF R
(1784903377.991012) can0 12A#10050000000A0062 R
(1784903377.991261) can0 5A0#0000000004000085 R
(1784903378.000355) can0 12D#000000000000005F R
(1784903378.005903) can0 121#00A601CF04800067 R
(1784903378.006298) can0 129#000000010000006E R
(1784903378.007447) can0 120#000000000000006A R
(1784903378.008953) can0 541#000010000004DDB4 R
(1784903378.011388) can0 12D#000000000000006A R
(1784903378.011873) can0 12E#000000000000C02E R
(1784903378.020334) can0 12D#000000000000008B R
(1784903378.025844) can0 121#00A601CF04800086 R
(1784903378.026219) can0 129#000000010000008F R
(1784903378.027429) can0 120#000000000000008B R
(1784903378.029775) can0 541#000010000004DDDE R
(1784903378.030289) can0 12D#00000000000000BE R
(1784903378.030518) can0 12E#000000000000C044 R
(1784903378.037630) can0 450#0000000000002800 R
(1784903378.040370) can0 12D#00000000000000D4 R
(1784903378.040606) can0 12A#10050000000A0083 R
(1784903378.045909) can0 121#00A601CF048000B3 R
(1784903378.046195) can0 129#00000001000000BA R
(1784903378.047496) can0 120#00000000000000BE R
(1784903378.048982) can0 541#000010000004DE30 R
(1784903378.051521) can0 12D#0000000000000035 R
(1784903378.051918) can0 12E#000000000000C071 R
(1784903378.060329) can0 12D#000000000000005F R
(1784903378.065854) can0 121#00A601CF048000D9 R
(1784903378.066128) can0 129#00000001000000D0 R
(1784903378.069020) can0 120#00000000000000D4 R
(1784903378.069406) can0 541#000010000004DE5A R
(1784903378.070300) can0 12D#000000000000006A R
(1784903378.070464) can0 12E#000000000000C090 R
(1784903378.080321) can0 12D#000000000000008B R
(1784903378.085857) can0 121#00A601CF04800038 R
(1784903378.086194) can0 129#0000000100000031 R
(1784903378.086285) can0 540#000040100000ED00 R
(1784903378.086884) can0 5B0#10000000000000BF R
(1784903378.089281) can0 120#0000000000000035 R
(1784903378.089662) can0 450#0000000000002800 R
(1784903378.089750) can0 541#000010000004DE6F R
(1784903378.090462) can0 12D#00000000000000BE R
(1784903378.090666) can0 12E#000000000000C0A5 R
(1784903378.090857) can0 12A#10050000000A00B6 R
(1784903378.093050) can0 5A0#00000000040000B0 R
(1784903378.100358) can0 12D#00000000000000D4 R
(1784903378.105847) can0 121#00A601CF04800052 R
(1784903378.106120) can0 129#000000010000005B R
(1784903378.107445) can0 120#000000000000005F R
(1784903378.109011) can0 541#000010000004DE8E R
(1784903378.110533) can0 12D#0000000000000035 R
(1784903378.110893) can0 12E#000000000000C0CF R
(1784903378.120364) can0 12D#000000000000005F R
(1784903378.125911) can0 121#00A601CF04800067 R
(1784903378.126241) can0 129#000000010000006E R
(1784903378.127458) can0 120#000000000000006A R
(1784903378.129813) can0 541#000010000004DEBB R
(1784903378.130275) can0 12D#000000000000006A R
(1784903378.130461) can0 12E#000000000000C02E R
(1784903378.137636) can0 450#0000000000002800 R
(1784903378.140336) can0 12D#000000000000008B R
(1784903378.140593) can0 12A#10050000000A00DC R
(1784903378.146659) can0 121#00A601CF04800086 R
(1784903378.146949) can0 129#000000010000008F R
(1784903378.147860) can0 120#000000000000008B R
(1784903378.150478) can0 541#000010000004DED1 R
(1784903378.150883) can0 12D#00000000000000BE R
(1784903378.150990) can0 12E#000000000000C044 R
(1784903378.160338) can0 12D#00000000000000D4 R
(1784903378.165860) can0 121#00A601CF048000B3 R
(1784903378.166138) can0 129#00000001000000BA R
(1784903378.167481) can0 120#00000000000000BE R
(1784903378.169777) can0 541#000010000004DE30 R
(1784903378.170303) can0 12D#0000000000000035 R
(1784903378.170482) can0 12E#000000000000C071 R
(1784903378.180345) can0 12D#000000000000005F R
(1784903378.185868) can0 121#00A601CF048000D9 R
(1784903378.186283) can0 129#00000001000000D0 R
(1784903378.188033) can0 540#000040100000ED00 R
(1784903378.188513) can0 5B0#10000000000000D5 R
(1784903378.188610) can0 120#00000000000000D4 R
(1784903378.188740) can0 450#0000000000002800 R
(1784903378.188977) can0 541#000010000004DE5A R
(1784903378.190641) can0 12D#000000000000006A R
(1784903378.192818) can0 12E#000000000000C090 R
(1784903378.192980) can0 12A#10050000000A003D R
(1784903378.193156) can0 5A0#00000000040000DA R
(1784903378.200336) can0 12D#000000000000008B R
(1784903378.205879) can0 121#00A601CF04800038 R
(1784903378.206154) can0 129#0000000100000031 R
(1784903378.207900) can0 120#0000000000000035 R
(1784903378.208961) can0 541#000010000004DE6F R
(1784903378.211213) can0 12D#00000000000000BE R
(1784903378.211605) can0 12E#000000000000C0A5 R
(1784903378.220318) can0 12D#00000000000000D4 R
(1784903378.225855) can0 121#00A601CF04800052 R
(1784903378.226267) can0 129#000000010000005B R
(1784903378.227457) can0 120#000000000000005F R
(1784903378.229771) can0 541#000010000004DE8E R
(1784903378.230245) can0 12D#0000000000000035 R
(1784903378.230461) can0 12E#000000000000C0CF R
(1784903378.237631) can0 450#0000000000002800 R
(1784903378.240375) can0 12D#000000000000005F R
(1784903378.240618) can0 12A#10050000000A0057 R
(1784903378.245996) can0 121#00A601CF04800067 R
(1784903378.246412) can0 129#000000010000006E R
(1784903378.247504) can0 120#000000000000006A R
(1784903378.249677) can0 541#000010000004DEBB R
(1784903378.250314) can0 12D#000000000000006A R
(1784903378.250503) can0 12E#000000000000C02E R
(1784903378.260334) can0 12D#000000000000008B R
(1784903378.265885) can0 121#00A601CF04800086 R
(1784903378.266155) can0 129#000000010000008F R
(1784903378.267488) can0 120#000000000000008B R
(1784903378.269565) can0 541#000010000004DED1 R
(1784903378.270236) can0 12D#00000000000000BE R
(1784903378.270424) can0 12E#000000000000C044 R
(1784903378.280302) can0 12D#00000000000000D4 R
(1784903378.285862) can0 121#00A601CF048000B3 R
(1784903378.286341) can0 129#00000001000000BA R
(1784903378.286479) can0 540#000040100000ED00 R
(1784903378.286600) can0 5B0#1000000000000034 R
(1784903378.287556) can0 120#00000000000000BE R
(1784903378.287980) can0 450#0000000000002800 R
(1784903378.289931) can0 541#000010000004DE30 R
(1784903378.290397) can0 12D#0000000000000035 R
(1784903378.290638) can0 12E#000000000000C071 R
(1784903378.290827) can0 12A#10050000000A0062 R
(1784903378.291100) can0 5A0#000000000400003B R
(1784903378.300370) can0 12D#000000000000005F R
(1784903378.305991) can0 121#00A601CF048000D9 R
(1784903378.306321) can0 129#00000001000000D0 R
(1784903378.307536) can0 120#00000000000000D4 R
(1784903378.310232) can0 541#000010000004DE5A R
(1784903378.310621) can0 12D#000000000000006A R
(1784903378.310719) can0 12E#000000000000C090 R
(1784903378.320343) can0 12D#000000000000008B R
(1784903378.326070) can0 121#00A601CF04800038 R
(1784903378.326378) can0 129#0000000100000031 R
(1784903378.327670) can0 120#0000000000000035 R
(1784903378.330412) can0 541#000010000004DE6F R
(1784903378.330893) can0 12D#00000000000000BE R
(1784903378.331006) can0 12E#000000000000C0A5 R
(1784903378.337631) can0 450#0000000000002800 R
(1784903378.340347) can0 12D#00000000000000D4 R
(1784903378.340594) can0 12A#10050000000A0083 R
(1784903378.345874) can0 121#00A601CF04800052 R
(1784903378.346140) can0 129#000000010000005B R
(1784903378.347920) can0 120#000000000000005F R
(1784903378.348971) can0 541#000010000004DE8E R
(1784903378.351719) can0 12D#0000000000000035 R
(1784903378.352113) can0 12E#000000000000C0CF R
(1784903378.360331) can0 12D#000000000000005F R
(1784903378.365900) can0 121#00A601CF04800067 R
(1784903378.366159) can0 129#000000010000006E R
(1784903378.367576) can0 120#000000000000006A R
(1784903378.369314) can0 541#000010000004DEBB R
(1784903378.370300) can0 12D#000000000000006A R
(1784903378.370479) can0 12E#000000000000C02E R
(1784903378.380349) can0 12D#000000000000008B R
(1784903378.386044) can0 121#00A601CF04800086 R
(1784903378.386422) can0 129#000000010000008F R
(1784903378.386515) can0 540#000040100000ED00 R
(1784903378.386700) can0 5B0#100000000000005E R
(1784903378.387572) can0 120#000000000000008B R
(1784903378.388136) can0 450#0000000000002800 R
(1784903378.390330) can0 541#000010000004DED1 R
(1784903378.390758) can0 12D#00000000000000BE R
(1784903378.390843) can0 12E#000000000000C044 R
(1784903378.390935) can0 12A#10050000000A00B6 R
(1784903378.391166) can0 5A0#0000000004000051 R
(1784903378.400337) can0 12D#00000000000000D4 R
(1784903378.405941) can0 121#00A601CF048000B3 R
(1784903378.406296) can0 129#00000001000000BA R
(1784903378.407506) can0 120#00000000000000BE R
(1784903378.409746) can0 541#000010000004DE30 R
(1784903378.410215) can0 12D#0000000000000035 R
(1784903378.410425) can0 12E#000000000000C071 R
(1784903378.420332) can0 12D#000000000000005F R
(1784903378.425887) can0 121#00A601CF048000D9 R
(1784903378.426144) can0 129#00000001000000D0 R
(1784903378.427535) can0 120#00000000000000D4 R
(1784903378.429836) can0 541#000010000004DE5A R
(1784903378.430283) can0 12D#000000000000006A R
(1784903378.430459) can0 12E#000000000000C090 R
(1784903378.437640) can0 450#0000000000002800 R
(1784903378.440456) can0 12D#000000000000008B R
(1784903378.440835) can0 12A#10050000000A00DC R
(1784903378.446258) can0 121#00A601CF04800038 R
(1784903378.446513) can0 129#0000000100000031 R
(1784903378.447485) can0 120#0000000000000035 R
(1784903378.449224) can0 541#000010000004DE6F R
(1784903378.450261) can0 12D#00000000000000BE R
(1784903378.450456) can0 12E#000000000000C0A5 R
(1784903378.460333) can0 12D#00000000000000D4 R
(1784903378.465896) can0 121#00A601CF04800052 R
(1784903378.466215) can0 129#000000010000005B R
(1784903378.467514) can0 120#000000000000005F R
(1784903378.469067) can0 541#000010000004DE8E R
(1784903378.470283) can0 12D#0000000000000035 R
(1784903378.470549) can0 12E#000000000000C0CF R
(1784903378.480311) can0 12D#000000000000005F R
(1784903378.486034) can0 121#00A601CF04800067 R
(1784903378.486477) can0 129#000000010000006E R
(1784903378.486576) can0 540#000040100000ED00 R
(1784903378.486676) can0 5B0#100000000000006B R
(1784903378.487609) can0 120#000000000000006A R
(1784903378.488173) can0 450#0000000000002800 R
(1784903378.489028) can0 541#000010000004DEBB R
(1784903378.491162) can0 12D#000000000000006A R
(1784903378.491383) can0 12E#000000000000C02E R
(1784903378.491507) can0 12A#10050000000A003D R
(1784903378.491653) can0 5A0#0000000004000064 R
(1784903378.500356) can0 12D#000000000000008B R
(1784903378.505886) can0 121#00A601CF04800086 R
(1784903378.506152) can0 129#000000010000008F R
(1784903378.507486) can0 120#000000000000008B R
(1784903378.509124) can0 541#000010000004DED1 R
(1784903378.510293) can0 12D#00000000000000BE R
(1784903378.510549) can0 12E#000000000000C044 R
(1784903378.520336) can0 12D#00000000000000D4 R
(1784903378.525885) can0 121#00A601CF048000B3 R
(1784903378.526160) can0 129#00000001000000BA R
(1784903378.529143) can0 120#00000000000000BE R
(1784903378.529542) can0 541#000010000004DE30 R
(1784903378.530280) can0 12D#0000000000000035 R
(1784903378.530545) can0 12E#000000000000C071 R
(1784903378.537632) can0 450#0000000000002800 R
(1784903378.540364) can0 12D#000000000000005F R
(1784903378.540663) can0 12A#10050000000A0057 R
(1784903378.547147) can0 121#00A601CF048000D9 R
(1784903378.547511) can0 129#00000001000000D0 R
(1784903378.547691) can0 120#00000000000000D4 R
(1784903378.549027) can0 541#000010000004DE5A R
(1784903378.551574) can0 12D#000000000000006A R
(1784903378.551918) can0 12E#000000000000C090 R
(1784903378.560316) can0 12D#000000000000008B R
(1784903378.565897) can0 121#00A601CF04800038 R
(1784903378.566161) can0 129#0000000100000031 R
(1784903378.567506) can0 120#0000000000000035 R
(1784903378.569750) can0 541#000010000004DE6F R
(1784903378.570233) can0 12D#00000000000000BE R
(1784903378.570459) can0 12E#000000000000C0A5 R
(1784903378.580345) can0 12D#00000000000000D4 R
(1784903378.585978) can0 121#00A601CF04800052 R
(1784903378.586286) can0 129#000000010000005B R
(1784903378.586438) can0 540#000040100000ED00 R
(1784903378.586700) can0 5B0#100000000000008A R
(1784903378.589853) can0 120#000000000000005F R
(1784903378.590226) can0 450#0000000000002800 R
(1784903378.590416) can0 541#000010000004DE8E R
(1784903378.590531) can0 12D#0000000000000035 R
(1784903378.590646) can0 12E#000000000000C0CF R
(1784903378.594581) can0 12A#10050000000A0062 R
(1784903378.594925) can0 5A0#0000000004000085 R
(1784903378.600385) can0 12D#000000000000005F R
(1784903378.606578) can0 121#00A601CF04800067 R
(1784903378.606875) can0 129#000000010000006E R
(1784903378.607749) can0 120#000000000000006A R
(1784903378.608994) can0 541#000010000004DEBB R
(1784903378.610551) can0 12D#000000000000006A R
(1784903378.610987) can0 12E#000000000000C02E R
(1784903378.620295) can0 12D#000000000000008B R
(1784903378.625892) can0 121#00A601CF04800086 R
(1784903378.626309) can0 129#000000010000008F R
(1784903378.628552) can0 120#000000000000008B R
(1784903378.629025) can0 541#000010000004DED1 R
(1784903378.632449) can0 12D#00000000000000BE R
(1784903378.632713) can0 12E#000000000000C044 R
(1784903378.637666) can0 450#0000000000002800 R
(1784903378.640547) can0 12D#00000000000000D4 R
(1784903378.640920) can0 12A#10050000000A0083 R
(1784903378.645902) can0 121#00A601CF048000B3 R
(1784903378.646165) can0 129#00000001000000BA R
(1784903378.648078) can0 120#00000000000000BE R
(1784903378.649236) can0 541#000010000004DE30 R
(1784903378.650340) can0 12D#0000000000000035 R
(1784903378.652520) can0 12E#000000000000C071 R
(1784903378.660361) can0 12D#000000000000005F R
(1784903378.665905) can0 121#00A601CF048000D9 R
(1784903378.666357) can0 129#00000001000000D0 R
(1784903378.667487) can0 120#00000000000000D4 R
(1784903378.669555) can0 541#000010000004DE5A R
(1784903378.670311) can0 12D#000000000000006A R
(1784903378.670512) can0 12E#000000000000C090 R
(1784903378.680320) can0 12D#000000000000008B R
(1784903378.685963) can0 121#00A601CF04800038 R
(1784903378.686266) can0 129#0000000100000031 R
(1784903378.686383) can0 540#000040100000ED00 R
(1784903378.686642) can0 5B0#10000000000000BF R
(1784903378.687717) can0 120#0000000000000035 R
(1784903378.688099) can0 450#0000000000002800 R
(1784903378.690192) can0 541#000010000004DE6F R
(1784903378.690396) can0 12D#00000000000000BE R
(1784903378.690603) can0 12E#000000000000C0A5 R
(1784903378.690822) can0 12A#10050000000A00B6 R
(1784903378.691103) can0 5A0#00000000040000B0 R
(1784903378.700317) can0 12D#00000000000000D4 R
(1784903378.706107) can0 121#00A601CF04800052 R
(1784903378.706370) can0 129#000000010000005B R
(1784903378.707763) can0 120#000000000000005F R
(1784903378.708982) can0 541#000010000004DE8E R
(1784903378.711640) can0 12D#0000000000000035 R
(1784903378.712044) can0 12E#000000000000C0CF R
(1784903378.720334) can0 12D#000000000000005F R
(1784903378.725913) can0 121#00A601CF04800067 R
(1784903378.726176) can0 129#000000010000006E R
(1784903378.729035) can0 120#000000000000006A R
(1784903378.729419) can0 541#000010000004DEBB R
(1784903378.730267) can0 12D#000000000000006A R
(1784903378.730453) can0 12E#000000000000C02E R
(1784903378.737640) can0 450#0000000000002800 R
(1784903378.741328) can0 12D#000000000000008B R
(1784903378.741823) can0 12A#10050000000A00DC R
(1784903378.745909) can0 121#00A601CF04800086 R
(1784903378.746173) can0 129#000000010000008F R
(1784903378.747630) can0 120#000000000000008B R
(1784903378.749022) can0 541#000010000004DED1 R
(1784903378.750435) can0 12D#00000000000000BE R
(1784903378.750682) can0 12E#000000000000C044 R
(1784903378.760299) can0 12D#00000000000000D4 R
(1784903378.765910) can0 121#00A601CF048000B3 R
(1784903378.766181) can0 129#00000001000000BA R
(1784903378.769126) can0 120#00000000000000BE R
(1784903378.769633) can0 541#000010000004DE30 R
(1784903378.770282) can0 12D#0000000000000035 R
(1784903378.770539) can0 12E#000000000000C071 R
(1784903378.780299) can0 12D#000000000000005F R
(1784903378.785915) can0 121#00A601CF048000D9 R
(1784903378.786174) can0 129#00000001000000D0 R
(1784903378.786321) can0 540#000040100000ED00 R
(1784903378.786569) can0 5B0#10000000000000D5 R
(1784903378.789375) can0 120#00000000000000D4 R
(1784903378.789781) can0 450#0000000000002800 R
(1784903378.789906) can0 541#000010000004DE5A R
(1784903378.790367) can0 12D#000000000000006A R
(1784903378.790615) can0 12E#000000000000C090 R
(1784903378.790833) can0 12A#10050000000A003D R
(1784903378.791110) can0 5A0#00000000040000DA R
(1784903378.800320) can0 12D#000000000000008B R
(1784903378.806053) can0 121#00A601CF04800038 R
(1784903378.806431) can0 129#0000000100000031 R
(1784903378.807544) can0 120#0000000000000035 R
(1784903378.809939) can0 541#000010000004DE6F R
(1784903378.810291) can0 12D#00000000000000BE R
(1784903378.810473) can0 12E#000000000000C0A5 R
(1784903378.820341) can0 12D#00000000000000D4 R
(1784903378.825963) can0 121#00A601CF04800052 R
(1784903378.826311) can0 129#000000010000005B R
(1784903378.827529) can0 120#000000000000005F R
(1784903378.830106) can0 541#000010000004DE8E R
(1784903378.830531) can0 12D#0000000000000035 R
(1784903378.830623) can0 12E#000000000000C0CF R
(1784903378.837641) can0 450#0000000000002800 R
(1784903378.840320) can0 12D#000000000000005F R
(1784903378.840570) can0 12A#10050000000A0057 R
(1784903378.846432) can0 121#00A601CF04800067 R
(1784903378.846854) can0 129#000000010000006E R
(1784903378.847675) can0 120#000000000000006A R
(1784903378.850289) can0 541#000010000004DEBB R
(1784903378.850698) can0 12D#000000000000006A R
(1784903378.850800) can0 12E#000000000000C02E R
(1784903378.860334) can0 12D#000000000000008B R
(1784903378.865942) can0 121#00A601CF04800086 R
(1784903378.866290) can0 129#000000010000008F R
(1784903378.867526) can0 120#000000000000008B R
(1784903378.870160) can0 541#000010000004DED1 R
(1784903378.870655) can0 12D#00000000000000BE R
(1784903378.870760) can0 12E#000000000000C044 R
(1784903378.880307) can0 12D#00000000000000D4 R
(1784903378.885910) can0 121#00A601CF048000B3 R
(1784903378.886277) can0 129#00000001000000BA R
(1784903378.886372) can0 540#000040100000ED00 R
(1784903378.886582) can0 5B0#1000000000000034 R
(1784903378.887619) can0 120#00000000000000BE R
(1784903378.888340) can0 450#0000000000002800 R
(1784903378.890462) can0 541#000010000004DE30 R
(1784903378.890582) can0 12D#0000000000000035 R
(1784903378.890832) can0 12E#000000000000C071 R
(1784903378.891002) can0 12A#10050000000A0062 R
(1784903378.891135) can0 5A0#000000000400003B R
(1784903378.900347) can0 12D#000000000000005F R
(1784903378.905917) can0 121#00A601CF048000D9 R
(1784903378.906257) can0 129#00000001000000D0 R
(1784903378.907497) can0 120#00000000000000D4 R
(1784903378.909569) can0 541#000010000004DE5A R
(1784903378.910254) can0 12D#000000000000006A R
(1784903378.910437) can0 12E#000000000000C090 R
(1784903378.920269) can0 12D#000000000000008B R
(1784903378.925940) can0 121#00A601CF04800038 R
(1784903378.926216) can0 129#0000000100000031 R
(1784903378.927549) can0 120#0000000000000035 R
(1784903378.929763) can0 541#000010000004DE6F R
(1784903378.930240) can0 12D#00000000000000BE R
(1784903378.930451) can0 12E#000000000000C0A5 R
(1784903378.937655) can0 450#0000000000002800 R
(1784903378.940367) can0 12D#00000000000000D4 R
(1784903378.940872) can0 12A#10050000000A0083 R
(1784903378.945928) can0 121#00A601CF04800052 R
(1784903378.946192) can0 129#000000010000005B R
(1784903378.948210) can0 120#000000000000005F R
(1784903378.949434) can0 541#000010000004DE8E R
(1784903378.950307) can0 12D#0000000000000035 R
(1784903378.950496) can0 12E#000000000000C0CF R
(1784903378.960273) can0 12D#000000000000005F R
(1784903378.965921) can0 121#00A601CF04800067 R
(1784903378.966168) can0 129#000000010000006E R
(1784903378.969117) can0 120#000000000000006A R
(1784903378.969487) can0 541#000010000004DEBB R
(1784903378.970207) can0 12D#000000000000006A R
(1784903378.970462) can0 12E#000000000000C02E R
(1784903378.980292) can0 12D#000000000000008B R
(1784903378.985918) can0 121#00A601CF04800086 R
(1784903378.986184) can0 129#000000010000008F R
(1784903378.986314) can0 540#000040100000ED00 R
(1784903378.987110) can0 5B0#100000000000005E R
(1784903378.987592) can0 120#000000000000008B R
(1784903378.988039) can0 450#0000000000002800 R
(1784903378.990310) can0 541#000010000004DED1 R
(1784903378.990810) can0 12D#00000000000000BE R
(1784903378.990915) can0 12E#000000000000C044 R
(1784903378.991086) can0 12A#10050000000A00B6 R
(1784903378.991232) can0 5A0#0000000004000051 R
(1784903379.000272) can0 12D#00000000000000D4 R
(1784903379.005931) can0 121#00A601CF048000B3 R
(1784903379.006200) can0 129#00000001000000BA R
(1784903379.007550) can0 120#00000000000000BE R
(1784903379.009639) can0 541#000010000004DE30 R
(1784903379.010213) can0 12D#0000000000000035 R
(1784903379.010423) can0 12E#000000000000C071 R
(1784903379.020300) can0 12D#000000000000005F R
(1784903379.025951) can0 121#00A601CF048000D9 R
(1784903379.026211) can0 129#00000001000000D0 R
(1784903379.027604) can0 120#00000000000000D4 R
(1784903379.029015) can0 541#000010000004DE5A R
(1784903379.030318) can0 12D#000000000000006A R
(1784903379.030519) can0 12E#000000000000C090 R
(1784903379.037652) can0 450#0000000000002800 R
(1784903379.040339) can0 12D#000000000000008B R
(1784903379.040716) can0 12A#10050000000A00DC R
(1784903379.045934) can0 121#00A601CF04800038 R
(1784903379.046261) can0 129#0000000100000031 R
(1784903379.047588) can0 120#0000000000000035 R
(1784903379.049653) can0 541#000010000004DF79 R
(1784903379.050310) can0 12D#00000000000000BE R
(1784903379.050506) can0 12E#000000000000C0A5 R
(1784903379.060302) can0 12D#00000000000000D4 R
(1784903379.065996) can0 121#00A601CF04800052 R
(1784903379.066317) can0 129#000000010000005B R
(1784903379.069039) can0 120#000000000000005F R
(1784903379.069440) can0 541#000010000004DF98 R
(1784903379.070238) can0 12D#0000000000000035 R
(1784903379.070563) can0 12E#000000000000C0CF R
(1784903379.080303) can0 12D#000000000000005F R
(1784903379.086126) can0 121#00A601CF04800067 R
(1784903379.086453) can0 129#000000010000006E R
(1784903379.086548) can0 540#000040100000ED00 R
(1784903379.086786) can0 5B0#100000000000006B R
(1784903379.089574) can0 120#000000000000006A R
(1784903379.090068) can0 541#000010000004DFAD R
(1784903379.090199) can0 450#0000000000002800 R
(1784903379.090344) can0 12D#000000000000006A R
(1784903379.090542) can0 12E#000000000000C02E R
(1784903379.090971) can0 12A#10050000000A003D R
(1784903379.091183) can0 5A0#0000000004000064 R
(1784903379.100318) can0 12D#000000000000008B R
(1784903379.106398) can0 121#00A601CF04800086 R
(1784903379.106646) can0 129#000000010000008F R
(1784903379.107883) can0 120#000000000000008B R
(1784903379.109015) can0 541#000010000004DFC7 R
(1784903379.110302) can0 12D#00000000000000BE R
(1784903379.111949) can0 12E#000000000000C044 R
(1784903379.120270) can0 12D#00000000000000D4 R
(1784903379.125940) can0 121#00A601CF048000B3 R
(1784903379.126391) can0 129#00000001000000BA R
(1784903379.127638) can0 120#00000000000000BE R
(1784903379.129778) can0 541#000010000004DF26 R
(1784903379.130301) can0 12D#0000000000000035 R
(1784903379.130471) can0 12E#000000000000C071 R
(1784903379.137648) can0 450#0000000000002800 R
(1784903379.140354) can0 12D#000000000000005F R
(1784903379.140651) can0 12A#10050000000A0057 R
(1784903379.145951) can0 121#00A601CF048000D9 R
(1784903379.146226) can0 129#00000001000000D0 R
(1784903379.148611) can0 120#00000000000000D4 R
(1784903379.149016) can0 541#000010000004DF4C R
(1784903379.150269) can0 12D#000000000000006A R
(1784903379.150574) can0 12E#000000000000C090 R
(1784903379.160266) can0 12D#000000000000008B R
(1784903379.165949) can0 121#00A601CF04800038 R
(1784903379.166228) can0 129#0000000100000031 R
(1784903379.167541) can0 120#0000000000000035 R
(1784903379.170198) can0 541#000010000004DF79 R
(1784903379.170562) can0 12D#00000000000000BE R
(1784903379.170659) can0 12E#000000000000C0A5 R
(1784903379.180294) can0 12D#00000000000000D4 R
(1784903379.185952) can0 121#00A601CF04800052 R
(1784903379.186220) can0 129#000000010000005B R
(1784903379.186353) can0 540#000040100000ED00 R
(1784903379.186605) can0 5B0#100000000000008A R
(1784903379.187667) can0 120#000000000000005F R
(1784903379.188086) can0 450#0000000000002800 R
(1784903379.189049) can0 541#000010000004DF98 R
(1784903379.190407) can0 12D#0000000000000035 R
(1784903379.190602) can0 12E#000000000000C0CF R
(1784903379.190784) can0 12A#10050000000A0062 R
(1784903379.191038) can0 5A0#0000000004000085 R
(1784903379.201170) can0 12D#000000000000005F R
(1784903379.205955) can0 121#00A601CF04800067 R
(1784903379.206222) can0 129#000000010000006E R
(1784903379.209047) can0 120#000000000000006A R
(1784903379.209452) can0 541#000010000004DFAD R
(1784903379.210214) can0 12D#000000000000006A R
(1784903379.210391) can0 12E#000000000000C02E R
(1784903379.220289) can0 12D#000000000000008B R
(1784903379.225950) can0 121#00A601CF04800086 R
(1784903379.226221) can0 129#000000010000008F R
(1784903379.229140) can0 120#000000000000008B R
(1784903379.229547) can0 541#000010000004DFC7 R
(1784903379.230218) can0 12D#00000000000000BE R
(1784903379.230443) can0 12E#000000000000C044 R
(1784903379.237659) can0 450#0000000000002800 R
(1784903379.240291) can0 12D#00000000000000D4 R
(1784903379.240680) can0 12A#10050000000A0083 R
(1784903379.245980) can0 121#00A601CF048000B3 R
(1784903379.246296) can0 129#00000001000000BA R
(1784903379.247795) can0 120#00000000000000BE R
(1784903379.249964) can0 541#000010000004DF26 R
(1784903379.250455) can0 12D#0000000000000035 R
(1784903379.250571) can0 12E#000000000000C071 R
(1784903379.260281) can0 12D#000000000000005F R
(1784903379.265955) can0 121#00A601CF048000D9 R
(1784903379.266277) can0 129#00000001000000D0 R
(1784903379.267564) can0 120#00000000000000D4 R
(1784903379.269027) can0 541#000010000004DF4C R
(1784903379.270259) can0 12D#000000000000006A R
(1784903379.270635) can0 12E#000000000000C090 R
(1784903379.280304) can0 12D#000000000000008B R
(1784903379.285956) can0 121#00A601CF04800038 R
(1784903379.286279) can0 129#0000000100000031 R
(1784903379.286385) can0 540#000040100000ED00 R
(1784903379.286608) can0 5B0#10000000000000BF R
(1784903379.287668) can0 120#0000000000000035 R
(1784903379.288161) can0 450#0000000000002800 R
(1784903379.289775) can0 541#000010000004DF79 R
(1784903379.290419) can0 12D#00000000000000BE R
(1784903379.290586) can0 12E#000000000000C0A5 R
(1784903379.290843) can0 12A#10050000000A00B6 R
(1784903379.291060) can0 5A0#00000000040000B0 R
(1784903379.300299) can0 12D#00000000000000D4 R
(1784903379.305957) can0 121#00A601CF04800052 R
(1784903379.306216) can0 129#000000010000005B R
(1784903379.308878) can0 120#000000000000005F R
(1784903379.309291) can0 541#000010000004DF98 R
(1784903379.310242) can0 12D#0000000000000035 R
(1784903379.310417) can0 12E#000000000000C0CF R
(1784903379.320306) can0 12D#000000000000005F R
(1784903379.325959) can0 121#00A601CF04800067 R
(1784903379.326291) can0 129#000000010000006E R
(1784903379.327600) can0 120#000000000000006A R
(1784903379.329048) can0 541#000010000004DFAD R
(1784903379.330297) can0 12D#000000000000006A R
(1784903379.330667) can0 12E#000000000000C02E R
(1784903379.337662) can0 450#0000000000002800 R
(1784903379.340366) can0 12D#000000000000008B R
(1784903379.340839) can0 12A#10050000000A00DC R
(1784903379.345968) can0 121#00A601CF04800086 R
(1784903379.346340) can0 129#000000010000008F R
(1784903379.347823) can0 120#000000000000008B R
(1784903379.349928) can0 541#000010000004DFC7 R
(1784903379.350250) can0 12D#00000000000000BE R
(1784903379.350447) can0 12E#000000000000C044 R
(1784903379.360313) can0 12D#00000000000000D4 R
(1784903379.365976) can0 121#00A601CF048000B3 R
(1784903379.366350) can0 129#00000001000000BA R
(1784903379.367568) can0 120#00000000000000BE R
(1784903379.369751) can0 541#000010000004DF26 R
(1784903379.370270) can0 12D#0000000000000035 R
(1784903379.370473) can0 12E#000000000000C071 R
(1784903379.380297) can0 12D#000000000000005F R
(1784903379.385953) can0 121#00A601CF048000D9 R
(1784903379.386226) can0 129#00000001000000D0 R
(1784903379.386361) can0 540#000040100000ED00 R
(1784903379.387155) can0 5B0#10000000000000D5 R
(1784903379.388115) can0 120#00000000000000D4 R
(1784903379.388428) can0 450#0000000000002800 R
(1784903379.390391) can0 541#000010000004DF4C R
(1784903379.390879) can0 12D#000000000000006A R
(1784903379.390976) can0 12E#000000000000C090 R
(1784903379.391112) can0 12A#10050000000A003D R
(1784903379.391278) can0 5A0#00000000040000DA R
(1784903379.400298) can0 12D#000000000000008B R
(1784903379.405964) can0 121#00A601CF04800038 R
(1784903379.406339) can0 129#0000000100000031 R
(1784903379.408448) can0 120#0000000000000035 R
(1784903379.408988) can0 541#000010000004DF79 R
(1784903379.410268) can0 12D#00000000000000BE R
(1784903379.412197) can0 12E#000000000000C0A5 R
(1784903379.420327) can0 12D#00000000000000D4 R
(1784903379.425965) can0 121#00A601CF04800052 R
(1784903379.426224) can0 129#000000010000005B R
(1784903379.428956) can0 120#000000000000005F R
(1784903379.429444) can0 541#000010000004DF98 R
(1784903379.430245) can0 12D#0000000000000035 R
(1784903379.430506) can0 12E#000000000000C0CF R
(1784903379.437671) can0 450#0000000000002800 R
(1784903379.440699) can0 12D#000000000000005F R
(1784903379.441027) can0 12A#10050000000A0057 R
(1784903379.446387) can0 121#00A601CF04800067 R
(1784903379.446689) can0 129#000000010000006E R
(1784903379.447676) can0 120#000000000000006A R
(1784903379.449050) can0 541#000010000004DFAD R
(1784903379.450264) can0 12D#000000000000006A R
(1784903379.452804) can0 12E#000000000000C02E R
(1784903379.460284) can0 12D#000000000000008B R
(1784903379.466184) can0 121#00A601CF04800086 R
(1784903379.466494) can0 129#000000010000008F R
(1784903379.469198) can0 120#000000000000008B R
(1784903379.469601) can0 541#000010000004DFC7 R
(1784903379.470207) can0 12D#00000000000000BE R
(1784903379.470534) can0 12E#000000000000C044 R
(1784903379.480286) can0 12D#00000000000000D4 R
(1784903379.485962) can0 121#00A601CF048000B3 R
(1784903379.486418) can0 129#00000001000000BA R
(1784903379.486537) can0 540#000040100000ED00 R
(1784903379.486650) can0 5B0#1000000000000034 R
(1784903379.487716) can0 120#00000000000000BE R
(1784903379.488113) can0 450#0000000000002800 R
(1784903379.490179) can0 541#000010000004DF26 R
(1784903379.490502) can0 12D#0000000000000035 R
(1784903379.490586) can0 12E#000000000000C071 R
(1784903379.490874) can0 12A#10050000000A0062 R
(1784903379.491091) can0 5A0#000000000400003B R
(1784903379.500329) can0 12D#000000000000005F R
(1784903379.505960) can0 121#00A601CF048000D9 R
(1784903379.506225) can0 129#00000001000000D0 R
(1784903379.508880) can0 120#00000000000000D4 R
(1784903379.509270) can0 541#000010000004DF4C R
(1784903379.510218) can0 12D#000000000000006A R
(1784903379.510474) can0 12E#000000000000C090 R
(1784903379.520283) can0 12D#000000000000008B R
(1784903379.525998) can0 121#00A601CF04800038 R
(1784903379.526327) can0 129#0000000100000031 R
(1784903379.527573) can0 120#0000000000000035 R
(1784903379.529125) can0 541#000010000004DF79 R
(1784903379.530363) can0 12D#00000000000000BE R
(1784903379.530632) can0 12E#000000000000C0A5 R
(1784903379.537669) can0 450#0000000000002800 R
(1784903379.540307) can0 12D#00000000000000D4 R
(1784903379.540614) can0 12A#10050000000A0083 R
(1784903379.546056) can0 121#00A601CF04800052 R
(1784903379.546453) can0 129#000000010000005B R
(1784903379.547743) can0 120#000000000000005F R
(1784903379.549037) can0 541#000010000004DF98 R
(1784903379.550924) can0 12D#0000000000000035 R
(1784903379.551312) can0 12E#000000000000C0CF R
(1784903379.560991) can0 12D#000000000000005F R
(1784903379.565987) can0 121#00A601CF04800067 R
(1784903379.566250) can0 129#000000010000006E R
(1784903379.568720) can0 120#000000000000006A R
(1784903379.569235) can0 541#000010000004DFAD R
(1784903379.570248) can0 12D#000000000000006A R
(1784903379.570446) can0 12E#000000000000C02E R
(1784903379.580538) can0 12D#000000000000008B R
(1784903379.588780) can0 121#00A601CF04800086 R
(1784903379.589116) can0 129#000000010000008F R
(1784903379.589215) can0 540#000040100000ED00 R
(1784903379.589387) can0 5B0#100000000000005E R
(1784903379.589532) can0 120#000000000000008B R
(1784903379.592414) can0 450#0000000000002800 R
(1784903379.592786) can0 541#000010000004DFC7 R
(1784903379.592962) can0 12D#00000000000000BE R
(1784903379.593045) can0 12E#000000000000C044 R
(1784903379.593128) can0 12A#10050000000A00B6 R
(1784903379.593224) can0 5A0#0000000004000051 R
(1784903379.600525) can0 12D#00000000000000D4 R
(1784903379.606001) can0 121#00A601CF048000B3 R
(1784903379.607783) can0 129#00000001000000BA R
(1784903379.608118) can0 120#00000000000000BE R
(1784903379.609073) can0 541#000010000004DF26 R
(1784903379.610207) can0 12D#0000000000000035 R
(1784903379.610413) can0 12E#000000000000C071 R
(1784903379.620294) can0 12D#000000000000005F R
(1784903379.625997) can0 121#00A601CF048000D9 R
(1784903379.626407) can0 129#00000001000000D0 R
(1784903379.627569) can0 120#00000000000000D4 R
(1784903379.629720) can0 541#000010000004DF4C R
(1784903379.630238) can0 12D#000000000000006A R
(1784903379.630514) can0 12E#000000000000C090 R
(1784903379.637680) can0 450#0000000000002800 R
(1784903379.640310) can0 12D#000000000000008B R
(1784903379.640549) can0 12A#10050000000A00DC R
(1784903379.645986) can0 121#00A601CF04800038 R
(1784903379.646390) can0 129#0000000100000031 R
(1784903379.648128) can0 120#0000000000000035 R
(1784903379.649229) can0 541#000010000004DF79 R
(1784903379.650325) can0 12D#00000000000000BE R
(1784903379.650523) can0 12E#000000000000C0A5 R
(1784903379.660277) can0 12D#00000000000000D4 R
(1784903379.665986) can0 121#00A601CF04800052 R
(1784903379.666252) can0 129#000000010000005B R
(1784903379.667593) can0 120#000000000000005F R
(1784903379.669257) can0 541#000010000004DF98 R
(1784903379.670228) can0 12D#0000000000000035 R
(1784903379.670419) can0 12E#000000000000C0CF R
(1784903379.680291) can0 12D#000000000000005F R
(1784903379.686009) can0 121#00A601CF04800067 R
(1784903379.686286) can0 129#000000010000006E R
(1784903379.686413) can0 540#000040100000ED00 R
(1784903379.686672) can0 5B0#100000000000006B R
(1784903379.687700) can0 120#000000000000006A R
(1784903379.688148) can0 450#0000000000002800 R
(1784903379.690672) can0 541#000010000004DFAD R
(1784903379.691125) can0 12D#000000000000006A R
(1784903379.691244) can0 12E#000000000000C02E R
(1784903379.691342) can0 12A#10050000000A003D R
(1784903379.691451) can0 5A0#0000000004000064 R
(1784903379.700316) can0 12D#000000000000008B R
(1784903379.706050) can0 121#00A601CF04800086 R
(1784903379.706428) can0 129#000000010000008F R
(1784903379.707602) can0 120#000000000000008B R
(1784903379.709000) can0 541#000010000004DFC7 R
(1784903379.710207) can0 12D#00000000000000BE R
(1784903379.710413) can0 12E#000000000000C044 R
(1784903379.720294) can0 12D#00000000000000D4 R
(1784903379.725985) can0 121#00A601CF048000B3 R
(1784903379.726256) can0 129#00000001000000BA R
(1784903379.727870) can0 120#00000000000000BE R
(1784903379.729730) can0 541#000010000004DF26 R
(1784903379.730232) can0 12D#0000000000000035 R
(1784903379.730414) can0 12E#000000000000C071 R
(1784903379.737679) can0 450#0000000000002800 R
(1784903379.740411) can0 12D#000000000000005F R
(1784903379.740791) can0 12A#10050000000A0057 R
(1784903379.746300) can0 121#00A601CF048000D9 R
(1784903379.746610) can0 129#00000001000000D0 R
(1784903379.747613) can0 120#00000000000000D4 R
(1784903379.749051) can0 541#000010000004DF4C R
(1784903379.750198) can0 12D#000000000000006A R
(1784903379.750512) can0 12E#000000000000C090 R
(1784903379.760275) can0 12D#000000000000008B R
(1784903379.766005) can0 121#00A601CF04800038 R
(1784903379.766267) can0 129#0000000100000031 R
(1784903379.769171) can0 120#0000000000000035 R
(1784903379.769486) can0 541#000010000004DF79 R
(1784903379.770252) can0 12D#00000000000000BE R
(1784903379.770640) can0 12E#000000000000C0A5 R
(1784903379.780314) can0 12D#00000000000000D4 R
(1784903379.785998) can0 121#00A601CF04800052 R
(1784903379.786277) can0 129#000000010000005B R
(1784903379.786477) can0 540#000040100000ED00 R
(1784903379.786640) can0 5B0#100000000000008A R
(1784903379.787713) can0 120#000000000000005F R
(1784903379.788108) can0 450#0000000000002800 R
(1784903379.789812) can0 541#000010000004DF98 R
(1784903379.790354) can0 12D#0000000000000035 R
(1784903379.790536) can0 12E#000000000000C0CF R
(1784903379.790828) can0 12A#10050000000A0062 R
(1784903379.791023) can0 5A0#0000000004000085 R
(1784903379.800499) can0 12D#000000000000005F R
(1784903379.806182) can0 121#00A601CF04800067 R
(1784903379.806634) can0 129#000000010000006E R
(1784903379.807739) can0 120#000000000000006A R
(1784903379.808995) can0 541#000010000004DFAD R
(1784903379.811484) can0 12D#000000000000006A R
(1784903379.811859) can0 12E#000000000000C02E R
(1784903379.820286) can0 12D#000000000000008B R
(1784903379.826060) can0 121#00A601CF04800086 R
(1784903379.826523) can0 129#000000010000008F R
(1784903379.827671) can0 120#000000000000008B R
(1784903379.830312) can0 541#000010000004DFC7 R
(1784903379.830672) can0 12D#00000000000000BE R
(1784903379.830880) can0 12E#000000000000C044 R
(1784903379.837667) can0 450#0000000000002800 R
(1784903379.840321) can0 12D#00000000000000D4 R
(1784903379.840558) can0 12A#10050000000A0083 R
(1784903379.846180) can0 121#00A601CF048000B3 R
(1784903379.846456) can0 129#00000001000000BA R
(1784903379.848370) can0 120#00000000000000BE R
(1784903379.849609) can0 541#000010000004DF26 R
(1784903379.850271) can0 12D#0000000000000035 R
(1784903379.850453) can0 12E#000000000000C071 R
(1784903379.860313) can0 12D#000000000000005F R
(1784903379.865997) can0 121#00A601CF048000D9 R
(1784903379.866279) can0 129#00000001000000D0 R
(1784903379.867591) can0 120#00000000000000D4 R
(1784903379.869913) can0 541#000010000004DF4C R
(1784903379.870351) can0 12D#000000000000006A R
(1784903379.870463) can0 12E#000000000000C090 R
(1784903379.880282) can0 12D#000000000000008B R
(1784903379.886010) can0 121#00A601CF04800038 R
(1784903379.886273) can0 129#0000000100000031 R
(1784903379.886411) can0 540#000040100000ED00 R
(1784903379.886663) can0 5B0#10000000000000BF R
(1784903379.887794) can0 120#0000000000000035 R
(1784903379.889909) can0 450#0000000000002800 R
(1784903379.890228) can0 541#000010000004DF79 R
(1784903379.890339) can0 12D#00000000000000BE R
(1784903379.890573) can0 12E#000000000000C0A5 R
(1784903379.890790) can0 12A#10050000000A00B6 R
(1784903379.891055) can0 5A0#00000000040000B0 R
(1784903379.900287) can0 12D#00000000000000D4 R
(1784903379.906019) can0 121#00A601CF04800052 R
(1784903379.906300) can0 129#000000010000005B R
(1784903379.907603) can0 120#000000000000005F R
(1784903379.910215) can0 541#000010000004DF98 R
(1784903379.910577) can0 12D#0000000000000035 R
(1784903379.910677) can0 12E#000000000000C0CF R
(1784903379.920310) can0 12D#000000000000005F R
(1784903379.926013) can0 121#00A601CF04800067 R
(1784903379.926280) can0 129#000000010000006E R
(1784903379.927617) can0 120#000000000000006A R
(1784903379.929101) can0 541#000010000004DFAD R
(1784903379.930243) can0 12D#000000000000006A R
(1784903379.930495) can0 12E#000000000000C02E R
(1784903379.937678) can0 450#0000000000002800 R
(1784903379.940863) can0 12D#000000000000008B R
(1784903379.941160) can0 12A#10050000000A00DC R
(1784903379.946011) can0 121#00A601CF04800086 R
(1784903379.946272) can0 129#000000010000008F R
(1784903379.948254) can0 120#000000000000008B R
(1784903379.949388) can0 541#000010000004DFC7 R
(1784903379.950221) can0 12D#00000000000000BE R
(1784903379.950553) can0 12E#000000000000C044 R
(1784903379.960253) can0 12D#00000000000000D4 R
(1784903379.966606) can0 121#00A601CF048000B3 R
(1784903379.966910) can0 129#00000001000000BA R
(1784903379.967820) can0 120#00000000000000BE R
(1784903379.969042) can0 541#000010000004DF26 R
(1784903379.970573) can0 12D#0000000000000035 R
(1784903379.970982) can0 12E#000000000000C071 R
(1784903379.980299) can0 12D#000000000000005F R
(1784903379.986066) can0 121#00A601CF048000D9 R
(1784903379.986421) can0 129#00000001000000D0 R
(1784903379.986606) can0 540#000040100000ED00 R
(1784903379.986714) can0 5B0#10000000000000D5 R
(1784903379.987723) can0 120#00000000000000D4 R
(1784903379.988497) can0 450#0000000000002800 R
(1784903379.990707) can0 541#000010000004DF4C R
(1784903379.990861) can0 12D#000000000000006A R
(1784903379.990973) can0 12E#000000000000C090 R
(1784903379.991095) can0 12A#10050000000A003D R
(1784903379.991220) can0 5A0#00000000040000DA R
(1784903380.000300) can0 12D#000000000000008B R
(1784903380.006016) can0 121#00A601CF04800038 R
(1784903380.006350) can0 129#0000000100000031 R
(1784903380.009055) can0 120#0000000000000035 R
(1784903380.009435) can0 541#000010000004DF79 R
(1784903380.010200) can0 12D#00000000000000BE R
(1784903380.010508) can0 12E#000000000000C0A5 R
(1784903380.020269) can0 12D#00000000000000D4 R
(1784903380.026041) can0 121#00A601CF04800052 R
(1784903380.026351) can0 129#000000010000005B R
(1784903380.027675) can0 120#000000000000005F R
(1784903380.029115) can0 541#000010000004DF98 R
(1784903380.031634) can0 12D#0000000000000035 R
(1784903380.032095) can0 12E#000000000000C0CF R
(1784903380.037788) can0 450#0000000000002800 R
(1784903380.040325) can0 12D#000000000000005F R
(1784903380.040566) can0 12A#10050000000A0057 R
(1784903380.046011) can0 121#00A601CF04800067 R
(1784903380.046282) can0 129#000000010000006E R
(1784903380.047636) can0 120#000000000000006A R
(1784903380.049022) can0 541#000010000004E0BA R
(1784903380.051631) can0 12D#000000000000006A R
(1784903380.052063) can0 12E#000000000000C02E R
(1784903380.060285) can0 12D#000000000000008B R
(1784903380.066011) can0 121#00A601CF04800086 R
(1784903380.066288) can0 129#000000010000008F R
(1784903380.067609) can0 120#000000000000008B R
(1784903380.069006) can0 541#000010000004E0D0 R
(1784903380.071675) can0 12D#00000000000000BE R
(1784903380.071956) can0 12E#000000000000C044 R
(1784903380.080264) can0 12D#00000000000000D4 R
(1784903380.086040) can0 121#00A601CF048000B3 R
(1784903380.086434) can0 129#00000001000000BA R
(1784903380.086539) can0 540#000040100000ED00 R
(1784903380.087127) can0 5B0#1000000000000034 R
(1784903380.087824) can0 120#00000000000000BE R
(1784903380.089896) can0 450#0000000000002800 R
(1784903380.090327) can0 541#000010000004E031 R
(1784903380.090455) can0 12D#0000000000000035 R
(1784903380.090663) can0 12E#000000000000C071 R
(1784903380.090821) can0 12A#10050000000A0062 R
(1784903380.091082) can0 5A0#000000000400003B R
(1784903380.100307) can0 12D#000000000000005F R
(1784903380.106039) can0 121#00A601CF048000D9 R
(1784903380.106472) can0 129#00000001000000D0 R
(1784903380.108206) can0 120#00000000000000D4 R
(1784903380.109271) can0 541#000010000004E05B R
(1784903380.110382) can0 12D#000000000000006A R
(1784903380.112491) can0 12E#000000000000C090 R
(1784903380.120296) can0 12D#000000000000008B R
(1784903380.126103) can0 121#00A601CF04800038 R
(1784903380.126456) can0 129#0000000100000031 R
(1784903380.127655) can0 120#0000000000000035 R
(1784903380.129037) can0 541#000010000004E06E R
(1784903380.130267) can0 12D#00000000000000BE R
(1784903380.130615) can0 12E#000000000000C0A5 R
(1784903380.137688) can0 450#0000000000002800 R
(1784903380.140289) can0 12D#00000000000000D4 R
(1784903380.140540) can0 12A#10050000000A0083 R
(1784903380.146029) can0 121#00A601CF04800052 R
(1784903380.146289) can0 129#000000010000005B R
(1784903380.148155) can0 120#000000000000005F R
(1784903380.149095) can0 541#000010000004E08F R
(1784903380.151489) can0 12D#0000000000000035 R
(1784903380.151877) can0 12E#000000000000C0CF R
(1784903380.160277) can0 12D#000000000000005F R
(1784903380.166028) can0 121#00A601CF04800067 R
(1784903380.166291) can0 129#000000010000006E R
(1784903380.169635) can0 120#000000000000006A R
(1784903380.170060) can0 541#000010000004E0BA R
(1784903380.170184) can0 12D#000000000000006A R
(1784903380.170407) can0 12E#000000000000C02E R
(1784903380.180268) can0 12D#000000000000008B R
(1784903380.186539) can0 121#00A601CF04800086 R
(1784903380.186861) can0 129#000000010000008F R
(1784903380.187070) can0 540#000040100000ED00 R
(1784903380.187152) can0 5B0#100000000000005E R
(1784903380.187857) can0 120#000000000000008B R
(1784903380.188156) can0 450#0000000000002800 R
(1784903380.189050) can0 541#000010000004E0D0 R
(1784903380.191466) can0 12D#00000000000000BE R
(1784903380.191883) can0 12E#000000000000C044 R
(1784903380.191976) can0 12A#10050000000A00B6 R
(1784903380.192194) can0 5A0#0000000004000051 R
(1784903380.200301) can0 12D#00000000000000D4 R
(1784903380.206400) can0 121#00A601CF048000B3 R
(1784903380.206709) can0 129#00000001000000BA R
(1784903380.207982) can0 120#00000000000000BE R
(1784903380.209060) can0 541#000010000004E031 R
(1784903380.210234) can0 12D#0000000000000035 R
(1784903380.211903) can0 12E#000000000000C071 R
(1784903380.220404) can0 12D#000000000000005F R
(1784903380.226729) can0 121#00A601CF048000D9 R
(1784903380.227050) can0 129#00000001000000D0 R
(1784903380.227980) can0 120#00000000000000D4 R
(1784903380.229280) can0 541#000010000004E05B R
(1784903380.230900) can0 12D#000000000000006A R
(1784903380.231112) can0 12E#000000000000C090 R
(1784903380.237694) can0 450#0000000000002800 R
(1784903380.240286) can0 12D#000000000000008B R
(1784903380.240533) can0 12A#10050000000A00DC R
(1784903380.246049) can0 121#00A601CF04800038 R
(1784903380.246321) can0 129#0000000100000031 R
(1784903380.247673) can0 120#0000000000000035 R
(1784903380.249144) can0 541#000010000004E06E R
(1784903380.251628) can0 12D#00000000000000BE R
(1784903380.252022) can0 12E#000000000000C0A5 R
(1784903380.260280) can0 12D#00000000000000D4 R
(1784903380.266059) can0 121#00A601CF04800052 R
(1784903380.266390) can0 129#000000010000005B R
(1784903380.267750) can0 120#000000000000005F R
(1784903380.269278) can0 541#000010000004E08F R
(1784903380.270612) can0 12D#0000000000000035 R
(1784903380.270919) can0 12E#000000000000C0CF R
(1784903380.280287) can0 12D#000000000000005F R
(1784903380.286042) can0 121#00A601CF04800067 R
(1784903380.286316) can0 129#000000010000006E R
(1784903380.286452) can0 540#000040100000ED00 R
(1784903380.286698) can0 5B0#100000000000006B R
(1784903380.287762) can0 120#000000000000006A R
(1784903380.289945) can0 450#0000000000002800 R
(1784903380.290065) can0 541#000010000004E0BA R
(1784903380.290341) can0 12D#000000000000006A R
(1784903380.290626) can0 12E#000000000000C02E R
(1784903380.290797) can0 12A#10050000000A003D R
(1784903380.291035) can0 5A0#0000000004000064 R
(1784903380.300252) can0 12D#000000000000008B R
(1784903380.306038) can0 121#00A601CF04800086 R
(1784903380.306307) can0 129#000000010000008F R
(1784903380.307641) can0 120#000000000000008B R
(1784903380.309314) can0 541#000010000004E0D0 R
(1784903380.310297) can0 12D#00000000000000BE R
(1784903380.310481) can0 12E#000000000000C044 R
(1784903380.320249) can0 12D#00000000000000D4 R
(1784903380.326030) can0 121#00A601CF048000B3 R
(1784903380.326298) can0 129#00000001000000BA R
(1784903380.328675) can0 120#00000000000000BE R
(1784903380.329211) can0 541#000010000004E031 R
(1784903380.330252) can0 12D#0000000000000035 R
(1784903380.330580) can0 12E#000000000000C071 R
(1784903380.337681) can0 450#0000000000002800 R
(1784903380.340651) can0 12D#000000000000005F R
(1784903380.341028) can0 12A#10050000000A0057 R
(1784903380.346692) can0 121#00A601CF048000D9 R
(1784903380.346954) can0 129#00000001000000D0 R
(1784903380.347686) can0 120#00000000000000D4 R
(1784903380.349102) can0 541#000010000004E05B R
(1784903380.350241) can0 12D#000000000000006A R
(1784903380.350470) can0 12E#000000000000C090 R
(1784903380.360256) can0 12D#000000000000008B R
(1784903380.366037) can0 121#00A601CF04800038 R
(1784903380.366374) can0 129#0000000100000031 R
(1784903380.367624) can0 120#0000000000000035 R
(1784903380.370022) can0 541#000010000004E06E R
(1784903380.370415) can0 12D#00000000000000BE R
(1784903380.370511) can0 12E#000000000000C0A5 R
(1784903380.380266) can0 12D#00000000000000D4 R
(1784903380.386106) can0 121#00A601CF04800052 R
(1784903380.386506) can0 129#000000010000005B R
(1784903380.386698) can0 540#000040100000ED00 R
(1784903380.386819) can0 5B0#100000000000008A R
(1784903380.387746) can0 120#000000000000005F R
(1784903380.388160) can0 450#0000000000002800 R
(1784903380.390429) can0 541#000010000004E08F R
(1784903380.390824) can0 12D#0000000000000035 R
(1784903380.390927) can0 12E#000000000000C0CF R
(1784903380.391044) can0 12A#10050000000A0062 R
(1784903380.391262) can0 5A0#0000000004000085 R
(1784903380.400327) can0 12D#000000000000005F R
(1784903380.406066) can0 121#00A601CF04800067 R
(1784903380.407841) can0 129#000000010000006E R
(1784903380.407999) can0 120#000000000000006A R
(1784903380.409009) can0 541#000010000004E0BA R
(1784903380.411385) can0 12D#000000000000006A R
(1784903380.411870) can0 12E#000000000000C02E R
(1784903380.420280) can0 12D#000000000000008B R
(1784903380.426042) can0 121#00A601CF04800086 R
(1784903380.426319) can0 129#000000010000008F R
(1784903380.427635) can0 120#000000000000008B R
(1784903380.429013) can0 541#000010000004E0D0 R
(1784903380.430203) can0 12D#00000000000000BE R
(1784903380.430566) can0 12E#000000000000C044 R
(1784903380.437682) can0 450#0000000000002800 R
(1784903380.440286) can0 12D#00000000000000D4 R
(1784903380.440672) can0 12A#10050000000A0083 R
(1784903380.446073) can0 121#00A601CF048000B3 R
(1784903380.447170) can0 129#00000001000000BA R
(1784903380.447637) can0 120#00000000000000BE R
(1784903380.449331) can0 541#000010000004E031 R
(1784903380.450236) can0 12D#0000000000000035 R
(1784903380.450446) can0 12E#000000000000C071 R
(1784903380.460283) can0 12D#000000000000005F R
(1784903380.466070) can0 121#00A601CF048000D9 R
(1784903380.466345) can0 129#00000001000000D0 R
(1784903380.468956) can0 120#00000000000000D4 R
(1784903380.469339) can0 541#000010000004E05B R
(1784903380.470279) can0 12D#000000000000006A R
(1784903380.470482) can0 12E#000000000000C090 R
(1784903380.480252) can0 12D#000000000000008B R
(1784903380.486062) can0 121#00A601CF04800038 R
(1784903380.486388) can0 129#0000000100000031 R
(1784903380.486481) can0 540#000040100000ED00 R
(1784903380.487049) can0 5B0#10000000000000BF R
(1784903380.489366) can0 120#0000000000000035 R
(1784903380.489764) can0 450#0000000000002800 R
(1784903380.489857) can0 541#000010000004E06E R
(1784903380.490380) can0 12D#00000000000000BE R
(1784903380.490599) can0 12E#000000000000C0A5 R
(1784903380.490940) can0 12A#10050000000A00B6 R
(1784903380.491099) can0 5A0#00000000040000B0 R
(1784903380.500268) can0 12D#00000000000000D4 R
(1784903380.506054) can0 121#00A601CF04800052 R
(1784903380.506324) can0 129#000000010000005B R
(1784903380.508366) can0 120#000000000000005F R
(1784903380.509033) can0 541#000010000004E08F R
(1784903380.510218) can0 12D#0000000000000035 R
(1784903380.510490) can0 12E#000000000000C0CF R
(1784903380.520256) can0 12D#000000000000005F R
(1784903380.526059) can0 121#00A601CF04800067 R
(1784903380.526332) can0 129#000000010000006E R
(1784903380.529312) can0 120#000000000000006A R
(1784903380.529692) can0 541#000010000004E0BA R
(1784903380.530281) can0 12D#000000000000006A R
(1784903380.530444) can0 12E#000000000000C02E R
(1784903380.537695) can0 450#0000000000002800 R
(1784903380.540306) can0 12D#000000000000008B R
(1784903380.540564) can0 12A#10050000000A00DC R
(1784903380.546051) can0 121#00A601CF04800086 R
(1784903380.546322) can0 129#000000010000008F R
(1784903380.548940) can0 120#000000000000008B R
(1784903380.549366) can0 541#000010000004E0D0 R
(1784903380.550354) can0 12D#00000000000000BE R
(1784903380.550641) can0 12E#000000000000C044 R
(1784903380.560268) can0 12D#00000000000000D4 R
(1784903380.566086) can0 121#00A601CF048000B3 R
(1784903380.566354) can0 129#00000001000000BA R
(1784903380.567660) can0 120#00000000000000BE R
(1784903380.570008) can0 541#000010000004E031 R
(1784903380.570408) can0 12D#0000000000000035 R
(1784903380.570506) can0 12E#000000000000C071 R
(1784903380.580300) can0 12D#000000000000005F R
(1784903380.586825) can0 121#00A601CF048000D9 R
(1784903380.588016) can0 129#00000001000000D0 R
(1784903380.588448) can0 540#000040100000ED00 R
(1784903380.588581) can0 5B0#10000000000000D5 R
(1784903380.588688) can0 120#00000000000000D4 R
(1784903380.588832) can0 450#0000000000002800 R
(1784903380.589420) can0 541#000010000004E05B R
(1784903380.592335) can0 12D#000000000000006A R
(1784903380.594308) can0 12E#000000000000C090 R
(1784903380.594517) can0 12A#10050000000A003D R
(1784903380.594651) can0 5A0#00000000040000DA R
(1784903380.600300) can0 12D#000000000000008B R
(1784903380.606260) can0 121#00A601CF04800038 R
(1784903380.606577) can0 129#0000000100000031 R
(1784903380.609514) can0 120#0000000000000035 R
(1784903380.609843) can0 541#000010000004E06E R
(1784903380.610180) can0 12D#00000000000000BE R
(1784903380.610465) can0 12E#000000000000C0A5 R
(1784903380.620287) can0 12D#00000000000000D4 R
(1784903380.626068) can0 121#00A601CF04800052 R
(1784903380.626324) can0 129#000000010000005B R
(1784903380.629017) can0 120#000000000000005F R
(1784903380.629407) can0 541#000010000004E08F R
(1784903380.630207) can0 12D#0000000000000035 R
(1784903380.630516) can0 12E#000000000000C0CF R
(1784903380.637695) can0 450#0000000000002800 R
(1784903380.640591) can0 12D#000000000000005F R
(1784903380.640960) can0 12A#10050000000A0057 R
(1784903380.646631) can0 121#00A601CF04800067 R
(1784903380.646888) can0 129#000000010000006E R
(1784903380.647762) can0 120#000000000000006A R
(1784903380.649085) can0 541#000010000004E0BA R
(1784903380.650201) can0 12D#000000000000006A R
(1784903380.650439) can0 12E#000000000000C02E R
(1784903380.660229) can0 12D#000000000000008B R
(1784903380.666059) can0 121#00A601CF04800086 R
(1784903380.666354) can0 129#000000010000008F R
(1784903380.667638) can0 120#000000000000008B R
(1784903380.669930) can0 541#000010000004E0D0 R
(1784903380.670433) can0 12D#00000000000000BE R
(1784903380.670519) can0 12E#000000000000C044 R
(1784903380.680262) can0 12D#00000000000000D4 R
(1784903380.686083) can0 121#00A601CF048000B3 R
(1784903380.686404) can0 129#00000001000000BA R
(1784903380.686501) can0 540#000040100000ED00 R
(1784903380.686736) can0 5B0#1000000000000034 R
(1784903380.689520) can0 120#00000000000000BE R
(1784903380.689935) can0 450#0000000000002800 R
(1784903380.690046) can0 541#000010000004E031 R
(1784903380.690350) can0 12D#0000000000000035 R
(1784903380.690649) can0 12E#000000000000C071 R
(1784903380.690766) can0 12A#10050000000A0062 R
(1784903380.691028) can0 5A0#000000000400003B R
(1784903380.700289) can0 12D#000000000000005F R
(1784903380.706246) can0 121#00A601CF048000D9 R
(1784903380.706616) can0 129#00000001000000D0 R
(1784903380.707670) can0 120#00000000000000D4 R
(1784903380.709014) can0 541#000010000004E05B R
(1784903380.711362) can0 12D#000000000000006A R
(1784903380.711746) can0 12E#000000000000C090 R
(1784903380.720258) can0 12D#000000000000008B R
(1784903380.726069) can0 121#00A601CF04800038 R
(1784903380.726353) can0 129#0000000100000031 R
(1784903380.727659) can0 120#0000000000000035 R
(1784903380.730217) can0 541#000010000004E06E R
(1784903380.730608) can0 12D#00000000000000BE R
(1784903380.730708) can0 12E#000000000000C0A5 R
(1784903380.738184) can0 450#0000000000002800 R
(1784903380.740712) can0 12D#00000000000000D4 R
(1784903380.740955) can0 12A#10050000000A0083 R
(1784903380.746079) can0 121#00A601CF04800052 R
(1784903380.746342) can0 129#000000010000005B R
(1784903380.747713) can0 120#000000000000005F R
(1784903380.749125) can0 541#000010000004E08F R
(1784903380.752099) can0 12D#0000000000000035 R
(1784903380.752516) can0 12E#000000000000C0CF R
(1784903380.760283) can0 12D#000000000000005F R
(1784903380.766080) can0 121#00A601CF04800067 R
(1784903380.766348) can0 129#000000010000006E R
(1784903380.767708) can0 120#000000000000006A R
(1784903380.769790) can0 541#000010000004E0BA R
(1784903380.770221) can0 12D#000000000000006A R
(1784903380.770385) can0 12E#000000000000C02E R
(1784903380.780233) can0 12D#000000000000008B R
(1784903380.786126) can0 121#00A601CF04800086 R
(1784903380.786460) can0 129#000000010000008F R
(1784903380.786555) can0 540#000040100000ED00 R
(1784903380.786740) can0 5B0#100000000000005E R
(1784903380.787898) can0 120#000000000000008B R
(1784903380.790089) can0 450#0000000000002800 R
(1784903380.790534) can0 541#000010000004E0D0 R
(1784903380.790654) can0 12D#00000000000000BE R
(1784903380.790787) can0 12E#000000000000C044 R
(1784903380.790938) can0 12A#10050000000A00B6 R
(1784903380.791120) can0 5A0#0000000004000051 R
(1784903380.800246) can0 12D#00000000000000D4 R
(1784903380.806094) can0 121#00A601CF048000B3 R
(1784903380.806369) can0 129#00000001000000BA R
(1784903380.807729) can0 120#00000000000000BE R
(1784903380.809073) can0 541#000010000004E031 R
(1784903380.810206) can0 12D#0000000000000035 R
(1784903380.810601) can0 12E#000000000000C071 R
(1784903380.820580) can0 12D#000000000000005F R
(1784903380.826075) can0 121#00A601CF048000D9 R
(1784903380.826404) can0 129#00000001000000D0 R
(1784903380.827664) can0 120#00000000000000D4 R
(1784903380.830237) can0 541#000010000004E05B R
(1784903380.830616) can0 12D#000000000000006A R
(1784903380.830711) can0 12E#000000000000C090 R
(1784903380.837709) can0 450#0000000000002800 R
(1784903380.840311) can0 12D#000000000000008B R
(1784903380.840615) can0 12A#10050000000A00DC R
(1784903380.846114) can0 121#00A601CF04800038 R
(1784903380.847209) can0 129#0000000100000031 R
(1784903380.847673) can0 120#0000000000000035 R
(1784903380.849244) can0 541#000010000004E06E R
(1784903380.850231) can0 12D#00000000000000BE R
(1784903380.850470) can0 12E#000000000000C0A5 R
(1784903380.860277) can0 12D#00000000000000D4 R
(1784903380.866087) can0 121#00A601CF04800052 R
(1784903380.866406) can0 129#000000010000005B R
(1784903380.869064) can0 120#000000000000005F R
(1784903380.869453) can0 541#000010000004E08F R
(1784903380.870183) can0 12D#0000000000000035 R
(1784903380.870407) can0 12E#000000000000C0CF R
(1784903380.880252) can0 12D#000000000000005F R
(1784903380.886106) can0 121#00A601CF04800067 R
(1784903380.886604) can0 129#000000010000006E R
(1784903380.886743) can0 540#000040100000ED00 R
(1784903380.886855) can0 5B0#100000000000006B R
(1784903380.887832) can0 120#000000000000006A R
(1784903380.888401) can0 450#0000000000002800 R
(1784903380.890457) can0 541#000010000004E0BA R
(1784903380.890859) can0 12D#000000000000006A R
(1784903380.891085) can0 12E#000000000000C02E R
(1784903380.891244) can0 12A#10050000000A003D R
(1784903380.891365) can0 5A0#0000000004000064 R
(1784903380.900275) can0 12D#000000000000008B R
(1784903380.906109) can0 121#00A601CF04800086 R
(1784903380.906495) can0 129#000000010000008F R
(1784903380.907665) can0 120#000000000000008B R
(1784903380.909886) can0 541#000010000004E0D0 R
(1784903380.910280) can0 12D#00000000000000BE R
(1784903380.910406) can0 12E#000000000000C044 R
(1784903380.920224) can0 12D#00000000000000D4 R
(1784903380.926543) can0 121#00A601CF048000B3 R
(1784903380.926896) can0 129#00000001000000BA R
(1784903380.927725) can0 120#00000000000000BE R
(1784903380.930108) can0 541#000010000004E031 R
(1784903380.930519) can0 12D#0000000000000035 R
(1784903380.930633) can0 12E#000000000000C071 R
(1784903380.937701) can0 450#0000000000002800 R
(1784903380.940279) can0 12D#000000000000005F R
(1784903380.940625) can0 12A#10050000000A0057 R
(1784903380.946094) can0 121#00A601CF048000D9 R
(1784903380.946541) can0 129#00000001000000D0 R
(1784903380.948643) can0 120#00000000000000D4 R
(1784903380.949261) can0 541#000010000004E05B R
(1784903380.950211) can0 12D#000000000000006A R
(1784903380.950393) can0 12E#000000000000C090 R
(1784903380.960246) can0 12D#000000000000008B R
(1784903380.966164) can0 121#00A601CF04800038 R
(1784903380.966430) can0 129#0000000100000031 R
(1784903380.969399) can0 120#0000000000000035 R
(1784903380.969774) can0 541#000010000004E06E R
(1784903380.970189) can0 12D#00000000000000BE R
(1784903380.970397) can0 12E#000000000000C0A5 R
(1784903380.980266) can0 12D#00000000000000D4 R
(1784903380.986283) can0 121#00A601CF04800052 R
(1784903380.986691) can0 129#000000010000005B R
(1784903380.986799) can0 540#000040100000ED00 R
(1784903380.986996) can0 5B0#100000000000008A R
(1784903380.987990) can0 120#000000000000005F R
(1784903380.989150) can0 541#000010000004E08F R
(1784903380.991308) can0 450#0000000000002800 R
(1784903380.991718) can0 12D#0000000000000035 R
(1784903380.991844) can0 12E#000000000000C0CF R
(1784903380.991988) can0 12A#10050000000A0062 R
(1784903380.992188) can0 5A0#0000000004000085 R
(1784903381.000267) can0 12D#000000000000005F R
(1784903381.006169) can0 121#00A601CF04800067 R
(1784903381.006501) can0 129#000000010000006E R
(1784903381.007707) can0 120#000000000000006A R
(1784903381.010071) can0 541#000010000004E0BA R
(1784903381.010455) can0 12D#000000000000006A R
(1784903381.010680) can0 12E#000000000000C02E R
(1784903381.020265) can0 12D#000000000000008B R
(1784903381.026101) can0 121#00A601CF04800086 R
(1784903381.026358) can0 129#000000010000008F R
(1784903381.029008) can0 120#000000000000008B R
(1784903381.029427) can0 541#000010000004E0D0 R
(1784903381.030216) can0 12D#00000000000000BE R
(1784903381.030507) can0 12E#000000000000C044 R
(1784903381.037702) can0 450#0000000000002800 R
(1784903381.040320) can0 12D#00000000000000D4 R
(1784903381.040708) can0 12A#10050000000A0083 R
(1784903381.046095) can0 121#00A601CF048000B3 R
(1784903381.046392) can0 129#00000001000000BA R
(1784903381.047677) can0 120#00000000000000BE R
(1784903381.050001) can0 541#000010000004E127 R
(1784903381.050497) can0 12D#0000000000000035 R
(1784903381.050615) can0 12E#000000000000C071 R
(1784903381.060245) can0 12D#000000000000005F R
(1784903381.066108) can0 121#00A601CF048000D9 R
(1784903381.066428) can0 129#00000001000000D0 R
(1784903381.067717) can0 120#00000000000000D4 R
(1784903381.069791) can0 541#000010000004E14D R
(1784903381.070324) can0 12D#000000000000006A R
(1784903381.070494) can0 12E#000000000000C090 R
(1784903381.080215) can0 12D#000000000000008B R
(1784903381.086104) can0 121#00A601CF04800038 R
(1784903381.086420) can0 129#0000000100000031 R
(1784903381.086521) can0 540#000040100000ED00 R
(1784903381.088935) can0 5B0#10000000000000BF R
(1784903381.089360) can0 120#0000000000000035 R
(1784903381.089545) can0 450#0000000000002800 R
(1784903381.089664) can0 541#000010000004E178 R
(1784903381.090345) can0 12D#00000000000000BE R
(1784903381.090669) can0 12E#000000000000C0A5 R
(1784903381.090806) can0 12A#10050000000A00B6 R
(1784903381.091039) can0 5A0#00000000040000B0 R
(1784903381.100348) can0 12D#00000000000000D4 R
(1784903381.106108) can0 121#00A601CF04800052 R
(1784903381.106534) can0 129#000000010000005B R
(1784903381.108383) can0 120#000000000000005F R
(1784903381.109390) can0 541#000010000004E199 R
(1784903381.110209) can0 12D#0000000000000035 R
(1784903381.110390) can0 12E#000000000000C0CF R
(1784903381.120245) can0 12D#000000000000005F R
(1784903381.126126) can0 121#00A601CF04800067 R
(1784903381.126392) can0 129#000000010000006E R
(1784903381.127753) can0 120#000000000000006A R
(1784903381.129084) can0 541#000010000004E1AC R
(1784903381.130229) can0 12D#000000000000006A R
(1784903381.130428) can0 12E#000000000000C02E R
(1784903381.137719) can0 450#0000000000002800 R
(1784903381.140279) can0 12D#000000000000008B R
(1784903381.140759) can0 12A#10050000000A00DC R
(1784903381.146107) can0 121#00A601CF04800086 R
(1784903381.146370) can0 129#000000010000008F R
(1784903381.148965) can0 120#000000000000008B R
(1784903381.149368) can0 541#000010000004E1C6 R
(1784903381.150161) can0 12D#00000000000000BE R
(1784903381.150404) can0 12E#000000000000C044 R
(1784903381.160232) can0 12D#00000000000000D4 R
(1784903381.166124) can0 121#00A601CF048000B3 R
(1784903381.166472) can0 129#00000001000000BA R
(1784903381.167693) can0 120#00000000000000BE R
(1784903381.169887) can0 541#000010000004E127 R
(1784903381.170264) can0 12D#0000000000000035 R
(1784903381.170359) can0 12E#000000000000C071 R
(1784903381.180273) can0 12D#000000000000005F R
(1784903381.186118) can0 121#00A601CF048000D9 R
(1784903381.186509) can0 129#00000001000000D0 R
(1784903381.186631) can0 540#000040100000ED00 R
(1784903381.186825) can0 5B0#10000000000000D5 R
(1784903381.187798) can0 120#00000000000000D4 R
(1784903381.188257) can0 450#0000000000002800 R
(1784903381.190439) can0 541#000010000004E14D R
(1784903381.190596) can0 12D#000000000000006A R
(1784903381.190712) can0 12E#000000000000C090 R
(1784903381.190833) can0 12A#10050000000A003D R
(1784903381.191054) can0 5A0#00000000040000DA R
(1784903381.200223) can0 12D#000000000000008B R
(1784903381.206142) can0 121#00A601CF04800038 R
(1784903381.206467) can0 129#0000000100000031 R
(1784903381.207714) can0 120#0000000000000035 R
(1784903381.210018) can0 541#000010000004E178 R
(1784903381.210428) can0 12D#00000000000000BE R
(1784903381.210632) can0 12E#000000000000C0A5 R
(1784903381.220240) can0 12D#00000000000000D4 R
(1784903381.226136) can0 121#00A601CF04800052 R
(1784903381.226390) can0 129#000000010000005B R
(1784903381.229150) can0 120#000000000000005F R
(1784903381.229567) can0 541#000010000004E199 R
(1784903381.230213) can0 12D#0000000000000035 R
(1784903381.230409) can0 12E#000000000000C0CF R
(1784903381.237717) can0 450#0000000000002800 R
(1784903381.240261) can0 12D#000000000000005F R
(1784903381.240508) can0 12A#10050000000A0057 R
(1784903381.246118) can0 121#00A601CF04800067 R
(1784903381.246378) can0 129#000000010000006E R
(1784903381.247927) can0 120#000000000000006A R
(1784903381.249040) can0 541#000010000004E1AC R
(1784903381.250888) can0 12D#000000000000006A R
(1784903381.251032) can0 12E#000000000000C02E R
(1784903381.260259) can0 12D#000000000000008B R
(1784903381.266109) can0 121#00A601CF04800086 R
(1784903381.266439) can0 129#000000010000008F R
(1784903381.267718) can0 120#000000000000008B R
(1784903381.269073) can0 541#000010000004E1C6 R
(1784903381.270239) can0 12D#00000000000000BE R
(1784903381.270528) can0 12E#000000000000C044 R
(1784903381.280208) can0 12D#00000000000000D4 R
(1784903381.286121) can0 121#00A601CF048000B3 R
(1784903381.286441) can0 129#00000001000000BA R
(1784903381.286545) can0 540#000040100000ED00 R
(1784903381.286772) can0 5B0#1000000000000034 R
(1784903381.289416) can0 120#00000000000000BE R
(1784903381.289908) can0 450#0000000000002800 R
(1784903381.290039) can0 541#000010000004E127 R
(1784903381.290280) can0 12D#0000000000000035 R
(1784903381.290501) can0 12E#000000000000C071 R
(1784903381.290725) can0 12A#10050000000A0062 R
(1784903381.290988) can0 5A0#000000000400003B R
(1784903381.300862) can0 12D#000000000000005F R
(1784903381.306123) can0 121#00A601CF048000D9 R
(1784903381.306515) can0 129#00000001000000D0 R
(1784903381.307693) can0 120#00000000000000D4 R
(1784903381.309954) can0 541#000010000004E14D R
(1784903381.310405) can0 12D#000000000000006A R
(1784903381.310505) can0 12E#000000000000C090 R
(1784903381.320238) can0 12D#000000000000008B R
(1784903381.326127) can0 121#00A601CF04800038 R
(1784903381.326405) can0 129#0000000100000031 R
(1784903381.329089) can0 120#0000000000000035 R
(1784903381.329469) can0 541#000010000004E178 R
(1784903381.330281) can0 12D#00000000000000BE R
(1784903381.330472) can0 12E#000000000000C0A5 R
(1784903381.337734) can0 450#0000000000002800 R
(1784903381.340556) can0 12D#00000000000000D4 R
(1784903381.341014) can0 12A#10050000000A0083 R
(1784903381.346692) can0 121#00A601CF04800052 R
(1784903381.347470) can0 129#000000010000005B R
(1784903381.347853) can0 120#000000000000005F R
(1784903381.349109) can0 541#000010000004E199 R
(1784903381.350254) can0 12D#0000000000000035 R
(1784903381.350523) can0 12E#000000000000C0CF R
(1784903381.360236) can0 12D#000000000000005F R
(1784903381.366320) can0 121#00A601CF04800067 R
(1784903381.366587) can0 129#000000010000006E R
(1784903381.368628) can0 120#000000000000006A R
(1784903381.369103) can0 541#000010000004E1AC R
(1784903381.370243) can0 12D#000000000000006A R
(1784903381.370430) can0 12E#000000000000C02E R
(1784903381.380288) can0 12D#000000000000008B R
(1784903381.386548) can0 121#00A601CF04800086 R
(1784903381.386896) can0 129#000000010000008F R
(1784903381.386989) can0 540#000040100000ED00 R
(1784903381.387169) can0 5B0#100000000000005E R
(1784903381.387816) can0 120#000000000000008B R
(1784903381.388258) can0 450#0000000000002800 R
(1784903381.390550) can0 541#000010000004E1C6 R
(1784903381.391051) can0 12D#00000000000000BE R
(1784903381.391198) can0 12E#000000000000C044 R
(1784903381.391306) can0 12A#10050000000A00B6 R
(1784903381.391452) can0 5A0#0000000004000051 R
(1784903381.400244) can0 12D#00000000000000D4 R
(1784903381.406405) can0 121#00A601CF048000B3 R
(1784903381.406667) can0 129#00000001000000BA R
(1784903381.408086) can0 120#00000000000000BE R
(1784903381.409058) can0 541#000010000004E127 R
(1784903381.410169) can0 12D#0000000000000035 R
(1784903381.410434) can0 12E#000000000000C071 R
(1784903381.420233) can0 12D#000000000000005F R
(1784903381.426135) can0 121#00A601CF048000D9 R
(1784903381.426398) can0 129#00000001000000D0 R
(1784903381.429153) can0 120#00000000000000D4 R
(1784903381.429528) can0 541#000010000004E14D R
(1784903381.430135) can0 12D#000000000000006A R
(1784903381.430326) can0 12E#000000000000C090 R
(1784903381.437722) can0 450#0000000000002800 R
(1784903381.440618) can0 12D#000000000000008B R
(1784903381.441006) can0 12A#10050000000A00DC R
(1784903381.446180) can0 121#00A601CF04800038 R
(1784903381.447283) can0 129#0000000100000031 R
(1784903381.447749) can0 120#0000000000000035 R
(1784903381.449544) can0 541#000010000004E178 R
(1784903381.450221) can0 12D#00000000000000BE R
(1784903381.450401) can0 12E#000000000000C0A5 R
(1784903381.460258) can0 12D#00000000000000D4 R
(1784903381.466139) can0 121#00A601CF04800052 R
(1784903381.466461) can0 129#000000010000005B R
(1784903381.469500) can0 120#000000000000005F R
(1784903381.469905) can0 541#000010000004E199 R
(1784903381.470140) can0 12D#0000000000000035 R
(1784903381.470439) can0 12E#000000000000C0CF R
(1784903381.480233) can0 12D#000000000000005F R
(1784903381.486144) can0 121#00A601CF04800067 R
(1784903381.486472) can0 129#000000010000006E R
(1784903381.486565) can0 540#000040100000ED00 R
(1784903381.487182) can0 5B0#100000000000006B R
(1784903381.487868) can0 120#000000000000006A R
(1784903381.490016) can0 450#0000000000002800 R
(1784903381.490348) can0 541#000010000004E1AC R
(1784903381.490463) can0 12D#000000000000006A R
(1784903381.490576) can0 12E#000000000000C02E R
(1784903381.490748) can0 12A#10050000000A003D R
(1784903381.491004) can0 5A0#0000000004000064 R
(1784903381.500215) can0 12D#000000000000008B R
(1784903381.506692) can0 121#00A601CF04800086 R
(1784903381.507027) can0 129#000000010000008F R
(1784903381.507716) can0 120#000000000000008B R
(1784903381.510581) can0 541#000010000004E1C6 R
(1784903381.511086) can0 12D#00000000000000BE R
(1784903381.511186) can0 12E#000000000000C044 R
(1784903381.520234) can0 12D#00000000000000D4 R
(1784903381.526138) can0 121#00A601CF048000B3 R
(1784903381.526416) can0 129#00000001000000BA R
(1784903381.529367) can0 120#00000000000000BE R
(1784903381.529761) can0 541#000010000004E127 R
(1784903381.530235) can0 12D#0000000000000035 R
(1784903381.530470) can0 12E#000000000000C071 R
(1784903381.537723) can0 450#0000000000002800 R
(1784903381.540267) can0 12D#000000000000005F R
(1784903381.540599) can0 12A#10050000000A0057 R
(1784903381.546173) can0 121#00A601CF048000D9 R
(1784903381.547177) can0 129#00000001000000D0 R
(1784903381.547738) can0 120#00000000000000D4 R
(1784903381.549536) can0 541#000010000004E14D R
(1784903381.550280) can0 12D#000000000000006A R
(1784903381.550486) can0 12E#000000000000C090 R
(1784903381.560220) can0 12D#000000000000008B R
(1784903381.566162) can0 121#00A601CF04800038 R
(1784903381.566440) can0 129#0000000100000031 R
(1784903381.567784) can0 120#0000000000000035 R
(1784903381.569072) can0 541#000010000004E178 R
(1784903381.571518) can0 12D#00000000000000BE R
(1784903381.571925) can0 12E#000000000000C0A5 R
(1784903381.582161) can0 12D#00000000000000D4 R
(1784903381.586159) can0 121#00A601CF04800052 R
(1784903381.586430) can0 129#000000010000005B R
(1784903381.586551) can0 540#000040100000ED00 R
(1784903381.589261) can0 5B0#100000000000008A R
(1784903381.589577) can0 120#000000000000005F R
(1784903381.589693) can0 450#0000000000002800 R
(1784903381.589807) can0 541#000010000004E199 R
(1784903381.590308) can0 12D#0000000000000035 R
(1784903381.590604) can0 12E#000000000000C0CF R
(1784903381.590739) can0 12A#10050000000A0062 R
(1784903381.594026) can0 5A0#0000000004000085 R
(1784903381.600322) can0 12D#000000000000005F R
(1784903381.606141) can0 121#00A601CF04800067 R
(1784903381.606435) can0 129#000000010000006E R
(1784903381.607713) can0 120#000000000000006A R
(1784903381.610138) can0 541#000010000004E1AC R
(1784903381.610624) can0 12D#000000000000006A R
(1784903381.610746) can0 12E#000000000000C02E R
(1784903381.620222) can0 12D#000000000000008B R
(1784903381.626142) can0 121#00A601CF04800086 R
(1784903381.626455) can0 129#000000010000008F R
(1784903381.628036) can0 120#000000000000008B R
(1784903381.629113) can0 541#000010000004E1C6 R
(1784903381.630150) can0 12D#00000000000000BE R
(1784903381.630548) can0 12E#000000000000C044 R
(1784903381.637722) can0 450#0000000000002800 R
(1784903381.640326) can0 12D#00000000000000D4 R
(1784903381.640683) can0 12A#10050000000A0083 R
(1784903381.646606) can0 121#00A601CF048000B3 R
(1784903381.646859) can0 129#00000001000000BA R
(1784903381.648012) can0 120#00000000000000BE R
(1784903381.649163) can0 541#000010000004E127 R
(1784903381.650190) can0 12D#0000000000000035 R
(1784903381.650434) can0 12E#000000000000C071 R
(1784903381.660241) can0 12D#000000000000005F R
(1784903381.666176) can0 121#00A601CF048000D9 R
(1784903381.666454) can0 129#00000001000000D0 R
(1784903381.667756) can0 120#00000000000000D4 R
(1784903381.670350) can0 541#000010000004E14D R
(1784903381.670775) can0 12D#000000000000006A R
(1784903381.670878) can0 12E#000000000000C090 R
(1784903381.680217) can0 12D#000000000000008B R
(1784903381.686147) can0 121#00A601CF04800038 R
(1784903381.686427) can0 129#0000000100000031 R
(1784903381.686551) can0 540#000040100000ED00 R
(1784903381.686818) can0 5B0#10000000000000BF R
(1784903381.687971) can0 120#0000000000000035 R
(1784903381.688372) can0 450#0000000000002800 R
(1784903381.690401) can0 541#000010000004E178 R
(1784903381.690896) can0 12D#00000000000000BE R
(1784903381.690997) can0 12E#000000000000C0A5 R
(1784903381.691125) can0 12A#10050000000A00B6 R
(1784903381.691258) can0 5A0#00000000040000B0 R
(1784903381.700230) can0 12D#00000000000000D4 R
(1784903381.707013) can0 121#00A601CF04800052 R
(1784903381.707350) can0 129#000000010000005B R
(1784903381.708310) can0 120#000000000000005F R
(1784903381.709044) can0 541#000010000004E199 R
(1784903381.711408) can0 12D#0000000000000035 R
(1784903381.711804) can0 12E#000000000000C0CF R
(1784903381.720243) can0 12D#000000000000005F R
(1784903381.726221) can0 121#00A601CF04800067 R
(1784903381.726491) can0 129#000000010000006E R
(1784903381.727870) can0 120#000000000000006A R
(1784903381.729549) can0 541#000010000004E1AC R
(1784903381.730163) can0 12D#000000000000006A R
(1784903381.730386) can0 12E#000000000000C02E R
(1784903381.737733) can0 450#0000000000002800 R
(1784903381.740311) can0 12D#000000000000008B R
(1784903381.740692) can0 12A#10050000000A00DC R
(1784903381.746368) can0 121#00A601CF04800086 R
(1784903381.746693) can0 129#000000010000008F R
(1784903381.748021) can0 120#000000000000008B R
(1784903381.749082) can0 541#000010000004E1C6 R
(1784903381.750224) can0 12D#00000000000000BE R
(1784903381.750753) can0 12E#000000000000C044 R
(1784903381.760592) can0 12D#00000000000000D4 R
(1784903381.766167) can0 121#00A601CF048000B3 R
(1784903381.766483) can0 129#00000001000000BA R
(1784903381.767758) can0 120#00000000000000BE R
(1784903381.769300) can0 541#000010000004E127 R
(1784903381.770144) can0 12D#0000000000000035 R
(1784903381.770510) can0 12E#000000000000C071 R
(1784903381.780219) can0 12D#000000000000005F R
(1784903381.786199) can0 121#00A601CF048000D9 R
(1784903381.786523) can0 129#00000001000000D0 R
(1784903381.786733) can0 540#000040100000ED00 R
(1784903381.786820) can0 5B0#10000000000000D5 R
(1784903381.787912) can0 120#00000000000000D4 R
(1784903381.788303) can0 450#0000000000002800 R
(1784903381.790131) can0 541#000010000004E14D R
(1784903381.790556) can0 12D#000000000000006A R
(1784903381.790649) can0 12E#000000000000C090 R
(1784903381.790902) can0 12A#10050000000A003D R
(1784903381.791074) can0 5A0#00000000040000DA R
(1784903381.800224) can0 12D#000000000000008B R
(1784903381.806167) can0 121#00A601CF04800038 R
(1784903381.806497) can0 129#0000000100000031 R
(1784903381.807777) can0 120#0000000000000035 R
(1784903381.809850) can0 541#000010000004E178 R
(1784903381.810355) can0 12D#00000000000000BE R
(1784903381.810473) can0 12E#000000000000C0A5 R
(1784903381.820249) can0 12D#00000000000000D4 R
(1784903381.826166) can0 121#00A601CF04800052 R
(1784903381.826491) can0 129#000000010000005B R
(1784903381.827791) can0 120#000000000000005F R
(1784903381.830162) can0 541#000010000004E199 R
(1784903381.830590) can0 12D#0000000000000035 R
(1784903381.830854) can0 12E#000000000000C0CF R
(1784903381.837734) can0 450#0000000000002800 R
(1784903381.840294) can0 12D#000000000000005F R
(1784903381.840716) can0 12A#10050000000A0057 R
(1784903381.846527) can0 121#00A601CF04800067 R
(1784903381.846789) can0 129#000000010000006E R
(1784903381.848017) can0 120#000000000000006A R
(1784903381.849124) can0 541#000010000004E1AC R
(1784903381.850220) can0 12D#000000000000006A R
(1784903381.850407) can0 12E#000000000000C02E R
(1784903381.860219) can0 12D#000000000000008B R
(1784903381.866186) can0 121#00A601CF04800086 R
(1784903381.866551) can0 129#000000010000008F R
(1784903381.867738) can0 120#000000000000008B R
(1784903381.869073) can0 541#000010000004E1C6 R
(1784903381.870696) can0 12D#00000000000000BE R
(1784903381.870964) can0 12E#000000000000C044 R
(1784903381.880236) can0 12D#00000000000000D4 R
(1784903381.886196) can0 121#00A601CF048000B3 R
(1784903381.886452) can0 129#00000001000000BA R
(1784903381.886603) can0 540#000040100000ED00 R
(1784903381.886849) can0 5B0#1000000000000034 R
(1784903381.887871) can0 120#00000000000000BE R
(1784903381.890201) can0 541#000010000004E127 R
(1784903381.890609) can0 450#0000000000002800 R
(1784903381.890809) can0 12D#0000000000000035 R
(1784903381.890933) can0 12E#000000000000C071 R
(1784903381.891068) can0 12A#10050000000A0062 R
(1784903381.891199) can0 5A0#000000000400003B R
(1784903381.900677) can0 12D#000000000000005F R
(1784903381.906176) can0 121#00A601CF048000D9 R
(1784903381.906440) can0 129#00000001000000D0 R
(1784903381.908759) can0 120#00000000000000D4 R
(1784903381.909336) can0 541#000010000004E14D R
(1784903381.910576) can0 12D#000000000000006A R
(1784903381.910922) can0 12E#000000000000C090 R
(1784903381.920219) can0 12D#000000000000008B R
(1784903381.926177) can0 121#00A601CF04800038 R
(1784903381.926442) can0 129#0000000100000031 R
(1784903381.929114) can0 120#0000000000000035 R
(1784903381.929590) can0 541#000010000004E178 R
(1784903381.930186) can0 12D#00000000000000BE R
(1784903381.930414) can0 12E#000000000000C0A5 R
(1784903381.937730) can0 450#0000000000002800 R
(1784903381.940853) can0 12D#00000000000000D4 R
(1784903381.941205) can0 12A#10050000000A0083 R
(1784903381.946171) can0 121#00A601CF04800052 R
(1784903381.946667) can0 129#000000010000005B R
(1784903381.948491) can0 120#000000000000005F R
(1784903381.949415) can0 541#000010000004E199 R
(1784903381.950211) can0 12D#0000000000000035 R
(1784903381.950578) can0 12E#000000000000C0CF R
(1784903381.960236) can0 12D#000000000000005F R
(1784903381.966184) can0 121#00A601CF04800067 R
(1784903381.966592) can0 129#000000010000006E R
(1784903381.968896) can0 120#000000000000006A R
(1784903381.969071) can0 541#000010000004E1AC R
(1784903381.970129) can0 12D#000000000000006A R
(1784903381.970463) can0 12E#000000000000C02E R
(1784903381.980204) can0 12D#000000000000008B R
(1784903381.986176) can0 121#00A601CF04800086 R
(1784903381.986437) can0 129#000000010000008F R
(1784903381.986644) can0 540#000040100000ED00 R
(1784903381.986830) can0 5B0#100000000000005E R
(1784903381.987993) can0 120#000000000000008B R
(1784903381.990198) can0 450#0000000000002800 R
(1784903381.990493) can0 541#000010000004E1C6 R
(1784903381.990632) can0 12D#00000000000000BE R
(1784903381.990757) can0 12E#000000000000C044 R
(1784903381.990901) can0 12A#10050000000A00B6 R
(1784903381.991047) can0 5A0#0000000004000051 R
(1784903382.000517) can0 12D#00000000000000D4 R
(1784903382.006198) can0 121#00A601CF048000B3 R
(1784903382.006526) can0 129#00000001000000BA R
(1784903382.009189) can0 120#00000000000000BE R
(1784903382.009560) can0 541#000010000004E127 R
(1784903382.010145) can0 12D#0000000000000035 R
(1784903382.010363) can0 12E#000000000000C071 R
(1784903382.020233) can0 12D#000000000000005F R
(1784903382.026184) can0 121#00A601CF048000D9 R
(1784903382.026492) can0 129#00000001000000D0 R
(1784903382.027783) can0 120#00000000000000D4 R
(1784903382.029813) can0 541#000010000004E14D R
(1784903382.030112) can0 12D#000000000000006A R
(1784903382.030366) can0 12E#000000000000C090 R
(1784903382.037732) can0 450#0000000000002800 R
(1784903382.040238) can0 12D#000000000000008B R
(1784903382.040527) can0 12A#10050000000A00DC R
(1784903382.046184) can0 121#00A601CF04800038 R
(1784903382.046452) can0 129#0000000100000031 R
(1784903382.047805) can0 120#0000000000000035 R
(1784903382.049081) can0 541#000010000004E277 R
(1784903382.051857) can0 12D#00000000000000BE R
(1784903382.052271) can0 12E#000000000000C0A5 R
(1784903382.060197) can0 12D#00000000000000D4 R
(1784903382.066176) can0 121#00A601CF04800052 R
(1784903382.066456) can0 129#000000010000005B R
(1784903382.067787) can0 120#000000000000005F R
(1784903382.070514) can0 541#000010000004E296 R
(1784903382.070813) can0 12D#0000000000000035 R
(1784903382.070918) can0 12E#000000000000C0CF R
(1784903382.080236) can0 12D#000000000000005F R
(1784903382.086191) can0 121#00A601CF04800067 R
(1784903382.086466) can0 129#000000010000006E R
(1784903382.086605) can0 540#000040100000ED00 R
(1784903382.086855) can0 5B0#100000000000006B R
(1784903382.089461) can0 120#000000000000006A R
(1784903382.089838) can0 541#000010000004E2A3 R
(1784903382.089930) can0 450#0000000000002800 R
(1784903382.090287) can0 12D#000000000000006A R
(1784903382.090492) can0 12E#000000000000C02E R
(1784903382.090759) can0 12A#10050000000A003D R
(1784903382.090979) can0 5A0#0000000004000064 R
(1784903382.100264) can0 12D#000000000000008B R
(1784903382.106273) can0 121#00A601CF04800086 R
(1784903382.106535) can0 129#000000010000008F R
(1784903382.107915) can0 120#000000000000008B R
(1784903382.109545) can0 541#000010000004E2C9 R
(1784903382.110124) can0 12D#00000000000000BE R
(1784903382.110356) can0 12E#000000000000C044 R
(1784903382.120755) can0 12D#00000000000000D4 R
(1784903382.126375) can0 121#00A601CF048000B3 R
(1784903382.126641) can0 129#00000001000000BA R
(1784903382.128016) can0 120#00000000000000BE R
(1784903382.129093) can0 541#000010000004E228 R
(1784903382.130377) can0 12D#0000000000000035 R
(1784903382.130734) can0 12E#000000000000C071 R
(1784903382.137734) can0 450#0000000000002800 R
(1784903382.140268) can0 12D#000000000000005F R
(1784903382.140639) can0 12A#10050000000A0057 R
(1784903382.146394) can0 121#00A601CF048000D9 R
(1784903382.146696) can0 129#00000001000000D0 R
(1784903382.148042) can0 120#00000000000000D4 R
(1784903382.149105) can0 541#000010000004E242 R
(1784903382.150209) can0 12D#000000000000006A R
(1784903382.150543) can0 12E#000000000000C090 R
(1784903382.160224) can0 12D#000000000000008B R
(1784903382.166194) can0 121#00A601CF04800038 R
(1784903382.166461) can0 129#0000000100000031 R
(1784903382.167864) can0 120#0000000000000035 R
(1784903382.169041) can0 541#000010000004E277 R
(1784903382.170118) can0 12D#00000000000000BE R
(1784903382.170322) can0 12E#000000000000C0A5 R
(1784903382.180189) can0 12D#00000000000000D4 R
(1784903382.186184) can0 121#00A601CF04800052 R
(1784903382.186447) can0 129#000000010000005B R
(1784903382.186635) can0 540#000040100000ED00 R
(1784903382.186861) can0 5B0#100000000000008A R
(1784903382.187957) can0 120#000000000000005F R
(1784903382.190483) can0 541#000010000004E296 R
(1784903382.190969) can0 450#0000100000042800 R
(1784903382.191128) can0 12D#0000000000000035 R
(1784903382.191220) can0 12E#000000000000C0CF R
(1784903382.191368) can0 12A#10050000000A0062 R
(1784903382.191535) can0 5A0#0000000004000085 R
(1784903382.200976) can0 12D#000000000000005F R
(1784903382.206198) can0 121#00A601CF04800067 R
(1784903382.206527) can0 129#000000010000006E R
(1784903382.208957) can0 120#000000000000006A R
(1784903382.209361) can0 541#000010000004E2A3 R
(1784903382.210154) can0 12D#000000000000006A R
(1784903382.210476) can0 12E#000000000000C02E R
(1784903382.220215) can0 12D#000000000000008B R
(1784903382.226219) can0 121#00A601CF04800086 R
(1784903382.226548) can0 129#000000010000008F R
(1784903382.227847) can0 120#000000000000008B R
(1784903382.229853) can0 541#000010000004E2C9 R
(1784903382.230250) can0 12D#00000000000000BE R
(1784903382.230456) can0 12E#000000000000C044 R
(1784903382.237745) can0 450#0000000000002800 R
(1784903382.240599) can0 12D#00000000000000D4 R
(1784903382.240970) can0 12A#10050000000A0083 R
(1784903382.246466) can0 121#00A601CF048000B3 R
(1784903382.246731) can0 129#00000001000000BA R
(1784903382.248063) can0 120#00000000000000BE R
(1784903382.249116) can0 541#000010000004E228 R
(1784903382.250140) can0 12D#0000000000000035 R
(1784903382.250382) can0 12E#000000000000C071 R
(1784903382.260197) can0 12D#000000000000005F R
(1784903382.266201) can0 121#00A601CF048000D9 R
(1784903382.266475) can0 129#00000001000000D0 R
(1784903382.269147) can0 120#00000000000000D4 R
(1784903382.269557) can0 541#000010000004E242 R
(1784903382.270124) can0 12D#000000000000006A R
(1784903382.270370) can0 12E#000000000000C090 R
(1784903382.280216) can0 12D#000000000000008B R
(1784903382.286206) can0 121#00A601CF04800038 R
(1784903382.286477) can0 129#0000000100000031 R
(1784903382.286619) can0 540#000040100000ED00 R
(1784903382.289010) can0 5B0#10000000000000BF R
(1784903382.289481) can0 120#0000000000000035 R
(1784903382.289594) can0 541#000010000004E277 R
(1784903382.289683) can0 450#0000000000002800 R
(1784903382.290285) can0 12D#00000000000000BE R
(1784903382.290471) can0 12E#000000000000C0A5 R
(1784903382.290919) can0 12A#10050000000A00B6 R
(1784903382.292870) can0 5A0#00000000040000B0 R
(1784903382.300312) can0 12D#00000000000000D4 R
(1784903382.306711) can0 121#00A601CF04800052 R
(1784903382.306963) can0 129#000000010000005B R
(1784903382.307826) can0 120#000000000000005F R
(1784903382.309095) can0 541#000010000004E296 R
(1784903382.310139) can0 12D#0000000000000035 R
(1784903382.310333) can0 12E#000000000000C0CF R
(1784903382.320869) can0 12D#000000000000005F R
(1784903382.326238) can0 121#00A601CF04800067 R
(1784903382.326637) can0 129#000000010000006E R
(1784903382.327805) can0 120#000000000000006A R
(1784903382.330261) can0 541#000010000004E2A3 R
(1784903382.330651) can0 12D#000000000000006A R
(1784903382.330769) can0 12E#000000000000C02E R
(1784903382.337774) can0 450#0000000000002800 R
(1784903382.340234) can0 12D#000000000000008B R
(1784903382.340531) can0 12A#10050000000A00DC R
(1784903382.346425) can0 121#00A601CF04800086 R
(1784903382.346868) can0 129#000000010000008F R
(1784903382.347854) can0 120#000000000000008B R
(1784903382.350282) can0 541#000010000004E2C9 R
(1784903382.350665) can0 12D#00000000000000BE R
(1784903382.350873) can0 12E#000000000000C044 R
(1784903382.360207) can0 12D#00000000000000D4 R
(1784903382.366212) can0 121#00A601CF048000B3 R
(1784903382.366486) can0 129#00000001000000BA R
(1784903382.369448) can0 120#00000000000000BE R
(1784903382.369844) can0 541#000010000004E228 R
(1784903382.370151) can0 12D#0000000000000035 R
(1784903382.370464) can0 12E#000000000000C071 R
(1784903382.380233) can0 12D#000000000000005F R
(1784903382.386213) can0 121#00A601CF048000D9 R
(1784903382.386481) can0 129#00000001000000D0 R
(1784903382.386688) can0 540#000040100000ED00 R
(1784903382.386867) can0 5B0#10000000000000D5 R
(1784903382.389545) can0 120#00000000000000D4 R
(1784903382.389937) can0 450#0000000000002800 R
(1784903382.390140) can0 541#000010000004E242 R
(1784903382.390260) can0 12D#000000000000006A R
(1784903382.390493) can0 12E#000000000000C090 R
(1784903382.390728) can0 12A#10050000000A003D R
(1784903382.390963) can0 5A0#00000000040000DA R
(1784903382.400388) can0 12D#000000000000008B R
(1784903382.406238) can0 121#00A601CF04800038 R
(1784903382.406592) can0 129#0000000100000031 R
(1784903382.407811) can0 120#0000000000000035 R
(1784903382.409874) can0 541#000010000004E277 R
(1784903382.410271) can0 12D#00000000000000BE R
(1784903382.410474) can0 12E#000000000000C0A5 R
(1784903382.420252) can0 12D#00000000000000D4 R
(1784903382.426221) can0 121#00A601CF04800052 R
(1784903382.426667) can0 129#000000010000005B R
(1784903382.427819) can0 120#000000000000005F R
(1784903382.430004) can0 541#000010000004E296 R
(1784903382.430425) can0 12D#0000000000000035 R
(1784903382.430631) can0 12E#000000000000C0CF R
(1784903382.437751) can0 450#0000000000002800 R
(1784903382.440244) can0 12D#000000000000005F R
(1784903382.440488) can0 12A#10050000000A0057 R
(1784903382.446241) can0 121#00A601CF04800067 R
(1784903382.446510) can0 129#000000010000006E R
(1784903382.447869) can0 120#000000000000006A R
(1784903382.449093) can0 541#000010000004E2A3 R
(1784903382.451779) can0 12D#000000000000006A R
(1784903382.452199) can0 12E#000000000000C02E R
(1784903382.460196) can0 12D#000000000000008B R
(1784903382.466217) can0 121#00A601CF04800086 R
(1784903382.466495) can0 129#000000010000008F R
(1784903382.469123) can0 120#000000000000008B R
(1784903382.469485) can0 541#000010000004E2C9 R
(1784903382.470152) can0 12D#00000000000000BE R
(1784903382.470376) can0 12E#000000000000C044 R
(1784903382.480188) can0 12D#00000000000000D4 R
(1784903382.486284) can0 121#00A601CF048000B3 R
(1784903382.486553) can0 129#00000001000000BA R
(1784903382.486692) can0 540#000040100000ED00 R
(1784903382.486934) can0 5B0#1000000000000034 R
(1784903382.488190) can0 120#00000000000000BE R
(1784903382.489054) can0 541#000010000004E228 R
(1784903382.489300) can0 450#0000000000002800 R
(1784903382.490294) can0 12D#0000000000000035 R
(1784903382.492487) can0 12E#000000000000C071 R
(1784903382.492614) can0 12A#10050000000A0062 R
(1784903382.492722) can0 5A0#000000000400003B R
(1784903382.500262) can0 12D#000000000000005F R
(1784903382.506407) can0 121#00A601CF048000D9 R
(1784903382.506674) can0 129#00000001000000D0 R
(1784903382.508709) can0 120#00000000000000D4 R
(1784903382.509208) can0 541#000010000004E242 R
(1784903382.510211) can0 12D#000000000000006A R
(1784903382.510496) can0 12E#000000000000C090 R
(1784903382.520205) can0 12D#000000000000008B R
(1784903382.526541) can0 121#00A601CF04800038 R
(1784903382.526937) can0 129#0000000100000031 R
(1784903382.527862) can0 120#0000000000000035 R
(1784903382.529065) can0 541#000010000004E277 R
(1784903382.531258) can0 12D#00000000000000BE R
(1784903382.531637) can0 12E#000000000000C0A5 R
(1784903382.537749) can0 450#0000000000002800 R
(1784903382.540225) can0 12D#00000000000000D4 R
(1784903382.540521) can0 12A#10050000000A0083 R
(1784903382.546238) can0 121#00A601CF04800052 R
(1784903382.546615) can0 129#000000010000005B R
(1784903382.548620) can0 120#000000000000005F R
(1784903382.549085) can0 541#000010000004E296 R
(1784903382.550143) can0 12D#0000000000000035 R
(1784903382.550449) can0 12E#000000000000C0CF R
(1784903382.560217) can0 12D#000000000000005F R
(1784903382.566238) can0 121#00A601CF04800067 R
(1784903382.566508) can0 129#000000010000006E R
(1784903382.567857) can0 120#000000000000006A R
(1784903382.569754) can0 541#000010000004E2A3 R
(1784903382.570161) can0 12D#000000000000006A R
(1784903382.570324) can0 12E#000000000000C02E R
(1784903382.580349) can0 12D#000000000000008B R
(1784903382.586262) can0 121#00A601CF04800086 R
(1784903382.586671) can0 129#000000010000008F R
(1784903382.586862) can0 540#000040100000ED00 R
(1784903382.586982) can0 5B0#100000000000005E R
(1784903382.588802) can0 120#000000000000008B R
(1784903382.589213) can0 541#000010000004E2C9 R
(1784903382.589358) can0 450#0000000000002800 R
(1784903382.590445) can0 12D#00000000000000BE R
(1784903382.590764) can0 12E#000000000000C044 R
(1784903382.590966) can0 12A#10050000000A00B6 R
(1784903382.594538) can0 5A0#0000000004000051 R
(1784903382.600223) can0 12D#00000000000000D4 R
(1784903382.606288) can0 121#00A601CF048000B3 R
(1784903382.606677) can0 129#00000001000000BA R
(1784903382.607880) can0 120#00000000000000BE R
(1784903382.610045) can0 541#000010000004E228 R
(1784903382.610414) can0 12D#0000000000000035 R
(1784903382.610619) can0 12E#000000000000C071 R
(1784903382.620192) can0 12D#000000000000005F R
(1784903382.626231) can0 121#00A601CF048000D9 R
(1784903382.626555) can0 129#00000001000000D0 R
(1784903382.627852) can0 120#00000000000000D4 R
(1784903382.629868) can0 541#000010000004E242 R
(1784903382.630324) can0 12D#000000000000006A R
(1784903382.630573) can0 12E#000000000000C090 R
(1784903382.637758) can0 450#0000000000002800 R
(1784903382.640256) can0 12D#000000000000008B R
(1784903382.640629) can0 12A#10050000000A00DC R
(1784903382.646477) can0 121#00A601CF04800038 R
(1784903382.646740) can0 129#0000000100000031 R
(1784903382.648125) can0 120#0000000000000035 R
(1784903382.649103) can0 541#000010000004E277 R
(1784903382.650152) can0 12D#00000000000000BE R
(1784903382.650402) can0 12E#000000000000C0A5 R
(1784903382.660216) can0 12D#00000000000000D4 R
(1784903382.666269) can0 121#00A601CF04800052 R
(1784903382.666620) can0 129#000000010000005B R
(1784903382.667836) can0 120#000000000000005F R
(1784903382.669929) can0 541#000010000004E296 R
(1784903382.670414) can0 12D#0000000000000035 R
(1784903382.670531) can0 12E#000000000000C0CF R
(1784903382.680165) can0 12D#000000000000005F R
(1784903382.686244) can0 121#00A601CF04800067 R
(1784903382.686519) can0 129#000000010000006E R
(1784903382.686638) can0 540#000040100000ED00 R
(1784903382.686896) can0 5B0#100000000000006B R
(1784903382.688523) can0 120#000000000000006A R
(1784903382.689319) can0 541#000010000004E2A3 R
(1784903382.691339) can0 450#0000000000002800 R
(1784903382.691451) can0 12D#000000000000006A R
(1784903382.691662) can0 12E#000000000000C02E R
(1784903382.691834) can0 12A#10050000000A003D R
(1784903382.691953) can0 5A0#0000000004000064 R
(1784903382.700249) can0 12D#000000000000008B R
(1784903382.706264) can0 121#00A601CF04800086 R
(1784903382.706553) can0 129#000000010000008F R
(1784903382.707831) can0 120#000000000000008B R
(1784903382.709455) can0 541#000010000004E2C9 R
(1784903382.710592) can0 12D#00000000000000BE R
(1784903382.710850) can0 12E#000000000000C044 R
(1784903382.720207) can0 12D#00000000000000D4 R
(1784903382.726244) can0 121#00A601CF048000B3 R
(1784903382.726521) can0 129#00000001000000BA R
(1784903382.727874) can0 120#00000000000000BE R
(1784903382.729561) can0 541#000010000004E228 R
(1784903382.730123) can0 12D#0000000000000035 R
(1784903382.730714) can0 12E#000000000000C071 R
(1784903382.737745) can0 450#0000000000002800 R
(1784903382.740435) can0 12D#000000000000005F R
(1784903382.740805) can0 12A#10050000000A0057 R
(1784903382.746659) can0 121#00A601CF048000D9 R
(1784903382.746912) can0 129#00000001000000D0 R
(1784903382.748078) can0 120#00000000000000D4 R
(1784903382.749081) can0 541#000010000004E242 R
(1784903382.750136) can0 12D#000000000000006A R
(1784903382.750546) can0 12E#000000000000C090 R
(1784903382.760187) can0 12D#000000000000008B R
(1784903382.766259) can0 121#00A601CF04800038 R
(1784903382.766513) can0 129#0000000100000031 R
(1784903382.769314) can0 120#0000000000000035 R
(1784903382.769706) can0 541#000010000004E277 R
(1784903382.770147) can0 12D#00000000000000BE R
(1784903382.770320) can0 12E#000000000000C0A5 R
(1784903382.780218) can0 12D#00000000000000D4 R
(1784903382.786656) can0 121#00A601CF04800052 R
(1784903382.787034) can0 129#000000010000005B R
(1784903382.787227) can0 540#000040100000ED00 R
(1784903382.787348) can0 5B0#100000000000008A R
(1784903382.787990) can0 120#000000000000005F R
(1784903382.790622) can0 541#000010000004E296 R
(1784903382.791107) can0 450#0000000000002800 R
(1784903382.791224) can0 12D#0000000000000035 R
(1784903382.791338) can0 12E#000000000000C0CF R
(1784903382.791484) can0 12A#10050000000A0062 R
(1784903382.791650) can0 5A0#0000000004000085 R
(1784903382.800270) can0 12D#000000000000005F R
(1784903382.806264) can0 121#00A601CF04800067 R
(1784903382.806630) can0 129#000000010000006E R
(1784903382.807850) can0 120#000000000000006A R
(1784903382.809943) can0 541#000010000004E2A3 R
(1784903382.810321) can0 12D#000000000000006A R
(1784903382.810520) can0 12E#000000000000C02E R
(1784903382.820166) can0 12D#000000000000008B R
(1784903382.826234) can0 121#00A601CF04800086 R
(1784903382.826513) can0 129#000000010000008F R
(1784903382.827835) can0 120#000000000000008B R
(1784903382.830767) can0 541#000010000004E2C9 R
(1784903382.831074) can0 12D#00000000000000BE R
(1784903382.831281) can0 12E#000000000000C044 R
(1784903382.837752) can0 450#0000000000002800 R
(1784903382.840214) can0 12D#00000000000000D4 R
(1784903382.840464) can0 12A#10050000000A0083 R
(1784903382.846249) can0 121#00A601CF048000B3 R
(1784903382.846511) can0 129#00000001000000BA R
(1784903382.847894) can0 120#00000000000000BE R
(1784903382.849087) can0 541#000010000004E228 R
(1784903382.851795) can0 12D#0000000000000035 R
(1784903382.852183) can0 12E#000000000000C071 R
(1784903382.860202) can0 12D#000000000000005F R
(1784903382.866320) can0 121#00A601CF048000D9 R
(1784903382.866598) can0 129#00000001000000D0 R
(1784903382.867944) can0 120#00000000000000D4 R
(1784903382.869516) can0 541#000010000004E242 R
(1784903382.870560) can0 12D#000000000000006A R
(1784903382.870847) can0 12E#000000000000C090 R
(1784903382.880163) can0 12D#000000000000008B R
(1784903382.887604) can0 121#00A601CF04800038 R
(1784903382.887981) can0 129#0000000100000031 R
(1784903382.888118) can0 540#000040100000ED00 R
(1784903382.888209) can0 5B0#10000000000000BF R
(1784903382.888317) can0 120#0000000000000035 R
(1784903382.889148) can0 541#000010000004E277 R
(1784903382.889404) can0 450#0000000000002800 R
(1784903382.890259) can0 12D#00000000000000BE R
(1784903382.892565) can0 12E#000000000000C0A5 R
(1784903382.892702) can0 12A#10050000000A00B6 R
(1784903382.892867) can0 5A0#00000000040000B0 R
(1784903382.900231) can0 12D#00000000000000D4 R
(1784903382.906258) can0 121#00A601CF04800052 R
(1784903382.906529) can0 129#000000010000005B R
(1784903382.909459) can0 120#000000000000005F R
(1784903382.909943) can0 541#000010000004E296 R
(1784903382.910142) can0 12D#0000000000000035 R
(1784903382.910396) can0 12E#000000000000C0CF R
(1784903382.920201) can0 12D#000000000000005F R
(1784903382.926249) can0 121#00A601CF04800067 R
(1784903382.926633) can0 129#000000010000006E R
(1784903382.927934) can0 120#000000000000006A R
(1784903382.930425) can0 541#000010000004E2A3 R
(1784903382.930821) can0 12D#000000000000006A R
(1784903382.930915) can0 12E#000000000000C02E R
(1784903382.937747) can0 450#0000000000002800 R
(1784903382.940494) can0 12D#000000000000008B R
(1784903382.940883) can0 12A#10050000000A00DC R
(1784903382.946470) can0 121#00A601CF04800086 R
(1784903382.946712) can0 129#000000010000008F R
(1784903382.948118) can0 120#000000000000008B R
(1784903382.949101) can0 541#000010000004E2C9 R
(1784903382.950154) can0 12D#00000000000000BE R
(1784903382.950550) can0 12E#000000000000C044 R
(1784903382.960510) can0 12D#00000000000000D4 R
(1784903382.966261) can0 121#00A601CF048000B3 R
(1784903382.966514) can0 129#00000001000000BA R
(1784903382.967898) can0 120#00000000000000BE R
(1784903382.969913) can0 541#000010000004E228 R
(1784903382.970314) can0 12D#0000000000000035 R
(1784903382.970413) can0 12E#000000000000C071 R
(1784903382.980210) can0 12D#000000000000005F R
(1784903382.986284) can0 121#00A601CF048000D9 R
(1784903382.986544) can0 129#00000001000000D0 R
(1784903382.986753) can0 540#000040100000ED00 R
(1784903382.986940) can0 5B0#10000000000000D5 R
(1784903382.988114) can0 120#00000000000000D4 R
(1784903382.989126) can0 541#000010000004E242 R
(1784903382.991323) can0 450#0000000000002800 R
(1784903382.991488) can0 12D#000000000000006A R
(1784903382.991606) can0 12E#000000000000C090 R
(1784903382.991738) can0 12A#10050000000A003D R
(1784903382.991915) can0 5A0#00000000040000DA R
(1784903383.000742) can0 12D#000000000000008B R
(1784903383.006268) can0 121#00A601CF04800038 R
(1784903383.006593) can0 129#0000000100000031 R
(1784903383.007897) can0 120#0000000000000035 R
(1784903383.009304) can0 541#000010000004E277 R
(1784903383.010535) can0 12D#00000000000000BE R
(1784903383.010964) can0 12E#000000000000C0A5 R
(1784903383.020176) can0 12D#00000000000000D4 R
(1784903383.026277) can0 121#00A601CF04800052 R
(1784903383.026622) can0 129#000000010000005B R
(1784903383.027864) can0 120#000000000000005F R
(1784903383.029983) can0 541#000010000004E296 R
(1784903383.030367) can0 12D#0000000000000035 R
(1784903383.030590) can0 12E#000000000000C0CF R
(1784903383.037751) can0 450#0000000000002800 R
(1784903383.040208) can0 12D#000000000000005F R
(1784903383.040509) can0 12A#10050000000A0057 R
(1784903383.046273) can0 121#00A601CF04800067 R
(1784903383.046541) can0 129#000000010000006E R
(1784903383.047901) can0 120#000000000000006A R
(1784903383.049087) can0 541#000010000004E3B5 R
(1784903383.051997) can0 12D#000000000000006A R
(1784903383.052398) can0 12E#000000000000C02E R
(1784903383.060209) can0 12D#000000000000008B R
(1784903383.066265) can0 121#00A601CF04800086 R
(1784903383.066534) can0 129#000000010000008F R
(1784903383.067884) can0 120#000000000000008B R
(1784903383.069131) can0 541#000010000004E3DF R
(1784903383.070150) can0 12D#00000000000000BE R
(1784903383.070450) can0 12E#000000000000C044 R
(1784903383.080166) can0 12D#00000000000000D4 R
(1784903383.086271) can0 121#00A601CF048000B3 R
(1784903383.086589) can0 129#00000001000000BA R
(1784903383.086677) can0 540#000040100000ED00 R
(1784903383.086923) can0 5B0#1000000000000034 R
(1784903383.089596) can0 120#00000000000000BE R
(1784903383.090006) can0 541#000010000004E33E R
(1784903383.090125) can0 450#0000000000002800 R
(1784903383.090285) can0 12D#0000000000000035 R
(1784903383.090503) can0 12E#000000000000C071 R
(1784903383.090715) can0 12A#10050000000A0062 R
(1784903383.090941) can0 5A0#000000000400003B R
(1784903383.100228) can0 12D#000000000000005F R
(1784903383.106292) can0 121#00A601CF048000D9 R
(1784903383.106568) can0 129#00000001000000D0 R
(1784903383.107903) can0 120#00000000000000D4 R
(1784903383.109586) can0 541#000010000004E354 R
(1784903383.110088) can0 12D#000000000000006A R
(1784903383.110569) can0 12E#000000000000C090 R
(1784903383.120180) can0 12D#000000000000008B R
(1784903383.126269) can0 121#00A601CF04800038 R
(1784903383.126659) can0 129#0000000100000031 R
(1784903383.127848) can0 120#0000000000000035 R
(1784903383.130188) can0 541#000010000004E361 R
(1784903383.130680) can0 12D#00000000000000BE R
(1784903383.130806) can0 12E#000000000000C0A5 R
(1784903383.137760) can0 450#0000000000002800 R
(1784903383.140257) can0 12D#00000000000000D4 R
(1784903383.140677) can0 12A#10050000000A0083 R
(1784903383.146277) can0 121#00A601CF04800052 R
(1784903383.146547) can0 129#000000010000005B R
(1784903383.148710) can0 120#000000000000005F R
(1784903383.149182) can0 541#000010000004E380 R
(1784903383.150185) can0 12D#0000000000000035 R
(1784903383.152211) can0 12E#000000000000C0CF R
(1784903383.160155) can0 12D#000000000000005F R
(1784903383.166285) can0 121#00A601CF04800067 R
(1784903383.166543) can0 129#000000010000006E R
(1784903383.169129) can0 120#000000000000006A R
(1784903383.169513) can0 541#000010000004E3B5 R
(1784903383.170106) can0 12D#000000000000006A R
(1784903383.170313) can0 12E#000000000000C02E R
(1784903383.180167) can0 12D#000000000000008B R
(1784903383.186282) can0 121#00A601CF04800086 R
(1784903383.186550) can0 129#000000010000008F R
(1784903383.186683) can0 540#000040100000ED00 R
(1784903383.186921) can0 5B0#100000000000005E R
(1784903383.189176) can0 120#000000000000008B R
(1784903383.189560) can0 541#000010000004E3DF R
(1784903383.189784) can0 450#0000000000002800 R
(1784903383.190273) can0 12D#00000000000000BE R
(1784903383.190822) can0 12E#000000000000C044 R
(1784903383.191030) can0 12A#10050000000A00B6 R
(1784903383.191209) can0 5A0#0000000004000051 R
(1784903383.200194) can0 12D#00000000000000D4 R
(1784903383.206328) can0 121#00A601CF048000B3 R
(1784903383.206665) can0 129#00000001000000BA R
(1784903383.207905) can0 120#00000000000000BE R
(1784903383.209981) can0 541#000010000004E33E R
(1784903383.210375) can0 12D#0000000000000035 R
(1784903383.210571) can0 12E#000000000000C071 R
(1784903383.220205) can0 12D#000000000000005F R
(1784903383.226292) can0 121#00A601CF048000D9 R
(1784903383.226543) can0 129#00000001000000D0 R
(1784903383.229444) can0 120#00000000000000D4 R
(1784903383.229836) can0 541#000010000004E354 R
(1784903383.230086) can0 12D#000000000000006A R
(1784903383.230425) can0 12E#000000000000C090 R
(1784903383.237763) can0 450#0000000000002800 R
(1784903383.240207) can0 12D#000000000000008B R
(1784903383.240557) can0 12A#10050000000A00DC R
(1784903383.246842) can0 121#00A601CF04800038 R
(1784903383.247105) can0 129#0000000100000031 R
(1784903383.247980) can0 120#0000000000000035 R
(1784903383.249216) can0 541#000010000004E361 R
(1784903383.250140) can0 12D#00000000000000BE R
(1784903383.250357) can0 12E#000000000000C0A5 R
(1784903383.260192) can0 12D#00000000000000D4 R
(1784903383.266546) can0 121#00A601CF04800052 R
(1784903383.266938) can0 129#000000010000005B R
(1784903383.268149) can0 120#000000000000005F R
(1784903383.269123) can0 541#000010000004E380 R
(1784903383.270761) can0 12D#0000000000000035 R
(1784903383.270872) can0 12E#000000000000C0CF R
(1784903383.280180) can0 12D#000000000000005F R
(1784903383.286282) can0 121#00A601CF04800067 R
(1784903383.286591) can0 129#000000010000006E R
(1784903383.286684) can0 540#000040100000ED00 R
(1784903383.286951) can0 5B0#100000000000006B R
(1784903383.289710) can0 120#000000000000006A R
(1784903383.290088) can0 541#000010000004E3B5 R
(1784903383.290199) can0 450#0000000000002800 R
(1784903383.290310) can0 12D#000000000000006A R
(1784903383.290617) can0 12E#000000000000C02E R
(1784903383.290788) can0 12A#10050000000A003D R
(1784903383.290937) can0 5A0#0000000004000064 R
(1784903383.300207) can0 12D#000000000000008B R
(1784903383.306715) can0 121#00A601CF04800086 R
(1784903383.307074) can0 129#000000010000008F R
(1784903383.308025) can0 120#000000000000008B R
(1784903383.310497) can0 541#000010000004E3DF R
(1784903383.310885) can0 12D#00000000000000BE R
(1784903383.311004) can0 12E#000000000000C044 R
(1784903383.320150) can0 12D#00000000000000D4 R
(1784903383.326304) can0 121#00A601CF048000B3 R
(1784903383.326562) can0 129#00000001000000BA R
(1784903383.327938) can0 120#00000000000000BE R
(1784903383.330163) can0 541#000010000004E33E R
(1784903383.330645) can0 12D#0000000000000035 R
(1784903383.330746) can0 12E#000000000000C071 R
(1784903383.337774) can0 450#0000000000002800 R
(1784903383.340250) can0 12D#000000000000005F R
(1784903383.340536) can0 12A#10050000000A0057 R
(1784903383.346411) can0 121#00A601CF048000D9 R
(1784903383.346685) can0 129#00000001000000D0 R
(1784903383.347974) can0 120#00000000000000D4 R
(1784903383.349150) can0 541#000010000004E354 R
(1784903383.350177) can0 12D#000000000000006A R
(1784903383.350483) can0 12E#000000000000C090 R
(1784903383.360171) can0 12D#000000000000008B R
(1784903383.366300) can0 121#00A601CF04800038 R
(1784903383.366561) can0 129#0000000100000031 R
(1784903383.367908) can0 120#0000000000000035 R
(1784903383.369310) can0 541#000010000004E361 R
(1784903383.370070) can0 12D#00000000000000BE R
(1784903383.370273) can0 12E#000000000000C0A5 R
(1784903383.380150) can0 12D#00000000000000D4 R
(1784903383.386307) can0 121#00A601CF04800052 R
(1784903383.386572) can0 129#000000010000005B R
(1784903383.386719) can0 540#000040100000ED00 R
(1784903383.386952) can0 5B0#100000000000008A R
(1784903383.389254) can0 120#000000000000005F R
(1784903383.389631) can0 541#000010000004E380 R
(1784903383.389827) can0 450#0000000000002800 R
(1784903383.390201) can0 12D#0000000000000035 R
(1784903383.390456) can0 12E#000000000000C0CF R
(1784903383.390666) can0 12A#10050000000A0062 R
(1784903383.390886) can0 5A0#0000000004000085 R
(1784903383.400207) can0 12D#000000000000005F R
(1784903383.406668) can0 121#00A601CF04800067 R
(1784903383.406924) can0 129#000000010000006E R
(1784903383.408208) can0 120#000000000000006A R
(1784903383.409332) can0 541#000010000004E3B5 R
(1784903383.410150) can0 12D#000000000000006A R
(1784903383.410439) can0 12E#000000000000C02E R
(1784903383.420192) can0 12D#000000000000008B R
(1784903383.426323) can0 121#00A601CF04800086 R
(1784903383.426589) can0 129#000000010000008F R
(1784903383.429139) can0 120#000000000000008B R
(1784903383.429530) can0 541#000010000004E3DF R
(1784903383.430090) can0 12D#00000000000000BE R
(1784903383.430294) can0 12E#000000000000C044 R
(1784903383.437760) can0 450#0000000000002800 R
(1784903383.440333) can0 12D#00000000000000D4 R
(1784903383.440726) can0 12A#10050000000A0083 R
(1784903383.446328) can0 121#00A601CF048000B3 R
(1784903383.447387) can0 129#00000001000000BA R
(1784903383.447872) can0 120#00000000000000BE R
(1784903383.449434) can0 541#000010000004E33E R
(1784903383.450137) can0 12D#0000000000000035 R
(1784903383.450356) can0 12E#000000000000C071 R
(1784903383.460205) can0 12D#000000000000005F R
(1784903383.466317) can0 121#00A601CF048000D9 R
(1784903383.466705) can0 129#00000001000000D0 R
(1784903383.467899) can0 120#00000000000000D4 R
(1784903383.470039) can0 541#000010000004E354 R
(1784903383.470559) can0 12D#000000000000006A R
(1784903383.470672) can0 12E#000000000000C090 R
(1784903383.480190) can0 12D#000000000000008B R
(1784903383.486300) can0 121#00A601CF04800038 R
(1784903383.486627) can0 129#0000000100000031 R
(1784903383.486719) can0 540#000040100000ED00 R
(1784903383.486957) can0 5B0#10000000000000BF R
(1784903383.489789) can0 120#0000000000000035 R
(1784903383.490270) can0 541#000010000004E361 R
(1784903383.490425) can0 450#0000000000002800 R
(1784903383.490531) can0 12D#00000000000000BE R
(1784903383.490668) can0 12E#000000000000C0A5 R
(1784903383.490868) can0 12A#10050000000A00B6 R
(1784903383.490999) can0 5A0#00000000040000B0 R
(1784903383.500212) can0 12D#00000000000000D4 R
(1784903383.506420) can0 121#00A601CF04800052 R
(1784903383.506673) can0 129#000000010000005B R
(1784903383.508138) can0 120#000000000000005F R
(1784903383.509295) can0 541#000010000004E380 R
(1784903383.510106) can0 12D#0000000000000035 R
(1784903383.510260) can0 12E#000000000000C0CF R
(1784903383.520157) can0 12D#000000000000005F R
(1784903383.526308) can0 121#00A601CF04800067 R
(1784903383.526577) can0 129#000000010000006E R
(1784903383.528676) can0 120#000000000000006A R
(1784903383.529139) can0 541#000010000004E3B5 R
(1784903383.530139) can0 12D#000000000000006A R
(1784903383.530434) can0 12E#000000000000C02E R
(1784903383.537761) can0 450#0000000000002800 R
(1784903383.540428) can0 12D#000000000000008B R
(1784903383.540820) can0 12A#10050000000A00DC R
(1784903383.546347) can0 121#00A601CF04800086 R
(1784903383.547412) can0 129#000000010000008F R
(1784903383.548840) can0 120#000000000000008B R
(1784903383.549284) can0 541#000010000004E3DF R
(1784903383.550167) can0 12D#00000000000000BE R
(1784903383.550493) can0 12E#000000000000C044 R
(1784903383.560169) can0 12D#00000000000000D4 R
(1784903383.566306) can0 121#00A601CF048000B3 R
(1784903383.566662) can0 129#00000001000000BA R
(1784903383.567885) can0 120#00000000000000BE R
(1784903383.570374) can0 541#000010000004E33E R
(1784903383.570770) can0 12D#0000000000000035 R
(1784903383.570883) can0 12E#000000000000C071 R
(1784903383.580445) can0 12D#000000000000005F R
(1784903383.586847) can0 121#00A601CF048000D9 R
(1784903383.587215) can0 129#00000001000000D0 R
(1784903383.587298) can0 540#000040100000ED00 R
(1784903383.587450) can0 5B0#10000000000000D5 R
(1784903383.591130) can0 120#00000000000000D4 R
(1784903383.591549) can0 541#000010000004E354 R
(1784903383.592478) can0 450#0000000000002800 R
(1784903383.592845) can0 12D#000000000000006A R
(1784903383.592945) can0 12E#000000000000C090 R
(1784903383.593056) can0 12A#10050000000A003D R
(1784903383.593335) can0 5A0#00000000040000DA R
(1784903383.600220) can0 12D#000000000000008B R
(1784903383.606319) can0 121#00A601CF04800038 R
(1784903383.606607) can0 129#0000000100000031 R
(1784903383.608944) can0 120#0000000000000035 R
(1784903383.609359) can0 541#000010000004E361 R
(1784903383.610126) can0 12D#00000000000000BE R
(1784903383.610364) can0 12E#000000000000C0A5 R
(1784903383.620194) can0 12D#00000000000000D4 R
(1784903383.626377) can0 121#00A601CF04800052 R
(1784903383.626704) can0 129#000000010000005B R
(1784903383.628056) can0 120#000000000000005F R
(1784903383.629834) can0 541#000010000004E380 R
(1784903383.630346) can0 12D#0000000000000035 R
(1784903383.630528) can0 12E#000000000000C0CF R
(1784903383.637902) can0 450#0000000000002800 R
(1784903383.640231) can0 12D#000000000000005F R
(1784903383.640617) can0 12A#10050000000A0057 R
(1784903383.646669) can0 121#00A601CF04800067 R
(1784903383.647051) can0 129#000000010000006E R
(1784903383.648159) can0 120#000000000000006A R
(1784903383.649199) can0 541#000010000004E3B5 R
(1784903383.650203) can0 12D#000000000000006A R
(1784903383.650386) can0 12E#000000000000C02E R
(1784903383.660552) can0 12D#000000000000008B R
(1784903383.666319) can0 121#00A601CF04800086 R
(1784903383.666570) can0 129#000000010000008F R
(1784903383.667912) can0 120#000000000000008B R
(1784903383.669567) can0 541#000010000004E3DF R
(1784903383.670084) can0 12D#00000000000000BE R
(1784903383.670637) can0 12E#000000000000C044 R
(1784903383.680170) can0 12D#00000000000000D4 R
(1784903383.686322) can0 121#00A601CF048000B3 R
(1784903383.686599) can0 129#00000001000000BA R
(1784903383.686701) can0 540#000040100000ED00 R
(1784903383.689258) can0 5B0#1000000000000034 R
(1784903383.689636) can0 120#00000000000000BE R
(1784903383.689747) can0 541#000010000004E33E R
(1784903383.689841) can0 450#0000000000002800 R
(1784903383.690226) can0 12D#0000000000000035 R
(1784903383.690470) can0 12E#000000000000C071 R
(1784903383.690939) can0 12A#10050000000A0062 R
(1784903383.692840) can0 5A0#000000000400003B R
(1784903383.700252) can0 12D#000000000000005F R
(1784903383.706934) can0 121#00A601CF048000D9 R
(1784903383.707214) can0 129#00000001000000D0 R
(1784903383.708185) can0 120#00000000000000D4 R
(1784903383.709185) can0 541#000010000004E354 R
(1784903383.711313) can0 12D#000000000000006A R
(1784903383.711717) can0 12E#000000000000C090 R
(1784903383.720135) can0 12D#000000000000008B R
(1784903383.726329) can0 121#00A601CF04800038 R
(1784903383.726601) can0 129#0000000100000031 R
(1784903383.729378) can0 120#0000000000000035 R
(1784903383.729763) can0 541#000010000004E361 R
(1784903383.730089) can0 12D#00000000000000BE R
(1784903383.730313) can0 12E#000000000000C0A5 R
(1784903383.737776) can0 450#0000000000002800 R
(1784903383.740202) can0 12D#00000000000000D4 R
(1784903383.740448) can0 12A#10050000000A0083 R
(1784903383.746881) can0 121#00A601CF04800052 R
(1784903383.747195) can0 129#000000010000005B R
(1784903383.747922) can0 120#000000000000005F R
(1784903383.749162) can0 541#000010000004E380 R
(1784903383.750136) can0 12D#0000000000000035 R
(1784903383.750386) can0 12E#000000000000C0CF R
(1784903383.760193) can0 12D#000000000000005F R
(1784903383.766350) can0 121#00A601CF04800067 R
(1784903383.766683) can0 129#000000010000006E R
(1784903383.768767) can0 120#000000000000006A R
(1784903383.769191) can0 541#000010000004E3B5 R
(1784903383.770254) can0 12D#000000000000006A R
(1784903383.770506) can0 12E#000000000000C02E R
(1784903383.780177) can0 12D#000000000000008B R
(1784903383.786330) can0 121#00A601CF04800086 R
(1784903383.786654) can0 129#000000010000008F R
(1784903383.786757) can0 540#000040100000ED00 R
(1784903383.789162) can0 5B0#100000000000005E R
(1784903383.789527) can0 120#000000000000008B R
(1784903383.789711) can0 541#000010000004E3DF R
(1784903383.789821) can0 450#0000000000002800 R
(1784903383.790294) can0 12D#00000000000000BE R
(1784903383.790450) can0 12E#000000000000C044 R
(1784903383.790610) can0 12A#10050000000A00B6 R
(1784903383.791015) can0 5A0#0000000004000051 R
(1784903383.800892) can0 12D#00000000000000D4 R
(1784903383.806322) can0 121#00A601CF048000B3 R
(1784903383.806605) can0 129#00000001000000BA R
(1784903383.807929) can0 120#00000000000000BE R
(1784903383.809084) can0 541#000010000004E33E R
(1784903383.811496) can0 12D#0000000000000035 R
(1784903383.811879) can0 12E#000000000000C071 R
(1784903383.820187) can0 12D#000000000000005F R
(1784903383.826333) can0 121#00A601CF048000D9 R
(1784903383.826662) can0 129#00000001000000D0 R
(1784903383.827968) can0 120#00000000000000D4 R
(1784903383.830135) can0 541#000010000004E354 R
(1784903383.830629) can0 12D#000000000000006A R
(1784903383.830782) can0 12E#000000000000C090 R
(1784903383.837777) can0 450#0000000000002800 R
(1784903383.840313) can0 12D#000000000000008B R
(1784903383.840772) can0 12A#10050000000A00DC R
(1784903383.846415) can0 121#00A601CF04800038 R
(1784903383.846699) can0 129#0000000100000031 R
(1784903383.848138) can0 120#0000000000000035 R
(1784903383.849139) can0 541#000010000004E361 R
(1784903383.850235) can0 12D#00000000000000BE R
(1784903383.852376) can0 12E#000000000000C0A5 R
(1784903383.860160) can0 12D#00000000000000D4 R
(1784903383.866359) can0 121#00A601CF04800052 R
(1784903383.866631) can0 129#000000010000005B R
(1784903383.867983) can0 120#000000000000005F R
(1784903383.869790) can0 541#000010000004E380 R
(1784903383.870197) can0 12D#0000000000000035 R
(1784903383.870281) can0 12E#000000000000C0CF R
(1784903383.880144) can0 12D#000000000000005F R
(1784903383.886345) can0 121#00A601CF04800067 R
(1784903383.886621) can0 129#000000010000006E R
(1784903383.886753) can0 540#000040100000ED00 R
(1784903383.889244) can0 5B0#100000000000006B R
(1784903383.889629) can0 120#000000000000006A R
(1784903383.889731) can0 541#000010000004E3B5 R
(1784903383.889851) can0 450#0000000000002800 R
(1784903383.890248) can0 12D#000000000000006A R
(1784903383.890445) can0 12E#000000000000C02E R
(1784903383.890667) can0 12A#10050000000A003D R
(1784903383.890896) can0 5A0#0000000004000064 R
(1784903383.900569) can0 12D#000000000000008B R
(1784903383.906341) can0 121#00A601CF04800086 R
(1784903383.906607) can0 129#000000010000008F R
(1784903383.908639) can0 120#000000000000008B R
(1784903383.909146) can0 541#000010000004E3DF R
(1784903383.910371) can0 12D#00000000000000BE R
(1784903383.910630) can0 12E#000000000000C044 R
(1784903383.920169) can0 12D#00000000000000D4 R
(1784903383.926341) can0 121#00A601CF048000B3 R
(1784903383.926614) can0 129#00000001000000BA R
(1784903383.927952) can0 120#00000000000000BE R
(1784903383.929178) can0 541#000010000004E33E R
(1784903383.930376) can0 12D#0000000000000035 R
(1784903383.930716) can0 12E#000000000000C071 R
(1784903383.937788) can0 450#0000000000002800 R
(1784903383.940159) can0 12D#000000000000005F R
(1784903383.940395) can0 12A#10050000000A0057 R
(1784903383.946622) can0 121#00A601CF048000D9 R
(1784903383.946936) can0 129#00000001000000D0 R
(1784903383.948174) can0 120#00000000000000D4 R
(1784903383.949106) can0 541#000010000004E354 R
(1784903383.950116) can0 12D#000000000000006A R
(1784903383.950492) can0 12E#000000000000C090 R
(1784903383.960175) can0 12D#000000000000008B R
(1784903383.966350) can0 121#00A601CF04800038 R
(1784903383.966682) can0 129#0000000100000031 R
(1784903383.969358) can0 120#0000000000000035 R
(1784903383.969767) can0 541#000010000004E361 R
(1784903383.970094) can0 12D#00000000000000BE R
(1784903383.970400) can0 12E#000000000000C0A5 R
(1784903383.980163) can0 12D#00000000000000D4 R
(1784903383.986360) can0 121#00A601CF04800052 R
(1784903383.986631) can0 129#000000010000005B R
(1784903383.986814) can0 540#000040100000ED00 R
(1784903383.987013) can0 5B0#100000000000008A R
(1784903383.988759) can0 120#000000000000005F R
(1784903383.989246) can0 541#000010000004E380 R
(1784903383.989354) can0 450#0000000000002800 R
(1784903383.990242) can0 12D#0000000000000035 R
(1784903383.990556) can0 12E#000000000000C0CF R
(1784903383.990743) can0 12A#10050000000A0062 R
(1784903383.990919) can0 5A0#0000000004000085 R
(1784903384.000250) can0 12D#000000000000005F R
(1784903384.006416) can0 121#00A601CF04800067 R
(1784903384.006685) can0 129#000000010000006E R
(1784903384.008059) can0 120#000000000000006A R
(1784903384.009639) can0 541#000010000004E3B5 R
(1784903384.010130) can0 12D#000000000000006A R
(1784903384.010304) can0 12E#000000000000C02E R
(1784903384.020129) can0 12D#000000000000008B R
(1784903384.026566) can0 121#00A601CF04800086 R
(1784903384.026885) can0 129#000000010000008F R
(1784903384.028148) can0 120#000000000000008B R
(1784903384.030457) can0 541#000010000004E3DF R
(1784903384.030948) can0 12D#00000000000000BE R
(1784903384.031063) can0 12E#000000000000C044 R
(1784903384.037780) can0 450#0000000000002800 R
(1784903384.040217) can0 12D#00000000000000D4 R
(1784903384.040520) can0 12A#10050000000A0083 R
(1784903384.046369) can0 121#00A601CF048000B3 R
(1784903384.046698) can0 129#00000001000000BA R
(1784903384.047947) can0 120#00000000000000BE R
(1784903384.049641) can0 541#000010000004E436 R
(1784903384.050672) can0 12D#0000000000000035 R
(1784903384.050932) can0 12E#000000000000C071 R
(1784903384.060160) can0 12D#000000000000005F R
(1784903384.066356) can0 121#00A601CF048000D9 R
(1784903384.066633) can0 129#00000001000000D0 R
(1784903384.068036) can0 120#00000000000000D4 R
(1784903384.069712) can0 541#000010000004E45C R
(1784903384.070571) can0 12D#000000000000006A R
(1784903384.070848) can0 12E#000000000000C090 R
(1784903384.080148) can0 12D#000000000000008B R
(1784903384.086390) can0 121#00A601CF04800038 R
(1784903384.086653) can0 129#0000000100000031 R
(1784903384.086808) can0 540#000040100000ED00 R
(1784903384.087049) can0 5B0#10000000000000BF R
(1784903384.088100) can0 120#0000000000000035 R
(1784903384.089144) can0 541#000010000004E469 R
(1784903384.089427) can0 450#0000000000002800 R
(1784903384.090221) can0 12D#00000000000000BE R
(1784903384.090624) can0 12E#000000000000C0A5 R
(1784903384.090773) can0 12A#10050000000A00B6 R
(1784903384.090883) can0 5A0#00000000040000B0 R
(1784903384.100940) can0 12D#00000000000000D4 R
(1784903384.106357) can0 121#00A601CF04800052 R
(1784903384.106628) can0 129#000000010000005B R
(1784903384.108638) can0 120#000000000000005F R
(1784903384.109128) can0 541#000010000004E488 R
(1784903384.110167) can0 12D#0000000000000035 R
(1784903384.110356) can0 12E#000000000000C0CF R
(1784903384.120203) can0 12D#000000000000005F R
(1784903384.127463) can0 121#00A601CF04800067 R
(1784903384.127791) can0 129#000000010000006E R
(1784903384.127947) can0 120#000000000000006A R
(1784903384.129148) can0 541#000010000004E4BD R
(1784903384.130159) can0 12D#000000000000006A R
(1784903384.132364) can0 12E#000000000000C02E R
(1784903384.137775) can0 450#0000000000002800 R
(1784903384.140137) can0 12D#000000000000008B R
(1784903384.141751) can0 12A#10050000000A00DC R
(1784903384.146360) can0 121#00A601CF04800086 R
(1784903384.146684) can0 129#000000010000008F R
(1784903384.148789) can0 120#000000000000008B R
(1784903384.149190) can0 541#000010000004E4D7 R
(1784903384.150133) can0 12D#00000000000000BE R
(1784903384.150542) can0 12E#000000000000C044 R
(1784903384.160135) can0 12D#00000000000000D4 R
(1784903384.166388) can0 121#00A601CF048000B3 R
(1784903384.166813) can0 129#00000001000000BA R
(1784903384.167966) can0 120#00000000000000BE R
(1784903384.170135) can0 541#000010000004E436 R
(1784903384.170551) can0 12D#0000000000000035 R
(1784903384.170737) can0 12E#000000000000C071 R
(1784903384.180171) can0 12D#000000000000005F R
(1784903384.186365) can0 121#00A601CF048000D9 R
(1784903384.186638) can0 129#00000001000000D0 R
(1784903384.186832) can0 540#000040100000ED00 R
(1784903384.187024) can0 5B0#10000000000000D5 R
(1784903384.189547) can0 120#00000000000000D4 R
(1784903384.190023) can0 541#000010000004E45C R
(1784903384.190112) can0 450#0000000000002800 R
(1784903384.190212) can0 12D#000000000000006A R
(1784903384.190433) can0 12E#000000000000C090 R
(1784903384.190685) can0 12A#10050000000A003D R
(1784903384.190926) can0 5A0#00000000040000DA R
(1784903384.200179) can0 12D#000000000000008B R
(1784903384.206518) can0 121#00A601CF04800038 R
(1784903384.206836) can0 129#0000000100000031 R
(1784903384.208237) can0 120#0000000000000035 R
(1784903384.209158) can0 541#000010000004E469 R
(1784903384.210093) can0 12D#00000000000000BE R
(1784903384.210250) can0 12E#000000000000C0A5 R
(1784903384.220132) can0 12D#00000000000000D4 R
(1784903384.226371) can0 121#00A601CF04800052 R
(1784903384.226704) can0 129#000000010000005B R
(1784903384.228153) can0 120#000000000000005F R
(1784903384.229789) can0 541#000010000004E488 R
(1784903384.230619) can0 12D#0000000000000035 R
(1784903384.230990) can0 12E#000000000000C0CF R
(1784903384.237788) can0 450#0000000000002800 R
(1784903384.240193) can0 12D#000000000000005F R
(1784903384.240492) can0 12A#10050000000A0057 R
(1784903384.246555) can0 121#00A601CF04800067 R
(1784903384.246821) can0 129#000000010000006E R
(1784903384.248210) can0 120#000000000000006A R
(1784903384.249123) can0 541#000010000004E4BD R
(1784903384.250249) can0 12D#000000000000006A R
(1784903384.252402) can0 12E#000000000000C02E R
(1784903384.260150) can0 12D#000000000000008B R
(1784903384.266640) can0 121#00A601CF04800086 R
(1784903384.267043) can0 129#000000010000008F R
(1784903384.267976) can0 120#000000000000008B R
(1784903384.271035) can0 541#000010000004E4D7 R
(1784903384.271424) can0 12D#00000000000000BE R
(1784903384.271526) can0 12E#000000000000C044 R
(1784903384.280137) can0 12D#00000000000000D4 R
(1784903384.286386) can0 121#00A601CF048000B3 R
(1784903384.286645) can0 129#00000001000000BA R
(1784903384.286749) can0 540#000040100000ED00 R
(1784903384.287030) can0 5B0#1000000000000034 R
(1784903384.290110) can0 120#00000000000000BE R
(1784903384.290443) can0 541#000010000004E436 R
(1784903384.290539) can0 450#0000000000002800 R
(1784903384.291144) can0 12D#0000000000000035 R
(1784903384.291400) can0 12E#000000000000C071 R
(1784903384.291545) can0 12A#10050000000A0062 R
(1784903384.291665) can0 5A0#000000000400003B R
(1784903384.300596) can0 12D#000000000000005F R
(1784903384.306396) can0 121#00A601CF048000D9 R
(1784903384.306660) can0 129#00000001000000D0 R
(1784903384.309633) can0 120#00000000000000D4 R
(1784903384.310018) can0 541#000010000004E45C R
(1784903384.310117) can0 12D#000000000000006A R
(1784903384.310334) can0 12E#000000000000C090 R
(1784903384.320163) can0 12D#000000000000008B R
(1784903384.326963) can0 121#00A601CF04800038 R
(1784903384.327219) can0 129#0000000100000031 R
(1784903384.327993) can0 120#0000000000000035 R
(1784903384.329363) can0 541#000010000004E469 R
(1784903384.330090) can0 12D#00000000000000BE R
(1784903384.330373) can0 12E#000000000000C0A5 R
(1784903384.337799) can0 450#0000000000002800 R
(1784903384.340502) can0 12D#00000000000000D4 R
(1784903384.340866) can0 12A#10050000000A0083 R
(1784903384.346384) can0 121#00A601CF04800052 R
(1784903384.346705) can0 129#000000010000005B R
(1784903384.348200) can0 120#000000000000005F R
(1784903384.349118) can0 541#000010000004E488 R
(1784903384.351944) can0 12D#0000000000000035 R
(1784903384.352435) can0 12E#000000000000C0CF R
(1784903384.360145) can0 12D#000000000000005F R
(1784903384.366371) can0 121#00A601CF04800067 R
(1784903384.366691) can0 129#000000010000006E R
(1784903384.367965) can0 120#000000000000006A R
(1784903384.369124) can0 541#000010000004E4BD R
(1784903384.370056) can0 12D#000000000000006A R
(1784903384.371741) can0 12E#000000000000C02E R
(1784903384.380144) can0 12D#000000000000008B R
(1784903384.386443) can0 121#00A601CF04800086 R
(1784903384.386706) can0 129#000000010000008F R
(1784903384.386916) can0 540#000040100000ED00 R
(1784903384.387103) can0 5B0#100000000000005E R
(1784903384.389753) can0 120#000000000000008B R
(1784903384.390276) can0 541#000010000004E4D7 R
(1784903384.390383) can0 450#0000000000002800 R
(1784903384.390543) can0 12D#00000000000000BE R
(1784903384.390665) can0 12E#000000000000C044 R
(1784903384.390815) can0 12A#10050000000A00B6 R
(1784903384.390971) can0 5A0#0000000004000051 R
(1784903384.400845) can0 12D#00000000000000D4 R
(1784903384.406624) can0 121#00A601CF048000B3 R
(1784903384.407047) can0 129#00000001000000BA R
(1784903384.408247) can0 120#00000000000000BE R
(1784903384.409181) can0 541#000010000004E436 R
(1784903384.410949) can0 12D#0000000000000035 R
(1784903384.411101) can0 12E#000000000000C071 R
(1784903384.420146) can0 12D#000000000000005F R
(1784903384.426395) can0 121#00A601CF048000D9 R
(1784903384.426886) can0 129#00000001000000D0 R
(1784903384.428691) can0 120#00000000000000D4 R
(1784903384.429113) can0 541#000010000004E45C R
(1784903384.430093) can0 12D#000000000000006A R
(1784903384.430455) can0 12E#000000000000C090 R
(1784903384.437796) can0 450#0000000000002800 R
(1784903384.440523) can0 12D#000000000000008B R
(1784903384.440980) can0 12A#10050000000A00DC R
(1784903384.446700) can0 121#00A601CF04800038 R
(1784903384.446957) can0 129#0000000100000031 R
(1784903384.448505) can0 120#0000000000000035 R
(1784903384.449112) can0 541#000010000004E469 R
(1784903384.450146) can0 12D#00000000000000BE R
(1784903384.450422) can0 12E#000000000000C0A5 R
(1784903384.460165) can0 12D#00000000000000D4 R
(1784903384.466390) can0 121#00A601CF04800052 R
(1784903384.466650) can0 129#000000010000005B R
(1784903384.467991) can0 120#000000000000005F R
(1784903384.470115) can0 541#000010000004E488 R
(1784903384.470453) can0 12D#0000000000000035 R
(1784903384.470550) can0 12E#000000000000C0CF R
(1784903384.480159) can0 12D#000000000000005F R
(1784903384.486391) can0 121#00A601CF04800067 R
(1784903384.486655) can0 129#000000010000006E R
(1784903384.486802) can0 540#000040100000ED00 R
(1784903384.489201) can0 5B0#100000000000006B R
(1784903384.489677) can0 120#000000000000006A R
(1784903384.489790) can0 541#000010000004E4BD R
(1784903384.489888) can0 450#0000000000002800 R
(1784903384.490179) can0 12D#000000000000006A R
(1784903384.490387) can0 12E#000000000000C02E R
(1784903384.490639) can0 12A#10050000000A003D R
(1784903384.490847) can0 5A0#0000000004000064 R
(1784903384.500950) can0 12D#000000000000008B R
(1784903384.506409) can0 121#00A601CF04800086 R
(1784903384.507491) can0 129#000000010000008F R
(1784903384.507969) can0 120#000000000000008B R
(1784903384.509174) can0 541#000010000004E4D7 R
(1784903384.510098) can0 12D#00000000000000BE R
(1784903384.510270) can0 12E#000000000000C044 R
(1784903384.520151) can0 12D#00000000000000D4 R
(1784903384.526414) can0 121#00A601CF048000B3 R
(1784903384.526801) can0 129#00000001000000BA R
(1784903384.527990) can0 120#00000000000000BE R
(1784903384.530318) can0 541#000010000004E436 R
(1784903384.530715) can0 12D#0000000000000035 R
(1784903384.530807) can0 12E#000000000000C071 R
(1784903384.537801) can0 450#0000000000002800 R
(1784903384.540217) can0 12D#000000000000005F R
(1784903384.540584) can0 12A#10050000000A0057 R
(1784903384.546396) can0 121#00A601CF048000D9 R
(1784903384.546703) can0 129#00000001000000D0 R
(1784903384.548207) can0 120#00000000000000D4 R
(1784903384.549120) can0 541#000010000004E45C R
(1784903384.550135) can0 12D#000000000000006A R
(1784903384.552285) can0 12E#000000000000C090 R
(1784903384.560112) can0 12D#000000000000008B R
(1784903384.566395) can0 121#00A601CF04800038 R
(1784903384.566652) can0 129#0000000100000031 R
(1784903384.568032) can0 120#0000000000000035 R
(1784903384.569942) can0 541#000010000004E469 R
(1784903384.570330) can0 12D#00000000000000BE R
(1784903384.570544) can0 12E#000000000000C0A5 R
(1784903384.580810) can0 12D#00000000000000D4 R
(1784903384.588503) can0 121#00A601CF04800052 R
(1784903384.588917) can0 129#000000010000005B R
(1784903384.589088) can0 540#000040100000ED00 R
(1784903384.589190) can0 5B0#100000000000008A R
(1784903384.589312) can0 120#000000000000005F R
(1784903384.589416) can0 541#000010000004E488 R
(1784903384.590611) can0 450#0000000000002800 R
(1784903384.590951) can0 12D#0000000000000035 R
(1784903384.592452) can0 12E#000000000000C0CF R
(1784903384.592819) can0 12A#10050000000A0062 R
(1784903384.592927) can0 5A0#0000000004000085 R
(1784903384.600199) can0 12D#000000000000005F R
(1784903384.606419) can0 121#00A601CF04800067 R
(1784903384.606857) can0 129#000000010000006E R
(1784903384.607996) can0 120#000000000000006A R
(1784903384.610260) can0 541#000010000004E4BD R
(1784903384.610741) can0 12D#000000000000006A R
(1784903384.610830) can0 12E#000000000000C02E R
(1784903384.620148) can0 12D#000000000000008B R
(1784903384.626386) can0 121#00A601CF04800086 R
(1784903384.626695) can0 129#000000010000008F R
(1784903384.629263) can0 120#000000000000008B R
(1784903384.629673) can0 541#000010000004E4D7 R
(1784903384.630063) can0 12D#00000000000000BE R
(1784903384.630358) can0 12E#000000000000C044 R
(1784903384.637800) can0 450#0000000000002800 R
(1784903384.640168) can0 12D#00000000000000D4 R
(1784903384.640521) can0 12A#10050000000A0083 R
(1784903384.646406) can0 121#00A601CF048000B3 R
(1784903384.646710) can0 129#00000001000000BA R
(1784903384.648003) can0 120#00000000000000BE R
(1784903384.650572) can0 541#000010000004E436 R
(1784903384.650983) can0 12D#0000000000000035 R
(1784903384.651117) can0 12E#000000000000C071 R
(1784903384.660159) can0 12D#000000000000005F R
(1784903384.666403) can0 121#00A601CF048000D9 R
(1784903384.666738) can0 129#00000001000000D0 R
(1784903384.668221) can0 120#00000000000000D4 R
(1784903384.670501) can0 541#000010000004E45C R
(1784903384.670868) can0 12D#000000000000006A R
(1784903384.670993) can0 12E#000000000000C090 R
(1784903384.680176) can0 12D#000000000000008B R
(1784903384.686402) can0 121#00A601CF04800038 R
(1784903384.686803) can0 129#0000000100000031 R
(1784903384.686919) can0 540#000040100000ED00 R
(1784903384.687056) can0 5B0#10000000000000BF R
(1784903384.688088) can0 120#0000000000000035 R
(1784903384.690483) can0 541#000010000004E469 R
(1784903384.690884) can0 450#0000000000002800 R
(1784903384.691129) can0 12D#00000000000000BE R
(1784903384.691269) can0 12E#000000000000C0A5 R
(1784903384.691382) can0 12A#10050000000A00B6 R
(1784903384.691475) can0 5A0#00000000040000B0 R
(1784903384.700166) can0 12D#00000000000000D4 R
(1784903384.706404) can0 121#00A601CF04800052 R
(1784903384.706780) can0 129#000000010000005B R
(1784903384.708272) can0 120#000000000000005F R
(1784903384.709152) can0 541#000010000004E488 R
(1784903384.710073) can0 12D#0000000000000035 R
(1784903384.712651) can0 12E#000000000000C0CF R
(1784903384.720113) can0 12D#000000000000005F R
(1784903384.726562) can0 121#00A601CF04800067 R
(1784903384.726935) can0 129#000000010000006E R
(1784903384.728009) can0 120#000000000000006A R
(1784903384.729120) can0 541#000010000004E4BD R
(1784903384.730048) can0 12D#000000000000006A R
(1784903384.730240) can0 12E#000000000000C02E R
(1784903384.737800) can0 450#0000000000002800 R
(1784903384.740202) can0 12D#000000000000008B R
(1784903384.740524) can0 12A#10050000000A00DC R
(1784903384.746436) can0 121#00A601CF04800086 R
(1784903384.746750) can0 129#000000010000008F R
(1784903384.748259) can0 120#000000000000008B R
(1784903384.749124) can0 541#000010000004E4D7 R
(1784903384.750108) can0 12D#00000000000000BE R
(1784903384.750520) can0 12E#000000000000C044 R
(1784903384.760134) can0 12D#00000000000000D4 R
(1784903384.766471) can0 121#00A601CF048000B3 R
(1784903384.766732) can0 129#00000001000000BA R
(1784903384.769315) can0 120#00000000000000BE R
(1784903384.769706) can0 541#000010000004E436 R
(1784903384.770018) can0 12D#0000000000000035 R
(1784903384.770310) can0 12E#000000000000C071 R
(1784903384.780134) can0 12D#000000000000005F R
(1784903384.786602) can0 121#00A601CF048000D9 R
(1784903384.786873) can0 129#00000001000000D0 R
(1784903384.787094) can0 540#000040100000ED00 R
(1784903384.788894) can0 5B0#10000000000000D5 R
(1784903384.789332) can0 120#00000000000000D4 R
(1784903384.789423) can0 541#000010000004E45C R
(1784903384.789598) can0 450#0000000000002800 R
(1784903384.790218) can0 12D#000000000000006A R
(1784903384.790510) can0 12E#000000000000C090 R
(1784903384.790689) can0 12A#10050000000A003D R
(1784903384.790919) can0 5A0#00000000040000DA R
(1784903384.800194) can0 12D#000000000000008B R
(1784903384.806454) can0 121#00A601CF04800038 R
(1784903384.806778) can0 129#0000000100000031 R
(1784903384.808269) can0 120#0000000000000035 R
(1784903384.809162) can0 541#000010000004E469 R
(1784903384.810189) can0 12D#00000000000000BE R
(1784903384.810459) can0 12E#000000000000C0A5 R
(1784903384.820160) can0 12D#00000000000000D4 R
(1784903384.826404) can0 121#00A601CF04800052 R
(1784903384.826728) can0 129#000000010000005B R
(1784903384.828110) can0 120#000000000000005F R
(1784903384.829113) can0 541#000010000004E488 R
(1784903384.830077) can0 12D#0000000000000035 R
(1784903384.830335) can0 12E#000000000000C0CF R
(1784903384.837810) can0 450#0000000000002800 R
(1784903384.840183) can0 12D#000000000000005F R
(1784903384.840461) can0 12A#10050000000A0057 R
(1784903384.846424) can0 121#00A601CF04800067 R
(1784903384.846691) can0 129#000000010000006E R
(1784903384.848040) can0 120#000000000000006A R
(1784903384.849154) can0 541#000010000004E4BD R
(1784903384.851921) can0 12D#000000000000006A R
(1784903384.852396) can0 12E#000000000000C02E R
(1784903384.860107) can0 12D#000000000000008B R
(1784903384.866444) can0 121#00A601CF04800086 R
(1784903384.866717) can0 129#000000010000008F R
(1784903384.868745) can0 120#000000000000008B R
(1784903384.869152) can0 541#000010000004E4D7 R
(1784903384.870109) can0 12D#00000000000000BE R
(1784903384.870391) can0 12E#000000000000C044 R
(1784903384.880316) can0 12D#00000000000000D4 R
(1784903384.886427) can0 121#00A601CF048000B3 R
(1784903384.886688) can0 129#00000001000000BA R
(1784903384.886837) can0 540#000040100000ED00 R
(1784903384.887075) can0 5B0#1000000000000034 R
(1784903384.889759) can0 120#00000000000000BE R
(1784903384.890169) can0 541#000010000004E436 R
(1784903384.890270) can0 450#0000000000002800 R
(1784903384.890404) can0 12D#0000000000000035 R
(1784903384.890622) can0 12E#000000000000C071 R
(1784903384.890780) can0 12A#10050000000A0062 R
(1784903384.890928) can0 5A0#000000000400003B R
(1784903384.900469) can0 12D#000000000000005F R
(1784903384.906432) can0 121#00A601CF048000D9 R
(1784903384.906695) can0 129#00000001000000D0 R
(1784903384.908050) can0 120#00000000000000D4 R
(1784903384.909824) can0 541#000010000004E45C R
(1784903384.910245) can0 12D#000000000000006A R
(1784903384.910351) can0 12E#000000000000C090 R
(1784903384.920106) can0 12D#000000000000008B R
(1784903384.926429) can0 121#00A601CF04800038 R
(1784903384.926702) can0 129#0000000100000031 R
(1784903384.929189) can0 120#0000000000000035 R
(1784903384.929696) can0 541#000010000004E469 R
(1784903384.930089) can0 12D#00000000000000BE R
(1784903384.930312) can0 12E#000000000000C0A5 R
(1784903384.937837) can0 450#0000000000002800 R
(1784903384.940382) can0 12D#00000000000000D4 R
(1784903384.940759) can0 12A#10050000000A0083 R
(1784903384.946704) can0 121#00A601CF04800052 R
(1784903384.947009) can0 129#000000010000005B R
(1784903384.948276) can0 120#000000000000005F R
(1784903384.949128) can0 541#000010000004E488 R
(1784903384.950117) can0 12D#0000000000000035 R
(1784903384.950482) can0 12E#000000000000C0CF R
(1784903384.960122) can0 12D#000000000000005F R
(1784903384.966455) can0 121#00A601CF04800067 R
(1784903384.966711) can0 129#000000010000006E R
(1784903384.968092) can0 120#000000000000006A R
(1784903384.969148) can0 541#000010000004E4BD R
(1784903384.970270) can0 12D#000000000000006A R
(1784903384.970736) can0 12E#000000000000C02E R
(1784903384.980137) can0 12D#000000000000008B R
(1784903384.986436) can0 121#00A601CF04800086 R
(1784903384.986708) can0 129#000000010000008F R
(1784903384.986925) can0 540#000040100000ED00 R
(1784903384.987073) can0 5B0#100000000000005E R
(1784903384.988157) can0 120#000000000000008B R
(1784903384.990278) can0 541#000010000004E4D7 R
(1784903384.990733) can0 450#0000000000002800 R
(1784903384.990855) can0 12D#00000000000000BE R
(1784903384.990995) can0 12E#000000000000C044 R
(1784903384.991158) can0 12A#10050000000A00B6 R
(1784903384.991332) can0 5A0#0000000004000051 R
(1784903385.000129) can0 12D#00000000000000D4 R
(1784903385.006428) can0 121#00A601CF048000B3 R
(1784903385.006761) can0 129#00000001000000BA R
(1784903385.009699) can0 120#00000000000000BE R
(1784903385.010099) can0 541#000010000004E436 R
(1784903385.010214) can0 12D#0000000000000035 R
(1784903385.010458) can0 12E#000000000000C071 R
(1784903385.020168) can0 12D#000000000000005F R
(1784903385.026434) can0 121#00A601CF048000D9 R
(1784903385.026754) can0 129#00000001000000D0 R
(1784903385.029247) can0 120#00000000000000D4 R
(1784903385.029643) can0 541#000010000004E45C R
(1784903385.030090) can0 12D#000000000000006A R
(1784903385.030403) can0 12E#000000000000C090 R
(1784903385.037814) can0 450#0000000000002800 R
(1784903385.040421) can0 12D#000000000000008B R
(1784903385.040793) can0 12A#10050000000A00DC R
(1784903385.046611) can0 121#00A601CF04800038 R
(1784903385.046876) can0 129#0000000100000031 R
(1784903385.048307) can0 120#0000000000000035 R
(1784903385.049202) can0 541#000010000004E57F R
(1784903385.050224) can0 12D#00000000000000BE R
(1784903385.052365) can0 12E#000000000000C0A5 R
(1784903385.060121) can0 12D#00000000000000D4 R
(1784903385.066434) can0 121#00A601CF04800052 R
(1784903385.066697) can0 129#000000010000005B R
(1784903385.068810) can0 120#000000000000005F R
(1784903385.069229) can0 541#000010000004E59E R
(1784903385.070093) can0 12D#0000000000000035 R
(1784903385.070391) can0 12E#000000000000C0CF R
(1784903385.080114) can0 12D#000000000000005F R
(1784903385.086536) can0 121#00A601CF04800067 R
(1784903385.086930) can0 129#000000010000006E R
(1784903385.087033) can0 540#000040100000ED00 R
(1784903385.087125) can0 5B0#100000000000006B R
(1784903385.088295) can0 120#000000000000006A R
(1784903385.089143) can0 541#000010000004E5AB R
(1784903385.091182) can0 450#0000000000002800 R
(1784903385.091485) can0 12D#000000000000006A R
(1784903385.091689) can0 12E#000000000000C02E R
(1784903385.091798) can0 12A#10050000000A003D R
(1784903385.091993) can0 5A0#0000000004000064 R
(1784903385.101319) can0 12D#000000000000008B R
(1784903385.106462) can0 121#00A601CF04800086 R
(1784903385.106749) can0 129#000000010000008F R
(1784903385.108044) can0 120#000000000000008B R
(1784903385.109746) can0 541#000010000004E5C1 R
(1784903385.110086) can0 12D#00000000000000BE R
(1784903385.110772) can0 12E#000000000000C044 R
(1784903385.120090) can0 12D#00000000000000D4 R
(1784903385.126441) can0 121#00A601CF048000B3 R
(1784903385.126714) can0 129#00000001000000BA R
(1784903385.129132) can0 120#00000000000000BE R
(1784903385.129601) can0 541#000010000004E520 R
(1784903385.130045) can0 12D#0000000000000035 R
(1784903385.130288) can0 12E#000000000000C071 R
(1784903385.137810) can0 450#0000000000002800 R
(1784903385.140118) can0 12D#000000000000005F R
(1784903385.140312) can0 12A#10050000000A0057 R
(1784903385.146511) can0 121#00A601CF048000D9 R
(1784903385.146770) can0 129#00000001000000D0 R
(1784903385.149754) can0 120#00000000000000D4 R
(1784903385.150144) can0 541#000010000004E54A R
(1784903385.150247) can0 12D#000000000000006A R
(1784903385.150447) can0 12E#000000000000C090 R
(1784903385.160159) can0 12D#000000000000008B R
(1784903385.166643) can0 121#00A601CF04800038 R
(1784903385.166920) can0 129#0000000100000031 R
(1784903385.168904) can0 120#0000000000000035 R
(1784903385.169314) can0 541#000010000004E57F R
(1784903385.170127) can0 12D#00000000000000BE R
(1784903385.170401) can0 12E#000000000000C0A5 R
(1784903385.180139) can0 12D#00000000000000D4 R
(1784903385.186468) can0 121#00A601CF04800052 R
(1784903385.186740) can0 129#000000010000005B R
(1784903385.186941) can0 540#000040100000ED00 R
(1784903385.187131) can0 5B0#100000000000008A R
(1784903385.188226) can0 120#000000000000005F R
(1784903385.190318) can0 541#000010000004E59E R
(1784903385.190537) can0 450#0000000000002800 R
(1784903385.190713) can0 12D#0000000000000035 R
(1784903385.190830) can0 12E#000000000000C0CF R
(1784903385.190945) can0 12A#10050000000A0062 R
(1784903385.191116) can0 5A0#0000000004000085 R
(1784903385.200312) can0 12D#000000000000005F R
(1784903385.206455) can0 121#00A601CF04800067 R
(1784903385.206774) can0 129#000000010000006E R
(1784903385.209287) can0 120#000000000000006A R
(1784903385.209705) can0 541#000010000004E5AB R
(1784903385.210029) can0 12D#000000000000006A R
(1784903385.210331) can0 12E#000000000000C02E R
(1784903385.220133) can0 12D#000000000000008B R
(1784903385.226450) can0 121#00A601CF04800086 R
(1784903385.226786) can0 129#000000010000008F R
(1784903385.228718) can0 120#000000000000008B R
(1784903385.229137) can0 541#000010000004E5C1 R
(1784903385.230092) can0 12D#00000000000000BE R
(1784903385.230450) can0 12E#000000000000C044 R
(1784903385.237817) can0 450#0000000000002800 R
(1784903385.240083) can0 12D#00000000000000D4 R
(1784903385.240275) can0 12A#10050000000A0083 R
(1784903385.246749) can0 121#00A601CF048000B3 R
(1784903385.247015) can0 129#00000001000000BA R
(1784903385.248319) can0 120#00000000000000BE R
(1784903385.249438) can0 541#000010000004E520 R
(1784903385.250089) can0 12D#0000000000000035 R
(1784903385.250294) can0 12E#000000000000C071 R
(1784903385.260125) can0 12D#000000000000005F R
(1784903385.266451) can0 121#00A601CF048000D9 R
(1784903385.266726) can0 129#00000001000000D0 R
(1784903385.268089) can0 120#00000000000000D4 R
(1784903385.269651) can0 541#000010000004E54A R
(1784903385.270154) can0 12D#000000000000006A R
(1784903385.270295) can0 12E#000000000000C090 R
(1784903385.280078) can0 12D#000000000000008B R
(1784903385.286449) can0 121#00A601CF04800038 R
(1784903385.286825) can0 129#0000000100000031 R
(1784903385.286923) can0 540#000040100000ED00 R
(1784903385.287132) can0 5B0#10000000000000BF R
(1784903385.288158) can0 120#0000000000000035 R
(1784903385.289498) can0 541#000010000004E57F R
(1784903385.291709) can0 450#0000000000002800 R
(1784903385.291923) can0 12D#00000000000000BE R
(1784903385.292117) can0 12E#000000000000C0A5 R
(1784903385.292280) can0 12A#10050000000A00B6 R
(1784903385.292428) can0 5A0#00000000040000B0 R
(1784903385.300175) can0 12D#00000000000000D4 R
(1784903385.306469) can0 121#00A601CF04800052 R
(1784903385.306732) can0 129#000000010000005B R
(1784903385.309569) can0 120#000000000000005F R
(1784903385.310071) can0 541#000010000004E59E R
(1784903385.310217) can0 12D#0000000000000035 R
(1784903385.310333) can0 12E#000000000000C0CF R
(1784903385.320114) can0 12D#000000000000005F R
(1784903385.326461) can0 121#00A601CF04800067 R
(1784903385.326727) can0 129#000000010000006E R
(1784903385.328090) can0 120#000000000000006A R
(1784903385.330108) can0 541#000010000004E5AB R
(1784903385.330493) can0 12D#000000000000006A R
(1784903385.330585) can0 12E#000000000000C02E R
(1784903385.337825) can0 450#0000000000002800 R
(1784903385.340163) can0 12D#000000000000008B R
(1784903385.340539) can0 12A#10050000000A00DC R
(1784903385.346461) can0 121#00A601CF04800086 R
(1784903385.346721) can0 129#000000010000008F R
(1784903385.349315) can0 120#000000000000008B R
(1784903385.349717) can0 541#000010000004E5C1 R
(1784903385.350184) can0 12D#00000000000000BE R
(1784903385.350493) can0 12E#000000000000C044 R
(1784903385.360108) can0 12D#00000000000000D4 R
(1784903385.366456) can0 121#00A601CF048000B3 R
(1784903385.366733) can0 129#00000001000000BA R
(1784903385.369299) can0 120#00000000000000BE R
(1784903385.369691) can0 541#000010000004E520 R
(1784903385.370063) can0 12D#0000000000000035 R
(1784903385.370269) can0 12E#000000000000C071 R
(1784903385.380133) can0 12D#000000000000005F R
(1784903385.386468) can0 121#00A601CF048000D9 R
(1784903385.386728) can0 129#00000001000000D0 R
(1784903385.386942) can0 540#000040100000ED00 R
(1784903385.388734) can0 5B0#10000000000000D5 R
(1784903385.389153) can0 120#00000000000000D4 R
(1784903385.389249) can0 541#000010000004E54A R
(1784903385.389423) can0 450#0000000000002800 R
(1784903385.390322) can0 12D#000000000000006A R
(1784903385.390534) can0 12E#000000000000C090 R
(1784903385.390618) can0 12A#10050000000A003D R
(1784903385.390866) can0 5A0#00000000040000DA R
(1784903385.400578) can0 12D#000000000000008B R
(1784903385.406472) can0 121#00A601CF04800038 R
(1784903385.406818) can0 129#0000000100000031 R
(1784903385.408094) can0 120#0000000000000035 R
(1784903385.410834) can0 541#000010000004E57F R
(1784903385.411239) can0 12D#00000000000000BE R
(1784903385.411475) can0 12E#000000000000C0A5 R
(1784903385.420099) can0 12D#00000000000000D4 R
(1784903385.426464) can0 121#00A601CF04800052 R
(1784903385.426729) can0 129#000000010000005B R
(1784903385.428750) can0 120#000000000000005F R
(1784903385.429199) can0 541#000010000004E59E R
(1784903385.430086) can0 12D#0000000000000035 R
(1784903385.430322) can0 12E#000000000000C0CF R
(1784903385.437822) can0 450#0000000000002800 R
(1784903385.440185) can0 12D#000000000000005F R
(1784903385.440486) can0 12A#10050000000A0057 R
(1784903385.446501) can0 121#00A601CF04800067 R
(1784903385.447544) can0 129#000000010000006E R
(1784903385.448050) can0 120#000000000000006A R
(1784903385.449206) can0 541#000010000004E5AB R
(1784903385.450380) can0 12D#000000000000006A R
(1784903385.450640) can0 12E#000000000000C02E R
(1784903385.460125) can0 12D#000000000000008B R
(1784903385.466467) can0 121#00A601CF04800086 R
(1784903385.466734) can0 129#000000010000008F R
(1784903385.469679) can0 120#000000000000008B R
(1784903385.470085) can0 541#000010000004E5C1 R
(1784903385.470351) can0 12D#00000000000000BE R
(1784903385.470493) can0 12E#000000000000C044 R
(1784903385.480092) can0 12D#00000000000000D4 R
(1784903385.486471) can0 121#00A601CF048000B3 R
(1784903385.486788) can0 129#00000001000000BA R
(1784903385.486886) can0 540#000040100000ED00 R
(1784903385.489328) can0 5B0#1000000000000034 R
(1784903385.489816) can0 120#00000000000000BE R
(1784903385.489923) can0 541#000010000004E520 R
(1784903385.490068) can0 450#0000000000002800 R
(1784903385.490195) can0 12D#0000000000000035 R
(1784903385.490363) can0 12E#000000000000C071 R
(1784903385.490635) can0 12A#10050000000A0062 R
(1784903385.490884) can0 5A0#000000000400003B R
(1784903385.500163) can0 12D#000000000000005F R
(1784903385.506480) can0 121#00A601CF048000D9 R
(1784903385.506746) can0 129#00000001000000D0 R
(1784903385.509212) can0 120#00000000000000D4 R
(1784903385.509689) can0 541#000010000004E54A R
(1784903385.510025) can0 12D#000000000000006A R
(1784903385.510275) can0 12E#000000000000C090 R
(1784903385.520126) can0 12D#000000000000008B R
(1784903385.526554) can0 121#00A601CF04800038 R
(1784903385.526828) can0 129#0000000100000031 R
(1784903385.529347) can0 120#0000000000000035 R
(1784903385.529850) can0 541#000010000004E57F R
(1784903385.530066) can0 12D#00000000000000BE R
(1784903385.530300) can0 12E#000000000000C0A5 R
(1784903385.537854) can0 450#0000000000002800 R
(1784903385.540348) can0 12D#00000000000000D4 R
(1784903385.540762) can0 12A#10050000000A0083 R
(1784903385.546668) can0 121#00A601CF04800052 R
(1784903385.546939) can0 129#000000010000005B R
(1784903385.548270) can0 120#000000000000005F R
(1784903385.550798) can0 541#000010000004E59E R
(1784903385.551185) can0 12D#0000000000000035 R
(1784903385.551384) can0 12E#000000000000C0CF R
(1784903385.560106) can0 12D#000000000000005F R
(1784903385.566479) can0 121#00A601CF04800067 R
(1784903385.566754) can0 129#000000010000006E R
(1784903385.569298) can0 120#000000000000006A R
(1784903385.569689) can0 541#000010000004E5AB R
(1784903385.570039) can0 12D#000000000000006A R
(1784903385.570257) can0 12E#000000000000C02E R
(1784903385.581586) can0 12D#000000000000008B R
(1784903385.589512) can0 121#00A601CF04800086 R
(1784903385.589895) can0 129#000000010000008F R
(1784903385.590130) can0 540#000040100000ED00 R
(1784903385.590260) can0 5B0#100000000000005E R
(1784903385.590351) can0 120#000000000000008B R
(1784903385.590475) can0 541#000010000004E5C1 R
(1784903385.590625) can0 450#0000000000002800 R
(1784903385.590838) can0 12D#00000000000000BE R
(1784903385.590975) can0 12E#000000000000C044 R
(1784903385.591089) can0 12A#10050000000A00B6 R
(1784903385.591226) can0 5A0#0000000004000051 R
(1784903385.600177) can0 12D#00000000000000D4 R
(1784903385.606479) can0 121#00A601CF048000B3 R
(1784903385.606793) can0 129#00000001000000BA R
(1784903385.608798) can0 120#00000000000000BE R
(1784903385.609193) can0 541#000010000004E520 R
(1784903385.610040) can0 12D#0000000000000035 R
(1784903385.610302) can0 12E#000000000000C071 R
(1784903385.620579) can0 12D#000000000000005F R
(1784903385.626506) can0 121#00A601CF048000D9 R
(1784903385.626774) can0 129#00000001000000D0 R
(1784903385.628129) can0 120#00000000000000D4 R
(1784903385.629844) can0 541#000010000004E54A R
(1784903385.630342) can0 12D#000000000000006A R
(1784903385.630471) can0 12E#000000000000C090 R
(1784903385.637815) can0 450#0000000000002800 R
(1784903385.641081) can0 12D#000000000000008B R
(1784903385.641442) can0 12A#10050000000A00DC R
(1784903385.646486) can0 121#00A601CF04800038 R
(1784903385.646752) can0 129#0000000100000031 R
(1784903385.648735) can0 120#0000000000000035 R
(1784903385.649140) can0 541#000010000004E57F R
(1784903385.650117) can0 12D#00000000000000BE R
(1784903385.650389) can0 12E#000000000000C0A5 R
(1784903385.660133) can0 12D#00000000000000D4 R
(1784903385.666480) can0 121#00A601CF04800052 R
(1784903385.666758) can0 129#000000010000005B R
(1784903385.669443) can0 120#000000000000005F R
(1784903385.669946) can0 541#000010000004E59E R
(1784903385.670070) can0 12D#0000000000000035 R
(1784903385.670219) can0 12E#000000000000C0CF R
(1784903385.680094) can0 12D#000000000000005F R
(1784903385.686493) can0 121#00A601CF04800067 R
(1784903385.686783) can0 129#000000010000006E R
(1784903385.686884) can0 540#000040100000ED00 R
(1784903385.688760) can0 5B0#100000000000006B R
(1784903385.689173) can0 120#000000000000006A R
(1784903385.689266) can0 541#000010000004E5AB R
(1784903385.689421) can0 450#0000000000002800 R
(1784903385.690160) can0 12D#000000000000006A R
(1784903385.690430) can0 12E#000000000000C02E R
(1784903385.690587) can0 12A#10050000000A003D R
(1784903385.690858) can0 5A0#0000000004000064 R
(1784903385.701253) can0 12D#000000000000008B R
(1784903385.707275) can0 121#00A601CF04800086 R
(1784903385.707592) can0 129#000000010000008F R
(1784903385.708545) can0 120#000000000000008B R
(1784903385.709287) can0 541#000010000004E5C1 R
(1784903385.711734) can0 12D#00000000000000BE R
(1784903385.712217) can0 12E#000000000000C044 R
(1784903385.720119) can0 12D#00000000000000D4 R
(1784903385.726504) can0 121#00A601CF048000B3 R
(1784903385.726771) can0 129#00000001000000BA R
(1784903385.729379) can0 120#00000000000000BE R
(1784903385.729743) can0 541#000010000004E520 R
(1784903385.730023) can0 12D#0000000000000035 R
(1784903385.730269) can0 12E#000000000000C071 R
(1784903385.737827) can0 450#0000000000002800 R
(1784903385.740191) can0 12D#000000000000005F R
(1784903385.740569) can0 12A#10050000000A0057 R
(1784903385.746511) can0 121#00A601CF048000D9 R
(1784903385.746781) can0 129#00000001000000D0 R
(1784903385.748684) can0 120#00000000000000D4 R
(1784903385.749163) can0 541#000010000004E54A R
(1784903385.750088) can0 12D#000000000000006A R
(1784903385.750402) can0 12E#000000000000C090 R
(1784903385.760068) can0 12D#000000000000008B R
(1784903385.766501) can0 121#00A601CF04800038 R
(1784903385.766815) can0 129#0000000100000031 R
(1784903385.768120) can0 120#0000000000000035 R
(1784903385.769190) can0 541#000010000004E57F R
(1784903385.770483) can0 12D#00000000000000BE R
(1784903385.770855) can0 12E#000000000000C0A5 R
(1784903385.780132) can0 12D#00000000000000D4 R
(1784903385.786502) can0 121#00A601CF04800052 R
(1784903385.786832) can0 129#000000010000005B R
(1784903385.786932) can0 540#000040100000ED00 R
(1784903385.787149) can0 5B0#100000000000008A R
(1784903385.789911) can0 120#000000000000005F R
(1784903385.790406) can0 541#000010000004E59E R
(1784903385.790536) can0 450#0000000000002800 R
(1784903385.790627) can0 12D#0000000000000035 R
(1784903385.790794) can0 12E#000000000000C0CF R
(1784903385.790967) can0 12A#10050000000A0062 R
(1784903385.791091) can0 5A0#0000000004000085 R
(1784903385.800373) can0 12D#000000000000005F R
(1784903385.806515) can0 121#00A601CF04800067 R
(1784903385.806785) can0 129#000000010000006E R
(1784903385.809640) can0 120#000000000000006A R
(1784903385.810034) can0 541#000010000004E5AB R
(1784903385.810236) can0 12D#000000000000006A R
(1784903385.810428) can0 12E#000000000000C02E R
(1784903385.820096) can0 12D#000000000000008B R
(1784903385.826494) can0 121#00A601CF04800086 R
(1784903385.826761) can0 129#000000010000008F R
(1784903385.829979) can0 120#000000000000008B R
(1784903385.830284) can0 541#000010000004E5C1 R
(1784903385.830463) can0 12D#00000000000000BE R
(1784903385.830553) can0 12E#000000000000C044 R
(1784903385.837838) can0 450#0000000000002800 R
(1784903385.840137) can0 12D#00000000000000D4 R
(1784903385.840565) can0 12A#10050000000A0083 R
(1784903385.846547) can0 121#00A601CF048000B3 R
(1784903385.846882) can0 129#00000001000000BA R
(1784903385.848129) can0 120#00000000000000BE R
(1784903385.850330) can0 541#000010000004E520 R
(1784903385.850715) can0 12D#0000000000000035 R
(1784903385.850818) can0 12E#000000000000C071 R
(1784903385.860131) can0 12D#000000000000005F R
(1784903385.866502) can0 121#00A601CF048000D9 R
(1784903385.866772) can0 129#00000001000000D0 R
(1784903385.868800) can0 120#00000000000000D4 R
(1784903385.869304) can0 541#000010000004E54A R
(1784903385.870090) can0 12D#000000000000006A R
(1784903385.870381) can0 12E#000000000000C090 R
(1784903385.880092) can0 12D#000000000000008B R
(1784903385.886511) can0 121#00A601CF04800038 R
(1784903385.886781) can0 129#0000000100000031 R
(1784903385.886922) can0 540#000040100000ED00 R
(1784903385.887144) can0 5B0#10000000000000BF R
(1784903385.889266) can0 120#0000000000000035 R
(1784903385.889366) can0 541#000010000004E57F R
(1784903385.889458) can0 450#0000000000002800 R
(1784903385.890166) can0 12D#00000000000000BE R
(1784903385.890464) can0 12E#000000000000C0A5 R
(1784903385.890607) can0 12A#10050000000A00B6 R
(1784903385.890871) can0 5A0#00000000040000B0 R
(1784903385.900119) can0 12D#00000000000000D4 R
(1784903385.906572) can0 121#00A601CF04800052 R
(1784903385.906855) can0 129#000000010000005B R
(1784903385.909415) can0 120#000000000000005F R
(1784903385.909835) can0 541#000010000004E59E R
(1784903385.909962) can0 12D#0000000000000035 R
(1784903385.910206) can0 12E#000000000000C0CF R
(1784903385.920094) can0 12D#000000000000005F R
(1784903385.926695) can0 121#00A601CF04800067 R
(1784903385.926959) can0 129#000000010000006E R
(1784903385.928906) can0 120#000000000000006A R
(1784903385.929326) can0 541#000010000004E5AB R
(1784903385.930057) can0 12D#000000000000006A R
(1784903385.930331) can0 12E#000000000000C02E R
(1784903385.937832) can0 450#0000000000002800 R
(1784903385.940094) can0 12D#000000000000008B R
(1784903385.940452) can0 12A#10050000000A00DC R
(1784903385.946513) can0 121#00A601CF04800086 R
(1784903385.946830) can0 129#000000010000008F R
(1784903385.948271) can0 120#000000000000008B R
(1784903385.950001) can0 541#000010000004E5C1 R
(1784903385.950234) can0 12D#00000000000000BE R
(1784903385.950352) can0 12E#000000000000C044 R
(1784903385.960082) can0 12D#00000000000000D4 R
(1784903385.966525) can0 121#00A601CF048000B3 R
(1784903385.966864) can0 129#00000001000000BA R
(1784903385.968787) can0 120#00000000000000BE R
(1784903385.969205) can0 541#000010000004E520 R
(1784903385.970090) can0 12D#0000000000000035 R
(1784903385.970342) can0 12E#000000000000C071 R
(1784903385.980080) can0 12D#000000000000005F R
(1784903385.986514) can0 121#00A601CF048000D9 R
(1784903385.986838) can0 129#00000001000000D0 R
(1784903385.986944) can0 540#000040100000ED00 R
(1784903385.987164) can0 5B0#10000000000000D5 R
(1784903385.989481) can0 120#00000000000000D4 R
(1784903385.989988) can0 541#000010000004E54A R
(1784903385.990120) can0 450#0000000000002800 R
(1784903385.990261) can0 12D#000000000000006A R
(1784903385.990375) can0 12E#000000000000C090 R
(1784903385.990628) can0 12A#10050000000A003D R
(1784903385.990856) can0 5A0#00000000040000DA R
(1784903386.000155) can0 12D#000000000000008B R
(1784903386.006515) can0 121#00A601CF04800038 R
(1784903386.006804) can0 129#0000000100000031 R
(1784903386.008095) can0 120#0000000000000035 R
(1784903386.009173) can0 541#000010000004E57F R
(1784903386.011392) can0 12D#00000000000000BE R
(1784903386.011787) can0 12E#000000000000C0A5 R
(1784903386.020104) can0 12D#00000000000000D4 R
(1784903386.026521) can0 121#00A601CF04800052 R
(1784903386.026791) can0 129#000000010000005B R
(1784903386.028727) can0 120#000000000000005F R
(1784903386.029152) can0 541#000010000004E59E R
(1784903386.030063) can0 12D#0000000000000035 R
(1784903386.030367) can0 12E#000000000000C0CF R
(1784903386.037863) can0 450#0000000000002800 R
(1784903386.040138) can0 12D#000000000000005F R
(1784903386.040635) can0 12A#10050000000A0057 R
(1784903386.046526) can0 121#00A601CF04800067 R
(1784903386.046799) can0 129#000000010000006E R
(1784903386.048565) can0 120#000000000000006A R
(1784903386.049404) can0 541#000010000004E6A4 R
(1784903386.050066) can0 12D#000000000000006A R
(1784903386.050265) can0 12E#000000000000C02E R
(1784903386.060085) can0 12D#000000000000008B R
(1784903386.066541) can0 121#00A601CF04800086 R
(1784903386.066805) can0 129#000000010000008F R
(1784903386.068130) can0 120#000000000000008B R
(1784903386.070777) can0 541#000010000004E6CE R
(1784903386.071188) can0 12D#00000000000000BE R
(1784903386.071299) can0 12E#000000000000C044 R
(1784903386.080104) can0 12D#00000000000000D4 R
(1784903386.086525) can0 121#00A601CF048000B3 R
(1784903386.086797) can0 129#00000001000000BA R
(1784903386.086930) can0 540#000040100000ED00 R
(1784903386.087175) can0 5B0#1000000000000034 R
(1784903386.089704) can0 120#00000000000000BE R
(1784903386.090120) can0 541#000010000004E62F R
(1784903386.090255) can0 450#0000000000002800 R
(1784903386.090448) can0 12D#0000000000000035 R
(1784903386.090614) can0 12E#000000000000C071 R
(1784903386.090711) can0 12A#10050000000A0062 R
(1784903386.090859) can0 5A0#000000000400003B R
(1784903386.100232) can0 12D#000000000000005F R
(1784903386.106548) can0 121#00A601CF048000D9 R
(1784903386.106942) can0 129#00000001000000D0 R
(1784903386.109525) can0 120#00000000000000D4 R
(1784903386.109907) can0 541#000010000004E645 R
(1784903386.110003) can0 12D#000000000000006A R
(1784903386.110193) can0 12E#000000000000C090 R
(1784903386.120084) can0 12D#000000000000008B R
(1784903386.126546) can0 121#00A601CF04800038 R
(1784903386.126831) can0 129#0000000100000031 R
(1784903386.128123) can0 120#0000000000000035 R
(1784903386.130237) can0 541#000010000004E670 R
(1784903386.130648) can0 12D#00000000000000BE R
(1784903386.130745) can0 12E#000000000000C0A5 R
(1784903386.137832) can0 450#0000000000002800 R
(1784903386.140145) can0 12D#00000000000000D4 R
(1784903386.140465) can0 12A#10050000000A0083 R
(1784903386.146529) can0 121#00A601CF04800052 R
(1784903386.146847) can0 129#000000010000005B R
(1784903386.148339) can0 120#000000000000005F R
(1784903386.149402) can0 541#000010000004E691 R
(1784903386.150192) can0 12D#0000000000000035 R
(1784903386.150462) can0 12E#000000000000C0CF R
(1784903386.160312) can0 12D#000000000000005F R
(1784903386.167085) can0 121#00A601CF04800067 R
(1784903386.167444) can0 129#000000010000006E R
(1784903386.168101) can0 120#000000000000006A R
(1784903386.169176) can0 541#000010000004E6A4 R
(1784903386.171573) can0 12D#000000000000006A R
(1784903386.172036) can0 12E#000000000000C02E R
(1784903386.180078) can0 12D#000000000000008B R
(1784903386.186546) can0 121#00A601CF04800086 R
(1784903386.186858) can0 129#000000010000008F R
(1784903386.186947) can0 540#000040100000ED00 R
(1784903386.187192) can0 5B0#100000000000005E R
(1784903386.188939) can0 120#000000000000008B R
(1784903386.189442) can0 541#000010000004E6CE R
(1784903386.189578) can0 450#0000000000002800 R
(1784903386.190131) can0 12D#00000000000000BE R
(1784903386.190397) can0 12E#000000000000C044 R
(1784903386.190607) can0 12A#10050000000A00B6 R
(1784903386.190848) can0 5A0#0000000004000051 R
(1784903386.200176) can0 12D#00000000000000D4 R
(1784903386.206561) can0 121#00A601CF048000B3 R
(1784903386.206830) can0 129#00000001000000BA R
(1784903386.208151) can0 120#00000000000000BE R
(1784903386.209490) can0 541#000010000004E62F R
(1784903386.210058) can0 12D#0000000000000035 R
(1784903386.210292) can0 12E#000000000000C071 R
(1784903386.220098) can0 12D#000000000000005F R
(1784903386.226578) can0 121#00A601CF048000D9 R
(1784903386.226990) can0 129#00000001000000D0 R
(1784903386.228202) can0 120#00000000000000D4 R
(1784903386.230543) can0 541#000010000004E645 R
(1784903386.231039) can0 12D#000000000000006A R
(1784903386.231144) can0 12E#000000000000C090 R
(1784903386.237844) can0 450#0000000000002800 R
(1784903386.240090) can0 12D#000000000000008B R
(1784903386.240385) can0 12A#10050000000A00DC R
(1784903386.246539) can0 121#00A601CF04800038 R
(1784903386.246809) can0 129#0000000100000031 R
(1784903386.248753) can0 120#0000000000000035 R
(1784903386.249257) can0 541#000010000004E670 R
(1784903386.250205) can0 12D#00000000000000BE R
(1784903386.250534) can0 12E#000000000000C0A5 R
(1784903386.260069) can0 12D#00000000000000D4 R
(1784903386.266727) can0 121#00A601CF04800052 R
(1784903386.267115) can0 129#000000010000005B R
(1784903386.268145) can0 120#000000000000005F R
(1784903386.269184) can0 541#000010000004E691 R
(1784903386.270864) can0 12D#0000000000000035 R
(1784903386.271199) can0 12E#000000000000C0CF R
(1784903386.280115) can0 12D#000000000000005F R
(1784903386.286623) can0 121#00A601CF04800067 R
(1784903386.286894) can0 129#000000010000006E R
(1784903386.287043) can0 540#000040100000ED00 R
(1784903386.287291) can0 5B0#100000000000006B R
(1784903386.288332) can0 120#000000000000006A R
(1784903386.289249) can0 541#000010000004E6A4 R
(1784903386.289472) can0 450#0000000000002800 R
(1784903386.290638) can0 12D#000000000000006A R
(1784903386.291058) can0 12E#000000000000C02E R
(1784903386.291163) can0 12A#10050000000A003D R
(1784903386.291334) can0 5A0#0000000004000064 R
(1784903386.300767) can0 12D#000000000000008B R
(1784903386.307361) can0 121#00A601CF04800086 R
(1784903386.307615) can0 129#000000010000008F R
(1784903386.308842) can0 120#000000000000008B R
(1784903386.309220) can0 541#000010000004E6CE R
(1784903386.310079) can0 12D#00000000000000BE R
(1784903386.310334) can0 12E#000000000000C044 R
(1784903386.320104) can0 12D#00000000000000D4 R
(1784903386.326545) can0 121#00A601CF048000B3 R
(1784903386.326820) can0 129#00000001000000BA R
(1784903386.329293) can0 120#00000000000000BE R
(1784903386.329679) can0 541#000010000004E62F R
(1784903386.330018) can0 12D#0000000000000035 R
(1784903386.330203) can0 12E#000000000000C071 R
(1784903386.337845) can0 450#0000000000002800 R
(1784903386.340179) can0 12D#000000000000005F R
(1784903386.340546) can0 12A#10050000000A0057 R
(1784903386.346568) can0 121#00A601CF048000D9 R
(1784903386.347647) can0 129#00000001000000D0 R
(1784903386.348218) can0 120#00000000000000D4 R
(1784903386.349279) can0 541#000010000004E645 R
(1784903386.350256) can0 12D#000000000000006A R
(1784903386.350531) can0 12E#000000000000C090 R
(1784903386.360289) can0 12D#000000000000008B R
(1784903386.366537) can0 121#00A601CF04800038 R
(1784903386.366858) can0 129#0000000100000031 R
(1784903386.368339) can0 120#0000000000000035 R
(1784903386.369153) can0 541#000010000004E670 R
(1784903386.371413) can0 12D#00000000000000BE R
(1784903386.371907) can0 12E#000000000000C0A5 R
(1784903386.380066) can0 12D#00000000000000D4 R
(1784903386.386546) can0 121#00A601CF04800052 R
(1784903386.386862) can0 129#000000010000005B R
(1784903386.386955) can0 540#000040100000ED00 R
(1784903386.387200) can0 5B0#100000000000008A R
(1784903386.389459) can0 120#000000000000005F R
(1784903386.389971) can0 541#000010000004E691 R
(1784903386.390079) can0 450#0000000000002800 R
(1784903386.390221) can0 12D#0000000000000035 R
(1784903386.390313) can0 12E#000000000000C0CF R
(1784903386.390570) can0 12A#10050000000A0062 R
(1784903386.390821) can0 5A0#0000000004000085 R
(1784903386.400113) can0 12D#000000000000005F R
(1784903386.406565) can0 121#00A601CF04800067 R
(1784903386.406835) can0 129#000000010000006E R
(1784903386.408181) can0 120#000000000000006A R
(1784903386.409223) can0 541#000010000004E6A4 R
(1784903386.410279) can0 12D#000000000000006A R
(1784903386.412456) can0 12E#000000000000C02E R
(1784903386.420150) can0 12D#000000000000008B R
(1784903386.426548) can0 121#00A601CF04800086 R
(1784903386.426878) can0 129#000000010000008F R
(1784903386.429441) can0 120#000000000000008B R
(1784903386.429839) can0 541#000010000004E6CE R
(1784903386.430027) can0 12D#00000000000000BE R
(1784903386.430231) can0 12E#000000000000C044 R
(1784903386.437846) can0 450#0000000000002800 R
(1784903386.440112) can0 12D#00000000000000D4 R
(1784903386.440546) can0 12A#10050000000A0083 R
(1784903386.446575) can0 121#00A601CF048000B3 R
(1784903386.446865) can0 129#00000001000000BA R
(1784903386.448149) can0 120#00000000000000BE R
(1784903386.450127) can0 541#000010000004E62F R
(1784903386.450494) can0 12D#0000000000000035 R
(1784903386.450591) can0 12E#000000000000C071 R
(1784903386.460086) can0 12D#000000000000005F R
(1784903386.466556) can0 121#00A601CF048000D9 R
(1784903386.466830) can0 129#00000001000000D0 R
(1784903386.468175) can0 120#00000000000000D4 R
(1784903386.469942) can0 541#000010000004E645 R
(1784903386.470363) can0 12D#000000000000006A R
(1784903386.470455) can0 12E#000000000000C090 R
(1784903386.480095) can0 12D#000000000000008B R
(1784903386.486547) can0 121#00A601CF04800038 R
(1784903386.486811) can0 129#0000000100000031 R
(1784903386.486951) can0 540#000040100000ED00 R
(1784903386.487218) can0 5B0#10000000000000BF R
(1784903386.489948) can0 120#0000000000000035 R
(1784903386.490342) can0 541#000010000004E670 R
(1784903386.490453) can0 450#0000000000002800 R
(1784903386.490657) can0 12D#00000000000000BE R
(1784903386.490842) can0 12E#000000000000C0A5 R
(1784903386.490974) can0 12A#10050000000A00B6 R
(1784903386.491085) can0 5A0#00000000040000B0 R
(1784903386.500657) can0 12D#00000000000000D4 R
(1784903386.506590) can0 121#00A601CF04800052 R
(1784903386.506851) can0 129#000000010000005B R
(1784903386.509757) can0 120#000000000000005F R
(1784903386.510168) can0 541#000010000004E691 R
(1784903386.510273) can0 12D#0000000000000035 R
(1784903386.510409) can0 12E#000000000000C0CF R
(1784903386.520075) can0 12D#000000000000005F R
(1784903386.526566) can0 121#00A601CF04800067 R
(1784903386.526845) can0 129#000000010000006E R
(1784903386.528751) can0 120#000000000000006A R
(1784903386.529226) can0 541#000010000004E6A4 R
(1784903386.530037) can0 12D#000000000000006A R
(1784903386.530215) can0 12E#000000000000C02E R
(1784903386.537837) can0 450#0000000000002800 R
(1784903386.540155) can0 12D#000000000000008B R
(1784903386.540503) can0 12A#10050000000A00DC R
(1784903386.546580) can0 121#00A601CF04800086 R
(1784903386.547619) can0 129#000000010000008F R
(1784903386.548139) can0 120#000000000000008B R
(1784903386.549225) can0 541#000010000004E6CE R
(1784903386.550079) can0 12D#00000000000000BE R
(1784903386.550447) can0 12E#000000000000C044 R
(1784903386.560090) can0 12D#00000000000000D4 R
(1784903386.566563) can0 121#00A601CF048000B3 R
(1784903386.566894) can0 129#00000001000000BA R
(1784903386.568438) can0 120#00000000000000BE R
(1784903386.569285) can0 541#000010000004E62F R
(1784903386.570036) can0 12D#0000000000000035 R
(1784903386.570458) can0 12E#000000000000C071 R
(1784903386.580378) can0 12D#000000000000005F R
(1784903386.588285) can0 121#00A601CF048000D9 R
(1784903386.588662) can0 129#00000001000000D0 R
(1784903386.588878) can0 540#000040100000ED00 R
(1784903386.589007) can0 5B0#10000000000000D5 R
(1784903386.589094) can0 120#00000000000000D4 R
(1784903386.590436) can0 541#000010000004E645 R
(1784903386.591212) can0 450#0000000000002800 R
(1784903386.591457) can0 12D#000000000000006A R
(1784903386.591574) can0 12E#000000000000C090 R
(1784903386.591775) can0 12A#10050000000A003D R
(1784903386.591930) can0 5A0#00000000040000DA R
(1784903386.600115) can0 12D#000000000000008B R
(1784903386.606571) can0 121#00A601CF04800038 R
(1784903386.607083) can0 129#0000000100000031 R
(1784903386.609202) can0 120#0000000000000035 R
(1784903386.609306) can0 541#000010000004E670 R
(1784903386.610052) can0 12D#00000000000000BE R
(1784903386.610249) can0 12E#000000000000C0A5 R
(1784903386.620091) can0 12D#00000000000000D4 R
(1784903386.626584) can0 121#00A601CF04800052 R
(1784903386.626891) can0 129#000000010000005B R
(1784903386.628195) can0 120#000000000000005F R
(1784903386.629239) can0 541#000010000004E691 R
(1784903386.630568) can0 12D#0000000000000035 R
(1784903386.630936) can0 12E#000000000000C0CF R
(1784903386.637854) can0 450#0000000000002800 R
(1784903386.640140) can0 12D#000000000000005F R
(1784903386.640577) can0 12A#10050000000A0057 R
(1784903386.647612) can0 121#00A601CF04800067 R
(1784903386.647905) can0 129#000000010000006E R
(1784903386.648183) can0 120#000000000000006A R
(1784903386.649193) can0 541#000010000004E6A4 R
(1784903386.651712) can0 12D#000000000000006A R
(1784903386.652100) can0 12E#000000000000C02E R
(1784903386.660069) can0 12D#000000000000008B R
(1784903386.666632) can0 121#00A601CF04800086 R
(1784903386.666897) can0 129#000000010000008F R
(1784903386.669852) can0 120#000000000000008B R
(1784903386.670242) can0 541#000010000004E6CE R
(1784903386.670355) can0 12D#00000000000000BE R
(1784903386.670441) can0 12E#000000000000C044 R
(1784903386.680049) can0 12D#00000000000000D4 R
(1784903386.686754) can0 121#00A601CF048000B3 R
(1784903386.687168) can0 129#00000001000000BA R
(1784903386.689457) can0 540#000040100000ED00 R
(1784903386.689902) can0 5B0#1000000000000034 R
(1784903386.690037) can0 120#00000000000000BE R
(1784903386.690157) can0 541#000010000004E62F R
(1784903386.690300) can0 450#0000000000002800 R
(1784903386.690438) can0 12D#0000000000000035 R
(1784903386.690561) can0 12E#000000000000C071 R
(1784903386.690713) can0 12A#10050000000A0062 R
(1784903386.690872) can0 5A0#000000000400003B R
(1784903386.700247) can0 12D#000000000000005F R
(1784903386.706631) can0 121#00A601CF048000D9 R
(1784903386.706898) can0 129#00000001000000D0 R
(1784903386.708260) can0 120#00000000000000D4 R
(1784903386.709200) can0 541#000010000004E645 R
(1784903386.710030) can0 12D#000000000000006A R
(1784903386.710240) can0 12E#000000000000C090 R
(1784903386.720083) can0 12D#000000000000008B R
(1784903386.726592) can0 121#00A601CF04800038 R
(1784903386.726845) can0 129#0000000100000031 R
(1784903386.728273) can0 120#0000000000000035 R
(1784903386.729238) can0 541#000010000004E670 R
(1784903386.730003) can0 12D#00000000000000BE R
(1784903386.732986) can0 12E#000000000000C0A5 R
(1784903386.737876) can0 450#0000000000002800 R
(1784903386.740319) can0 12D#00000000000000D4 R
(1784903386.740699) can0 12A#10050000000A0083 R
(1784903386.746574) can0 121#00A601CF04800052 R
(1784903386.746885) can0 129#000000010000005B R
(1784903386.748224) can0 120#000000000000005F R
(1784903386.749220) can0 541#000010000004E691 R
(1784903386.750103) can0 12D#0000000000000035 R
(1784903386.752293) can0 12E#000000000000C0CF R
(1784903386.760075) can0 12D#000000000000005F R
(1784903386.766576) can0 121#00A601CF04800067 R
(1784903386.766889) can0 129#000000010000006E R
(1784903386.769842) can0 120#000000000000006A R
(1784903386.770235) can0 541#000010000004E6A4 R
(1784903386.770342) can0 12D#000000000000006A R
(1784903386.770541) can0 12E#000000000000C02E R
(1784903386.780060) can0 12D#000000000000008B R
(1784903386.786581) can0 121#00A601CF04800086 R
(1784903386.786840) can0 129#000000010000008F R
(1784903386.787030) can0 540#000040100000ED00 R
(1784903386.787228) can0 5B0#100000000000005E R
(1784903386.788295) can0 120#000000000000008B R
(1784903386.789246) can0 541#000010000004E6CE R
(1784903386.789516) can0 450#0000000000002800 R
(1784903386.790164) can0 12D#00000000000000BE R
(1784903386.790506) can0 12E#000000000000C044 R
(1784903386.792796) can0 12A#10050000000A00B6 R
(1784903386.792930) can0 5A0#0000000004000051 R
(1784903386.800085) can0 12D#00000000000000D4 R
(1784903386.806600) can0 121#00A601CF048000B3 R
(1784903386.806925) can0 129#00000001000000BA R
(1784903386.808396) can0 120#00000000000000BE R
(1784903386.809401) can0 541#000010000004E62F R
(1784903386.810000) can0 12D#0000000000000035 R
(1784903386.810160) can0 12E#000000000000C071 R
(1784903386.820072) can0 12D#000000000000005F R
(1784903386.826583) can0 121#00A601CF048000D9 R
(1784903386.826902) can0 129#00000001000000D0 R
(1784903386.828234) can0 120#00000000000000D4 R
(1784903386.830312) can0 541#000010000004E645 R
(1784903386.830715) can0 12D#000000000000006A R
(1784903386.830923) can0 12E#000000000000C090 R
(1784903386.837852) can0 450#0000000000002800 R
(1784903386.840131) can0 12D#000000000000008B R
(1784903386.840575) can0 12A#10050000000A00DC R
(1784903386.846601) can0 121#00A601CF04800038 R
(1784903386.846863) can0 129#0000000100000031 R
(1784903386.849370) can0 120#0000000000000035 R
(1784903386.849841) can0 541#000010000004E670 R
(1784903386.849988) can0 12D#00000000000000BE R
(1784903386.850217) can0 12E#000000000000C0A5 R
(1784903386.860088) can0 12D#00000000000000D4 R
(1784903386.866588) can0 121#00A601CF04800052 R
(1784903386.866849) can0 129#000000010000005B R
(1784903386.869509) can0 120#000000000000005F R
(1784903386.870005) can0 541#000010000004E691 R
(1784903386.870156) can0 12D#0000000000000035 R
(1784903386.870247) can0 12E#000000000000C0CF R
(1784903386.880094) can0 12D#000000000000005F R
(1784903386.886592) can0 121#00A601CF04800067 R
(1784903386.886853) can0 129#000000010000006E R
(1784903386.887001) can0 540#000040100000ED00 R
(1784903386.887258) can0 5B0#100000000000006B R
(1784903386.889834) can0 120#000000000000006A R
(1784903386.890287) can0 541#000010000004E6A4 R
(1784903386.890397) can0 450#0000000000002800 R
(1784903386.890636) can0 12D#000000000000006A R
(1784903386.890774) can0 12E#000000000000C02E R
(1784903386.890888) can0 12A#10050000000A003D R
(1784903386.891061) can0 5A0#0000000004000064 R
(1784903386.900123) can0 12D#000000000000008B R
(1784903386.907314) can0 121#00A601CF04800086 R
(1784903386.907629) can0 129#000000010000008F R
(1784903386.908443) can0 120#000000000000008B R
(1784903386.909327) can0 541#000010000004E6CE R
(1784903386.910096) can0 12D#00000000000000BE R
(1784903386.912127) can0 12E#000000000000C044 R
(1784903386.920079) can0 12D#00000000000000D4 R
(1784903386.926586) can0 121#00A601CF048000B3 R
(1784903386.926839) can0 129#00000001000000BA R
(1784903386.928229) can0 120#00000000000000BE R
(1784903386.930679) can0 541#000010000004E62F R
(1784903386.931021) can0 12D#0000000000000035 R
(1784903386.931133) can0 12E#000000000000C071 R
(1784903386.938429) can0 450#0000000000002800 R
(1784903386.940045) can0 12D#000000000000005F R
(1784903386.940219) can0 12A#10050000000A0057 R
(1784903386.946616) can0 121#00A601CF048000D9 R
(1784903386.946926) can0 129#00000001000000D0 R
(1784903386.949869) can0 120#00000000000000D4 R
(1784903386.950224) can0 541#000010000004E645 R
(1784903386.950315) can0 12D#000000000000006A R
(1784903386.950512) can0 12E#000000000000C090 R
(1784903386.960041) can0 12D#000000000000008B R
(1784903386.966596) can0 121#00A601CF04800038 R
(1784903386.967076) can0 129#0000000100000031 R
(1784903386.968908) can0 120#0000000000000035 R
(1784903386.969251) can0 541#000010000004E670 R
(1784903386.970080) can0 12D#00000000000000BE R
(1784903386.970325) can0 12E#000000000000C0A5 R
(1784903386.980089) can0 12D#00000000000000D4 R
(1784903386.986589) can0 121#00A601CF04800052 R
(1784903386.986853) can0 129#000000010000005B R
(1784903386.987056) can0 540#000040100000ED00 R
(1784903386.989468) can0 5B0#100000000000008A R
(1784903386.989913) can0 120#000000000000005F R
(1784903386.990114) can0 541#000010000004E691 R
(1784903386.990319) can0 450#0000000000002800 R
(1784903386.990437) can0 12D#0000000000000035 R
(1784903386.990562) can0 12E#000000000000C0CF R
(1784903386.990741) can0 12A#10050000000A0062 R
(1784903386.990892) can0 5A0#0000000004000085 R
(1784903387.000383) can0 12D#000000000000005F R
(1784903387.006624) can0 121#00A601CF04800067 R
(1784903387.006950) can0 129#000000010000006E R
(1784903387.008196) can0 120#000000000000006A R
(1784903387.009840) can0 541#000010000004E6A4 R
(1784903387.010310) can0 12D#000000000000006A R
(1784903387.010421) can0 12E#000000000000C02E R
(1784903387.020059) can0 12D#000000000000008B R
(1784903387.026599) can0 121#00A601CF04800086 R
(1784903387.027089) can0 129#000000010000008F R
(1784903387.029275) can0 120#000000000000008B R
(1784903387.029579) can0 541#000010000004E6CE R
(1784903387.029973) can0 12D#00000000000000BE R
(1784903387.030286) can0 12E#000000000000C044 R
(1784903387.037863) can0 450#0000000000002800 R
(1784903387.040101) can0 12D#00000000000000D4 R
(1784903387.040577) can0 12A#10050000000A0083 R
(1784903387.046674) can0 121#00A601CF048000B3 R
(1784903387.046954) can0 129#00000001000000BA R
(1784903387.048281) can0 120#00000000000000BE R
(1784903387.049259) can0 541#000010000004E739 R
(1784903387.050999) can0 12D#0000000000000035 R
(1784903387.051379) can0 12E#000000000000C071 R
(1784903387.060104) can0 12D#000000000000005F R
(1784903387.066793) can0 121#00A601CF048000D9 R
(1784903387.067071) can0 129#00000001000000D0 R
(1784903387.068416) can0 120#00000000000000D4 R
(1784903387.071072) can0 541#000010000004E753 R
(1784903387.071420) can0 12D#000000000000006A R
(1784903387.071529) can0 12E#000000000000C090 R
(1784903387.080027) can0 12D#000000000000008B R
(1784903387.086598) can0 121#00A601CF04800038 R
(1784903387.086854) can0 129#0000000100000031 R
(1784903387.087009) can0 540#000040100000ED00 R
(1784903387.087308) can0 5B0#10000000000000BF R
(1784903387.089517) can0 120#0000000000000035 R
(1784903387.089906) can0 541#000010000004E766 R
(1784903387.089996) can0 450#0000000000002800 R
(1784903387.090225) can0 12D#00000000000000BE R
(1784903387.090381) can0 12E#000000000000C0A5 R
(1784903387.090593) can0 12A#10050000000A00B6 R
(1784903387.090802) can0 5A0#00000000040000B0 R
(1784903387.100078) can0 12D#00000000000000D4 R
(1784903387.106607) can0 121#00A601CF04800052 R
(1784903387.106881) can0 129#000000010000005B R
(1784903387.108334) can0 120#000000000000005F R
(1784903387.109617) can0 541#000010000004E787 R
(1784903387.109969) can0 12D#0000000000000035 R
(1784903387.110198) can0 12E#000000000000C0CF R
(1784903387.120063) can0 12D#000000000000005F R
(1784903387.126614) can0 121#00A601CF04800067 R
(1784903387.126882) can0 129#000000010000006E R
(1784903387.128799) can0 120#000000000000006A R
(1784903387.129285) can0 541#000010000004E7B2 R
(1784903387.130012) can0 12D#000000000000006A R
(1784903387.130314) can0 12E#000000000000C02E R
(1784903387.137875) can0 450#0000000000002800 R
(1784903387.140094) can0 12D#000000000000008B R
(1784903387.140340) can0 12A#10050000000A00DC R
(1784903387.146614) can0 121#00A601CF04800086 R
(1784903387.146938) can0 129#000000010000008F R
(1784903387.148424) can0 120#000000000000008B R
(1784903387.149227) can0 541#000010000004E7D8 R
(1784903387.150210) can0 12D#00000000000000BE R
(1784903387.152374) can0 12E#000000000000C044 R
(1784903387.160031) can0 12D#00000000000000D4 R
(1784903387.166636) can0 121#00A601CF048000B3 R
(1784903387.166904) can0 129#00000001000000BA R
(1784903387.169460) can0 120#00000000000000BE R
(1784903387.169840) can0 541#000010000004E739 R
(1784903387.169951) can0 12D#0000000000000035 R
(1784903387.170202) can0 12E#000000000000C071 R
(1784903387.180089) can0 12D#000000000000005F R
(1784903387.186604) can0 121#00A601CF048000D9 R
(1784903387.186884) can0 129#00000001000000D0 R
(1784903387.187067) can0 540#000040100000ED00 R
(1784903387.187269) can0 5B0#10000000000000D5 R
(1784903387.188308) can0 120#00000000000000D4 R
(1784903387.190944) can0 541#000010000004E753 R
(1784903387.191444) can0 450#0000000000002800 R
(1784903387.191558) can0 12D#000000000000006A R
(1784903387.191713) can0 12E#000000000000C090 R
(1784903387.191877) can0 12A#10050000000A003D R
(1784903387.192010) can0 5A0#00000000040000DA R
(1784903387.200082) can0 12D#000000000000008B R
(1784903387.206616) can0 121#00A601CF04800038 R
(1784903387.206935) can0 129#0000000100000031 R
(1784903387.209645) can0 120#0000000000000035 R
(1784903387.210046) can0 541#000010000004E766 R
(1784903387.210143) can0 12D#00000000000000BE R
(1784903387.210390) can0 12E#000000000000C0A5 R
(1784903387.220057) can0 12D#00000000000000D4 R
(1784903387.226620) can0 121#00A601CF04800052 R
(1784903387.227009) can0 129#000000010000005B R
(1784903387.228866) can0 120#000000000000005F R
(1784903387.229265) can0 541#000010000004E787 R
(1784903387.230026) can0 12D#0000000000000035 R
(1784903387.230399) can0 12E#000000000000C0CF R
(1784903387.237857) can0 450#0000000000002800 R
(1784903387.240396) can0 12D#000000000000005F R
(1784903387.240874) can0 12A#10050000000A0057 R
(1784903387.247132) can0 121#00A601CF04800067 R
(1784903387.247393) can0 129#000000010000006E R
(1784903387.248225) can0 120#000000000000006A R
(1784903387.249602) can0 541#000010000004E7B2 R
(1784903387.250014) can0 12D#000000000000006A R
(1784903387.250217) can0 12E#000000000000C02E R
(1784903387.260072) can0 12D#000000000000008B R
(1784903387.266623) can0 121#00A601CF04800086 R
(1784903387.266899) can0 129#000000010000008F R
(1784903387.268813) can0 120#000000000000008B R
(1784903387.269288) can0 541#000010000004E7D8 R
(1784903387.270035) can0 12D#00000000000000BE R
(1784903387.270229) can0 12E#000000000000C044 R
(1784903387.280040) can0 12D#00000000000000D4 R
(1784903387.286639) can0 121#00A601CF048000B3 R
(1784903387.286907) can0 129#00000001000000BA R
(1784903387.287048) can0 540#000040100000ED00 R
(1784903387.287292) can0 5B0#1000000000000034 R
(1784903387.288407) can0 120#00000000000000BE R
(1784903387.289235) can0 541#000010000004E739 R
(1784903387.289454) can0 450#0000000000002800 R
(1784903387.291725) can0 12D#0000000000000035 R
(1784903387.292130) can0 12E#000000000000C071 R
(1784903387.292238) can0 12A#10050000000A0062 R
(1784903387.292340) can0 5A0#000000000400003B R
(1784903387.300101) can0 12D#000000000000005F R
(1784903387.306625) can0 121#00A601CF048000D9 R
(1784903387.306893) can0 129#00000001000000D0 R
(1784903387.309511) can0 120#00000000000000D4 R
(1784903387.309987) can0 541#000010000004E753 R
(1784903387.310098) can0 12D#000000000000006A R
(1784903387.310200) can0 12E#000000000000C090 R
(1784903387.320054) can0 12D#000000000000008B R
(1784903387.326624) can0 121#00A601CF04800038 R
(1784903387.326892) can0 129#0000000100000031 R
(1784903387.328506) can0 120#0000000000000035 R
(1784903387.329714) can0 541#000010000004E766 R
(1784903387.330053) can0 12D#00000000000000BE R
(1784903387.330213) can0 12E#000000000000C0A5 R
(1784903387.337895) can0 450#0000000000002800 R
(1784903387.340542) can0 12D#00000000000000D4 R
(1784903387.340847) can0 12A#10050000000A0083 R
(1784903387.346627) can0 121#00A601CF04800052 R
(1784903387.346938) can0 129#000000010000005B R
(1784903387.348265) can0 120#000000000000005F R
(1784903387.349264) can0 541#000010000004E787 R
(1784903387.350016) can0 12D#0000000000000035 R
(1784903387.350427) can0 12E#000000000000C0CF R
(1784903387.360033) can0 12D#000000000000005F R
(1784903387.366636) can0 121#00A601CF04800067 R
(1784903387.366902) can0 129#000000010000006E R
(1784903387.368275) can0 120#000000000000006A R
(1784903387.370040) can0 541#000010000004E7B2 R
(1784903387.370452) can0 12D#000000000000006A R
(1784903387.370678) can0 12E#000000000000C02E R
(1784903387.380051) can0 12D#000000000000008B R
(1784903387.386658) can0 121#00A601CF04800086 R
(1784903387.386920) can0 129#000000010000008F R
(1784903387.387115) can0 540#000040100000ED00 R
(1784903387.387307) can0 5B0#100000000000005E R
(1784903387.390182) can0 120#000000000000008B R
(1784903387.390637) can0 541#000010000004E7D8 R
(1784903387.390841) can0 450#0000000000002800 R
(1784903387.391036) can0 12D#00000000000000BE R
(1784903387.391152) can0 12E#000000000000C044 R
(1784903387.391312) can0 12A#10050000000A00B6 R
(1784903387.391424) can0 5A0#0000000004000051 R
(1784903387.400074) can0 12D#00000000000000D4 R
(1784903387.406622) can0 121#00A601CF048000B3 R
(1784903387.406956) can0 129#00000001000000BA R
(1784903387.408223) can0 120#00000000000000BE R
(1784903387.410830) can0 541#000010000004E739 R
(1784903387.411128) can0 12D#0000000000000035 R
(1784903387.411335) can0 12E#000000000000C071 R
(1784903387.420075) can0 12D#000000000000005F R
(1784903387.426930) can0 121#00A601CF048000D9 R
(1784903387.427234) can0 129#00000001000000D0 R
(1784903387.429740) can0 120#00000000000000D4 R
(1784903387.430150) can0 541#000010000004E753 R
(1784903387.430239) can0 12D#000000000000006A R
(1784903387.430459) can0 12E#000000000000C090 R
(1784903387.437891) can0 450#0000000000002800 R
(1784903387.440484) can0 12D#000000000000008B R
(1784903387.440721) can0 12A#10050000000A00DC R
(1784903387.446847) can0 121#00A601CF04800038 R
(1784903387.447119) can0 129#0000000100000031 R
(1784903387.448499) can0 120#0000000000000035 R
(1784903387.449249) can0 541#000010000004E766 R
(1784903387.449966) can0 12D#00000000000000BE R
(1784903387.450347) can0 12E#000000000000C0A5 R
(1784903387.460043) can0 12D#00000000000000D4 R
(1784903387.466637) can0 121#00A601CF04800052 R
(1784903387.466898) can0 129#000000010000005B R
(1784903387.469353) can0 120#000000000000005F R
(1784903387.469754) can0 541#000010000004E787 R
(1784903387.469948) can0 12D#0000000000000035 R
(1784903387.470192) can0 12E#000000000000C0CF R
(1784903387.480070) can0 12D#000000000000005F R
(1784903387.486643) can0 121#00A601CF04800067 R
(1784903387.486903) can0 129#000000010000006E R
(1784903387.487052) can0 540#000040100000ED00 R
(1784903387.487310) can0 5B0#100000000000006B R
(1784903387.489894) can0 120#000000000000006A R
(1784903387.490292) can0 541#000010000004E7B2 R
(1784903387.490399) can0 450#0000000000002800 R
(1784903387.490503) can0 12D#000000000000006A R
(1784903387.490772) can0 12E#000000000000C02E R
(1784903387.490937) can0 12A#10050000000A003D R
(1784903387.491040) can0 5A0#0000000004000064 R
(1784903387.500075) can0 12D#000000000000008B R
(1784903387.506655) can0 121#00A601CF04800086 R
(1784903387.507025) can0 129#000000010000008F R
(1784903387.508827) can0 120#000000000000008B R
(1784903387.509323) can0 541#000010000004E7D8 R
(1784903387.510093) can0 12D#00000000000000BE R
(1784903387.510279) can0 12E#000000000000C044 R
(1784903387.520029) can0 12D#00000000000000D4 R
(1784903387.526640) can0 121#00A601CF048000B3 R
(1784903387.526922) can0 129#00000001000000BA R
(1784903387.529410) can0 120#00000000000000BE R
(1784903387.529976) can0 541#000010000004E739 R
(1784903387.530115) can0 12D#0000000000000035 R
(1784903387.530230) can0 12E#000000000000C071 R
(1784903387.537870) can0 450#0000000000002800 R
(1784903387.540112) can0 12D#000000000000005F R
(1784903387.540477) can0 12A#10050000000A0057 R
(1784903387.547222) can0 121#00A601CF048000D9 R
(1784903387.547543) can0 129#00000001000000D0 R
(1784903387.548247) can0 120#00000000000000D4 R
(1784903387.549565) can0 541#000010000004E753 R
(1784903387.549980) can0 12D#000000000000006A R
(1784903387.550217) can0 12E#000000000000C090 R
(1784903387.560059) can0 12D#000000000000008B R
(1784903387.566650) can0 121#00A601CF04800038 R
(1784903387.566920) can0 129#0000000100000031 R
(1784903387.568267) can0 120#0000000000000035 R
(1784903387.570075) can0 541#000010000004E766 R
(1784903387.570474) can0 12D#00000000000000BE R
(1784903387.570682) can0 12E#000000000000C0A5 R
(1784903387.580073) can0 12D#00000000000000D4 R
(1784903387.588635) can0 121#00A601CF04800052 R
(1784903387.589049) can0 129#000000010000005B R
(1784903387.589247) can0 540#000040100000ED00 R
(1784903387.589338) can0 5B0#100000000000008A R
(1784903387.589501) can0 120#000000000000005F R
(1784903387.589609) can0 541#000010000004E787 R
(1784903387.589738) can0 450#0000000000002800 R
(1784903387.590095) can0 12D#0000000000000035 R
(1784903387.590251) can0 12E#000000000000C0CF R
(1784903387.591576) can0 12A#10050000000A0062 R
(1784903387.591876) can0 5A0#0000000004000085 R
(1784903387.600689) can0 12D#000000000000005F R
(1784903387.606701) can0 121#00A601CF04800067 R
(1784903387.607725) can0 129#000000010000006E R
(1784903387.608281) can0 120#000000000000006A R
(1784903387.609311) can0 541#000010000004E7B2 R
(1784903387.610365) can0 12D#000000000000006A R
(1784903387.610548) can0 12E#000000000000C02E R
(1784903387.620045) can0 12D#000000000000008B R
(1784903387.626652) can0 121#00A601CF04800086 R
(1784903387.626923) can0 129#000000010000008F R
(1784903387.628775) can0 120#000000000000008B R
(1784903387.629250) can0 541#000010000004E7D8 R
(1784903387.630028) can0 12D#00000000000000BE R
(1784903387.630346) can0 12E#000000000000C044 R
(1784903387.637873) can0 450#0000000000002800 R
(1784903387.640582) can0 12D#00000000000000D4 R
(1784903387.640977) can0 12A#10050000000A0083 R
(1784903387.647043) can0 121#00A601CF048000B3 R
(1784903387.647307) can0 129#00000001000000BA R
(1784903387.648290) can0 120#00000000000000BE R
(1784903387.649289) can0 541#000010000004E739 R
(1784903387.650022) can0 12D#0000000000000035 R
(1784903387.650241) can0 12E#000000000000C071 R
(1784903387.660027) can0 12D#000000000000005F R
(1784903387.666655) can0 121#00A601CF048000D9 R
(1784903387.666912) can0 129#00000001000000D0 R
(1784903387.668733) can0 120#00000000000000D4 R
(1784903387.669249) can0 541#000010000004E753 R
(1784903387.669959) can0 12D#000000000000006A R
(1784903387.670173) can0 12E#000000000000C090 R
(1784903387.680060) can0 12D#000000000000008B R
(1784903387.686655) can0 121#00A601CF04800038 R
(1784903387.686925) can0 129#0000000100000031 R
(1784903387.687073) can0 540#000040100000ED00 R
(1784903387.688967) can0 5B0#10000000000000BF R
(1784903387.689388) can0 120#0000000000000035 R
(1784903387.689482) can0 541#000010000004E766 R
(1784903387.689686) can0 450#0000000000002800 R
(1784903387.690399) can0 12D#00000000000000BE R
(1784903387.690677) can0 12E#000000000000C0A5 R
(1784903387.690796) can0 12A#10050000000A00B6 R
(1784903387.691004) can0 5A0#00000000040000B0 R
(1784903387.700093) can0 12D#00000000000000D4 R
(1784903387.706657) can0 121#00A601CF04800052 R
(1784903387.706931) can0 129#000000010000005B R
(1784903387.709029) can0 120#000000000000005F R
(1784903387.709392) can0 541#000010000004E787 R
(1784903387.709923) can0 12D#0000000000000035 R
(1784903387.710172) can0 12E#000000000000C0CF R
(1784903387.720038) can0 12D#000000000000005F R
(1784903387.726674) can0 121#00A601CF04800067 R
(1784903387.727112) can0 129#000000010000006E R
(1784903387.729150) can0 120#000000000000006A R
(1784903387.729347) can0 541#000010000004E7B2 R
(1784903387.729989) can0 12D#000000000000006A R
(1784903387.730356) can0 12E#000000000000C02E R
(1784903387.737902) can0 450#0000000000002800 R
(1784903387.740970) can0 12D#000000000000008B R
(1784903387.741288) can0 12A#10050000000A00DC R
(1784903387.746669) can0 121#00A601CF04800086 R
(1784903387.746999) can0 129#000000010000008F R
(1784903387.748928) can0 120#000000000000008B R
(1784903387.749354) can0 541#000010000004E7D8 R
(1784903387.750258) can0 12D#00000000000000BE R
(1784903387.750574) can0 12E#000000000000C044 R
(1784903387.760055) can0 12D#00000000000000D4 R
(1784903387.766666) can0 121#00A601CF048000B3 R
(1784903387.767044) can0 129#00000001000000BA R
(1784903387.768793) can0 120#00000000000000BE R
(1784903387.769267) can0 541#000010000004E739 R
(1784903387.770058) can0 12D#0000000000000035 R
(1784903387.770250) can0 12E#000000000000C071 R
(1784903387.780027) can0 12D#000000000000005F R
(1784903387.786665) can0 121#00A601CF048000D9 R
(1784903387.787161) can0 129#00000001000000D0 R
(1784903387.789029) can0 540#000040100000ED00 R
(1784903387.789346) can0 5B0#10000000000000D5 R
(1784903387.789524) can0 120#00000000000000D4 R
(1784903387.789637) can0 541#000010000004E753 R
(1784903387.789782) can0 450#0000000000002800 R
(1784903387.790081) can0 12D#000000000000006A R
(1784903387.790311) can0 12E#000000000000C090 R
(1784903387.790518) can0 12A#10050000000A003D R
(1784903387.790758) can0 5A0#00000000040000DA R
(1784903387.800046) can0 12D#000000000000008B R
(1784903387.806730) can0 121#00A601CF04800038 R
(1784903387.806980) can0 129#0000000100000031 R
(1784903387.808370) can0 120#0000000000000035 R
(1784903387.809270) can0 541#000010000004E766 R
(1784903387.810110) can0 12D#00000000000000BE R
(1784903387.810398) can0 12E#000000000000C0A5 R
(1784903387.820070) can0 12D#00000000000000D4 R
(1784903387.826878) can0 121#00A601CF04800052 R
(1784903387.827281) can0 129#000000010000005B R
(1784903387.829046) can0 120#000000000000005F R
(1784903387.829391) can0 541#000010000004E787 R
(1784903387.829975) can0 12D#0000000000000035 R
(1784903387.830159) can0 12E#000000000000C0CF R
(1784903387.837889) can0 450#0000000000002800 R
(1784903387.840238) can0 12D#000000000000005F R
(1784903387.840633) can0 12A#10050000000A0057 R
(1784903387.846805) can0 121#00A601CF04800067 R
(1784903387.847212) can0 129#000000010000006E R
(1784903387.848310) can0 120#000000000000006A R
(1784903387.849290) can0 541#000010000004E7B2 R
(1784903387.849966) can0 12D#000000000000006A R
(1784903387.850252) can0 12E#000000000000C02E R
(1784903387.860033) can0 12D#000000000000008B R
(1784903387.866669) can0 121#00A601CF04800086 R
(1784903387.866943) can0 129#000000010000008F R
(1784903387.868935) can0 120#000000000000008B R
(1784903387.869356) can0 541#000010000004E7D8 R
(1784903387.870097) can0 12D#00000000000000BE R
(1784903387.870369) can0 12E#000000000000C044 R
(1784903387.880048) can0 12D#00000000000000D4 R
(1784903387.886673) can0 121#00A601CF048000B3 R
(1784903387.887085) can0 129#00000001000000BA R
(1784903387.888932) can0 540#000040100000ED00 R
(1784903387.889357) can0 5B0#1000000000000034 R
(1784903387.889482) can0 120#00000000000000BE R
(1784903387.889593) can0 541#000010000004E739 R
(1784903387.889711) can0 450#0000000000002800 R
(1784903387.890153) can0 12D#0000000000000035 R
(1784903387.890439) can0 12E#000000000000C071 R
(1784903387.890554) can0 12A#10050000000A0062 R
(1784903387.890819) can0 5A0#000000000400003B R
(1784903387.900210) can0 12D#000000000000005F R
(1784903387.906675) can0 121#00A601CF048000D9 R
(1784903387.906930) can0 129#00000001000000D0 R
(1784903387.909459) can0 120#00000000000000D4 R
(1784903387.909863) can0 541#000010000004E753 R
(1784903387.909964) can0 12D#000000000000006A R
(1784903387.910157) can0 12E#000000000000C090 R
(1784903387.920010) can0 12D#000000000000008B R
(1784903387.926687) can0 121#00A601CF04800038 R
(1784903387.927087) can0 129#0000000100000031 R
(1784903387.929029) can0 120#0000000000000035 R
(1784903387.929359) can0 541#000010000004E766 R
(1784903387.930065) can0 12D#00000000000000BE R
(1784903387.930233) can0 12E#000000000000C0A5 R
(1784903387.937888) can0 450#0000000000002800 R
(1784903387.940487) can0 12D#00000000000000D4 R
(1784903387.940877) can0 12A#10050000000A0083 R
(1784903387.946694) can0 121#00A601CF04800052 R
(1784903387.946964) can0 129#000000010000005B R
(1784903387.948326) can0 120#000000000000005F R
(1784903387.949447) can0 541#000010000004E787 R
(1784903387.949956) can0 12D#0000000000000035 R
(1784903387.950157) can0 12E#000000000000C0CF R
(1784903387.960050) can0 12D#000000000000005F R
(1784903387.966685) can0 121#00A601CF04800067 R
(1784903387.967000) can0 129#000000010000006E R
(1784903387.969940) can0 120#000000000000006A R
(1784903387.970329) can0 541#000010000004E7B2 R
(1784903387.970531) can0 12D#000000000000006A R
(1784903387.970664) can0 12E#000000000000C02E R
(1784903387.980023) can0 12D#000000000000008B R
(1784903387.986668) can0 121#00A601CF04800086 R
(1784903387.986996) can0 129#000000010000008F R
(1784903387.987095) can0 540#000040100000ED00 R
(1784903387.987858) can0 5B0#100000000000005E R
(1784903387.988345) can0 120#000000000000008B R
(1784903387.989309) can0 541#000010000004E7D8 R
(1784903387.991439) can0 450#0000000000002800 R
(1784903387.991818) can0 12D#00000000000000BE R
(1784903387.992029) can0 12E#000000000000C044 R
(1784903387.992207) can0 12A#10050000000A00B6 R
(1784903387.992340) can0 5A0#0000000004000051 R
(1784903388.000057) can0 12D#00000000000000D4 R
(1784903388.007780) can0 121#00A601CF048000B3 R
(1784903388.008095) can0 129#00000001000000BA R
(1784903388.008266) can0 120#00000000000000BE R
(1784903388.009340) can0 541#000010000004E739 R
(1784903388.010162) can0 12D#0000000000000035 R
(1784903388.012127) can0 12E#000000000000C071 R
(1784903388.020036) can0 12D#000000000000005F R
(1784903388.026682) can0 121#00A601CF048000D9 R
(1784903388.026951) can0 129#00000001000000D0 R
(1784903388.028313) can0 120#00000000000000D4 R
(1784903388.029899) can0 541#000010000004E753 R
(1784903388.030400) can0 12D#000000000000006A R
(1784903388.030516) can0 12E#000000000000C090 R
(1784903388.037890) can0 450#0000000000002800 R
(1784903388.040098) can0 12D#000000000000008B R
(1784903388.040515) can0 12A#10050000000A00DC R
(1784903388.046710) can0 121#00A601CF04800038 R
(1784903388.046983) can0 129#0000000100000031 R
(1784903388.048344) can0 120#0000000000000035 R
(1784903388.049357) can0 541#000010000004E860 R
(1784903388.050057) can0 12D#00000000000000BE R
(1784903388.050331) can0 12E#000000000000C0A5 R
(1784903388.060008) can0 12D#00000000000000D4 R
(1784903388.066688) can0 121#00A601CF04800052 R
(1784903388.066943) can0 129#000000010000005B R
(1784903388.069971) can0 120#000000000000005F R
(1784903388.070382) can0 541#000010000004E881 R
(1784903388.070478) can0 12D#0000000000000035 R
(1784903388.070596) can0 12E#000000000000C0CF R
(1784903388.080024) can0 12D#000000000000005F R
(1784903388.086743) can0 121#00A601CF04800067 R
(1784903388.087037) can0 129#000000010000006E R
(1784903388.087130) can0 540#000040100000ED00 R
(1784903388.087351) can0 5B0#100000000000006B R
(1784903388.088678) can0 120#000000000000006A R
(1784903388.089432) can0 541#000010000004E8B4 R
(1784903388.092327) can0 450#0000000000002800 R
(1784903388.092451) can0 12D#000000000000006A R
(1784903388.092556) can0 12E#000000000000C02E R
(1784903388.092697) can0 12A#10050000000A003D R
(1784903388.092855) can0 5A0#0000000004000064 R
(1784903388.100067) can0 12D#000000000000008B R
(1784903388.106679) can0 121#00A601CF04800086 R
(1784903388.106957) can0 129#000000010000008F R
(1784903388.108271) can0 120#000000000000008B R
(1784903388.109288) can0 541#000010000004E8DE R
(1784903388.109964) can0 12D#00000000000000BE R
(1784903388.110179) can0 12E#000000000000C044 R
(1784903388.120028) can0 12D#00000000000000D4 R
(1784903388.126693) can0 121#00A601CF048000B3 R
(1784903388.127061) can0 129#00000001000000BA R
(1784903388.128963) can0 120#00000000000000BE R
(1784903388.129381) can0 541#000010000004E83F R
(1784903388.130225) can0 12D#0000000000000035 R
(1784903388.130495) can0 12E#000000000000C071 R
(1784903388.137886) can0 450#0000000000002800 R
(1784903388.140803) can0 12D#000000000000005F R
(1784903388.141079) can0 12A#10050000000A0057 R
(1784903388.146724) can0 121#00A601CF048000D9 R
(1784903388.147660) can0 129#00000001000000D0 R
(1784903388.148308) can0 120#00000000000000D4 R
(1784903388.149750) can0 541#000010000004E855 R
(1784903388.150220) can0 12D#000000000000006A R
(1784903388.150336) can0 12E#000000000000C090 R
(1784903388.160430) can0 12D#000000000000008B R
(1784903388.166707) can0 121#00A601CF04800038 R
(1784903388.167017) can0 129#0000000100000031 R
(1784903388.168355) can0 120#0000000000000035 R
(1784903388.170081) can0 541#000010000004E860 R
(1784903388.170547) can0 12D#00000000000000BE R
(1784903388.170685) can0 12E#000000000000C0A5 R
(1784903388.180036) can0 12D#00000000000000D4 R
(1784903388.186760) can0 121#00A601CF04800052 R
(1784903388.187284) can0 129#000000010000005B R
(1784903388.189273) can0 540#000040100000ED00 R
(1784903388.189446) can0 5B0#100000000000008A R
(1784903388.189556) can0 120#000000000000005F R
(1784903388.189743) can0 541#000010000004E881 R
(1784903388.189900) can0 450#0000000000002800 R
(1784903388.190076) can0 12D#0000000000000035 R
(1784903388.190290) can0 12E#000000000000C0CF R
(1784903388.190537) can0 12A#10050000000A0062 R
(1784903388.190781) can0 5A0#0000000004000085 R
(1784903388.200060) can0 12D#000000000000005F R
(1784903388.206881) can0 121#00A601CF04800067 R
(1784903388.207153) can0 129#000000010000006E R
(1784903388.208485) can0 120#000000000000006A R
(1784903388.209261) can0 541#000010000004E8B4 R
(1784903388.209943) can0 12D#000000000000006A R
(1784903388.210152) can0 12E#000000000000C02E R
(1784903388.220000) can0 12D#000000000000008B R
(1784903388.226706) can0 121#00A601CF04800086 R
(1784903388.226979) can0 129#000000010000008F R
(1784903388.228326) can0 120#000000000000008B R
(1784903388.230133) can0 541#000010000004E8DE R
(1784903388.230632) can0 12D#00000000000000BE R
(1784903388.230793) can0 12E#000000000000C044 R
(1784903388.237902) can0 450#0000000000002800 R
(1784903388.240077) can0 12D#00000000000000D4 R
(1784903388.240572) can0 12A#10050000000A0083 R
(1784903388.246702) can0 121#00A601CF048000B3 R
(1784903388.246960) can0 129#00000001000000BA R
(1784903388.248752) can0 120#00000000000000BE R
(1784903388.249254) can0 541#000010000004E83F R
(1784903388.249985) can0 12D#0000000000000035 R
(1784903388.250212) can0 12E#000000000000C071 R
(1784903388.260427) can0 12D#000000000000005F R
(1784903388.266730) can0 121#00A601CF048000D9 R
(1784903388.266988) can0 129#00000001000000D0 R
(1784903388.269658) can0 120#00000000000000D4 R
(1784903388.270152) can0 541#000010000004E855 R
(1784903388.270299) can0 12D#000000000000006A R
(1784903388.270407) can0 12E#000000000000C090 R
(1784903388.280443) can0 12D#000000000000008B R
(1784903388.286705) can0 121#00A601CF04800038 R
(1784903388.286969) can0 129#0000000100000031 R
(1784903388.287118) can0 540#000040100000ED00 R
(1784903388.287361) can0 5B0#10000000000000BF R
(1784903388.289745) can0 120#0000000000000035 R
(1784903388.290142) can0 541#000010000004E860 R
(1784903388.290232) can0 450#0000000000002800 R
(1784903388.290475) can0 12D#00000000000000BE R
(1784903388.290649) can0 12E#000000000000C0A5 R
(1784903388.290746) can0 12A#10050000000A00B6 R
(1784903388.290906) can0 5A0#00000000040000B0 R
(1784903388.300513) can0 12D#00000000000000D4 R
(1784903388.306708) can0 121#00A601CF04800052 R
(1784903388.306980) can0 129#000000010000005B R
(1784903388.309975) can0 120#000000000000005F R
(1784903388.310362) can0 541#000010000004E881 R
(1784903388.310462) can0 12D#0000000000000035 R
(1784903388.310552) can0 12E#000000000000C0CF R
(1784903388.320051) can0 12D#000000000000005F R
(1784903388.326714) can0 121#00A601CF04800067 R
(1784903388.326983) can0 129#000000010000006E R
(1784903388.330369) can0 120#000000000000006A R
(1784903388.330724) can0 541#000010000004E8B4 R
(1784903388.330819) can0 12D#000000000000006A R
(1784903388.330914) can0 12E#000000000000C02E R
(1784903388.337905) can0 450#0000000000002800 R
(1784903388.340716) can0 12D#000000000000008B R
(1784903388.341020) can0 12A#10050000000A00DC R
(1784903388.347196) can0 121#00A601CF04800086 R
(1784903388.347458) can0 129#000000010000008F R
(1784903388.348322) can0 120#000000000000008B R
(1784903388.349587) can0 541#000010000004E8DE R
(1784903388.350056) can0 12D#00000000000000BE R
(1784903388.350200) can0 12E#000000000000C044 R
(1784903388.360002) can0 12D#00000000000000D4 R
(1784903388.366713) can0 121#00A601CF048000B3 R
(1784903388.367938) can0 129#00000001000000BA R
(1784903388.368304) can0 120#00000000000000BE R
(1784903388.369528) can0 541#000010000004E83F R
(1784903388.369993) can0 12D#0000000000000035 R
(1784903388.370173) can0 12E#000000000000C071 R
(1784903388.380320) can0 12D#000000000000005F R
(1784903388.386733) can0 121#00A601CF048000D9 R
(1784903388.387046) can0 129#00000001000000D0 R
(1784903388.387129) can0 540#000040100000ED00 R
(1784903388.387391) can0 5B0#10000000000000D5 R
(1784903388.389133) can0 120#00000000000000D4 R
(1784903388.389638) can0 541#000010000004E855 R
(1784903388.389730) can0 450#0000000000002800 R
(1784903388.390321) can0 12D#000000000000006A R
(1784903388.390654) can0 12E#000000000000C090 R
(1784903388.390768) can0 12A#10050000000A003D R
(1784903388.390911) can0 5A0#00000000040000DA R
(1784903388.400307) can0 12D#000000000000008B R
(1784903388.406716) can0 121#00A601CF04800038 R
(1784903388.406988) can0 129#0000000100000031 R
(1784903388.408336) can0 120#0000000000000035 R
(1784903388.409312) can0 541#000010000004E860 R
(1784903388.409989) can0 12D#00000000000000BE R
(1784903388.410257) can0 12E#000000000000C0A5 R
(1784903388.420302) can0 12D#00000000000000D4 R
(1784903388.426719) can0 121#00A601CF04800052 R
(1784903388.426992) can0 129#000000010000005B R
(1784903388.428906) can0 120#000000000000005F R
(1784903388.429283) can0 541#000010000004E881 R
(1784903388.430182) can0 12D#0000000000000035 R
(1784903388.430488) can0 12E#000000000000C0CF R
(1784903388.437904) can0 450#0000000000002800 R
(1784903388.440354) can0 12D#000000000000005F R
(1784903388.440820) can0 12A#10050000000A0057 R
(1784903388.447172) can0 121#00A601CF04800067 R
(1784903388.447436) can0 129#000000010000006E R
(1784903388.448340) can0 120#000000000000006A R
(1784903388.449627) can0 541#000010000004E8B4 R
(1784903388.450031) can0 12D#000000000000006A R
(1784903388.450182) can0 12E#000000000000C02E R
(1784903388.460046) can0 12D#000000000000008B R
(1784903388.466793) can0 121#00A601CF04800086 R
(1784903388.467169) can0 129#000000010000008F R
(1784903388.468569) can0 120#000000000000008B R
(1784903388.469263) can0 541#000010000004E8DE R
(1784903388.471308) can0 12D#00000000000000BE R
(1784903388.471501) can0 12E#000000000000C044 R
(1784903388.479991) can0 12D#00000000000000D4 R
(1784903388.486748) can0 121#00A601CF048000B3 R
(1784903388.487030) can0 129#00000001000000BA R
(1784903388.487161) can0 540#000040100000ED00 R
(1784903388.487386) can0 5B0#1000000000000034 R
(1784903388.489463) can0 120#00000000000000BE R
(1784903388.489578) can0 541#000010000004E83F R
(1784903388.489682) can0 450#0000000000002800 R
(1784903388.490033) can0 12D#0000000000000035 R
(1784903388.490265) can0 12E#000000000000C071 R
(1784903388.490493) can0 12A#10050000000A0062 R
(1784903388.490740) can0 5A0#000000000400003B R
(1784903388.500220) can0 12D#000000000000005F R
(1784903388.506728) can0 121#00A601CF048000D9 R
(1784903388.507002) can0 129#00000001000000D0 R
(1784903388.508773) can0 120#00000000000000D4 R
(1784903388.509289) can0 541#000010000004E855 R
(1784903388.509971) can0 12D#000000000000006A R
(1784903388.510182) can0 12E#000000000000C090 R
(1784903388.520065) can0 12D#000000000000008B R
(1784903388.526726) can0 121#00A601CF04800038 R
(1784903388.526996) can0 129#0000000100000031 R
(1784903388.528357) can0 120#0000000000000035 R
(1784903388.530143) can0 541#000010000004E860 R
(1784903388.530543) can0 12D#00000000000000BE R
(1784903388.530649) can0 12E#000000000000C0A5 R
(1784903388.537901) can0 450#0000000000002800 R
(1784903388.540083) can0 12D#00000000000000D4 R
(1784903388.540490) can0 12A#10050000000A0083 R
(1784903388.546730) can0 121#00A601CF04800052 R
(1784903388.547051) can0 129#000000010000005B R
(1784903388.550059) can0 120#000000000000005F R
(1784903388.550480) can0 541#000010000004E881 R
(1784903388.550703) can0 12D#0000000000000035 R
(1784903388.550848) can0 12E#000000000000C0CF R
(1784903388.560272) can0 12D#000000000000005F R
(1784903388.566817) can0 121#00A601CF04800067 R
(1784903388.567168) can0 129#000000010000006E R
(1784903388.568400) can0 120#000000000000006A R
(1784903388.570543) can0 541#000010000004E8B4 R
(1784903388.570938) can0 12D#000000000000006A R
(1784903388.571131) can0 12E#000000000000C02E R
(1784903388.580520) can0 12D#000000000000008B R
(1784903388.588531) can0 121#00A601CF04800086 R
(1784903388.588986) can0 129#000000010000008F R
(1784903388.589118) can0 540#000040100000ED00 R
(1784903388.589277) can0 5B0#100000000000005E R
(1784903388.589407) can0 120#000000000000008B R
(1784903388.589545) can0 541#000010000004E8DE R
(1784903388.589676) can0 450#0000000000002800 R
(1784903388.591723) can0 12D#00000000000000BE R
(1784903388.592063) can0 12E#000000000000C044 R
(1784903388.592232) can0 12A#10050000000A00B6 R
(1784903388.592310) can0 5A0#0000000004000051 R
(1784903388.601299) can0 12D#00000000000000D4 R
(1784903388.607257) can0 121#00A601CF048000B3 R
(1784903388.607514) can0 129#00000001000000BA R
(1784903388.608333) can0 120#00000000000000BE R
(1784903388.609515) can0 541#000010000004E83F R
(1784903388.609982) can0 12D#0000000000000035 R
(1784903388.610237) can0 12E#000000000000C071 R
(1784903388.620017) can0 12D#000000000000005F R
(1784903388.626725) can0 121#00A601CF048000D9 R
(1784903388.627045) can0 129#00000001000000D0 R
(1784903388.628452) can0 120#00000000000000D4 R
(1784903388.630059) can0 541#000010000004E855 R
(1784903388.630530) can0 12D#000000000000006A R
(1784903388.630655) can0 12E#000000000000C090 R
(1784903388.637898) can0 450#0000000000002800 R
(1784903388.640021) can0 12D#000000000000008B R
(1784903388.640321) can0 12A#10050000000A00DC R
(1784903388.646737) can0 121#00A601CF04800038 R
(1784903388.647002) can0 129#0000000100000031 R
(1784903388.648760) can0 120#0000000000000035 R
(1784903388.649260) can0 541#000010000004E860 R
(1784903388.649985) can0 12D#00000000000000BE R
(1784903388.650151) can0 12E#000000000000C0A5 R
(1784903388.660021) can0 12D#00000000000000D4 R
(1784903388.666734) can0 121#00A601CF04800052 R
(1784903388.667124) can0 129#000000010000005B R
(1784903388.668440) can0 120#000000000000005F R
(1784903388.669287) can0 541#000010000004E881 R
(1784903388.670657) can0 12D#0000000000000035 R
(1784903388.671059) can0 12E#000000000000C0CF R
(1784903388.680056) can0 12D#000000000000005F R
(1784903388.686745) can0 121#00A601CF04800067 R
(1784903388.686994) can0 129#000000010000006E R
(1784903388.687154) can0 540#000040100000ED00 R
(1784903388.687412) can0 5B0#100000000000006B R
(1784903388.688507) can0 120#000000000000006A R
(1784903388.690619) can0 541#000010000004E8B4 R
(1784903388.690913) can0 450#0000000000002800 R
(1784903388.691104) can0 12D#000000000000006A R
(1784903388.691230) can0 12E#000000000000C02E R
(1784903388.691377) can0 12A#10050000000A003D R
(1784903388.691567) can0 5A0#0000000004000064 R
(1784903388.700028) can0 12D#000000000000008B R
(1784903388.706761) can0 121#00A601CF04800086 R
(1784903388.707026) can0 129#000000010000008F R
(1784903388.710141) can0 120#000000000000008B R
(1784903388.710482) can0 541#000010000004E8DE R
(1784903388.710574) can0 12D#00000000000000BE R
(1784903388.710663) can0 12E#000000000000C044 R
(1784903388.720019) can0 12D#00000000000000D4 R
(1784903388.726736) can0 121#00A601CF048000B3 R
(1784903388.726995) can0 129#00000001000000BA R
(1784903388.728339) can0 120#00000000000000BE R
(1784903388.730470) can0 541#000010000004E83F R
(1784903388.730604) can0 12D#0000000000000035 R
(1784903388.730696) can0 12E#000000000000C071 R
(1784903388.738218) can0 450#0000000000002800 R
(1784903388.740078) can0 12D#000000000000005F R
(1784903388.740440) can0 12A#10050000000A0057 R
(1784903388.746748) can0 121#00A601CF048000D9 R
(1784903388.747075) can0 129#00000001000000D0 R
(1784903388.748549) can0 120#00000000000000D4 R
(1784903388.749303) can0 541#000010000004E855 R
(1784903388.750025) can0 12D#000000000000006A R
(1784903388.750284) can0 12E#000000000000C090 R
(1784903388.759989) can0 12D#000000000000008B R
(1784903388.766740) can0 121#00A601CF04800038 R
(1784903388.767053) can0 129#0000000100000031 R
(1784903388.769821) can0 120#0000000000000035 R
(1784903388.770256) can0 541#000010000004E860 R
(1784903388.770364) can0 12D#00000000000000BE R
(1784903388.770576) can0 12E#000000000000C0A5 R
(1784903388.780098) can0 12D#00000000000000D4 R
(1784903388.786754) can0 121#00A601CF04800052 R
(1784903388.787132) can0 129#000000010000005B R
(1784903388.787242) can0 540#000040100000ED00 R
(1784903388.789041) can0 5B0#100000000000008A R
(1784903388.789456) can0 120#000000000000005F R
(1784903388.789634) can0 541#000010000004E881 R
(1784903388.789795) can0 450#0000000000002800 R
(1784903388.790084) can0 12D#0000000000000035 R
(1784903388.790256) can0 12E#000000000000C0CF R
(1784903388.790520) can0 12A#10050000000A0062 R
(1784903388.790768) can0 5A0#0000000004000085 R
(1784903388.800424) can0 12D#000000000000005F R
(1784903388.806754) can0 121#00A601CF04800067 R
(1784903388.807160) can0 129#000000010000006E R
(1784903388.808952) can0 120#000000000000006A R
(1784903388.809294) can0 541#000010000004E8B4 R
(1784903388.810103) can0 12D#000000000000006A R
(1784903388.810302) can0 12E#000000000000C02E R
(1784903388.820001) can0 12D#000000000000008B R
(1784903388.826878) can0 121#00A601CF04800086 R
(1784903388.827316) can0 129#000000010000008F R
(1784903388.828410) can0 120#000000000000008B R
(1784903388.830919) can0 541#000010000004E8DE R
(1784903388.831356) can0 12D#00000000000000BE R
(1784903388.831453) can0 12E#000000000000C044 R
(1784903388.837907) can0 450#0000000000002800 R
(1784903388.840029) can0 12D#00000000000000D4 R
(1784903388.840555) can0 12A#10050000000A0083 R
(1784903388.846768) can0 121#00A601CF048000B3 R
(1784903388.847146) can0 129#00000001000000BA R
(1784903388.848603) can0 120#00000000000000BE R
(1784903388.850420) can0 541#000010000004E83F R
(1784903388.850548) can0 12D#0000000000000035 R
(1784903388.850674) can0 12E#000000000000C071 R
(1784903388.860035) can0 12D#000000000000005F R
(1784903388.866755) can0 121#00A601CF048000D9 R
(1784903388.867172) can0 129#00000001000000D0 R
(1784903388.868952) can0 120#00000000000000D4 R
(1784903388.869371) can0 541#000010000004E855 R
(1784903388.869927) can0 12D#000000000000006A R
(1784903388.870199) can0 12E#000000000000C090 R
(1784903388.880028) can0 12D#000000000000008B R
(1784903388.886755) can0 121#00A601CF04800038 R
(1784903388.887151) can0 129#0000000100000031 R
(1784903388.888965) can0 540#000040100000ED00 R
(1784903388.889447) can0 5B0#10000000000000BF R
(1784903388.889570) can0 120#0000000000000035 R
(1784903388.889684) can0 541#000010000004E860 R
(1784903388.889799) can0 450#0000000000002800 R
(1784903388.890048) can0 12D#00000000000000BE R
(1784903388.890257) can0 12E#000000000000C0A5 R
(1784903388.890511) can0 12A#10050000000A00B6 R
(1784903388.890748) can0 5A0#00000000040000B0 R
(1784903388.900220) can0 12D#00000000000000D4 R
(1784903388.906824) can0 121#00A601CF04800052 R
(1784903388.907088) can0 129#000000010000005B R
(1784903388.908441) can0 120#000000000000005F R
(1784903388.909326) can0 541#000010000004E881 R
(1784903388.910029) can0 12D#0000000000000035 R
(1784903388.910262) can0 12E#000000000000C0CF R
(1784903388.919996) can0 12D#000000000000005F R
(1784903388.926783) can0 121#00A601CF04800067 R
(1784903388.927049) can0 129#000000010000006E R
(1784903388.928379) can0 120#000000000000006A R
(1784903388.929292) can0 541#000010000004E8B4 R
(1784903388.931633) can0 12D#000000000000006A R
(1784903388.932036) can0 12E#000000000000C02E R
(1784903388.937916) can0 450#0000000000002800 R
(1784903388.940789) can0 12D#000000000000008B R
(1784903388.941203) can0 12A#10050000000A00DC R
(1784903388.946954) can0 121#00A601CF04800086 R
(1784903388.947270) can0 129#000000010000008F R
(1784903388.948689) can0 120#000000000000008B R
(1784903388.949277) can0 541#000010000004E8DE R
(1784903388.950157) can0 12D#00000000000000BE R
(1784903388.950420) can0 12E#000000000000C044 R
(1784903388.960004) can0 12D#00000000000000D4 R
(1784903388.966953) can0 121#00A601CF048000B3 R
(1784903388.969131) can0 129#00000001000000BA R
(1784903388.969556) can0 120#00000000000000BE R
(1784903388.969636) can0 541#000010000004E83F R
(1784903388.970275) can0 12D#0000000000000035 R
(1784903388.970661) can0 12E#000000000000C071 R
(1784903388.979985) can0 12D#000000000000005F R
(1784903388.986756) can0 121#00A601CF048000D9 R
(1784903388.987073) can0 129#00000001000000D0 R
(1784903388.987164) can0 540#000040100000ED00 R
(1784903388.987415) can0 5B0#10000000000000D5 R
(1784903388.989357) can0 120#00000000000000D4 R
(1784903388.989867) can0 541#000010000004E855 R
(1784903388.989993) can0 450#0000000000002800 R
(1784903388.990103) can0 12D#000000000000006A R
(1784903388.990259) can0 12E#000000000000C090 R
(1784903388.990506) can0 12A#10050000000A003D R
(1784903388.990727) can0 5A0#00000000040000DA R
(1784903389.000332) can0 12D#000000000000008B R
(1784903389.007019) can0 121#00A601CF04800038 R
(1784903389.007269) can0 129#0000000100000031 R
(1784903389.008708) can0 120#0000000000000035 R
(1784903389.009315) can0 541#000010000004E860 R
(1784903389.010009) can0 12D#00000000000000BE R
(1784903389.010270) can0 12E#000000000000C0A5 R
(1784903389.020031) can0 12D#00000000000000D4 R
(1784903389.026758) can0 121#00A601CF04800052 R
(1784903389.027079) can0 129#000000010000005B R
(1784903389.028352) can0 120#000000000000005F R
(1784903389.029281) can0 541#000010000004E881 R
(1784903389.029927) can0 12D#0000000000000035 R
(1784903389.030134) can0 12E#000000000000C0CF R
(1784903389.037941) can0 450#0000000000002800 R
(1784903389.040218) can0 12D#000000000000005F R
(1784903389.040683) can0 12A#10050000000A0057 R
(1784903389.046786) can0 121#00A601CF04800067 R
(1784903389.047048) can0 129#000000010000006E R
(1784903389.048413) can0 120#000000000000006A R
(1784903389.049305) can0 541#000010000004E9A2 R
(1784903389.049961) can0 12D#000000000000006A R
(1784903389.050249) can0 12E#000000000000C02E R
(1784903389.060002) can0 12D#000000000000008B R
(1784903389.066778) can0 121#00A601CF04800086 R
(1784903389.068847) can0 129#000000010000008F R
(1784903389.069271) can0 120#000000000000008B R
(1784903389.069454) can0 541#000010000004E9C8 R
(1784903389.070168) can0 12D#00000000000000BE R
(1784903389.070447) can0 12E#000000000000C044 R
(1784903389.079987) can0 12D#00000000000000D4 R
(1784903389.086786) can0 121#00A601CF048000B3 R
(1784903389.087055) can0 129#00000001000000BA R
(1784903389.087188) can0 540#000040100000ED00 R
(1784903389.087442) can0 5B0#1000000000000034 R
(1784903389.088503) can0 120#00000000000000BE R
(1784903389.089512) can0 541#000010000004E929 R
(1784903389.089782) can0 450#0000000000002800 R
(1784903389.090062) can0 12D#0000000000000035 R
(1784903389.090481) can0 12E#000000000000C071 R
(1784903389.090776) can0 12A#10050000000A0062 R
(1784903389.092714) can0 5A0#000000000400003B R
(1784903389.100061) can0 12D#000000000000005F R
(1784903389.106778) can0 121#00A601CF048000D9 R
(1784903389.107052) can0 129#00000001000000D0 R
(1784903389.108815) can0 120#00000000000000D4 R
(1784903389.109303) can0 541#000010000004E943 R
(1784903389.109950) can0 12D#000000000000006A R
(1784903389.110116) can0 12E#000000000000C090 R
(1784903389.119971) can0 12D#000000000000008B R
(1784903389.126782) can0 121#00A601CF04800038 R
(1784903389.127145) can0 129#0000000100000031 R
(1784903389.128910) can0 120#0000000000000035 R
(1784903389.129381) can0 541#000010000004E976 R
(1784903389.130206) can0 12D#00000000000000BE R
(1784903389.130509) can0 12E#000000000000C0A5 R
(1784903389.137923) can0 450#0000000000002800 R
(1784903389.140054) can0 12D#00000000000000D4 R
(1784903389.140310) can0 12A#10050000000A0083 R
(1784903389.146802) can0 121#00A601CF04800052 R
(1784903389.147132) can0 129#000000010000005B R
(1784903389.148634) can0 120#000000000000005F R
(1784903389.149285) can0 541#000010000004E997 R
(1784903389.149985) can0 12D#0000000000000035 R
(1784903389.150305) can0 12E#000000000000C0CF R
(1784903389.159996) can0 12D#000000000000005F R
(1784903389.166791) can0 121#00A601CF04800067 R
(1784903389.168016) can0 129#000000010000006E R
(1784903389.168380) can0 120#000000000000006A R
(1784903389.169573) can0 541#000010000004E9A2 R
(1784903389.169937) can0 12D#000000000000006A R
(1784903389.170142) can0 12E#000000000000C02E R
(1784903389.180000) can0 12D#000000000000008B R
(1784903389.186785) can0 121#00A601CF04800086 R
(1784903389.187161) can0 129#000000010000008F R
(1784903389.189097) can0 540#000040100000ED00 R
(1784903389.189447) can0 5B0#100000000000005E R
(1784903389.189556) can0 120#000000000000008B R
(1784903389.189756) can0 541#000010000004E9C8 R
(1784903389.189917) can0 450#0000000000002800 R
(1784903389.190038) can0 12D#00000000000000BE R
(1784903389.190238) can0 12E#000000000000C044 R
(1784903389.190491) can0 12A#10050000000A00B6 R
(1784903389.190745) can0 5A0#0000000004000051 R
(1784903389.201151) can0 12D#00000000000000D4 R
(1784903389.207337) can0 121#00A601CF048000B3 R
(1784903389.207804) can0 129#00000001000000BA R
(1784903389.208398) can0 120#00000000000000BE R
(1784903389.209546) can0 541#000010000004E929 R
(1784903389.210019) can0 12D#0000000000000035 R
(1784903389.210152) can0 12E#000000000000C071 R
(1784903389.220036) can0 12D#000000000000005F R
(1784903389.226783) can0 121#00A601CF048000D9 R
(1784903389.227108) can0 129#00000001000000D0 R
(1784903389.228669) can0 120#00000000000000D4 R
(1784903389.229303) can0 541#000010000004E943 R
(1784903389.230585) can0 12D#000000000000006A R
(1784903389.231047) can0 12E#000000000000C090 R
(1784903389.237924) can0 450#0000000000002800 R
(1784903389.240014) can0 12D#000000000000008B R
(1784903389.241574) can0 12A#10050000000A00DC R
(1784903389.246816) can0 121#00A601CF04800038 R
(1784903389.248215) can0 129#0000000100000031 R
(1784903389.248489) can0 120#0000000000000035 R
(1784903389.249583) can0 541#000010000004E976 R
(1784903389.249974) can0 12D#00000000000000BE R
(1784903389.250139) can0 12E#000000000000C0A5 R
(1784903389.259996) can0 12D#00000000000000D4 R
(1784903389.266804) can0 121#00A601CF04800052 R
(1784903389.267070) can0 129#000000010000005B R
(1784903389.269154) can0 120#000000000000005F R
(1784903389.269661) can0 541#000010000004E997 R
(1784903389.270388) can0 12D#0000000000000035 R
(1784903389.270660) can0 12E#000000000000C0CF R
(1784903389.279993) can0 12D#000000000000005F R
(1784903389.286792) can0 121#00A601CF04800067 R
(1784903389.287062) can0 129#000000010000006E R
(1784903389.287197) can0 540#000040100000ED00 R
(1784903389.287457) can0 5B0#100000000000006B R
(1784903389.290232) can0 120#000000000000006A R
(1784903389.290620) can0 541#000010000004E9A2 R
(1784903389.290724) can0 450#0000000000002800 R
(1784903389.290960) can0 12D#000000000000006A R
(1784903389.291184) can0 12E#000000000000C02E R
(1784903389.291305) can0 12A#10050000000A003D R
(1784903389.291415) can0 5A0#0000000004000064 R
(1784903389.300244) can0 12D#000000000000008B R
(1784903389.306793) can0 121#00A601CF04800086 R
(1784903389.307135) can0 129#000000010000008F R
(1784903389.309007) can0 120#000000000000008B R
(1784903389.309399) can0 541#000010000004E9C8 R
(1784903389.310134) can0 12D#00000000000000BE R
(1784903389.310307) can0 12E#000000000000C044 R
(1784903389.319957) can0 12D#00000000000000D4 R
(1784903389.326858) can0 121#00A601CF048000B3 R
(1784903389.327130) can0 129#00000001000000BA R
(1784903389.329015) can0 120#00000000000000BE R
(1784903389.329503) can0 541#000010000004E929 R
(1784903389.330439) can0 12D#0000000000000035 R
(1784903389.330789) can0 12E#000000000000C071 R
(1784903389.337947) can0 450#0000000000002800 R
(1784903389.340221) can0 12D#000000000000005F R
(1784903389.340475) can0 12A#10050000000A0057 R
(1784903389.346980) can0 121#00A601CF048000D9 R
(1784903389.347305) can0 129#00000001000000D0 R
(1784903389.348630) can0 120#00000000000000D4 R
(1784903389.349726) can0 541#000010000004E943 R
(1784903389.350010) can0 12D#000000000000006A R
(1784903389.350255) can0 12E#000000000000C090 R
(1784903389.359993) can0 12D#000000000000008B R
(1784903389.366817) can0 121#00A601CF04800038 R
(1784903389.367136) can0 129#0000000100000031 R
(1784903389.369579) can0 120#0000000000000035 R
(1784903389.369975) can0 541#000010000004E976 R
(1784903389.370070) can0 12D#00000000000000BE R
(1784903389.370308) can0 12E#000000000000C0A5 R
(1784903389.380012) can0 12D#00000000000000D4 R
(1784903389.386843) can0 121#00A601CF04800052 R
(1784903389.387140) can0 129#000000010000005B R
(1784903389.387325) can0 540#000040100000ED00 R
(1784903389.387459) can0 5B0#100000000000008A R
(1784903389.388553) can0 120#000000000000005F R
(1784903389.389357) can0 541#000010000004E997 R
(1784903389.391630) can0 450#0000000000002800 R
(1784903389.391785) can0 12D#0000000000000035 R
(1784903389.391923) can0 12E#000000000000C0CF R
(1784903389.392145) can0 12A#10050000000A0062 R
(1784903389.392283) can0 5A0#0000000004000085 R
(1784903389.400002) can0 12D#000000000000005F R
(1784903389.406808) can0 121#00A601CF04800067 R
(1784903389.407131) can0 129#000000010000006E R
(1784903389.410238) can0 120#000000000000006A R
(1784903389.410634) can0 541#000010000004E9A2 R
(1784903389.410838) can0 12D#000000000000006A R
(1784903389.410939) can0 12E#000000000000C02E R
(1784903389.420011) can0 12D#000000000000008B R
(1784903389.426801) can0 121#00A601CF04800086 R
(1784903389.428968) can0 129#000000010000008F R
(1784903389.429356) can0 120#000000000000008B R
(1784903389.429450) can0 541#000010000004E9C8 R
(1784903389.429936) can0 12D#00000000000000BE R
(1784903389.430307) can0 12E#000000000000C044 R
(1784903389.437921) can0 450#0000000000002800 R
(1784903389.439979) can0 12D#00000000000000D4 R
(1784903389.442065) can0 12A#10050000000A0083 R
(1784903389.446808) can0 121#00A601CF048000B3 R
(1784903389.447076) can0 129#00000001000000BA R
(1784903389.448440) can0 120#00000000000000BE R
(1784903389.450164) can0 541#000010000004E929 R
(1784903389.450544) can0 12D#0000000000000035 R
(1784903389.450674) can0 12E#000000000000C071 R
(1784903389.459980) can0 12D#000000000000005F R
(1784903389.466823) can0 121#00A601CF048000D9 R
(1784903389.467216) can0 129#00000001000000D0 R
(1784903389.468388) can0 120#00000000000000D4 R
(1784903389.470687) can0 541#000010000004E943 R
(1784903389.471097) can0 12D#000000000000006A R
(1784903389.471196) can0 12E#000000000000C090 R
(1784903389.479962) can0 12D#000000000000008B R
(1784903389.486818) can0 121#00A601CF04800038 R
(1784903389.487123) can0 129#0000000100000031 R
(1784903389.487226) can0 540#000040100000ED00 R
(1784903389.487476) can0 5B0#10000000000000BF R
(1784903389.489328) can0 120#0000000000000035 R
(1784903389.489735) can0 541#000010000004E976 R
(1784903389.489828) can0 450#0000000000002800 R
(1784903389.490026) can0 12D#00000000000000BE R
(1784903389.490251) can0 12E#000000000000C0A5 R
(1784903389.490477) can0 12A#10050000000A00B6 R
(1784903389.490740) can0 5A0#00000000040000B0 R
(1784903389.501067) can0 12D#00000000000000D4 R
(1784903389.506829) can0 121#00A601CF04800052 R
(1784903389.507908) can0 129#000000010000005B R
(1784903389.508375) can0 120#000000000000005F R
(1784903389.509563) can0 541#000010000004E997 R
(1784903389.509955) can0 12D#0000000000000035 R
(1784903389.510141) can0 12E#000000000000C0CF R
(1784903389.520006) can0 12D#000000000000005F R
(1784903389.526814) can0 121#00A601CF04800067 R
(1784903389.527081) can0 129#000000010000006E R
(1784903389.529109) can0 120#000000000000006A R
(1784903389.529614) can0 541#000010000004E9A2 R
(1784903389.530404) can0 12D#000000000000006A R
(1784903389.530700) can0 12E#000000000000C02E R
(1784903389.537930) can0 450#0000000000002800 R
(1784903389.540294) can0 12D#000000000000008B R
(1784903389.540715) can0 12A#10050000000A00DC R
(1784903389.546811) can0 121#00A601CF04800086 R
(1784903389.547129) can0 129#000000010000008F R
(1784903389.548442) can0 120#000000000000008B R
(1784903389.549350) can0 541#000010000004E9C8 R
(1784903389.550565) can0 12D#00000000000000BE R
(1784903389.551029) can0 12E#000000000000C044 R
(1784903389.559989) can0 12D#00000000000000D4 R
(1784903389.566806) can0 121#00A601CF048000B3 R
(1784903389.568012) can0 129#00000001000000BA R
(1784903389.568394) can0 120#00000000000000BE R
(1784903389.569562) can0 541#000010000004E929 R
(1784903389.569941) can0 12D#0000000000000035 R
(1784903389.570132) can0 12E#000000000000C071 R
(1784903389.581078) can0 12D#000000000000005F R
(1784903389.589200) can0 121#00A601CF048000D9 R
(1784903389.589579) can0 129#00000001000000D0 R
(1784903389.589778) can0 540#000040100000ED00 R
(1784903389.589889) can0 5B0#10000000000000D5 R
(1784903389.591035) can0 120#00000000000000D4 R
(1784903389.591537) can0 541#000010000004E943 R
(1784903389.591664) can0 450#0000000000002800 R
(1784903389.591759) can0 12D#000000000000006A R
(1784903389.591873) can0 12E#000000000000C090 R
(1784903389.592032) can0 12A#10050000000A003D R
(1784903389.592205) can0 5A0#00000000040000DA R
(1784903389.600042) can0 12D#000000000000008B R
(1784903389.607823) can0 121#00A601CF04800038 R
(1784903389.608173) can0 129#0000000100000031 R
(1784903389.609115) can0 120#0000000000000035 R
(1784903389.609479) can0 541#000010000004E976 R
(1784903389.609940) can0 12D#00000000000000BE R
(1784903389.610157) can0 12E#000000000000C0A5 R
(1784903389.619979) can0 12D#00000000000000D4 R
(1784903389.626818) can0 121#00A601CF04800052 R
(1784903389.627082) can0 129#000000010000005B R
(1784903389.629580) can0 120#000000000000005F R
(1784903389.630091) can0 541#000010000004E997 R
(1784903389.630215) can0 12D#0000000000000035 R
(1784903389.630364) can0 12E#000000000000C0CF R
(1784903389.637927) can0 450#0000000000002800 R
(1784903389.640042) can0 12D#000000000000005F R
(1784903389.640353) can0 12A#10050000000A0057 R
(1784903389.646824) can0 121#00A601CF04800067 R
(1784903389.647086) can0 129#000000010000006E R
(1784903389.650125) can0 120#000000000000006A R
(1784903389.650512) can0 541#000010000004E9A2 R
(1784903389.650624) can0 12D#000000000000006A R
(1784903389.650821) can0 12E#000000000000C02E R
(1784903389.659971) can0 12D#000000000000008B R
(1784903389.666810) can0 121#00A601CF04800086 R
(1784903389.667078) can0 129#000000010000008F R
(1784903389.669189) can0 120#000000000000008B R
(1784903389.669579) can0 541#000010000004E9C8 R
(1784903389.669873) can0 12D#00000000000000BE R
(1784903389.670100) can0 12E#000000000000C044 R
(1784903389.679945) can0 12D#00000000000000D4 R
(1784903389.686827) can0 121#00A601CF048000B3 R
(1784903389.687983) can0 129#00000001000000BA R
(1784903389.688392) can0 540#000040100000ED00 R
(1784903389.688512) can0 5B0#1000000000000034 R
(1784903389.688653) can0 120#00000000000000BE R
(1784903389.689524) can0 541#000010000004E929 R
(1784903389.689985) can0 450#0000000000002800 R
(1784903389.690098) can0 12D#0000000000000035 R
(1784903389.690215) can0 12E#000000000000C071 R
(1784903389.690759) can0 12A#10050000000A0062 R
(1784903389.691123) can0 5A0#000000000400003B R
(1784903389.700025) can0 12D#000000000000005F R
(1784903389.706904) can0 121#00A601CF048000D9 R
(1784903389.707206) can0 129#00000001000000D0 R
(1784903389.708569) can0 120#00000000000000D4 R
(1784903389.709314) can0 541#000010000004E943 R
(1784903389.710529) can0 12D#000000000000006A R
(1784903389.710987) can0 12E#000000000000C090 R
(1784903389.720023) can0 12D#000000000000008B R
(1784903389.727019) can0 121#00A601CF04800038 R
(1784903389.727278) can0 129#0000000100000031 R
(1784903389.729773) can0 120#0000000000000035 R
(1784903389.730170) can0 541#000010000004E976 R
(1784903389.730257) can0 12D#00000000000000BE R
(1784903389.730469) can0 12E#000000000000C0A5 R
(1784903389.737932) can0 450#0000000000002800 R
(1784903389.740729) can0 12D#00000000000000D4 R
(1784903389.741121) can0 12A#10050000000A0083 R
(1784903389.746815) can0 121#00A601CF04800052 R
(1784903389.747116) can0 129#000000010000005B R
(1784903389.748404) can0 120#000000000000005F R
(1784903389.751046) can0 541#000010000004E997 R
(1784903389.751443) can0 12D#0000000000000035 R
(1784903389.751547) can0 12E#000000000000C0CF R
(1784903389.759976) can0 12D#000000000000005F R
(1784903389.767741) can0 121#00A601CF04800067 R
(1784903389.768056) can0 129#000000010000006E R
(1784903389.768495) can0 120#000000000000006A R
(1784903389.769400) can0 541#000010000004E9A2 R
(1784903389.769902) can0 12D#000000000000006A R
(1784903389.770131) can0 12E#000000000000C02E R
(1784903389.779992) can0 12D#000000000000008B R
(1784903389.786861) can0 121#00A601CF04800086 R
(1784903389.787941) can0 129#000000010000008F R
(1784903389.788199) can0 540#000040100000ED00 R
(1784903389.788290) can0 5B0#100000000000005E R
(1784903389.788522) can0 120#000000000000008B R
(1784903389.789561) can0 541#000010000004E9C8 R
(1784903389.789920) can0 450#0000000000002800 R
(1784903389.790030) can0 12D#00000000000000BE R
(1784903389.790216) can0 12E#000000000000C044 R
(1784903389.790480) can0 12A#10050000000A00B6 R
(1784903389.790739) can0 5A0#0000000004000051 R
(1784903389.801208) can0 12D#00000000000000D4 R
(1784903389.806877) can0 121#00A601CF048000B3 R
(1784903389.807199) can0 129#00000001000000BA R
(1784903389.808438) can0 120#00000000000000BE R
(1784903389.810690) can0 541#000010000004E929 R
(1784903389.811088) can0 12D#0000000000000035 R
(1784903389.811177) can0 12E#000000000000C071 R
(1784903389.819963) can0 12D#000000000000005F R
(1784903389.826831) can0 121#00A601CF048000D9 R
(1784903389.827281) can0 129#00000001000000D0 R
(1784903389.829245) can0 120#00000000000000D4 R
(1784903389.829526) can0 541#000010000004E943 R
(1784903389.829889) can0 12D#000000000000006A R
(1784903389.830070) can0 12E#000000000000C090 R
(1784903389.837942) can0 450#0000000000002800 R
(1784903389.840705) can0 12D#000000000000008B R
(1784903389.840979) can0 12A#10050000000A00DC R
(1784903389.846841) can0 121#00A601CF04800038 R
(1784903389.847114) can0 129#0000000100000031 R
(1784903389.848416) can0 120#0000000000000035 R
(1784903389.849305) can0 541#000010000004E976 R
(1784903389.851738) can0 12D#00000000000000BE R
(1784903389.852124) can0 12E#000000000000C0A5 R
(1784903389.860004) can0 12D#00000000000000D4 R
(1784903389.866849) can0 121#00A601CF04800052 R
(1784903389.867115) can0 129#000000010000005B R
(1784903389.869077) can0 120#000000000000005F R
(1784903389.869496) can0 541#000010000004E997 R
(1784903389.870263) can0 12D#0000000000000035 R
(1784903389.870530) can0 12E#000000000000C0CF R
(1784903389.879969) can0 12D#000000000000005F R
(1784903389.886843) can0 121#00A601CF04800067 R
(1784903389.887259) can0 129#000000010000006E R
(1784903389.889205) can0 540#000040100000ED00 R
(1784903389.889526) can0 5B0#100000000000006B R
(1784903389.889636) can0 120#000000000000006A R
(1784903389.889755) can0 541#000010000004E9A2 R
(1784903389.889903) can0 450#0000000000002800 R
(1784903389.890073) can0 12D#000000000000006A R
(1784903389.890222) can0 12E#000000000000C02E R
(1784903389.890473) can0 12A#10050000000A003D R
(1784903389.890752) can0 5A0#0000000004000064 R
(1784903389.901002) can0 12D#000000000000008B R
(1784903389.906857) can0 121#00A601CF04800086 R
(1784903389.907909) can0 129#000000010000008F R
(1784903389.908434) can0 120#000000000000008B R
(1784903389.909533) can0 541#000010000004E9C8 R
(1784903389.909912) can0 12D#00000000000000BE R
(1784903389.910140) can0 12E#000000000000C044 R
(1784903389.919982) can0 12D#00000000000000D4 R
(1784903389.926857) can0 121#00A601CF048000B3 R
(1784903389.927304) can0 129#00000001000000BA R
(1784903389.929399) can0 120#00000000000000BE R
(1784903389.929532) can0 541#000010000004E929 R
(1784903389.929912) can0 12D#0000000000000035 R
(1784903389.930193) can0 12E#000000000000C071 R
(1784903389.937942) can0 450#0000000000002800 R
(1784903389.940075) can0 12D#000000000000005F R
(1784903389.940473) can0 12A#10050000000A0057 R
(1784903389.946844) can0 121#00A601CF048000D9 R
(1784903389.947105) can0 129#00000001000000D0 R
(1784903389.948484) can0 120#00000000000000D4 R
(1784903389.949318) can0 541#000010000004E943 R
(1784903389.949907) can0 12D#000000000000006A R
(1784903389.950255) can0 12E#000000000000C090 R
(1784903389.959945) can0 12D#000000000000008B R
(1784903389.966851) can0 121#00A601CF04800038 R
(1784903389.967273) can0 129#0000000100000031 R
(1784903389.969059) can0 120#0000000000000035 R
(1784903389.969355) can0 541#000010000004E976 R
(1784903389.970100) can0 12D#00000000000000BE R
(1784903389.970364) can0 12E#000000000000C0A5 R
(1784903389.979987) can0 12D#00000000000000D4 R
(1784903389.986845) can0 121#00A601CF04800052 R
(1784903389.987288) can0 129#000000010000005B R
(1784903389.987398) can0 540#000040100000ED00 R
(1784903389.989468) can0 5B0#100000000000008A R
(1784903389.989668) can0 120#000000000000005F R
(1784903389.989828) can0 541#000010000004E997 R
(1784903389.989978) can0 450#0000000000002800 R
(1784903389.990118) can0 12D#0000000000000035 R
(1784903389.990267) can0 12E#000000000000C0CF R
(1784903389.990468) can0 12A#10050000000A0062 R
(1784903389.990743) can0 5A0#0000000004000085 R
(1784903390.000002) can0 12D#000000000000005F R
(1784903390.006854) can0 121#00A601CF04800067 R
(1784903390.007112) can0 129#000000010000006E R
(1784903390.010065) can0 120#000000000000006A R
(1784903390.010552) can0 541#000010000004E9A2 R
(1784903390.010640) can0 12D#000000000000006A R
(1784903390.010757) can0 12E#000000000000C02E R
(1784903390.020355) can0 12D#000000000000008B R
(1784903390.026874) can0 121#00A601CF04800086 R
(1784903390.027137) can0 129#000000010000008F R
(1784903390.029580) can0 120#000000000000008B R
(1784903390.029956) can0 541#000010000004E9C8 R
(1784903390.030165) can0 12D#00000000000000BE R
(1784903390.030327) can0 12E#000000000000C044 R
(1784903390.037939) can0 450#0000000000002800 R
(1784903390.039950) can0 12D#00000000000000D4 R
(1784903390.040267) can0 12A#10050000000A0083 R
(1784903390.046856) can0 121#00A601CF048000B3 R
(1784903390.047112) can0 129#00000001000000BA R
(1784903390.049121) can0 120#00000000000000BE R
(1784903390.049534) can0 541#000010000004EA26 R
(1784903390.050325) can0 12D#0000000000000035 R
(1784903390.050753) can0 12E#000000000000C071 R
(1784903390.059981) can0 12D#000000000000005F R
(1784903390.066857) can0 121#00A601CF048000D9 R
(1784903390.067110) can0 129#00000001000000D0 R
(1784903390.068473) can0 120#00000000000000D4 R
(1784903390.070155) can0 541#000010000004EA4C R
(1784903390.070546) can0 12D#000000000000006A R
(1784903390.070645) can0 12E#000000000000C090 R
(1784903390.079980) can0 12D#000000000000008B R
(1784903390.086927) can0 121#00A601CF04800038 R
(1784903390.087200) can0 129#0000000100000031 R
(1784903390.087407) can0 540#000040100000ED00 R
(1784903390.089781) can0 5B0#10000000000000BF R
(1784903390.090191) can0 120#0000000000000035 R
(1784903390.090306) can0 541#000010000004EA79 R
(1784903390.090502) can0 450#0000000000002800 R
(1784903390.090692) can0 12D#00000000000000BE R
(1784903390.090873) can0 12E#000000000000C0A5 R
(1784903390.091030) can0 12A#10050000000A00B6 R
(1784903390.091181) can0 5A0#00000000040000B0 R
(1784903390.100900) can0 12D#00000000000000D4 R
(1784903390.107038) can0 121#00A601CF04800052 R
(1784903390.107354) can0 129#000000010000005B R
(1784903390.109439) can0 120#000000000000005F R
(1784903390.109865) can0 541#000010000004EA98 R
(1784903390.109956) can0 12D#0000000000000035 R
(1784903390.110154) can0 12E#000000000000C0CF R
(1784903390.120298) can0 12D#000000000000005F R
(1784903390.126863) can0 121#00A601CF04800067 R
(1784903390.127133) can0 129#000000010000006E R
(1784903390.129570) can0 120#000000000000006A R
(1784903390.129978) can0 541#000010000004EAAD R
(1784903390.130073) can0 12D#000000000000006A R
(1784903390.130314) can0 12E#000000000000C02E R
(1784903390.137946) can0 450#0000000000002800 R
(1784903390.140017) can0 12D#000000000000008B R
(1784903390.140324) can0 12A#10050000000A00DC R
(1784903390.147322) can0 121#00A601CF04800086 R
(1784903390.147583) can0 129#000000010000008F R
(1784903390.148558) can0 120#000000000000008B R
(1784903390.149872) can0 541#000010000004EAC7 R
(1784903390.150336) can0 12D#00000000000000BE R
(1784903390.150560) can0 12E#000000000000C044 R
(1784903390.159954) can0 12D#00000000000000D4 R
(1784903390.166862) can0 121#00A601CF048000B3 R
(1784903390.167114) can0 129#00000001000000BA R
(1784903390.168498) can0 120#00000000000000BE R
(1784903390.169410) can0 541#000010000004EA26 R
(1784903390.169891) can0 12D#0000000000000035 R
(1784903390.170117) can0 12E#000000000000C071 R
(1784903390.179949) can0 12D#000000000000005F R
(1784903390.186870) can0 121#00A601CF048000D9 R
(1784903390.187194) can0 129#00000001000000D0 R
(1784903390.187275) can0 540#000040100000ED00 R
(1784903390.187514) can0 5B0#10000000000000D5 R
(1784903390.189274) can0 120#00000000000000D4 R
(1784903390.189693) can0 541#000010000004EA4C R
(1784903390.189777) can0 450#0000000000002800 R
(1784903390.190002) can0 12D#000000000000006A R
(1784903390.190195) can0 12E#000000000000C090 R
(1784903390.190803) can0 12A#10050000000A003D R
(1784903390.190985) can0 5A0#00000000040000DA R
(1784903390.200354) can0 12D#000000000000008B R
(1784903390.206892) can0 121#00A601CF04800038 R
(1784903390.207923) can0 129#0000000100000031 R
(1784903390.208445) can0 120#0000000000000035 R
(1784903390.209597) can0 541#000010000004EA79 R
(1784903390.209953) can0 12D#00000000000000BE R
(1784903390.210130) can0 12E#000000000000C0A5 R
(1784903390.219964) can0 12D#00000000000000D4 R
(1784903390.226869) can0 121#00A601CF04800052 R
(1784903390.227153) can0 129#000000010000005B R
(1784903390.229070) can0 120#000000000000005F R
(1784903390.229489) can0 541#000010000004EA98 R
(1784903390.230267) can0 12D#0000000000000035 R
(1784903390.230551) can0 12E#000000000000C0CF R
(1784903390.237929) can0 450#0000000000002800 R
(1784903390.239950) can0 12D#000000000000005F R
(1784903390.240141) can0 12A#10050000000A0057 R
(1784903390.246889) can0 121#00A601CF04800067 R
(1784903390.247156) can0 129#000000010000006E R
(1784903390.248495) can0 120#000000000000006A R
(1784903390.250789) can0 541#000010000004EAAD R
(1784903390.250907) can0 12D#000000000000006A R
(1784903390.251000) can0 12E#000000000000C02E R
(1784903390.259960) can0 12D#000000000000008B R
(1784903390.266895) can0 121#00A601CF04800086 R
(1784903390.267805) can0 129#000000010000008F R
(1784903390.268492) can0 120#000000000000008B R
(1784903390.269366) can0 541#000010000004EAC7 R
(1784903390.270273) can0 12D#00000000000000BE R
(1784903390.270559) can0 12E#000000000000C044 R
(1784903390.279979) can0 12D#00000000000000D4 R
(1784903390.286872) can0 121#00A601CF048000B3 R
(1784903390.287139) can0 129#00000001000000BA R
(1784903390.287268) can0 540#000040100000ED00 R
(1784903390.287516) can0 5B0#1000000000000034 R
(1784903390.289280) can0 120#00000000000000BE R
(1784903390.289711) can0 541#000010000004EA26 R
(1784903390.289902) can0 450#0000000000002800 R
(1784903390.290032) can0 12D#0000000000000035 R
(1784903390.290227) can0 12E#000000000000C071 R
(1784903390.290471) can0 12A#10050000000A0062 R
(1784903390.290722) can0 5A0#000000000400003B R
(1784903390.300629) can0 12D#000000000000005F R
(1784903390.306866) can0 121#00A601CF048000D9 R
(1784903390.307141) can0 129#00000001000000D0 R
(1784903390.308528) can0 120#00000000000000D4 R
(1784903390.309319) can0 541#000010000004EA4C R
(1784903390.311604) can0 12D#000000000000006A R
(1784903390.311929) can0 12E#000000000000C090 R
(1784903390.319945) can0 12D#000000000000008B R
(1784903390.326882) can0 121#00A601CF04800038 R
(1784903390.327304) can0 129#0000000100000031 R
(1784903390.329195) can0 120#0000000000000035 R
(1784903390.329504) can0 541#000010000004EA79 R
(1784903390.329987) can0 12D#00000000000000BE R
(1784903390.330150) can0 12E#000000000000C0A5 R
(1784903390.337953) can0 450#0000000000002800 R
(1784903390.340023) can0 12D#00000000000000D4 R
(1784903390.340360) can0 12A#10050000000A0083 R
(1784903390.346948) can0 121#00A601CF04800052 R
(1784903390.347214) can0 129#000000010000005B R
(1784903390.348530) can0 120#000000000000005F R
(1784903390.349454) can0 541#000010000004EA98 R
(1784903390.349905) can0 12D#0000000000000035 R
(1784903390.350089) can0 12E#000000000000C0CF R
(1784903390.359977) can0 12D#000000000000005F R
(1784903390.366919) can0 121#00A601CF04800067 R
(1784903390.367998) can0 129#000000010000006E R
(1784903390.368748) can0 120#000000000000006A R
(1784903390.369325) can0 541#000010000004EAAD R
(1784903390.370454) can0 12D#000000000000006A R
(1784903390.370787) can0 12E#000000000000C02E R
(1784903390.379940) can0 12D#000000000000008B R
(1784903390.386903) can0 121#00A601CF04800086 R
(1784903390.388108) can0 129#000000010000008F R
(1784903390.388362) can0 540#000040100000ED00 R
(1784903390.388458) can0 5B0#100000000000005E R
(1784903390.388641) can0 120#000000000000008B R
(1784903390.389592) can0 541#000010000004EAC7 R
(1784903390.389976) can0 450#0000000000002800 R
(1784903390.390067) can0 12D#00000000000000BE R
(1784903390.390253) can0 12E#000000000000C044 R
(1784903390.390450) can0 12A#10050000000A00B6 R
(1784903390.390720) can0 5A0#0000000004000051 R
(1784903390.400019) can0 12D#00000000000000D4 R
(1784903390.406916) can0 121#00A601CF048000B3 R
(1784903390.407314) can0 129#00000001000000BA R
(1784903390.408480) can0 120#00000000000000BE R
(1784903390.409343) can0 541#000010000004EA26 R
(1784903390.411829) can0 12D#0000000000000035 R
(1784903390.412237) can0 12E#000000000000C071 R
(1784903390.419964) can0 12D#000000000000005F R
(1784903390.426908) can0 121#00A601CF048000D9 R
(1784903390.427926) can0 129#00000001000000D0 R
(1784903390.428470) can0 120#00000000000000D4 R
(1784903390.429559) can0 541#000010000004EA4C R
(1784903390.430014) can0 12D#000000000000006A R
(1784903390.430141) can0 12E#000000000000C090 R
(1784903390.437938) can0 450#0000000000002800 R
(1784903390.439992) can0 12D#000000000000008B R
(1784903390.440367) can0 12A#10050000000A00DC R
(1784903390.446887) can0 121#00A601CF04800038 R
(1784903390.447154) can0 129#0000000100000031 R
(1784903390.448721) can0 120#0000000000000035 R
(1784903390.449319) can0 541#000010000004EA79 R
(1784903390.449918) can0 12D#00000000000000BE R
(1784903390.450172) can0 12E#000000000000C0A5 R
(1784903390.459935) can0 12D#00000000000000D4 R
(1784903390.467272) can0 121#00A601CF04800052 R
(1784903390.467649) can0 129#000000010000005B R
(1784903390.468735) can0 120#000000000000005F R
(1784903390.469362) can0 541#000010000004EA98 R
(1784903390.471638) can0 12D#0000000000000035 R
(1784903390.472018) can0 12E#000000000000C0CF R
(1784903390.479976) can0 12D#000000000000005F R
(1784903390.487097) can0 121#00A601CF04800067 R
(1784903390.488200) can0 129#000000010000006E R
(1784903390.488448) can0 540#000040100000ED00 R
(1784903390.488648) can0 5B0#100000000000006B R
(1784903390.488789) can0 120#000000000000006A R
(1784903390.489789) can0 541#000010000004EAAD R
(1784903390.490235) can0 450#0000000000002800 R
(1784903390.490355) can0 12D#000000000000006A R
(1784903390.490478) can0 12E#000000000000C02E R
(1784903390.490639) can0 12A#10050000000A003D R
(1784903390.490823) can0 5A0#0000000004000064 R
(1784903390.500005) can0 12D#000000000000008B R
(1784903390.506914) can0 121#00A601CF04800086 R
(1784903390.507534) can0 129#000000010000008F R
(1784903390.508557) can0 120#000000000000008B R
(1784903390.510705) can0 541#000010000004EAC7 R
(1784903390.511119) can0 12D#00000000000000BE R
(1784903390.511326) can0 12E#000000000000C044 R
(1784903390.519926) can0 12D#00000000000000D4 R
(1784903390.526888) can0 121#00A601CF048000B3 R
(1784903390.527284) can0 129#00000001000000BA R
(1784903390.529201) can0 120#00000000000000BE R
(1784903390.529513) can0 541#000010000004EA26 R
(1784903390.530304) can0 12D#0000000000000035 R
(1784903390.530594) can0 12E#000000000000C071 R
(1784903390.537958) can0 450#0000000000002800 R
(1784903390.540723) can0 12D#000000000000005F R
(1784903390.541017) can0 12A#10050000000A0057 R
(1784903390.546980) can0 121#00A601CF048000D9 R
(1784903390.547255) can0 129#00000001000000D0 R
(1784903390.548729) can0 120#00000000000000D4 R
(1784903390.549324) can0 541#000010000004EA4C R
(1784903390.549944) can0 12D#000000000000006A R
(1784903390.550208) can0 12E#000000000000C090 R
(1784903390.559967) can0 12D#000000000000008B R
(1784903390.567933) can0 121#00A601CF04800038 R
(1784903390.568397) can0 129#0000000100000031 R
(1784903390.568507) can0 120#0000000000000035 R
(1784903390.569336) can0 541#000010000004EA79 R
(1784903390.569882) can0 12D#00000000000000BE R
(1784903390.570119) can0 12E#000000000000C0A5 R
(1784903390.582026) can0 12D#00000000000000D4 R
(1784903390.586933) can0 121#00A601CF04800052 R
(1784903390.587381) can0 129#000000010000005B R
(1784903390.587483) can0 540#000040100000ED00 R
(1784903390.587587) can0 5B0#100000000000008A R
(1784903390.589967) can0 120#000000000000005F R
(1784903390.593266) can0 541#000010000004EA98 R
(1784903390.593388) can0 450#0000000000002800 R
(1784903390.593485) can0 12D#0000000000000035 R
(1784903390.593596) can0 12E#000000000000C0CF R
(1784903390.593736) can0 12A#10050000000A0062 R
(1784903390.593848) can0 5A0#0000000004000085 R
(1784903390.600052) can0 12D#000000000000005F R
(1784903390.606959) can0 121#00A601CF04800067 R
(1784903390.607354) can0 129#000000010000006E R
(1784903390.608469) can0 120#000000000000006A R
(1784903390.610687) can0 541#000010000004EAAD R
(1784903390.611200) can0 12D#000000000000006A R
(1784903390.611358) can0 12E#000000000000C02E R
(1784903390.619972) can0 12D#000000000000008B R
(1784903390.626894) can0 121#00A601CF04800086 R
(1784903390.627171) can0 129#000000010000008F R
(1784903390.628483) can0 120#000000000000008B R
(1784903390.629360) can0 541#000010000004EAC7 R
(1784903390.631563) can0 12D#00000000000000BE R
(1784903390.631702) can0 12E#000000000000C044 R
(1784903390.637963) can0 450#0000000000002800 R
(1784903390.639994) can0 12D#00000000000000D4 R
(1784903390.640370) can0 12A#10050000000A0083 R
(1784903390.646912) can0 121#00A601CF048000B3 R
(1784903390.647197) can0 129#00000001000000BA R
(1784903390.648766) can0 120#00000000000000BE R
(1784903390.649324) can0 541#000010000004EA26 R
(1784903390.649854) can0 12D#0000000000000035 R
(1784903390.650110) can0 12E#000000000000C071 R
(1784903390.659955) can0 12D#000000000000005F R
(1784903390.666904) can0 121#00A601CF048000D9 R
(1784903390.667164) can0 129#00000001000000D0 R
(1784903390.668483) can0 120#00000000000000D4 R
(1784903390.670896) can0 541#000010000004EA4C R
(1784903390.671318) can0 12D#000000000000006A R
(1784903390.671435) can0 12E#000000000000C090 R
(1784903390.679937) can0 12D#000000000000008B R
(1784903390.686952) can0 121#00A601CF04800038 R
(1784903390.688074) can0 129#0000000100000031 R
(1784903390.688317) can0 540#000040100000ED00 R
(1784903390.688588) can0 5B0#10000000000000BF R
(1784903390.688743) can0 120#0000000000000035 R
(1784903390.689592) can0 541#000010000004EA79 R
(1784903390.690037) can0 450#0000000000002800 R
(1784903390.690149) can0 12D#00000000000000BE R
(1784903390.690250) can0 12E#000000000000C0A5 R
(1784903390.690454) can0 12A#10050000000A00B6 R
(1784903390.690714) can0 5A0#00000000040000B0 R
(1784903390.700008) can0 12D#00000000000000D4 R
(1784903390.706908) can0 121#00A601CF04800052 R
(1784903390.707168) can0 129#000000010000005B R
(1784903390.709668) can0 120#000000000000005F R
(1784903390.710053) can0 541#000010000004EA98 R
(1784903390.710149) can0 12D#0000000000000035 R
(1784903390.710366) can0 12E#000000000000C0CF R
(1784903390.719945) can0 12D#000000000000005F R
(1784903390.726913) can0 121#00A601CF04800067 R
(1784903390.727189) can0 129#000000010000006E R
(1784903390.730200) can0 120#000000000000006A R
(1784903390.730589) can0 541#000010000004EAAD R
(1784903390.730682) can0 12D#000000000000006A R
(1784903390.730778) can0 12E#000000000000C02E R
(1784903390.737960) can0 450#0000000000002800 R
(1784903390.739990) can0 12D#000000000000008B R
(1784903390.740348) can0 12A#10050000000A00DC R
(1784903390.746911) can0 121#00A601CF04800086 R
(1784903390.747181) can0 129#000000010000008F R
(1784903390.748787) can0 120#000000000000008B R
(1784903390.749317) can0 541#000010000004EAC7 R
(1784903390.749939) can0 12D#00000000000000BE R
(1784903390.750176) can0 12E#000000000000C044 R
(1784903390.759958) can0 12D#00000000000000D4 R
(1784903390.766917) can0 121#00A601CF048000B3 R
(1784903390.767233) can0 129#00000001000000BA R
(1784903390.769310) can0 120#00000000000000BE R
(1784903390.769742) can0 541#000010000004EA26 R
(1784903390.769929) can0 12D#0000000000000035 R
(1784903390.770115) can0 12E#000000000000C071 R
(1784903390.779964) can0 12D#000000000000005F R
(1784903390.786910) can0 121#00A601CF048000D9 R
(1784903390.787239) can0 129#00000001000000D0 R
(1784903390.787331) can0 540#000040100000ED00 R
(1784903390.787569) can0 5B0#10000000000000D5 R
(1784903390.788629) can0 120#00000000000000D4 R
(1784903390.790921) can0 541#000010000004EA4C R
(1784903390.791099) can0 450#0000000000002800 R
(1784903390.791206) can0 12D#000000000000006A R
(1784903390.791342) can0 12E#000000000000C090 R
(1784903390.791460) can0 12A#10050000000A003D R
(1784903390.791579) can0 5A0#00000000040000DA R
(1784903390.799971) can0 12D#000000000000008B R
(1784903390.806931) can0 121#00A601CF04800038 R
(1784903390.807192) can0 129#0000000100000031 R
(1784903390.808576) can0 120#0000000000000035 R
(1784903390.809337) can0 541#000010000004EA79 R
(1784903390.809837) can0 12D#00000000000000BE R
(1784903390.810109) can0 12E#000000000000C0A5 R
(1784903390.819968) can0 12D#00000000000000D4 R
(1784903390.826923) can0 121#00A601CF04800052 R
(1784903390.827187) can0 129#000000010000005B R
(1784903390.829876) can0 120#000000000000005F R
(1784903390.830284) can0 541#000010000004EA98 R
(1784903390.830486) can0 12D#0000000000000035 R
(1784903390.830629) can0 12E#000000000000C0CF R
(1784903390.837968) can0 450#0000000000002800 R
(1784903390.840051) can0 12D#000000000000005F R
(1784903390.840534) can0 12A#10050000000A0057 R
(1784903390.846983) can0 121#00A601CF04800067 R
(1784903390.847249) can0 129#000000010000006E R
(1784903390.849022) can0 120#000000000000006A R
(1784903390.849396) can0 541#000010000004EAAD R
(1784903390.849884) can0 12D#000000000000006A R
(1784903390.850131) can0 12E#000000000000C02E R
(1784903390.859945) can0 12D#000000000000008B R
(1784903390.867117) can0 121#00A601CF04800086 R
(1784903390.867475) can0 129#000000010000008F R
(1784903390.869252) can0 120#000000000000008B R
(1784903390.869751) can0 541#000010000004EAC7 R
(1784903390.869870) can0 12D#00000000000000BE R
(1784903390.870082) can0 12E#000000000000C044 R
(1784903390.879924) can0 12D#00000000000000D4 R
(1784903390.886918) can0 121#00A601CF048000B3 R
(1784903390.887177) can0 129#00000001000000BA R
(1784903390.887326) can0 540#000040100000ED00 R
(1784903390.889738) can0 5B0#1000000000000034 R
(1784903390.890151) can0 120#00000000000000BE R
(1784903390.890251) can0 541#000010000004EA26 R
(1784903390.890357) can0 450#0000000000002800 R
(1784903390.890559) can0 12D#0000000000000035 R
(1784903390.890783) can0 12E#000000000000C071 R
(1784903390.890906) can0 12A#10050000000A0062 R
(1784903390.891097) can0 5A0#000000000400003B R
(1784903390.900315) can0 12D#000000000000005F R
(1784903390.907147) can0 121#00A601CF048000D9 R
(1784903390.907389) can0 129#00000001000000D0 R
(1784903390.908888) can0 120#00000000000000D4 R
(1784903390.909335) can0 541#000010000004EA4C R
(1784903390.909934) can0 12D#000000000000006A R
(1784903390.910162) can0 12E#000000000000C090 R
(1784903390.920276) can0 12D#000000000000008B R
(1784903390.926958) can0 121#00A601CF04800038 R
(1784903390.927294) can0 129#0000000100000031 R
(1784903390.928518) can0 120#0000000000000035 R
(1784903390.930720) can0 541#000010000004EA79 R
(1784903390.931038) can0 12D#00000000000000BE R
(1784903390.931148) can0 12E#000000000000C0A5 R
(1784903390.937970) can0 450#0000000000002800 R
(1784903390.939981) can0 12D#00000000000000D4 R
(1784903390.940364) can0 12A#10050000000A0083 R
(1784903390.946924) can0 121#00A601CF04800052 R
(1784903390.947236) can0 129#000000010000005B R
(1784903390.948567) can0 120#000000000000005F R
(1784903390.949674) can0 541#000010000004EA98 R
(1784903390.950055) can0 12D#0000000000000035 R
(1784903390.950204) can0 12E#000000000000C0CF R
(1784903390.959953) can0 12D#000000000000005F R
(1784903390.966934) can0 121#00A601CF04800067 R
(1784903390.967258) can0 129#000000010000006E R
(1784903390.969205) can0 120#000000000000006A R
(1784903390.969624) can0 541#000010000004EAAD R
(1784903390.969864) can0 12D#000000000000006A R
(1784903390.970080) can0 12E#000000000000C02E R
(1784903390.979941) can0 12D#000000000000008B R
(1784903390.986959) can0 121#00A601CF04800086 R
(1784903390.988063) can0 129#000000010000008F R
(1784903390.988247) can0 540#000040100000ED00 R
(1784903390.988331) can0 5B0#100000000000005E R
(1784903390.988623) can0 120#000000000000008B R
(1784903390.989628) can0 541#000010000004EAC7 R
(1784903390.989980) can0 450#0000000000002800 R
(1784903390.990100) can0 12D#00000000000000BE R
(1784903390.990290) can0 12E#000000000000C044 R
(1784903390.990427) can0 12A#10050000000A00B6 R
(1784903390.990681) can0 5A0#0000000004000051 R
(1784903391.000414) can0 12D#00000000000000D4 R
(1784903391.007078) can0 121#00A601CF048000B3 R
(1784903391.007320) can0 129#00000001000000BA R
(1784903391.008770) can0 120#00000000000000BE R
(1784903391.009328) can0 541#000010000004EA26 R
(1784903391.009865) can0 12D#0000000000000035 R
(1784903391.010114) can0 12E#000000000000C071 R
(1784903391.019925) can0 12D#000000000000005F R
(1784903391.026942) can0 121#00A601CF048000D9 R
(1784903391.027203) can0 129#00000001000000D0 R
(1784903391.029639) can0 120#00000000000000D4 R
(1784903391.030081) can0 541#000010000004EA4C R
(1784903391.030278) can0 12D#000000000000006A R
(1784903391.030490) can0 12E#000000000000C090 R
(1784903391.037992) can0 450#0000000000002800 R
(1784903391.040007) can0 12D#000000000000008B R
(1784903391.040440) can0 12A#10050000000A00DC R
(1784903391.046937) can0 121#00A601CF04800038 R
(1784903391.047197) can0 129#0000000100000031 R
(1784903391.048579) can0 120#0000000000000035 R
(1784903391.049572) can0 541#000010000004EB6F R
(1784903391.049895) can0 12D#00000000000000BE R
(1784903391.050097) can0 12E#000000000000C0A5 R
(1784903391.059959) can0 12D#00000000000000D4 R
(1784903391.066962) can0 121#00A601CF04800052 R
(1784903391.067971) can0 129#000000010000005B R
(1784903391.068528) can0 120#000000000000005F R
(1784903391.069603) can0 541#000010000004EB8E R
(1784903391.069965) can0 12D#0000000000000035 R
(1784903391.070073) can0 12E#000000000000C0CF R
(1784903391.079909) can0 12D#000000000000005F R
(1784903391.086947) can0 121#00A601CF04800067 R
(1784903391.087214) can0 129#000000010000006E R
(1784903391.087359) can0 540#000040100000ED00 R
(1784903391.087610) can0 5B0#100000000000006B R
(1784903391.089919) can0 120#000000000000006A R
(1784903391.090316) can0 541#000010000004EBBB R
(1784903391.090410) can0 450#0000000000002800 R
(1784903391.090652) can0 12D#000000000000006A R
(1784903391.090782) can0 12E#000000000000C02E R
(1784903391.090922) can0 12A#10050000000A003D R
(1784903391.091098) can0 5A0#0000000004000064 R
(1784903391.101128) can0 12D#000000000000008B R
(1784903391.106969) can0 121#00A601CF04800086 R
(1784903391.108020) can0 129#000000010000008F R
(1784903391.108546) can0 120#000000000000008B R
(1784903391.109590) can0 541#000010000004EBD1 R
(1784903391.109966) can0 12D#00000000000000BE R
(1784903391.110126) can0 12E#000000000000C044 R
(1784903391.119927) can0 12D#00000000000000D4 R
(1784903391.126958) can0 121#00A601CF048000B3 R
(1784903391.127220) can0 129#00000001000000BA R
(1784903391.130123) can0 120#00000000000000BE R
(1784903391.130538) can0 541#000010000004EB30 R
(1784903391.130643) can0 12D#0000000000000035 R
(1784903391.130751) can0 12E#000000000000C071 R
(1784903391.137982) can0 450#0000000000002800 R
(1784903391.140347) can0 12D#000000000000005F R
(1784903391.140625) can0 12A#10050000000A0057 R
(1784903391.146950) can0 121#00A601CF048000D9 R
(1784903391.147277) can0 129#00000001000000D0 R
(1784903391.148741) can0 120#00000000000000D4 R
(1784903391.149337) can0 541#000010000004EB5A R
(1784903391.149884) can0 12D#000000000000006A R
(1784903391.150122) can0 12E#000000000000C090 R
(1784903391.159906) can0 12D#000000000000008B R
(1784903391.167505) can0 121#00A601CF04800038 R
(1784903391.167816) can0 129#0000000100000031 R
(1784903391.168557) can0 120#0000000000000035 R
(1784903391.169848) can0 541#000010000004EB6F R
(1784903391.170212) can0 12D#00000000000000BE R
(1784903391.170398) can0 12E#000000000000C0A5 R
(1784903391.179958) can0 12D#00000000000000D4 R
(1784903391.186951) can0 121#00A601CF04800052 R
(1784903391.187260) can0 129#000000010000005B R
(1784903391.187355) can0 540#000040100000ED00 R
(1784903391.189802) can0 5B0#100000000000008A R
(1784903391.190203) can0 120#000000000000005F R
(1784903391.190418) can0 541#000010000004EB8E R
(1784903391.190554) can0 450#0000000000002800 R
(1784903391.190671) can0 12D#0000000000000035 R
(1784903391.190812) can0 12E#000000000000C0CF R
(1784903391.190982) can0 12A#10050000000A0062 R
(1784903391.191138) can0 5A0#0000000004000085 R
(1784903391.200537) can0 12D#000000000000005F R
(1784903391.206953) can0 121#00A601CF04800067 R
(1784903391.207219) can0 129#000000010000006E R
(1784903391.209270) can0 120#000000000000006A R
(1784903391.209690) can0 541#000010000004EBBB R
(1784903391.209888) can0 12D#000000000000006A R
(1784903391.210022) can0 12E#000000000000C02E R
(1784903391.219935) can0 12D#000000000000008B R
(1784903391.227017) can0 121#00A601CF04800086 R
(1784903391.227347) can0 129#000000010000008F R
(1784903391.228771) can0 120#000000000000008B R
(1784903391.230891) can0 541#000010000004EBD1 R
(1784903391.231420) can0 12D#00000000000000BE R
(1784903391.231558) can0 12E#000000000000C044 R
(1784903391.238191) can0 450#0000000000002800 R
(1784903391.239963) can0 12D#00000000000000D4 R
(1784903391.240415) can0 12A#10050000000A0083 R
(1784903391.247156) can0 121#00A601CF048000B3 R
(1784903391.247427) can0 129#00000001000000BA R
(1784903391.248790) can0 120#00000000000000BE R
(1784903391.249345) can0 541#000010000004EB30 R
(1784903391.249888) can0 12D#0000000000000035 R
(1784903391.250185) can0 12E#000000000000C071 R
(1784903391.259964) can0 12D#000000000000005F R
(1784903391.266959) can0 121#00A601CF048000D9 R
(1784903391.267228) can0 129#00000001000000D0 R
(1784903391.269751) can0 120#00000000000000D4 R
(1784903391.270254) can0 541#000010000004EB5A R
(1784903391.270368) can0 12D#000000000000006A R
(1784903391.270514) can0 12E#000000000000C090 R
(1784903391.279904) can0 12D#000000000000008B R
(1784903391.286955) can0 121#00A601CF04800038 R
(1784903391.287226) can0 129#0000000100000031 R
(1784903391.287365) can0 540#000040100000ED00 R
(1784903391.287620) can0 5B0#10000000000000BF R
(1784903391.290504) can0 120#0000000000000035 R
(1784903391.290931) can0 541#000010000004EB6F R
(1784903391.291021) can0 450#0000000000002800 R
(1784903391.291231) can0 12D#00000000000000BE R
(1784903391.291379) can0 12E#000000000000C0A5 R
(1784903391.291567) can0 12A#10050000000A00B6 R
(1784903391.291759) can0 5A0#00000000040000B0 R
(1784903391.299986) can0 12D#00000000000000D4 R
(1784903391.306958) can0 121#00A601CF04800052 R
(1784903391.307229) can0 129#000000010000005B R
(1784903391.309773) can0 120#000000000000005F R
(1784903391.310190) can0 541#000010000004EB8E R
(1784903391.310312) can0 12D#0000000000000035 R
(1784903391.310433) can0 12E#000000000000C0CF R
(1784903391.319932) can0 12D#000000000000005F R
(1784903391.326963) can0 121#00A601CF04800067 R
(1784903391.327250) can0 129#000000010000006E R
(1784903391.330215) can0 120#000000000000006A R
(1784903391.330613) can0 541#000010000004EBBB R
(1784903391.330704) can0 12D#000000000000006A R
(1784903391.330796) can0 12E#000000000000C02E R
(1784903391.338030) can0 450#0000000000002800 R
(1784903391.339923) can0 12D#000000000000008B R
(1784903391.340135) can0 12A#10050000000A00DC R
(1784903391.346983) can0 121#00A601CF04800086 R
(1784903391.349168) can0 129#000000010000008F R
(1784903391.349590) can0 120#000000000000008B R
(1784903391.349675) can0 541#000010000004EBD1 R
(1784903391.349885) can0 12D#00000000000000BE R
(1784903391.350054) can0 12E#000000000000C044 R
(1784903391.359897) can0 12D#00000000000000D4 R
(1784903391.366983) can0 121#00A601CF048000B3 R
(1784903391.368076) can0 129#00000001000000BA R
(1784903391.368535) can0 120#00000000000000BE R
(1784903391.369597) can0 541#000010000004EB30 R
(1784903391.369953) can0 12D#0000000000000035 R
(1784903391.370144) can0 12E#000000000000C071 R
(1784903391.379957) can0 12D#000000000000005F R
(1784903391.388102) can0 121#00A601CF048000D9 R
(1784903391.388543) can0 129#00000001000000D0 R
(1784903391.388637) can0 540#000040100000ED00 R
(1784903391.388745) can0 5B0#10000000000000D5 R
(1784903391.388898) can0 120#00000000000000D4 R
(1784903391.389452) can0 541#000010000004EB5A R
(1784903391.389707) can0 450#0000000000002800 R
(1784903391.389970) can0 12D#000000000000006A R
(1784903391.390194) can0 12E#000000000000C090 R
(1784903391.390447) can0 12A#10050000000A003D R
(1784903391.392404) can0 5A0#00000000040000DA R
(1784903391.399958) can0 12D#000000000000008B R
(1784903391.406970) can0 121#00A601CF04800038 R
(1784903391.407236) can0 129#0000000100000031 R
(1784903391.408590) can0 120#0000000000000035 R
(1784903391.409380) can0 541#000010000004EB6F R
(1784903391.410630) can0 12D#00000000000000BE R
(1784903391.411034) can0 12E#000000000000C0A5 R
(1784903391.419954) can0 12D#00000000000000D4 R
(1784903391.426982) can0 121#00A601CF04800052 R
(1784903391.427290) can0 129#000000010000005B R
(1784903391.429242) can0 120#000000000000005F R
(1784903391.429665) can0 541#000010000004EB8E R
(1784903391.429860) can0 12D#0000000000000035 R
(1784903391.430060) can0 12E#000000000000C0CF R
(1784903391.437965) can0 450#0000000000002800 R
(1784903391.439883) can0 12D#000000000000005F R
(1784903391.440131) can0 12A#10050000000A0057 R
(1784903391.446964) can0 121#00A601CF04800067 R
(1784903391.447233) can0 129#000000010000006E R
(1784903391.448545) can0 120#000000000000006A R
(1784903391.451056) can0 541#000010000004EBBB R
(1784903391.451462) can0 12D#000000000000006A R
(1784903391.451544) can0 12E#000000000000C02E R
(1784903391.459949) can0 12D#000000000000008B R
(1784903391.467000) can0 121#00A601CF04800086 R
(1784903391.467990) can0 129#000000010000008F R
(1784903391.468573) can0 120#000000000000008B R
(1784903391.469377) can0 541#000010000004EBD1 R
(1784903391.470417) can0 12D#00000000000000BE R
(1784903391.470701) can0 12E#000000000000C044 R
(1784903391.479911) can0 12D#00000000000000D4 R
(1784903391.486966) can0 121#00A601CF048000B3 R
(1784903391.487228) can0 129#00000001000000BA R
(1784903391.487368) can0 540#000040100000ED00 R
(1784903391.487642) can0 5B0#1000000000000034 R
(1784903391.488677) can0 120#00000000000000BE R
(1784903391.489455) can0 541#000010000004EB30 R
(1784903391.489608) can0 450#0000000000002800 R
(1784903391.489943) can0 12D#0000000000000035 R
(1784903391.490160) can0 12E#000000000000C071 R
(1784903391.492210) can0 12A#10050000000A0062 R
(1784903391.492359) can0 5A0#000000000400003B R
(1784903391.499952) can0 12D#000000000000005F R
(1784903391.506984) can0 121#00A601CF048000D9 R
(1784903391.507238) can0 129#00000001000000D0 R
(1784903391.509294) can0 120#00000000000000D4 R
(1784903391.509688) can0 541#000010000004EB5A R
(1784903391.509801) can0 12D#000000000000006A R
(1784903391.510170) can0 12E#000000000000C090 R
(1784903391.519925) can0 12D#000000000000008B R
(1784903391.526975) can0 121#00A601CF04800038 R
(1784903391.527240) can0 129#0000000100000031 R
(1784903391.529655) can0 120#0000000000000035 R
(1784903391.530172) can0 541#000010000004EB6F R
(1784903391.530321) can0 12D#00000000000000BE R
(1784903391.530426) can0 12E#000000000000C0A5 R
(1784903391.537977) can0 450#0000000000002800 R
(1784903391.540870) can0 12D#00000000000000D4 R
(1784903391.541200) can0 12A#10050000000A0083 R
(1784903391.547115) can0 121#00A601CF04800052 R
(1784903391.547439) can0 129#000000010000005B R
(1784903391.548854) can0 120#000000000000005F R
(1784903391.549749) can0 541#000010000004EB8E R
(1784903391.549991) can0 12D#0000000000000035 R
(1784903391.550187) can0 12E#000000000000C0CF R
(1784903391.559947) can0 12D#000000000000005F R
(1784903391.567002) can0 121#00A601CF04800067 R
(1784903391.567326) can0 129#000000010000006E R
(1784903391.568583) can0 120#000000000000006A R
(1784903391.570740) can0 541#000010000004EBBB R
(1784903391.571162) can0 12D#000000000000006A R
(1784903391.571341) can0 12E#000000000000C02E R
(1784903391.580662) can0 12D#000000000000008B R
(1784903391.588615) can0 121#00A601CF04800086 R
(1784903391.589112) can0 129#000000010000008F R
(1784903391.589275) can0 540#000040100000ED00 R
(1784903391.589395) can0 5B0#100000000000005E R
(1784903391.589519) can0 120#000000000000008B R
(1784903391.589685) can0 541#000010000004EBD1 R
(1784903391.589775) can0 450#0000000000002800 R
(1784903391.589911) can0 12D#00000000000000BE R
(1784903391.590585) can0 12E#000000000000C044 R
(1784903391.590934) can0 12A#10050000000A00B6 R
(1784903391.591041) can0 5A0#0000000004000051 R
(1784903391.601757) can0 12D#00000000000000D4 R
(1784903391.607052) can0 121#00A601CF048000B3 R
(1784903391.607322) can0 129#00000001000000BA R
(1784903391.609834) can0 120#00000000000000BE R
(1784903391.610345) can0 541#000010000004EB30 R
(1784903391.610438) can0 12D#0000000000000035 R
(1784903391.610547) can0 12E#000000000000C071 R
(1784903391.619945) can0 12D#000000000000005F R
(1784903391.627662) can0 121#00A601CF048000D9 R
(1784903391.627909) can0 129#00000001000000D0 R
(1784903391.628799) can0 120#00000000000000D4 R
(1784903391.629351) can0 541#000010000004EB5A R
(1784903391.629820) can0 12D#000000000000006A R
(1784903391.630061) can0 12E#000000000000C090 R
(1784903391.637991) can0 450#0000000000002800 R
(1784903391.639935) can0 12D#000000000000008B R
(1784903391.640330) can0 12A#10050000000A00DC R
(1784903391.646989) can0 121#00A601CF04800038 R
(1784903391.647326) can0 129#0000000100000031 R
(1784903391.648827) can0 120#0000000000000035 R
(1784903391.649352) can0 541#000010000004EB6F R
(1784903391.649860) can0 12D#00000000000000BE R
(1784903391.650235) can0 12E#000000000000C0A5 R
(1784903391.659934) can0 12D#00000000000000D4 R
(1784903391.666989) can0 121#00A601CF04800052 R
(1784903391.667259) can0 129#000000010000005B R
(1784903391.670323) can0 120#000000000000005F R
(1784903391.670610) can0 541#000010000004EB8E R
(1784903391.670721) can0 12D#0000000000000035 R
(1784903391.670899) can0 12E#000000000000C0CF R
(1784903391.679932) can0 12D#000000000000005F R
(1784903391.687029) can0 121#00A601CF04800067 R
(1784903391.688090) can0 129#000000010000006E R
(1784903391.688422) can0 540#000040100000ED00 R
(1784903391.688535) can0 5B0#100000000000006B R
(1784903391.688697) can0 120#000000000000006A R
(1784903391.689717) can0 541#000010000004EBBB R
(1784903391.690164) can0 450#0000000000002800 R
(1784903391.690301) can0 12D#000000000000006A R
(1784903391.690420) can0 12E#000000000000C02E R
(1784903391.690623) can0 12A#10050000000A003D R
(1784903391.690796) can0 5A0#0000000004000064 R
(1784903391.699929) can0 12D#000000000000008B R
(1784903391.707020) can0 121#00A601CF04800086 R
(1784903391.708120) can0 129#000000010000008F R
(1784903391.708570) can0 120#000000000000008B R
(1784903391.709616) can0 541#000010000004EBD1 R
(1784903391.709974) can0 12D#00000000000000BE R
(1784903391.710180) can0 12E#000000000000C044 R
(1784903391.719882) can0 12D#00000000000000D4 R
(1784903391.726987) can0 121#00A601CF048000B3 R
(1784903391.729151) can0 129#00000001000000BA R
(1784903391.729566) can0 120#00000000000000BE R
(1784903391.729650) can0 541#000010000004EB30 R
(1784903391.730397) can0 12D#0000000000000035 R
(1784903391.730833) can0 12E#000000000000C071 R
(1784903391.737988) can0 450#0000000000002800 R
(1784903391.740650) can0 12D#000000000000005F R
(1784903391.741065) can0 12A#10050000000A0057 R
(1784903391.747004) can0 121#00A601CF048000D9 R
(1784903391.747278) can0 129#00000001000000D0 R
(1784903391.749702) can0 120#00000000000000D4 R
(1784903391.750186) can0 541#000010000004EB5A R
(1784903391.750282) can0 12D#000000000000006A R
(1784903391.750387) can0 12E#000000000000C090 R
(1784903391.759938) can0 12D#000000000000008B R
(1784903391.767000) can0 121#00A601CF04800038 R
(1784903391.767277) can0 129#0000000100000031 R
(1784903391.769191) can0 120#0000000000000035 R
(1784903391.769659) can0 541#000010000004EB6F R
(1784903391.770461) can0 12D#00000000000000BE R
(1784903391.770754) can0 12E#000000000000C0A5 R
(1784903391.779980) can0 12D#00000000000000D4 R
(1784903391.786998) can0 121#00A601CF04800052 R
(1784903391.787259) can0 129#000000010000005B R
(1784903391.787409) can0 540#000040100000ED00 R
(1784903391.789830) can0 5B0#100000000000008A R
(1784903391.790324) can0 120#000000000000005F R
(1784903391.790442) can0 541#000010000004EB8E R
(1784903391.790556) can0 450#0000000000002800 R
(1784903391.790665) can0 12D#0000000000000035 R
(1784903391.790802) can0 12E#000000000000C0CF R
(1784903391.790976) can0 12A#10050000000A0062 R
(1784903391.791102) can0 5A0#0000000004000085 R
(1784903391.799960) can0 12D#000000000000005F R
(1784903391.807014) can0 121#00A601CF04800067 R
(1784903391.807272) can0 129#000000010000006E R
(1784903391.809306) can0 120#000000000000006A R
(1784903391.809785) can0 541#000010000004EBBB R
(1784903391.809901) can0 12D#000000000000006A R
(1784903391.810076) can0 12E#000000000000C02E R
(1784903391.819935) can0 12D#000000000000008B R
(1784903391.826991) can0 121#00A601CF04800086 R
(1784903391.827267) can0 129#000000010000008F R
(1784903391.830556) can0 120#000000000000008B R
(1784903391.830995) can0 541#000010000004EBD1 R
(1784903391.831099) can0 12D#00000000000000BE R
(1784903391.831200) can0 12E#000000000000C044 R
(1784903391.837987) can0 450#0000000000002800 R
(1784903391.839948) can0 12D#00000000000000D4 R
(1784903391.840316) can0 12A#10050000000A0083 R
(1784903391.847002) can0 121#00A601CF048000B3 R
(1784903391.847320) can0 129#00000001000000BA R
(1784903391.849780) can0 120#00000000000000BE R
(1784903391.850156) can0 541#000010000004EB30 R
(1784903391.850250) can0 12D#0000000000000035 R
(1784903391.850433) can0 12E#000000000000C071 R
(1784903391.859891) can0 12D#000000000000005F R
(1784903391.867042) can0 121#00A601CF048000D9 R
(1784903391.867995) can0 129#00000001000000D0 R
(1784903391.868625) can0 120#00000000000000D4 R
(1784903391.869615) can0 541#000010000004EB5A R
(1784903391.869939) can0 12D#000000000000006A R
(1784903391.870154) can0 12E#000000000000C090 R
(1784903391.879911) can0 12D#000000000000008B R
(1784903391.887636) can0 121#00A601CF04800038 R
(1784903391.887927) can0 129#0000000100000031 R
(1784903391.888121) can0 540#000040100000ED00 R
(1784903391.888211) can0 5B0#10000000000000BF R
(1784903391.889164) can0 120#0000000000000035 R
(1784903391.889522) can0 541#000010000004EB6F R
(1784903391.889712) can0 450#0000000000002800 R
(1784903391.889960) can0 12D#00000000000000BE R
(1784903391.890191) can0 12E#000000000000C0A5 R
(1784903391.890430) can0 12A#10050000000A00B6 R
(1784903391.890704) can0 5A0#00000000040000B0 R
(1784903391.899952) can0 12D#00000000000000D4 R
(1784903391.907008) can0 121#00A601CF04800052 R
(1784903391.907335) can0 129#000000010000005B R
(1784903391.908654) can0 120#000000000000005F R
(1784903391.909694) can0 541#000010000004EB8E R
(1784903391.909950) can0 12D#0000000000000035 R
(1784903391.910170) can0 12E#000000000000C0CF R
(1784903391.919914) can0 12D#000000000000005F R
(1784903391.927030) can0 121#00A601CF04800067 R
(1784903391.928129) can0 129#000000010000006E R
(1784903391.928586) can0 120#000000000000006A R
(1784903391.929593) can0 541#000010000004EBBB R
(1784903391.929955) can0 12D#000000000000006A R
(1784903391.930131) can0 12E#000000000000C02E R
(1784903391.938020) can0 450#0000000000002800 R
(1784903391.939903) can0 12D#000000000000008B R
(1784903391.940092) can0 12A#10050000000A00DC R
(1784903391.947555) can0 121#00A601CF04800086 R
(1784903391.947854) can0 129#000000010000008F R
(1784903391.948592) can0 120#000000000000008B R
(1784903391.949392) can0 541#000010000004EBD1 R
(1784903391.949877) can0 12D#00000000000000BE R
(1784903391.950082) can0 12E#000000000000C044 R
(1784903391.959918) can0 12D#00000000000000D4 R
(1784903391.967023) can0 121#00A601CF048000B3 R
(1784903391.967293) can0 129#00000001000000BA R
(1784903391.968614) can0 120#00000000000000BE R
(1784903391.969480) can0 541#000010000004EB30 R
(1784903391.971675) can0 12D#0000000000000035 R
(1784903391.971808) can0 12E#000000000000C071 R
(1784903391.979912) can0 12D#000000000000005F R
(1784903391.987760) can0 121#00A601CF048000D9 R
(1784903391.988045) can0 129#00000001000000D0 R
(1784903391.988141) can0 540#000040100000ED00 R
(1784903391.988230) can0 5B0#10000000000000D5 R
(1784903391.988772) can0 120#00000000000000D4 R
(1784903391.989572) can0 541#000010000004EB5A R
(1784903391.989896) can0 450#0000000000002800 R
(1784903391.990016) can0 12D#000000000000006A R
(1784903391.990251) can0 12E#000000000000C090 R
(1784903391.990492) can0 12A#10050000000A003D R
(1784903391.990730) can0 5A0#00000000040000DA R
(1784903391.999911) can0 12D#000000000000008B R
(1784903392.007219) can0 121#00A601CF04800038 R
(1784903392.007478) can0 129#0000000100000031 R
(1784903392.008872) can0 120#0000000000000035 R
(1784903392.009371) can0 541#000010000004EB6F R
(1784903392.010665) can0 12D#00000000000000BE R
(1784903392.011043) can0 12E#000000000000C0A5 R
(1784903392.019957) can0 12D#00000000000000D4 R
(1784903392.027013) can0 121#00A601CF04800052 R
(1784903392.027284) can0 129#000000010000005B R
(1784903392.028605) can0 120#000000000000005F R
(1784903392.029372) can0 541#000010000004EB8E R
(1784903392.030100) can0 12D#0000000000000035 R
(1784903392.032131) can0 12E#000000000000C0CF R
(1784903392.037982) can0 450#0000000000002800 R
(1784903392.039895) can0 12D#000000000000005F R
(1784903392.040077) can0 12A#10050000000A0057 R
(1784903392.047021) can0 121#00A601CF04800067 R
(1784903392.047291) can0 129#000000010000006E R
(1784903392.048730) can0 120#000000000000006A R
(1784903392.050730) can0 541#000010000004ECB3 R
(1784903392.051131) can0 12D#000000000000006A R
(1784903392.051346) can0 12E#000000000000C02E R
(1784903392.059890) can0 12D#000000000000008B R
(1784903392.067541) can0 121#00A601CF04800086 R
(1784903392.067786) can0 129#000000010000008F R
(1784903392.068633) can0 120#000000000000008B R
(1784903392.069395) can0 541#000010000004ECD9 R
(1784903392.069820) can0 12D#00000000000000BE R
(1784903392.070115) can0 12E#000000000000C044 R
(1784903392.079912) can0 12D#00000000000000D4 R
(1784903392.087063) can0 121#00A601CF048000B3 R
(1784903392.088200) can0 129#00000001000000BA R
(1784903392.088589) can0 540#000040100000ED00 R
(1784903392.088706) can0 5B0#1000000000000034 R
(1784903392.088849) can0 120#00000000000000BE R
(1784903392.089690) can0 541#000010000004EC38 R
(1784903392.090127) can0 450#0000000000002800 R
(1784903392.090248) can0 12D#0000000000000035 R
(1784903392.090370) can0 12E#000000000000C071 R
(1784903392.090532) can0 12A#10050000000A0062 R
(1784903392.090688) can0 5A0#000000000400003B R
(1784903392.099947) can0 12D#000000000000005F R
(1784903392.107025) can0 121#00A601CF048000D9 R
(1784903392.107344) can0 129#00000001000000D0 R
(1784903392.108651) can0 120#00000000000000D4 R
(1784903392.109665) can0 541#000010000004EC52 R
(1784903392.109928) can0 12D#000000000000006A R
(1784903392.110140) can0 12E#000000000000C090 R
(1784903392.119898) can0 12D#000000000000008B R
(1784903392.127680) can0 121#00A601CF04800038 R
(1784903392.128016) can0 129#0000000100000031 R
(1784903392.128630) can0 120#0000000000000035 R
(1784903392.129406) can0 541#000010000004EC67 R
(1784903392.129848) can0 12D#00000000000000BE R
(1784903392.130121) can0 12E#000000000000C0A5 R
(1784903392.138002) can0 450#0000000000002800 R
(1784903392.139944) can0 12D#00000000000000D4 R
(1784903392.140305) can0 12A#10050000000A0083 R
(1784903392.147025) can0 121#00A601CF04800052 R
(1784903392.147299) can0 129#000000010000005B R
(1784903392.148655) can0 120#000000000000005F R
(1784903392.149397) can0 541#000010000004EC86 R
(1784903392.149860) can0 12D#0000000000000035 R
(1784903392.150117) can0 12E#000000000000C0CF R
(1784903392.159942) can0 12D#000000000000005F R
(1784903392.167024) can0 121#00A601CF04800067 R
(1784903392.167424) can0 129#000000010000006E R
(1784903392.168601) can0 120#000000000000006A R
(1784903392.170966) can0 541#000010000004ECB3 R
(1784903392.171292) can0 12D#000000000000006A R
(1784903392.171401) can0 12E#000000000000C02E R
(1784903392.179904) can0 12D#000000000000008B R
(1784903392.187046) can0 121#00A601CF04800086 R
(1784903392.187317) can0 129#000000010000008F R
(1784903392.187454) can0 540#000040100000ED00 R
(1784903392.187726) can0 5B0#100000000000005E R
(1784903392.188775) can0 120#000000000000008B R
(1784903392.189521) can0 541#000010000004ECD9 R
(1784903392.191516) can0 450#0000000000002800 R
(1784903392.191870) can0 12D#00000000000000BE R
(1784903392.192087) can0 12E#000000000000C044 R
(1784903392.192205) can0 12A#10050000000A00B6 R
(1784903392.192388) can0 5A0#0000000004000051 R
(1784903392.199906) can0 12D#00000000000000D4 R
(1784903392.207246) can0 121#00A601CF048000B3 R
(1784903392.207501) can0 129#00000001000000BA R
(1784903392.208899) can0 120#00000000000000BE R
(1784903392.209397) can0 541#000010000004EC38 R
(1784903392.209777) can0 12D#0000000000000035 R
(1784903392.210011) can0 12E#000000000000C071 R
(1784903392.219903) can0 12D#000000000000005F R
(1784903392.227028) can0 121#00A601CF048000D9 R
(1784903392.227309) can0 129#00000001000000D0 R
(1784903392.228630) can0 120#00000000000000D4 R
(1784903392.229373) can0 541#000010000004EC52 R
(1784903392.231434) can0 12D#000000000000006A R
(1784903392.231825) can0 12E#000000000000C090 R
(1784903392.237996) can0 450#0000000000002800 R
(1784903392.239965) can0 12D#000000000000008B R
(1784903392.240380) can0 12A#10050000000A00DC R
(1784903392.247030) can0 121#00A601CF04800038 R
(1784903392.247292) can0 129#0000000100000031 R
(1784903392.249885) can0 120#0000000000000035 R
(1784903392.250283) can0 541#000010000004EC67 R
(1784903392.250364) can0 12D#00000000000000BE R
(1784903392.250554) can0 12E#000000000000C0A5 R
(1784903392.259881) can0 12D#00000000000000D4 R
(1784903392.267038) can0 121#00A601CF04800052 R
(1784903392.267452) can0 129#000000010000005B R
(1784903392.269280) can0 120#000000000000005F R
(1784903392.269593) can0 541#000010000004EC86 R
(1784903392.270367) can0 12D#0000000000000035 R
(1784903392.270621) can0 12E#000000000000C0CF R
(1784903392.279903) can0 12D#000000000000005F R
(1784903392.287054) can0 121#00A601CF04800067 R
(1784903392.287322) can0 129#000000010000006E R
(1784903392.287479) can0 540#000040100000ED00 R
(1784903392.287717) can0 5B0#100000000000006B R
(1784903392.289511) can0 120#000000000000006A R
(1784903392.289924) can0 541#000010000004ECB3 R
(1784903392.290108) can0 450#0000000000002800 R
(1784903392.290209) can0 12D#000000000000006A R
(1784903392.290362) can0 12E#000000000000C02E R
(1784903392.290497) can0 12A#10050000000A003D R
(1784903392.290892) can0 5A0#0000000004000064 R
(1784903392.299949) can0 12D#000000000000008B R
(1784903392.307055) can0 121#00A601CF04800086 R
(1784903392.307376) can0 129#000000010000008F R
(1784903392.308675) can0 120#000000000000008B R
(1784903392.309409) can0 541#000010000004ECD9 R
(1784903392.309854) can0 12D#00000000000000BE R
(1784903392.310183) can0 12E#000000000000C044 R
(1784903392.319906) can0 12D#00000000000000D4 R
(1784903392.327061) can0 121#00A601CF048000B3 R
(1784903392.328061) can0 129#00000001000000BA R
(1784903392.328652) can0 120#00000000000000BE R
(1784903392.329933) can0 541#000010000004EC38 R
(1784903392.330313) can0 12D#0000000000000035 R
(1784903392.330498) can0 12E#000000000000C071 R
(1784903392.337997) can0 450#0000000000002800 R
(1784903392.339913) can0 12D#000000000000005F R
(1784903392.340255) can0 12A#10050000000A0057 R
(1784903392.347040) can0 121#00A601CF048000D9 R
(1784903392.347312) can0 129#00000001000000D0 R
(1784903392.348669) can0 120#00000000000000D4 R
(1784903392.349410) can0 541#000010000004EC52 R
(1784903392.350141) can0 12D#000000000000006A R
(1784903392.350449) can0 12E#000000000000C090 R
(1784903392.359897) can0 12D#000000000000008B R
(1784903392.367140) can0 121#00A601CF04800038 R
(1784903392.368156) can0 129#0000000100000031 R
(1784903392.368735) can0 120#0000000000000035 R
(1784903392.369607) can0 541#000010000004EC67 R
(1784903392.370049) can0 12D#00000000000000BE R
(1784903392.370199) can0 12E#000000000000C0A5 R
(1784903392.379901) can0 12D#00000000000000D4 R
(1784903392.387257) can0 121#00A601CF04800052 R
(1784903392.388412) can0 129#000000010000005B R
(1784903392.388668) can0 540#000040100000ED00 R
(1784903392.388759) can0 5B0#100000000000008A R
(1784903392.389003) can0 450#0000000000002800 R
(1784903392.389157) can0 120#000000000000005F R
(1784903392.389677) can0 541#000010000004EC86 R
(1784903392.389938) can0 12D#0000000000000035 R
(1784903392.390146) can0 12E#000000000000C0CF R
(1784903392.390421) can0 12A#10050000000A0062 R
(1784903392.390668) can0 5A0#0000000004000085 R
(1784903392.400420) can0 12D#000000000000005F R
(1784903392.407074) can0 121#00A601CF04800067 R
(1784903392.407336) can0 129#000000010000006E R
(1784903392.408639) can0 120#000000000000006A R
(1784903392.409852) can0 12D#000000000000006A R
(1784903392.411468) can0 12E#000000000000C02E R
(1784903392.411788) can0 541#000010000004ECB3 R
(1784903392.419869) can0 12D#000000000000008B R
(1784903392.427056) can0 121#00A601CF04800086 R
(1784903392.427354) can0 129#000000010000008F R
(1784903392.429180) can0 120#000000000000008B R
(1784903392.430350) can0 12D#00000000000000BE R
(1784903392.430640) can0 12E#000000000000C044 R
(1784903392.430751) can0 541#000010000004ECD9 R
(1784903392.438009) can0 450#0000000000002800 R
(1784903392.440383) can0 12D#00000000000000D4 R
(1784903392.440789) can0 12A#10050000000A0083 R
(1784903392.447123) can0 121#00A601CF048000B3 R
(1784903392.447383) can0 129#00000001000000BA R
(1784903392.448743) can0 120#00000000000000BE R
(1784903392.450172) can0 12D#0000000000000035 R
(1784903392.450484) can0 12E#000000000000C071 R
(1784903392.450704) can0 541#000010000004EC38 R
(1784903392.459898) can0 12D#000000000000005F R
(1784903392.467053) can0 121#00A601CF048000D9 R
(1784903392.467332) can0 129#00000001000000D0 R
(1784903392.469330) can0 120#00000000000000D4 R
(1784903392.469833) can0 12D#000000000000006A R
(1784903392.470011) can0 12E#000000000000C090 R
(1784903392.470377) can0 541#000010000004EC52 R
(1784903392.479894) can0 12D#000000000000008B R
(1784903392.487052) can0 121#00A601CF04800038 R
(1784903392.487473) can0 129#0000000100000031 R
(1784903392.489410) can0 540#000040100000ED00 R
(1784903392.489726) can0 5B0#10000000000000BF R
(1784903392.489835) can0 120#0000000000000035 R
(1784903392.489947) can0 450#0000000000002800 R
(1784903392.490092) can0 12D#00000000000000BE R
(1784903392.490283) can0 12E#000000000000C0A5 R
(1784903392.490394) can0 12A#10050000000A00B6 R
(1784903392.490645) can0 541#000010000004EC67 R
(1784903392.490946) can0 5A0#00000000040000B0 R
(1784903392.500122) can0 12D#00000000000000D4 R
(1784903392.507047) can0 121#00A601CF04800052 R
(1784903392.507368) can0 129#000000010000005B R
(1784903392.508660) can0 120#000000000000005F R
(1784903392.509808) can0 12D#0000000000000035 R
(1784903392.510021) can0 12E#000000000000C0CF R
(1784903392.510369) can0 541#000010000004EC86 R
(1784903392.519910) can0 12D#000000000000005F R
(1784903392.527544) can0 121#00A601CF04800067 R
(1784903392.527788) can0 129#000000010000006E R
(1784903392.528968) can0 120#000000000000006A R
(1784903392.530119) can0 12D#000000000000006A R
(1784903392.530425) can0 12E#000000000000C02E R
(1784903392.530650) can0 541#000010000004ECB3 R
(1784903392.538016) can0 450#0000000000002800 R
(1784903392.540657) can0 12D#000000000000008B R
(1784903392.541038) can0 12A#10050000000A00DC R
(1784903392.547066) can0 121#00A601CF04800086 R
(1784903392.547339) can0 129#000000010000008F R
(1784903392.548679) can0 120#000000000000008B R
(1784903392.549840) can0 12D#00000000000000BE R
(1784903392.550286) can0 12E#000000000000C044 R
(1784903392.550451) can0 541#000010000004ECD9 R
(1784903392.560493) can0 12D#00000000000000D4 R
(1784903392.567067) can0 121#00A601CF048000B3 R
(1784903392.567337) can0 129#00000001000000BA R
(1784903392.569399) can0 120#00000000000000BE R
(1784903392.569823) can0 12D#0000000000000035 R
(1784903392.570011) can0 12E#000000000000C071 R
(1784903392.570769) can0 541#000010000004EC38 R
(1784903392.579927) can0 12D#000000000000005F R
(1784903392.587140) can0 121#00A601CF048000D9 R
(1784903392.587582) can0 129#00000001000000D0 R
(1784903392.587679) can0 540#000040100000ED00 R
(1784903392.587784) can0 5B0#10000000000000D5 R
(1784903392.588778) can0 120#00000000000000D4 R
(1784903392.589170) can0 450#0000000000002800 R
(1784903392.593546) can0 12D#000000000000006A R
(1784903392.593992) can0 12E#000000000000C090 R
(1784903392.594211) can0 12A#10050000000A003D R
(1784903392.594336) can0 541#000010000004EC52 R
(1784903392.597989) can0 5A0#00000000040000DA R
(1784903392.600001) can0 12D#000000000000008B R
(1784903392.607089) can0 121#00A601CF04800038 R
(1784903392.608744) can0 129#0000000100000031 R
(1784903392.609075) can0 120#0000000000000035 R
(1784903392.609810) can0 12D#00000000000000BE R
(1784903392.610073) can0 12E#000000000000C0A5 R
(1784903392.610467) can0 541#000010000004EC67 R
(1784903392.619916) can0 12D#00000000000000D4 R
(1784903392.627088) can0 121#00A601CF04800052 R
(1784903392.627350) can0 129#000000010000005B R
(1784903392.629375) can0 120#000000000000005F R
(1784903392.629819) can0 12D#0000000000000035 R
(1784903392.630011) can0 12E#000000000000C0CF R
(1784903392.630761) can0 541#000010000004EC86 R
(1784903392.638007) can0 450#0000000000002800 R
(1784903392.639958) can0 12D#000000000000005F R
(1784903392.640324) can0 12A#10050000000A0057 R
(1784903392.647145) can0 121#00A601CF04800067 R
(1784903392.647398) can0 129#000000010000006E R
(1784903392.649150) can0 120#000000000000006A R
(1784903392.650020) can0 12D#000000000000006A R
(1784903392.650254) can0 12E#000000000000C02E R
(1784903392.650374) can0 541#000010000004ECB3 R
(1784903392.659907) can0 12D#000000000000008B R
(1784903392.667068) can0 121#00A601CF04800086 R
(1784903392.667341) can0 129#000000010000008F R
(1784903392.668711) can0 120#000000000000008B R
(1784903392.670645) can0 12D#00000000000000BE R
(1784903392.671014) can0 12E#000000000000C044 R
(1784903392.671103) can0 541#000010000004ECD9 R
(1784903392.679869) can0 12D#00000000000000D4 R
(1784903392.687075) can0 121#00A601CF048000B3 R
(1784903392.687339) can0 129#00000001000000BA R
(1784903392.687545) can0 540#000040100000ED00 R
(1784903392.687722) can0 5B0#1000000000000034 R
(1784903392.689708) can0 120#00000000000000BE R
(1784903392.689897) can0 450#0000000000002800 R
(1784903392.690098) can0 12D#0000000000000035 R
(1784903392.690244) can0 12E#000000000000C071 R
(1784903392.690364) can0 12A#10050000000A0062 R
(1784903392.690604) can0 541#000010000004EC38 R
(1784903392.690872) can0 5A0#000000000400003B R
(1784903392.699967) can0 12D#000000000000005F R
(1784903392.707078) can0 121#00A601CF048000D9 R
(1784903392.707397) can0 129#00000001000000D0 R
(1784903392.708890) can0 120#00000000000000D4 R
(1784903392.709983) can0 12D#000000000000006A R
(1784903392.710231) can0 12E#000000000000C090 R
(1784903392.710444) can0 541#000010000004EC52 R
(1784903392.719885) can0 12D#000000000000008B R
(1784903392.727077) can0 121#00A601CF04800038 R
(1784903392.727330) can0 129#0000000100000031 R
(1784903392.730311) can0 120#0000000000000035 R
(1784903392.730736) can0 12D#00000000000000BE R
(1784903392.730851) can0 12E#000000000000C0A5 R
(1784903392.731030) can0 541#000010000004EC67 R
(1784903392.738007) can0 450#0000000000002800 R
(1784903392.740283) can0 12D#00000000000000D4 R
(1784903392.740592) can0 12A#10050000000A0083 R
(1784903392.747154) can0 121#00A601CF04800052 R
(1784903392.747409) can0 129#000000010000005B R
(1784903392.748807) can0 120#000000000000005F R
(1784903392.749821) can0 12D#0000000000000035 R
(1784903392.750161) can0 12E#000000000000C0CF R
(1784903392.750392) can0 541#000010000004EC86 R
(1784903392.759874) can0 12D#000000000000005F R
(1784903392.767265) can0 121#00A601CF04800067 R
(1784903392.767541) can0 129#000000010000006E R
(1784903392.769517) can0 120#000000000000006A R
(1784903392.769924) can0 12D#000000000000006A R
(1784903392.770126) can0 12E#000000000000C02E R
(1784903392.770396) can0 541#000010000004ECB3 R
(1784903392.779975) can0 12D#000000000000008B R
(1784903392.787098) can0 121#00A601CF04800086 R
(1784903392.787415) can0 129#000000010000008F R
(1784903392.787519) can0 540#000040100000ED00 R
(1784903392.787734) can0 5B0#100000000000005E R
(1784903392.788752) can0 120#000000000000008B R
(1784903392.788989) can0 450#0000000000002800 R
(1784903392.790947) can0 12D#00000000000000BE R
(1784903392.791329) can0 12E#000000000000C044 R
(1784903392.791524) can0 12A#10050000000A00B6 R
(1784903392.791626) can0 541#000010000004ECD9 R
(1784903392.791830) can0 5A0#0000000004000051 R
(1784903392.799931) can0 12D#00000000000000D4 R
(1784903392.807085) can0 121#00A601CF048000B3 R
(1784903392.807358) can0 129#00000001000000BA R
(1784903392.809843) can0 120#00000000000000BE R
(1784903392.810346) can0 12D#0000000000000035 R
(1784903392.810455) can0 12E#000000000000C071 R
(1784903392.810575) can0 541#000010000004EC38 R
(1784903392.819886) can0 12D#000000000000005F R
(1784903392.827701) can0 121#00A601CF048000D9 R
(1784903392.827972) can0 129#00000001000000D0 R
(1784903392.828693) can0 120#00000000000000D4 R
(1784903392.829857) can0 12D#000000000000006A R
(1784903392.830356) can0 12E#000000000000C090 R
(1784903392.830480) can0 541#000010000004EC52 R
(1784903392.838016) can0 450#0000000000002800 R
(1784903392.840410) can0 12D#000000000000008B R
(1784903392.840811) can0 12A#10050000000A00DC R
(1784903392.847309) can0 121#00A601CF04800038 R
(1784903392.847575) can0 129#0000000100000031 R
(1784903392.848971) can0 120#0000000000000035 R
(1784903392.850083) can0 12D#00000000000000BE R
(1784903392.850381) can0 12E#000000000000C0A5 R
(1784903392.850491) can0 541#000010000004EC67 R
(1784903392.859916) can0 12D#00000000000000D4 R
(1784903392.867091) can0 121#00A601CF04800052 R
(1784903392.867370) can0 129#000000010000005B R
(1784903392.869535) can0 120#000000000000005F R
(1784903392.869969) can0 12D#0000000000000035 R
(1784903392.870078) can0 12E#000000000000C0CF R
(1784903392.870382) can0 541#000010000004EC86 R
(1784903392.879880) can0 12D#000000000000005F R
(1784903392.887426) can0 121#00A601CF04800067 R
(1784903392.887699) can0 129#000000010000006E R
(1784903392.887795) can0 540#000040100000ED00 R
(1784903392.887984) can0 5B0#100000000000006B R
(1784903392.889000) can0 120#000000000000006A R
(1784903392.889392) can0 450#0000000000002800 R
(1784903392.890234) can0 12D#000000000000006A R
(1784903392.890526) can0 12E#000000000000C02E R
(1784903392.890660) can0 12A#10050000000A003D R
(1784903392.890791) can0 541#000010000004ECB3 R
(1784903392.890974) can0 5A0#0000000004000064 R
(1784903392.900349) can0 12D#000000000000008B R
(1784903392.907089) can0 121#00A601CF04800086 R
(1784903392.907354) can0 129#000000010000008F R
(1784903392.909191) can0 120#000000000000008B R
(1784903392.909807) can0 12D#00000000000000BE R
(1784903392.910022) can0 12E#000000000000C044 R
(1784903392.910404) can0 541#000010000004ECD9 R
(1784903392.919881) can0 12D#00000000000000D4 R
(1784903392.927090) can0 121#00A601CF048000B3 R
(1784903392.927341) can0 129#00000001000000BA R
(1784903392.928726) can0 120#00000000000000BE R
(1784903392.929820) can0 12D#0000000000000035 R
(1784903392.930077) can0 12E#000000000000C071 R
(1784903392.930416) can0 541#000010000004EC38 R
(1784903392.938041) can0 450#0000000000002800 R
(1784903392.940172) can0 12D#000000000000005F R
(1784903392.940544) can0 12A#10050000000A0057 R
(1784903392.947094) can0 121#00A601CF048000D9 R
(1784903392.947365) can0 129#00000001000000D0 R
(1784903392.948729) can0 120#00000000000000D4 R
(1784903392.949862) can0 12D#000000000000006A R
(1784903392.950256) can0 12E#000000000000C090 R
(1784903392.950433) can0 541#000010000004EC52 R
(1784903392.959867) can0 12D#000000000000008B R
(1784903392.967114) can0 121#00A601CF04800038 R
(1784903392.968727) can0 129#0000000100000031 R
(1784903392.969086) can0 120#0000000000000035 R
(1784903392.970077) can0 12D#00000000000000BE R
(1784903392.970541) can0 12E#000000000000C0A5 R
(1784903392.970689) can0 541#000010000004EC67 R
(1784903392.979887) can0 12D#00000000000000D4 R
(1784903392.987670) can0 121#00A601CF04800052 R
(1784903392.988012) can0 129#000000010000005B R
(1784903392.988118) can0 540#000040100000ED00 R
(1784903392.988211) can0 5B0#100000000000008A R
(1784903392.988804) can0 120#000000000000005F R
(1784903392.989105) can0 450#0000000000002800 R
(1784903392.990038) can0 12D#0000000000000035 R
(1784903392.990294) can0 12E#000000000000C0CF R
(1784903392.990456) can0 12A#10050000000A0062 R
(1784903392.990616) can0 541#000010000004EC86 R
(1784903392.990889) can0 5A0#0000000004000085 R
(1784903392.999937) can0 12D#000000000000005F R
(1784903393.007091) can0 121#00A601CF04800067 R
(1784903393.007370) can0 129#000000010000006E R
(1784903393.008672) can0 120#000000000000006A R
(1784903393.011215) can0 12D#000000000000006A R
(1784903393.011596) can0 12E#000000000000C02E R
(1784903393.011695) can0 541#000010000004ECB3 R
(1784903393.019874) can0 12D#000000000000008B R
(1784903393.027125) can0 121#00A601CF04800086 R
(1784903393.027418) can0 129#000000010000008F R
(1784903393.028913) can0 120#000000000000008B R
(1784903393.031209) can0 12D#00000000000000BE R
(1784903393.031687) can0 12E#000000000000C044 R
(1784903393.031787) can0 541#000010000004ECD9 R
(1784903393.038144) can0 450#0000000000002800 R
(1784903393.039866) can0 12D#00000000000000D4 R
(1784903393.040060) can0 12A#10050000000A0083 R
(1784903393.047097) can0 121#00A601CF048000B3 R
(1784903393.047367) can0 129#00000001000000BA R
(1784903393.050026) can0 120#00000000000000BE R
(1784903393.050432) can0 12D#0000000000000035 R
(1784903393.050533) can0 12E#000000000000C071 R
(1784903393.050679) can0 541#000010000004ED2E R
(1784903393.059882) can0 12D#000000000000005F R
(1784903393.067152) can0 121#00A601CF048000D9 R
(1784903393.067567) can0 129#00000001000000D0 R
(1784903393.069435) can0 120#00000000000000D4 R
(1784903393.069796) can0 12D#000000000000006A R
(1784903393.070017) can0 12E#000000000000C090 R
(1784903393.070897) can0 541#000010000004ED44 R
(1784903393.079864) can0 12D#000000000000008B R
(1784903393.087107) can0 121#00A601CF04800038 R
(1784903393.087374) can0 129#0000000100000031 R
(1784903393.087509) can0 540#000040100000ED00 R
(1784903393.087758) can0 5B0#10000000000000BF R
(1784903393.088823) can0 120#0000000000000035 R
(1784903393.089196) can0 450#0000000000002800 R
(1784903393.089938) can0 12D#00000000000000BE R
(1784903393.090202) can0 12E#000000000000C0A5 R
(1784903393.090400) can0 12A#10050000000A00B6 R
(1784903393.090820) can0 541#000010000004ED71 R
(1784903393.092953) can0 5A0#00000000040000B0 R
(1784903393.100638) can0 12D#00000000000000D4 R
(1784903393.107107) can0 121#00A601CF04800052 R
(1784903393.107443) can0 129#000000010000005B R
(1784903393.109347) can0 120#000000000000005F R
(1784903393.109783) can0 12D#0000000000000035 R
(1784903393.110515) can0 12E#000000000000C0CF R
(1784903393.110910) can0 541#000010000004ED90 R
(1784903393.119852) can0 12D#000000000000005F R
(1784903393.127175) can0 121#00A601CF04800067 R
(1784903393.127442) can0 129#000000010000006E R
(1784903393.130090) can0 120#000000000000006A R
(1784903393.130466) can0 12D#000000000000006A R
(1784903393.130571) can0 12E#000000000000C02E R
(1784903393.130677) can0 541#000010000004EDA5 R
(1784903393.138014) can0 450#0000000000002800 R
(1784903393.139932) can0 12D#000000000000008B R
(1784903393.140290) can0 12A#10050000000A00DC R
(1784903393.147321) can0 121#00A601CF04800086 R
(1784903393.147584) can0 129#000000010000008F R
(1784903393.148962) can0 120#000000000000008B R
(1784903393.150049) can0 12D#00000000000000BE R
(1784903393.150429) can0 12E#000000000000C044 R
(1784903393.150628) can0 541#000010000004EDCF R
(1784903393.159860) can0 12D#00000000000000D4 R
(1784903393.167113) can0 121#00A601CF048000B3 R
(1784903393.167564) can0 129#00000001000000BA R
(1784903393.168701) can0 120#00000000000000BE R
(1784903393.171088) can0 12D#0000000000000035 R
(1784903393.171531) can0 12E#000000000000C071 R
(1784903393.171667) can0 541#000010000004ED2E R
(1784903393.179879) can0 12D#000000000000005F R
(1784903393.187153) can0 121#00A601CF048000D9 R
(1784903393.188377) can0 129#00000001000000D0 R
(1784903393.188637) can0 540#000040100000ED00 R
(1784903393.188738) can0 5B0#10000000000000D5 R
(1784903393.188850) can0 450#0000000000002800 R
(1784903393.189071) can0 120#00000000000000D4 R
(1784903393.190122) can0 12D#000000000000006A R
(1784903393.190481) can0 12E#000000000000C090 R
(1784903393.190686) can0 12A#10050000000A003D R
(1784903393.190833) can0 541#000010000004ED44 R
(1784903393.190976) can0 5A0#00000000040000DA R
(1784903393.199919) can0 12D#000000000000008B R
(1784903393.207116) can0 121#00A601CF04800038 R
(1784903393.207391) can0 129#0000000100000031 R
(1784903393.208748) can0 120#0000000000000035 R
(1784903393.210352) can0 12D#00000000000000BE R
(1784903393.210846) can0 12E#000000000000C0A5 R
(1784903393.210980) can0 541#000010000004ED71 R
(1784903393.219891) can0 12D#00000000000000D4 R
(1784903393.227114) can0 121#00A601CF04800052 R
(1784903393.227382) can0 129#000000010000005B R
(1784903393.228701) can0 120#000000000000005F R
(1784903393.229838) can0 12D#0000000000000035 R
(1784903393.230281) can0 12E#000000000000C0CF R
(1784903393.230418) can0 541#000010000004ED90 R
(1784903393.238602) can0 450#0000000000002800 R
(1784903393.239854) can0 12D#000000000000005F R
(1784903393.240255) can0 12A#10050000000A0057 R
(1784903393.247124) can0 121#00A601CF04800067 R
(1784903393.247394) can0 129#000000010000006E R
(1784903393.249153) can0 120#000000000000006A R
(1784903393.249793) can0 12D#000000000000006A R
(1784903393.249987) can0 12E#000000000000C02E R
(1784903393.250417) can0 541#000010000004EDA5 R
(1784903393.259869) can0 12D#000000000000008B R
(1784903393.267451) can0 121#00A601CF04800086 R
(1784903393.267705) can0 129#000000010000008F R
(1784903393.268980) can0 120#000000000000008B R
(1784903393.270241) can0 12D#00000000000000BE R
(1784903393.270534) can0 12E#000000000000C044 R
(1784903393.270642) can0 541#000010000004EDCF R
(1784903393.279889) can0 12D#00000000000000D4 R
(1784903393.287148) can0 121#00A601CF048000B3 R
(1784903393.287432) can0 129#00000001000000BA R
(1784903393.287539) can0 540#000040100000ED00 R
(1784903393.289420) can0 5B0#1000000000000034 R
(1784903393.289824) can0 120#00000000000000BE R
(1784903393.289914) can0 450#0000000000002800 R
(1784903393.290130) can0 12D#0000000000000035 R
(1784903393.290311) can0 12E#000000000000C071 R
(1784903393.290422) can0 12A#10050000000A0062 R
(1784903393.290625) can0 541#000010000004ED2E R
(1784903393.290888) can0 5A0#000000000400003B R
(1784903393.301051) can0 12D#000000000000005F R
(1784903393.308367) can0 121#00A601CF048000D9 R
(1784903393.308618) can0 129#00000001000000D0 R
(1784903393.308820) can0 120#00000000000000D4 R
(1784903393.309894) can0 12D#000000000000006A R
(1784903393.310116) can0 12E#000000000000C090 R
(1784903393.310438) can0 541#000010000004ED44 R
(1784903393.320235) can0 12D#000000000000008B R
(1784903393.327120) can0 121#00A601CF04800038 R
(1784903393.327395) can0 129#0000000100000031 R
(1784903393.328725) can0 120#0000000000000035 R
(1784903393.329789) can0 12D#00000000000000BE R
(1784903393.329981) can0 12E#000000000000C0A5 R
(1784903393.330458) can0 541#000010000004ED71 R
(1784903393.338031) can0 450#0000000000002800 R
(1784903393.339930) can0 12D#00000000000000D4 R
(1784903393.340294) can0 12A#10050000000A0083 R
(1784903393.347130) can0 121#00A601CF04800052 R
(1784903393.347398) can0 129#000000010000005B R
(1784903393.348749) can0 120#000000000000005F R
(1784903393.349865) can0 12D#0000000000000035 R
(1784903393.350245) can0 12E#000000000000C0CF R
(1784903393.350395) can0 541#000010000004ED90 R
(1784903393.359871) can0 12D#000000000000005F R
(1784903393.367156) can0 121#00A601CF04800067 R
(1784903393.368190) can0 129#000000010000006E R
(1784903393.369386) can0 120#000000000000006A R
(1784903393.369802) can0 12D#000000000000006A R
(1784903393.370033) can0 12E#000000000000C02E R
(1784903393.370415) can0 541#000010000004EDA5 R
(1784903393.380490) can0 12D#000000000000008B R
(1784903393.387119) can0 121#00A601CF04800086 R
(1784903393.387494) can0 129#000000010000008F R
(1784903393.387620) can0 540#000040100000ED00 R
(1784903393.389623) can0 5B0#100000000000005E R
(1784903393.389981) can0 120#000000000000008B R
(1784903393.390209) can0 450#0000000000002800 R
(1784903393.390350) can0 12D#00000000000000BE R
(1784903393.390458) can0 12E#000000000000C044 R
(1784903393.390591) can0 12A#10050000000A00B6 R
(1784903393.390739) can0 541#000010000004EDCF R
(1784903393.390882) can0 5A0#0000000004000051 R
(1784903393.400354) can0 12D#00000000000000D4 R
(1784903393.407150) can0 121#00A601CF048000B3 R
(1784903393.407414) can0 129#00000001000000BA R
(1784903393.409027) can0 120#00000000000000BE R
(1784903393.409800) can0 12D#0000000000000035 R
(1784903393.410118) can0 12E#000000000000C071 R
(1784903393.410397) can0 541#000010000004ED2E R
(1784903393.419901) can0 12D#000000000000005F R
(1784903393.427670) can0 121#00A601CF048000D9 R
(1784903393.427928) can0 129#00000001000000D0 R
(1784903393.428742) can0 120#00000000000000D4 R
(1784903393.429881) can0 12D#000000000000006A R
(1784903393.430289) can0 12E#000000000000C090 R
(1784903393.430384) can0 541#000010000004ED44 R
(1784903393.438026) can0 450#0000000000002800 R
(1784903393.439905) can0 12D#000000000000008B R
(1784903393.440353) can0 12A#10050000000A00DC R
(1784903393.447140) can0 121#00A601CF04800038 R
(1784903393.447411) can0 129#0000000100000031 R
(1784903393.448855) can0 120#0000000000000035 R
(1784903393.450017) can0 12D#00000000000000BE R
(1784903393.450291) can0 12E#000000000000C0A5 R
(1784903393.450398) can0 541#000010000004ED71 R
(1784903393.459863) can0 12D#00000000000000D4 R
(1784903393.467143) can0 121#00A601CF04800052 R
(1784903393.468272) can0 129#000000010000005B R
(1784903393.468747) can0 120#000000000000005F R
(1784903393.470032) can0 12D#0000000000000035 R
(1784903393.470402) can0 12E#000000000000C0CF R
(1784903393.470497) can0 541#000010000004ED90 R
(1784903393.479862) can0 12D#000000000000005F R
(1784903393.487139) can0 121#00A601CF04800067 R
(1784903393.487413) can0 129#000000010000006E R
(1784903393.487552) can0 540#000040100000ED00 R
(1784903393.489991) can0 5B0#100000000000006B R
(1784903393.490406) can0 120#000000000000006A R
(1784903393.490499) can0 450#0000000000002800 R
(1784903393.490610) can0 12D#000000000000006A R
(1784903393.490819) can0 12E#000000000000C02E R
(1784903393.491001) can0 12A#10050000000A003D R
(1784903393.491130) can0 541#000010000004EDA5 R
(1784903393.491310) can0 5A0#0000000004000064 R
(1784903393.500695) can0 12D#000000000000008B R
(1784903393.507225) can0 121#00A601CF04800086 R
(1784903393.507491) can0 129#000000010000008F R
(1784903393.509246) can0 120#000000000000008B R
(1784903393.509785) can0 12D#00000000000000BE R
(1784903393.510023) can0 12E#000000000000C044 R
(1784903393.510407) can0 541#000010000004EDCF R
(1784903393.519830) can0 12D#00000000000000D4 R
(1784903393.527352) can0 121#00A601CF048000B3 R
(1784903393.528364) can0 129#00000001000000BA R
(1784903393.528949) can0 120#00000000000000BE R
(1784903393.530008) can0 12D#0000000000000035 R
(1784903393.530394) can0 12E#000000000000C071 R
(1784903393.530502) can0 541#000010000004ED2E R
(1784903393.539161) can0 450#0000000000002800 R
(1784903393.540866) can0 12D#000000000000005F R
(1784903393.541123) can0 12A#10050000000A0057 R
(1784903393.547149) can0 121#00A601CF048000D9 R
(1784903393.547604) can0 129#00000001000000D0 R
(1784903393.548743) can0 120#00000000000000D4 R
(1784903393.551051) can0 12D#000000000000006A R
(1784903393.551547) can0 12E#000000000000C090 R
(1784903393.551677) can0 541#000010000004ED44 R
(1784903393.559909) can0 12D#000000000000008B R
(1784903393.567173) can0 121#00A601CF04800038 R
(1784903393.568305) can0 129#0000000100000031 R
(1784903393.568817) can0 120#0000000000000035 R
(1784903393.570590) can0 12D#00000000000000BE R
(1784903393.570943) can0 12E#000000000000C0A5 R
(1784903393.571130) can0 541#000010000004ED71 R
(1784903393.579892) can0 12D#00000000000000D4 R
(1784903393.587962) can0 121#00A601CF04800052 R
(1784903393.588492) can0 129#000000010000005B R
(1784903393.588673) can0 540#000040100000ED00 R
(1784903393.588809) can0 5B0#100000000000008A R
(1784903393.588954) can0 120#000000000000005F R
(1784903393.589110) can0 450#0000000000002800 R
(1784903393.591018) can0 12D#0000000000000035 R
(1784903393.591360) can0 12E#000000000000C0CF R
(1784903393.591564) can0 12A#10050000000A0062 R
(1784903393.591678) can0 541#000010000004ED90 R
(1784903393.591825) can0 5A0#0000000004000085 R
(1784903393.603290) can0 12D#000000000000005F R
(1784903393.607602) can0 121#00A601CF04800067 R
(1784903393.608004) can0 129#000000010000006E R
(1784903393.608815) can0 120#000000000000006A R
(1784903393.611028) can0 12D#000000000000006A R
(1784903393.611415) can0 12E#000000000000C02E R
(1784903393.611537) can0 541#000010000004EDA5 R
(1784903393.619873) can0 12D#000000000000008B R
(1784903393.627164) can0 121#00A601CF04800086 R
(1784903393.627417) can0 129#000000010000008F R
(1784903393.628782) can0 120#000000000000008B R
(1784903393.630652) can0 12D#00000000000000BE R
(1784903393.631068) can0 12E#000000000000C044 R
(1784903393.631165) can0 541#000010000004EDCF R
(1784903393.638031) can0 450#0000000000002800 R
(1784903393.640416) can0 12D#00000000000000D4 R
(1784903393.640788) can0 12A#10050000000A0083 R
(1784903393.647150) can0 121#00A601CF048000B3 R
(1784903393.647479) can0 129#00000001000000BA R
(1784903393.648796) can0 120#00000000000000BE R
(1784903393.649863) can0 12D#0000000000000035 R
(1784903393.650153) can0 12E#000000000000C071 R
(1784903393.650437) can0 541#000010000004ED2E R
(1784903393.660153) can0 12D#000000000000005F R
(1784903393.667178) can0 121#00A601CF048000D9 R
(1784903393.668218) can0 129#00000001000000D0 R
(1784903393.668716) can0 120#00000000000000D4 R
(1784903393.669827) can0 12D#000000000000006A R
(1784903393.670177) can0 12E#000000000000C090 R
(1784903393.670847) can0 541#000010000004ED44 R
(1784903393.679845) can0 12D#000000000000008B R
(1784903393.687161) can0 121#00A601CF04800038 R
(1784903393.687430) can0 129#0000000100000031 R
(1784903393.687629) can0 540#000040100000ED00 R
(1784903393.687824) can0 5B0#10000000000000BF R
(1784903393.689882) can0 120#0000000000000035 R
(1784903393.690103) can0 450#0000000000002800 R
(1784903393.690217) can0 12D#00000000000000BE R
(1784903393.690357) can0 12E#000000000000C0A5 R
(1784903393.690492) can0 12A#10050000000A00B6 R
(1784903393.690656) can0 541#000010000004ED71 R
(1784903393.690859) can0 5A0#00000000040000B0 R
(1784903393.700073) can0 12D#00000000000000D4 R
(1784903393.707205) can0 121#00A601CF04800052 R
(1784903393.707580) can0 129#000000010000005B R
(1784903393.708778) can0 120#000000000000005F R
(1784903393.709802) can0 12D#0000000000000035 R
(1784903393.710295) can0 12E#000000000000C0CF R
(1784903393.710398) can0 541#000010000004ED90 R
(1784903393.719870) can0 12D#000000000000005F R
(1784903393.727383) can0 121#00A601CF04800067 R
(1784903393.727682) can0 129#000000010000006E R
(1784903393.729021) can0 120#000000000000006A R
(1784903393.730035) can0 12D#000000000000006A R
(1784903393.730303) can0 12E#000000000000C02E R
(1784903393.730543) can0 541#000010000004EDA5 R
(1784903393.738022) can0 450#0000000000002800 R
(1784903393.739807) can0 12D#000000000000008B R
(1784903393.740040) can0 12A#10050000000A00DC R
(1784903393.747155) can0 121#00A601CF04800086 R
(1784903393.747412) can0 129#000000010000008F R
(1784903393.748774) can0 120#000000000000008B R
(1784903393.749769) can0 12D#00000000000000BE R
(1784903393.750026) can0 12E#000000000000C044 R
(1784903393.750453) can0 541#000010000004EDCF R
(1784903393.759848) can0 12D#00000000000000D4 R
(1784903393.767682) can0 121#00A601CF048000B3 R
(1784903393.767934) can0 129#00000001000000BA R
(1784903393.768761) can0 120#00000000000000BE R
(1784903393.770195) can0 12D#0000000000000035 R
(1784903393.770570) can0 12E#000000000000C071 R
(1784903393.770670) can0 541#000010000004ED2E R
(1784903393.779878) can0 12D#000000000000005F R
(1784903393.787164) can0 121#00A601CF048000D9 R
(1784903393.787439) can0 129#00000001000000D0 R
(1784903393.787578) can0 540#000040100000ED00 R
(1784903393.787818) can0 5B0#10000000000000D5 R
(1784903393.790275) can0 450#0000000000002800 R
(1784903393.790654) can0 120#00000000000000D4 R
(1784903393.790749) can0 12D#000000000000006A R
(1784903393.790962) can0 12E#000000000000C090 R
(1784903393.791070) can0 12A#10050000000A003D R
(1784903393.791221) can0 541#000010000004ED44 R
(1784903393.791353) can0 5A0#00000000040000DA R
(1784903393.799872) can0 12D#000000000000008B R
(1784903393.807170) can0 121#00A601CF04800038 R
(1784903393.807436) can0 129#0000000100000031 R
(1784903393.809018) can0 120#0000000000000035 R
(1784903393.809776) can0 12D#00000000000000BE R
(1784903393.809992) can0 12E#000000000000C0A5 R
(1784903393.810420) can0 541#000010000004ED71 R
(1784903393.819850) can0 12D#00000000000000D4 R
(1784903393.827513) can0 121#00A601CF04800052 R
(1784903393.827771) can0 129#000000010000005B R
(1784903393.829028) can0 120#000000000000005F R
(1784903393.829838) can0 12D#0000000000000035 R
(1784903393.830084) can0 12E#000000000000C0CF R
(1784903393.830433) can0 541#000010000004ED90 R
(1784903393.838050) can0 450#0000000000002800 R
(1784903393.840110) can0 12D#000000000000005F R
(1784903393.840499) can0 12A#10050000000A0057 R
(1784903393.847194) can0 121#00A601CF04800067 R
(1784903393.847646) can0 129#000000010000006E R
(1784903393.848798) can0 120#000000000000006A R
(1784903393.849874) can0 12D#000000000000006A R
(1784903393.850240) can0 12E#000000000000C02E R
(1784903393.850456) can0 541#000010000004EDA5 R
(1784903393.859854) can0 12D#000000000000008B R
(1784903393.867440) can0 121#00A601CF04800086 R
(1784903393.867751) can0 129#000000010000008F R
(1784903393.869000) can0 120#000000000000008B R
(1784903393.870236) can0 12D#00000000000000BE R
(1784903393.870529) can0 12E#000000000000C044 R
(1784903393.870761) can0 541#000010000004EDCF R
(1784903393.879947) can0 12D#00000000000000D4 R
(1784903393.887258) can0 121#00A601CF048000B3 R
(1784903393.888346) can0 129#00000001000000BA R
(1784903393.888670) can0 540#000040100000ED00 R
(1784903393.888775) can0 5B0#1000000000000034 R
(1784903393.888874) can0 450#0000000000002800 R
(1784903393.889013) can0 120#00000000000000BE R
(1784903393.890092) can0 12D#0000000000000035 R
(1784903393.890490) can0 12E#000000000000C071 R
(1784903393.890583) can0 12A#10050000000A0062 R
(1784903393.890801) can0 541#000010000004ED2E R
(1784903393.890951) can0 5A0#000000000400003B R
(1784903393.899882) can0 12D#000000000000005F R
(1784903393.907385) can0 121#00A601CF048000D9 R
(1784903393.908531) can0 129#00000001000000D0 R
(1784903393.908957) can0 120#00000000000000D4 R
(1784903393.910036) can0 12D#000000000000006A R
(1784903393.910494) can0 12E#000000000000C090 R
(1784903393.910600) can0 541#000010000004ED44 R
(1784903393.920108) can0 12D#000000000000008B R
(1784903393.927178) can0 121#00A601CF04800038 R
(1784903393.927589) can0 129#0000000100000031 R
(1784903393.928764) can0 120#0000000000000035 R
(1784903393.930837) can0 12D#00000000000000BE R
(1784903393.931165) can0 12E#000000000000C0A5 R
(1784903393.931373) can0 541#000010000004ED71 R
(1784903393.938041) can0 450#0000000000002800 R
(1784903393.939888) can0 12D#00000000000000D4 R
(1784903393.940374) can0 12A#10050000000A0083 R
(1784903393.947196) can0 121#00A601CF04800052 R
(1784903393.947594) can0 129#000000010000005B R
(1784903393.949332) can0 120#000000000000005F R
(1784903393.949752) can0 12D#0000000000000035 R
(1784903393.950626) can0 12E#000000000000C0CF R
(1784903393.950920) can0 541#000010000004ED90 R
(1784903393.960275) can0 12D#000000000000005F R
(1784903393.967208) can0 121#00A601CF04800067 R
(1784903393.968242) can0 129#000000010000006E R
(1784903393.968747) can0 120#000000000000006A R
(1784903393.969808) can0 12D#000000000000006A R
(1784903393.970188) can0 12E#000000000000C02E R
(1784903393.970411) can0 541#000010000004EDA5 R
(1784903393.979984) can0 12D#000000000000008B R
(1784903393.987181) can0 121#00A601CF04800086 R
(1784903393.987447) can0 129#000000010000008F R
(1784903393.987584) can0 540#000040100000ED00 R
(1784903393.987831) can0 5B0#100000000000005E R
(1784903393.988886) can0 120#000000000000008B R
(1784903393.991050) can0 450#0000000000002800 R
(1784903393.991181) can0 12D#00000000000000BE R
(1784903393.991417) can0 12E#000000000000C044 R
(1784903393.991562) can0 12A#10050000000A00B6 R
(1784903393.991670) can0 541#000010000004EDCF R
(1784903393.991796) can0 5A0#0000000004000051 R
(1784903393.999890) can0 12D#00000000000000D4 R
(1784903394.007177) can0 121#00A601CF048000B3 R
(1784903394.007461) can0 129#00000001000000BA R
(1784903394.010028) can0 120#00000000000000BE R
(1784903394.010527) can0 12D#0000000000000035 R
(1784903394.010655) can0 12E#000000000000C071 R
(1784903394.010790) can0 541#000010000004ED2E R
(1784903394.019836) can0 12D#000000000000005F R
(1784903394.027482) can0 121#00A601CF048000D9 R
(1784903394.027734) can0 129#00000001000000D0 R
(1784903394.029045) can0 120#00000000000000D4 R
(1784903394.029747) can0 12D#000000000000006A R
(1784903394.029984) can0 12E#000000000000C090 R
(1784903394.030589) can0 541#000010000004ED44 R
(1784903394.038041) can0 450#0000000000002800 R
(1784903394.039873) can0 12D#000000000000008B R
(1784903394.040289) can0 12A#10050000000A00DC R
(1784903394.047180) can0 121#00A601CF04800038 R
(1784903394.047498) can0 129#0000000100000031 R
(1784903394.049429) can0 120#0000000000000035 R
(1784903394.049920) can0 12D#00000000000000BE R
(1784903394.050027) can0 12E#000000000000C0A5 R
(1784903394.050431) can0 541#000010000004EE7E R
(1784903394.059868) can0 12D#00000000000000D4 R
(1784903394.067507) can0 121#00A601CF04800052 R
(1784903394.067760) can0 129#000000010000005B R
(1784903394.069057) can0 120#000000000000005F R
(1784903394.069747) can0 12D#0000000000000035 R
(1784903394.069960) can0 12E#000000000000C0CF R
(1784903394.070493) can0 541#000010000004EE9F R
(1784903394.079927) can0 12D#000000000000005F R
(1784903394.087189) can0 121#00A601CF04800067 R
(1784903394.087601) can0 129#000000010000006E R
(1784903394.089588) can0 540#000040100000ED00 R
(1784903394.089912) can0 5B0#100000000000006B R
(1784903394.090016) can0 120#000000000000006A R
(1784903394.090170) can0 450#0000000000002800 R
(1784903394.090263) can0 12D#000000000000006A R
(1784903394.090400) can0 12E#000000000000C02E R
(1784903394.090532) can0 12A#10050000000A003D R
(1784903394.090757) can0 541#000010000004EEAA R
(1784903394.090914) can0 5A0#0000000004000064 R
(1784903394.100687) can0 12D#000000000000008B R
(1784903394.107247) can0 121#00A601CF04800086 R
(1784903394.107572) can0 129#000000010000008F R
(1784903394.109008) can0 120#000000000000008B R
(1784903394.109781) can0 12D#00000000000000BE R
(1784903394.110132) can0 12E#000000000000C044 R
(1784903394.110463) can0 541#000010000004EEC0 R
(1784903394.119864) can0 12D#00000000000000D4 R
(1784903394.127559) can0 121#00A601CF048000B3 R
(1784903394.127876) can0 129#00000001000000BA R
(1784903394.129048) can0 120#00000000000000BE R
(1784903394.130271) can0 12D#0000000000000035 R
(1784903394.130547) can0 12E#000000000000C071 R
(1784903394.130775) can0 541#000010000004EE21 R
(1784903394.138075) can0 450#0000000000002800 R
(1784903394.140984) can0 12D#000000000000005F R
(1784903394.141407) can0 12A#10050000000A0057 R
(1784903394.147201) can0 121#00A601CF048000D9 R
(1784903394.147464) can0 129#00000001000000D0 R
(1784903394.148758) can0 120#00000000000000D4 R
(1784903394.149777) can0 12D#000000000000006A R
(1784903394.149966) can0 12E#000000000000C090 R
(1784903394.150423) can0 541#000010000004EE4B R
(1784903394.159840) can0 12D#000000000000008B R
(1784903394.167690) can0 121#00A601CF04800038 R
(1784903394.167949) can0 129#0000000100000031 R
(1784903394.169334) can0 120#0000000000000035 R
(1784903394.169787) can0 12D#00000000000000BE R
(1784903394.169983) can0 12E#000000000000C0A5 R
(1784903394.170463) can0 541#000010000004EE7E R
(1784903394.180090) can0 12D#00000000000000D4 R
(1784903394.187221) can0 121#00A601CF04800052 R
(1784903394.188356) can0 129#000000010000005B R
(1784903394.188621) can0 540#000040100000ED00 R
(1784903394.188722) can0 5B0#100000000000008A R
(1784903394.188961) can0 120#000000000000005F R
(1784903394.189162) can0 450#0000000000002800 R
(1784903394.190161) can0 12D#0000000000000035 R
(1784903394.190574) can0 12E#000000000000C0CF R
(1784903394.190703) can0 12A#10050000000A0062 R
(1784903394.190850) can0 541#000010000004EE9F R
(1784903394.190994) can0 5A0#0000000004000085 R
(1784903394.199904) can0 12D#000000000000005F R
(1784903394.207207) can0 121#00A601CF04800067 R
(1784903394.207479) can0 129#000000010000006E R
(1784903394.210193) can0 120#000000000000006A R
(1784903394.210683) can0 12D#000000000000006A R
(1784903394.210832) can0 12E#000000000000C02E R
(1784903394.210944) can0 541#000010000004EEAA R
(1784903394.219808) can0 12D#000000000000008B R
(1784903394.227539) can0 121#00A601CF04800086 R
(1784903394.227790) can0 129#000000010000008F R
(1784903394.229068) can0 120#000000000000008B R
(1784903394.230116) can0 12D#00000000000000BE R
(1784903394.230425) can0 12E#000000000000C044 R
(1784903394.230546) can0 541#000010000004EEC0 R
(1784903394.238060) can0 450#0000000000002800 R
(1784903394.240279) can0 12D#00000000000000D4 R
(1784903394.240669) can0 12A#10050000000A0083 R
(1784903394.247204) can0 121#00A601CF048000B3 R
(1784903394.247543) can0 129#00000001000000BA R
(1784903394.249435) can0 120#00000000000000BE R
(1784903394.249837) can0 12D#0000000000000035 R
(1784903394.249981) can0 12E#000000000000C071 R
(1784903394.250473) can0 541#000010000004EE21 R
(1784903394.259856) can0 12D#000000000000005F R
(1784903394.267294) can0 121#00A601CF048000D9 R
(1784903394.268324) can0 129#00000001000000D0 R
(1784903394.268878) can0 120#00000000000000D4 R
(1784903394.269982) can0 12D#000000000000006A R
(1784903394.270352) can0 12E#000000000000C090 R
(1784903394.270559) can0 541#000010000004EE4B R
(1784903394.280479) can0 12D#000000000000008B R
(1784903394.287442) can0 121#00A601CF04800038 R
(1784903394.288555) can0 129#0000000100000031 R
(1784903394.288902) can0 540#000040100000ED00 R
(1784903394.289066) can0 5B0#10000000000000BF R
(1784903394.289207) can0 450#0000000000002800 R
(1784903394.289439) can0 120#0000000000000035 R
(1784903394.289986) can0 12D#00000000000000BE R
(1784903394.290247) can0 12E#000000000000C0A5 R
(1784903394.290420) can0 12A#10050000000A00B6 R
(1784903394.290639) can0 541#000010000004EE7E R
(1784903394.290868) can0 5A0#00000000040000B0 R
(1784903394.299864) can0 12D#00000000000000D4 R
(1784903394.307201) can0 121#00A601CF04800052 R
(1784903394.307518) can0 129#000000010000005B R
(1784903394.308807) can0 120#000000000000005F R
(1784903394.309806) can0 12D#0000000000000035 R
(1784903394.310173) can0 12E#000000000000C0CF R
(1784903394.311494) can0 541#000010000004EE9F R
(1784903394.319869) can0 12D#000000000000005F R
(1784903394.327222) can0 121#00A601CF04800067 R
(1784903394.328432) can0 129#000000010000006E R
(1784903394.328913) can0 120#000000000000006A R
(1784903394.330445) can0 12D#000000000000006A R
(1784903394.330805) can0 12E#000000000000C02E R
(1784903394.331006) can0 541#000010000004EEAA R
(1784903394.338045) can0 450#0000000000002800 R
(1784903394.340338) can0 12D#000000000000008B R
(1784903394.340715) can0 12A#10050000000A00DC R
(1784903394.347216) can0 121#00A601CF04800086 R
(1784903394.347492) can0 129#000000010000008F R
(1784903394.348826) can0 120#000000000000008B R
(1784903394.349792) can0 12D#00000000000000BE R
(1784903394.350067) can0 12E#000000000000C044 R
(1784903394.350506) can0 541#000010000004EEC0 R
(1784903394.359826) can0 12D#00000000000000D4 R
(1784903394.367213) can0 121#00A601CF048000B3 R
(1784903394.367502) can0 129#00000001000000BA R
(1784903394.368850) can0 120#00000000000000BE R
(1784903394.369757) can0 12D#0000000000000035 R
(1784903394.370133) can0 12E#000000000000C071 R
(1784903394.370451) can0 541#000010000004EE21 R
(1784903394.379816) can0 12D#000000000000005F R
(1784903394.387627) can0 121#00A601CF048000D9 R
(1784903394.387903) can0 129#00000001000000D0 R
(1784903394.388006) can0 540#000040100000ED00 R
(1784903394.388092) can0 5B0#10000000000000D5 R
(1784903394.389199) can0 120#00000000000000D4 R
(1784903394.389575) can0 450#0000000000002800 R
(1784903394.390383) can0 12D#000000000000006A R
(1784903394.390759) can0 12E#000000000000C090 R
(1784903394.390875) can0 12A#10050000000A003D R
(1784903394.391038) can0 541#000010000004EE4B R
(1784903394.391134) can0 5A0#00000000040000DA R
(1784903394.400464) can0 12D#000000000000008B R
(1784903394.407225) can0 121#00A601CF04800038 R
(1784903394.407632) can0 129#0000000100000031 R
(1784903394.409382) can0 120#0000000000000035 R
(1784903394.409790) can0 12D#00000000000000BE R
(1784903394.409964) can0 12E#000000000000C0A5 R
(1784903394.410432) can0 541#000010000004EE7E R
(1784903394.419839) can0 12D#00000000000000D4 R
(1784903394.427353) can0 121#00A601CF04800052 R
(1784903394.427607) can0 129#000000010000005B R
(1784903394.429048) can0 120#000000000000005F R
(1784903394.429711) can0 12D#0000000000000035 R
(1784903394.429930) can0 12E#000000000000C0CF R
(1784903394.430458) can0 541#000010000004EE9F R
(1784903394.438642) can0 450#0000000000002800 R
(1784903394.439866) can0 12D#000000000000005F R
(1784903394.440158) can0 12A#10050000000A0057 R
(1784903394.447220) can0 121#00A601CF04800067 R
(1784903394.447645) can0 129#000000010000006E R
(1784903394.449450) can0 120#000000000000006A R
(1784903394.449838) can0 12D#000000000000006A R
(1784903394.449953) can0 12E#000000000000C02E R
(1784903394.450490) can0 541#000010000004EEAA R
(1784903394.459838) can0 12D#000000000000008B R
(1784903394.467214) can0 121#00A601CF04800086 R
(1784903394.467618) can0 129#000000010000008F R
(1784903394.469567) can0 120#000000000000008B R
(1784903394.469882) can0 12D#00000000000000BE R
(1784903394.469985) can0 12E#000000000000C044 R
(1784903394.470433) can0 541#000010000004EEC0 R
(1784903394.479852) can0 12D#00000000000000D4 R
(1784903394.487224) can0 121#00A601CF048000B3 R
(1784903394.487499) can0 129#00000001000000BA R
(1784903394.487653) can0 540#000040100000ED00 R
(1784903394.487873) can0 5B0#1000000000000034 R
(1784903394.489592) can0 120#00000000000000BE R
(1784903394.490009) can0 450#0000000000002800 R
(1784903394.490197) can0 12D#0000000000000035 R
(1784903394.490305) can0 12E#000000000000C071 R
(1784903394.490451) can0 12A#10050000000A0062 R
(1784903394.490581) can0 541#000010000004EE21 R
(1784903394.490844) can0 5A0#000000000400003B R
(1784903394.500246) can0 12D#000000000000005F R
(1784903394.507241) can0 121#00A601CF048000D9 R
(1784903394.507561) can0 129#00000001000000D0 R
(1784903394.508845) can0 120#00000000000000D4 R
(1784903394.510996) can0 12D#000000000000006A R
(1784903394.511121) can0 12E#000000000000C090 R
(1784903394.511333) can0 541#000010000004EE4B R
(1784903394.519825) can0 12D#000000000000008B R
(1784903394.527228) can0 121#00A601CF04800038 R
(1784903394.527618) can0 129#0000000100000031 R
(1784903394.529437) can0 120#0000000000000035 R
(1784903394.529857) can0 12D#00000000000000BE R
(1784903394.529989) can0 12E#000000000000C0A5 R
(1784903394.530764) can0 541#000010000004EE7E R
(1784903394.538056) can0 450#0000000000002800 R
(1784903394.539869) can0 12D#00000000000000D4 R
(1784903394.540289) can0 12A#10050000000A0083 R
(1784903394.547235) can0 121#00A601CF04800052 R
(1784903394.547512) can0 129#000000010000005B R
(1784903394.549707) can0 120#000000000000005F R
(1784903394.550208) can0 12D#0000000000000035 R
(1784903394.550345) can0 12E#000000000000C0CF R
(1784903394.550443) can0 541#000010000004EE9F R
(1784903394.559846) can0 12D#000000000000005F R
(1784903394.567228) can0 121#00A601CF04800067 R
(1784903394.567501) can0 129#000000010000006E R
(1784903394.568859) can0 120#000000000000006A R
(1784903394.570552) can0 12D#000000000000006A R
(1784903394.571063) can0 12E#000000000000C02E R
(1784903394.571166) can0 541#000010000004EEAA R
(1784903394.579828) can0 12D#000000000000008B R
(1784903394.589014) can0 121#00A601CF04800086 R
(1784903394.589359) can0 129#000000010000008F R
(1784903394.589451) can0 540#000040100000ED00 R
(1784903394.589535) can0 5B0#100000000000005E R
(1784903394.589744) can0 120#000000000000008B R
(1784903394.589991) can0 450#0000000000002800 R
(1784903394.590106) can0 12D#00000000000000BE R
(1784903394.590238) can0 12E#000000000000C044 R
(1784903394.590383) can0 12A#10050000000A00B6 R
(1784903394.590542) can0 541#000010000004EEC0 R
(1784903394.591158) can0 5A0#0000000004000051 R
(1784903394.600217) can0 12D#00000000000000D4 R
(1784903394.607252) can0 121#00A601CF048000B3 R
(1784903394.607522) can0 129#00000001000000BA R
(1784903394.608832) can0 120#00000000000000BE R
(1784903394.611395) can0 12D#0000000000000035 R
(1784903394.611766) can0 12E#000000000000C071 R
(1784903394.611872) can0 541#000010000004EE21 R
(1784903394.619859) can0 12D#000000000000005F R
(1784903394.627244) can0 121#00A601CF048000D9 R
(1784903394.627676) can0 129#00000001000000D0 R
(1784903394.629486) can0 120#00000000000000D4 R
(1784903394.629902) can0 12D#000000000000006A R
(1784903394.630025) can0 12E#000000000000C090 R
(1784903394.630431) can0 541#000010000004EE4B R
(1784903394.638069) can0 450#0000000000002800 R
(1784903394.639850) can0 12D#000000000000008B R
(1784903394.640284) can0 12A#10050000000A00DC R
(1784903394.647402) can0 121#00A601CF04800038 R
(1784903394.648687) can0 129#0000000100000031 R
(1784903394.648921) can0 120#0000000000000035 R
(1784903394.650029) can0 12D#00000000000000BE R
(1784903394.650441) can0 12E#000000000000C0A5 R
(1784903394.650613) can0 541#000010000004EE7E R
(1784903394.659863) can0 12D#00000000000000D4 R
(1784903394.667422) can0 121#00A601CF04800052 R
(1784903394.667687) can0 129#000000010000005B R
(1784903394.669556) can0 120#000000000000005F R
(1784903394.669969) can0 12D#0000000000000035 R
(1784903394.670060) can0 12E#000000000000C0CF R
(1784903394.670787) can0 541#000010000004EE9F R
(1784903394.679878) can0 12D#000000000000005F R
(1784903394.687245) can0 121#00A601CF04800067 R
(1784903394.687505) can0 129#000000010000006E R
(1784903394.687655) can0 540#000040100000ED00 R
(1784903394.687906) can0 5B0#100000000000006B R
(1784903394.689678) can0 450#0000000000002800 R
(1784903394.690119) can0 120#000000000000006A R
(1784903394.690288) can0 12D#000000000000006A R
(1784903394.690423) can0 12E#000000000000C02E R
(1784903394.690574) can0 12A#10050000000A003D R
(1784903394.690729) can0 541#000010000004EEAA R
(1784903394.690867) can0 5A0#0000000004000064 R
(1784903394.699843) can0 12D#000000000000008B R
(1784903394.707246) can0 121#00A601CF04800086 R
(1784903394.707569) can0 129#000000010000008F R
(1784903394.710641) can0 120#000000000000008B R
(1784903394.711059) can0 12D#00000000000000BE R
(1784903394.711149) can0 12E#000000000000C044 R
(1784903394.711359) can0 541#000010000004EEC0 R
(1784903394.719813) can0 12D#00000000000000D4 R
(1784903394.727483) can0 121#00A601CF048000B3 R
(1784903394.727784) can0 129#00000001000000BA R
(1784903394.729133) can0 120#00000000000000BE R
(1784903394.730115) can0 12D#0000000000000035 R
(1784903394.730372) can0 12E#000000000000C071 R
(1784903394.730620) can0 541#000010000004EE21 R
(1784903394.738069) can0 450#0000000000002800 R
(1784903394.739877) can0 12D#000000000000005F R
(1784903394.740295) can0 12A#10050000000A0057 R
(1784903394.747246) can0 121#00A601CF048000D9 R
(1784903394.747522) can0 129#00000001000000D0 R
(1784903394.748868) can0 120#00000000000000D4 R
(1784903394.749772) can0 12D#000000000000006A R
(1784903394.750037) can0 12E#000000000000C090 R
(1784903394.750491) can0 541#000010000004EE4B R
(1784903394.759820) can0 12D#000000000000008B R
(1784903394.767242) can0 121#00A601CF04800038 R
(1784903394.767518) can0 129#0000000100000031 R
(1784903394.768822) can0 120#0000000000000035 R
(1784903394.769770) can0 12D#00000000000000BE R
(1784903394.771486) can0 12E#000000000000C0A5 R
(1784903394.771826) can0 541#000010000004EE7E R
(1784903394.779800) can0 12D#00000000000000D4 R
(1784903394.787545) can0 121#00A601CF04800052 R
(1784903394.787819) can0 129#000000010000005B R
(1784903394.787916) can0 540#000040100000ED00 R
(1784903394.788004) can0 5B0#100000000000008A R
(1784903394.788209) can0 450#0000000000002800 R
(1784903394.789189) can0 120#000000000000005F R
(1784903394.789866) can0 12D#0000000000000035 R
(1784903394.790426) can0 12E#000000000000C0CF R
(1784903394.790825) can0 12A#10050000000A0062 R
(1784903394.790948) can0 541#000010000004EE9F R
(1784903394.791134) can0 5A0#0000000004000085 R
(1784903394.800298) can0 12D#000000000000005F R
(1784903394.807716) can0 121#00A601CF04800067 R
(1784903394.807956) can0 129#000000010000006E R
(1784903394.809187) can0 120#000000000000006A R
(1784903394.809756) can0 12D#000000000000006A R
(1784903394.809941) can0 12E#000000000000C02E R
(1784903394.810816) can0 541#000010000004EEAA R
(1784903394.819838) can0 12D#000000000000008B R
(1784903394.827293) can0 121#00A601CF04800086 R
(1784903394.828306) can0 129#000000010000008F R
(1784903394.828850) can0 120#000000000000008B R
(1784903394.830315) can0 12D#00000000000000BE R
(1784903394.830667) can0 12E#000000000000C044 R
(1784903394.830772) can0 541#000010000004EEC0 R
(1784903394.838070) can0 450#0000000000002800 R
(1784903394.841088) can0 12D#00000000000000D4 R
(1784903394.841351) can0 12A#10050000000A0083 R
(1784903394.847573) can0 121#00A601CF048000B3 R
(1784903394.847828) can0 129#00000001000000BA R
(1784903394.848876) can0 120#00000000000000BE R
(1784903394.850268) can0 12D#0000000000000035 R
(1784903394.850623) can0 12E#000000000000C071 R
(1784903394.850822) can0 541#000010000004EE21 R
(1784903394.859820) can0 12D#000000000000005F R
(1784903394.867260) can0 121#00A601CF048000D9 R
(1784903394.867652) can0 129#00000001000000D0 R
(1784903394.869920) can0 120#00000000000000D4 R
(1784903394.870081) can0 12D#000000000000006A R
(1784903394.870181) can0 12E#000000000000C090 R
(1784903394.870457) can0 541#000010000004EE4B R
(1784903394.879826) can0 12D#000000000000008B R
(1784903394.887255) can0 121#00A601CF04800038 R
(1784903394.887530) can0 129#0000000100000031 R
(1784903394.887707) can0 540#000040100000ED00 R
(1784903394.887910) can0 5B0#10000000000000BF R
(1784903394.889750) can0 450#0000000000002800 R
(1784903394.890077) can0 120#0000000000000035 R
(1784903394.890261) can0 12D#00000000000000BE R
(1784903394.890374) can0 12E#000000000000C0A5 R
(1784903394.890519) can0 12A#10050000000A00B6 R
(1784903394.890661) can0 541#000010000004EE7E R
(1784903394.890810) can0 5A0#00000000040000B0 R
(1784903394.900286) can0 12D#00000000000000D4 R
(1784903394.907260) can0 121#00A601CF04800052 R
(1784903394.907582) can0 129#000000010000005B R
(1784903394.908904) can0 120#000000000000005F R
(1784903394.909777) can0 12D#0000000000000035 R
(1784903394.910811) can0 12E#000000000000C0CF R
(1784903394.911294) can0 541#000010000004EE9F R
(1784903394.919797) can0 12D#000000000000005F R
(1784903394.927287) can0 121#00A601CF04800067 R
(1784903394.928261) can0 129#000000010000006E R
(1784903394.929133) can0 120#000000000000006A R
(1784903394.929709) can0 12D#000000000000006A R
(1784903394.929922) can0 12E#000000000000C02E R
(1784903394.930836) can0 541#000010000004EEAA R
(1784903394.938087) can0 450#0000000000002800 R
(1784903394.939835) can0 12D#000000000000008B R
(1784903394.940125) can0 12A#10050000000A00DC R
(1784903394.947277) can0 121#00A601CF04800086 R
(1784903394.947551) can0 129#000000010000008F R
(1784903394.948904) can0 120#000000000000008B R
(1784903394.949765) can0 12D#00000000000000BE R
(1784903394.950126) can0 12E#000000000000C044 R
(1784903394.950498) can0 541#000010000004EEC0 R
(1784903394.959832) can0 12D#00000000000000D4 R
(1784903394.967264) can0 121#00A601CF048000B3 R
(1784903394.967525) can0 129#00000001000000BA R
(1784903394.968833) can0 120#00000000000000BE R
(1784903394.969736) can0 12D#0000000000000035 R
(1784903394.970104) can0 12E#000000000000C071 R
(1784903394.972095) can0 541#000010000004EE21 R
(1784903394.979845) can0 12D#000000000000005F R
(1784903394.987276) can0 121#00A601CF048000D9 R
(1784903394.987688) can0 129#00000001000000D0 R
(1784903394.987797) can0 540#000040100000ED00 R
(1784903394.988431) can0 5B0#10000000000000D5 R
(1784903394.988697) can0 450#0000000000002800 R
(1784903394.989096) can0 120#00000000000000D4 R
(1784903394.991153) can0 12D#000000000000006A R
(1784903394.991544) can0 12E#000000000000C090 R
(1784903394.991776) can0 12A#10050000000A003D R
(1784903394.991890) can0 541#000010000004EE4B R
(1784903394.992056) can0 5A0#00000000040000DA R
(1784903394.999816) can0 12D#000000000000008B R
(1784903395.007272) can0 121#00A601CF04800038 R
(1784903395.007536) can0 129#0000000100000031 R
(1784903395.008887) can0 120#0000000000000035 R
(1784903395.010596) can0 12D#00000000000000BE R
(1784903395.010988) can0 12E#000000000000C0A5 R
(1784903395.011098) can0 541#000010000004EE7E R
(1784903395.019833) can0 12D#00000000000000D4 R
(1784903395.027344) can0 121#00A601CF04800052 R
(1784903395.027714) can0 129#000000010000005B R
(1784903395.028959) can0 120#000000000000005F R
(1784903395.031193) can0 12D#0000000000000035 R
(1784903395.031586) can0 12E#000000000000C0CF R
(1784903395.031720) can0 541#000010000004EE9F R
(1784903395.038071) can0 450#0000000000002800 R
(1784903395.039871) can0 12D#000000000000005F R
(1784903395.040237) can0 12A#10050000000A0057 R
(1784903395.047480) can0 121#00A601CF04800067 R
(1784903395.047755) can0 129#000000010000006E R
(1784903395.049133) can0 120#000000000000006A R
(1784903395.050251) can0 12D#000000000000006A R
(1784903395.050515) can0 12E#000000000000C02E R
(1784903395.050760) can0 541#000010000004EFBC R
(1784903395.059787) can0 12D#000000000000008B R
(1784903395.067276) can0 121#00A601CF04800086 R
(1784903395.067549) can0 129#000000010000008F R
(1784903395.070161) can0 120#000000000000008B R
(1784903395.070577) can0 12D#00000000000000BE R
(1784903395.070673) can0 12E#000000000000C044 R
(1784903395.070827) can0 541#000010000004EFD6 R
(1784903395.079792) can0 12D#00000000000000D4 R
(1784903395.087274) can0 121#00A601CF048000B3 R
(1784903395.087539) can0 129#00000001000000BA R
(1784903395.087747) can0 540#000040100000ED00 R
(1784903395.087926) can0 5B0#1000000000000034 R
(1784903395.089932) can0 450#0000000000002800 R
(1784903395.090059) can0 120#00000000000000BE R
(1784903395.090270) can0 12D#0000000000000035 R
(1784903395.090423) can0 12E#000000000000C071 R
(1784903395.090565) can0 12A#10050000000A0062 R
(1784903395.090693) can0 541#000010000004EF37 R
(1784903395.090869) can0 5A0#000000000400003B R
(1784903395.100976) can0 12D#000000000000005F R
(1784903395.107276) can0 121#00A601CF048000D9 R
(1784903395.107597) can0 129#00000001000000D0 R
(1784903395.109102) can0 120#00000000000000D4 R
(1784903395.109726) can0 12D#000000000000006A R
(1784903395.109957) can0 12E#000000000000C090 R
(1784903395.110479) can0 541#000010000004EF5D R
(1784903395.119831) can0 12D#000000000000008B R
(1784903395.127272) can0 121#00A601CF04800038 R
(1784903395.127535) can0 129#0000000100000031 R
(1784903395.130347) can0 120#0000000000000035 R
(1784903395.130768) can0 12D#00000000000000BE R
(1784903395.130914) can0 12E#000000000000C0A5 R
(1784903395.131119) can0 541#000010000004EF68 R
(1784903395.138079) can0 450#0000000000002800 R
(1784903395.139856) can0 12D#00000000000000D4 R
(1784903395.140226) can0 12A#10050000000A0083 R
(1784903395.147276) can0 121#00A601CF04800052 R
(1784903395.147554) can0 129#000000010000005B R
(1784903395.148916) can0 120#000000000000005F R
(1784903395.149723) can0 12D#0000000000000035 R
(1784903395.150079) can0 12E#000000000000C0CF R
(1784903395.150501) can0 541#000010000004EF89 R
(1784903395.159811) can0 12D#000000000000005F R
(1784903395.167622) can0 121#00A601CF04800067 R
(1784903395.167882) can0 129#000000010000006E R
(1784903395.169156) can0 120#000000000000006A R
(1784903395.169732) can0 12D#000000000000006A R
(1784903395.170007) can0 12E#000000000000C02E R
(1784903395.170529) can0 541#000010000004EFBC R
(1784903395.179854) can0 12D#000000000000008B R
(1784903395.187302) can0 121#00A601CF04800086 R
(1784903395.188336) can0 129#000000010000008F R
(1784903395.188465) can0 540#000040100000ED00 R
(1784903395.188559) can0 5B0#100000000000005E R
(1784903395.188652) can0 450#0000000000002800 R
(1784903395.188982) can0 120#000000000000008B R
(1784903395.189932) can0 12D#00000000000000BE R
(1784903395.190271) can0 12E#000000000000C044 R
(1784903395.190457) can0 12A#10050000000A00B6 R
(1784903395.190600) can0 541#000010000004EFD6 R
(1784903395.190819) can0 5A0#0000000004000051 R
(1784903395.200269) can0 12D#00000000000000D4 R
(1784903395.207276) can0 121#00A601CF048000B3 R
(1784903395.207662) can0 129#00000001000000BA R
(1784903395.208862) can0 120#00000000000000BE R
(1784903395.211304) can0 12D#0000000000000035 R
(1784903395.211686) can0 12E#000000000000C071 R
(1784903395.211795) can0 541#000010000004EF37 R
(1784903395.219847) can0 12D#000000000000005F R
(1784903395.227306) can0 121#00A601CF048000D9 R
(1784903395.227623) can0 129#00000001000000D0 R
(1784903395.228872) can0 120#00000000000000D4 R
(1784903395.230964) can0 12D#000000000000006A R
(1784903395.231455) can0 12E#000000000000C090 R
(1784903395.231548) can0 541#000010000004EF5D R
(1784903395.238076) can0 450#0000000000002800 R
(1784903395.239840) can0 12D#000000000000008B R
(1784903395.240209) can0 12A#10050000000A00DC R
(1784903395.247289) can0 121#00A601CF04800038 R
(1784903395.247554) can0 129#0000000100000031 R
(1784903395.249324) can0 120#0000000000000035 R
(1784903395.249796) can0 12D#00000000000000BE R
(1784903395.249976) can0 12E#000000000000C0A5 R
(1784903395.250497) can0 541#000010000004EF68 R
(1784903395.259816) can0 12D#00000000000000D4 R
(1784903395.267307) can0 121#00A601CF04800052 R
(1784903395.267578) can0 129#000000010000005B R
(1784903395.270118) can0 120#000000000000005F R
(1784903395.270521) can0 12D#0000000000000035 R
(1784903395.270613) can0 12E#000000000000C0CF R
(1784903395.270725) can0 541#000010000004EF89 R
(1784903395.279786) can0 12D#000000000000005F R
(1784903395.287662) can0 121#00A601CF04800067 R
(1784903395.287936) can0 129#000000010000006E R
(1784903395.288048) can0 540#000040100000ED00 R
(1784903395.288235) can0 5B0#100000000000006B R
(1784903395.288337) can0 450#0000000000002800 R
(1784903395.289233) can0 120#000000000000006A R
(1784903395.290418) can0 12D#000000000000006A R
(1784903395.290720) can0 12E#000000000000C02E R
(1784903395.290831) can0 12A#10050000000A003D R
(1784903395.291024) can0 541#000010000004EFBC R
(1784903395.291222) can0 5A0#0000000004000064 R
(1784903395.300489) can0 12D#000000000000008B R
(1784903395.307341) can0 121#00A601CF04800086 R
(1784903395.307675) can0 129#000000010000008F R
(1784903395.309165) can0 120#000000000000008B R
(1784903395.309722) can0 12D#00000000000000BE R
(1784903395.309957) can0 12E#000000000000C044 R
(1784903395.310489) can0 541#000010000004EFD6 R
(1784903395.319900) can0 12D#00000000000000D4 R
(1784903395.327293) can0 121#00A601CF048000B3 R
(1784903395.327572) can0 129#00000001000000BA R
(1784903395.330605) can0 120#00000000000000BE R
(1784903395.331029) can0 12D#0000000000000035 R
(1784903395.331128) can0 12E#000000000000C071 R
(1784903395.331310) can0 541#000010000004EF37 R
(1784903395.338078) can0 450#0000000000002800 R
(1784903395.339810) can0 12D#000000000000005F R
(1784903395.340065) can0 12A#10050000000A0057 R
(1784903395.347295) can0 121#00A601CF048000D9 R
(1784903395.347564) can0 129#00000001000000D0 R
(1784903395.350026) can0 120#00000000000000D4 R
(1784903395.350437) can0 12D#000000000000006A R
(1784903395.350660) can0 12E#000000000000C090 R
(1784903395.350821) can0 541#000010000004EF5D R
(1784903395.359769) can0 12D#000000000000008B R
(1784903395.367288) can0 121#00A601CF04800038 R
(1784903395.367571) can0 129#0000000100000031 R
(1784903395.368888) can0 120#0000000000000035 R
(1784903395.369767) can0 12D#00000000000000BE R
(1784903395.371993) can0 12E#000000000000C0A5 R
(1784903395.372148) can0 541#000010000004EF68 R
(1784903395.379833) can0 12D#00000000000000D4 R
(1784903395.387336) can0 121#00A601CF04800052 R
(1784903395.388458) can0 129#000000010000005B R
(1784903395.388693) can0 540#000040100000ED00 R
(1784903395.388784) can0 5B0#100000000000008A R
(1784903395.388949) can0 450#0000000000002800 R
(1784903395.389106) can0 120#000000000000005F R
(1784903395.390124) can0 12D#0000000000000035 R
(1784903395.390458) can0 12E#000000000000C0CF R
(1784903395.390660) can0 12A#10050000000A0062 R
(1784903395.390813) can0 541#000010000004EF89 R
(1784903395.390955) can0 5A0#0000000004000085 R
(1784903395.399830) can0 12D#000000000000005F R
(1784903395.407391) can0 121#00A601CF04800067 R
(1784903395.408496) can0 129#000000010000006E R
(1784903395.408970) can0 120#000000000000006A R
(1784903395.409726) can0 12D#000000000000006A R
(1784903395.410041) can0 12E#000000000000C02E R
(1784903395.410614) can0 541#000010000004EFBC R
(1784903395.419900) can0 12D#000000000000008B R
(1784903395.427526) can0 121#00A601CF04800086 R
(1784903395.428571) can0 129#000000010000008F R
(1784903395.429096) can0 120#000000000000008B R
(1784903395.429990) can0 12D#00000000000000BE R
(1784903395.430475) can0 12E#000000000000C044 R
(1784903395.430602) can0 541#000010000004EFD6 R
(1784903395.438083) can0 450#0000000000002800 R
(1784903395.439794) can0 12D#00000000000000D4 R
(1784903395.440084) can0 12A#10050000000A0083 R
(1784903395.447304) can0 121#00A601CF048000B3 R
(1784903395.447700) can0 129#00000001000000BA R
(1784903395.449655) can0 120#00000000000000BE R
(1784903395.449978) can0 12D#0000000000000035 R
(1784903395.450080) can0 12E#000000000000C071 R
(1784903395.450489) can0 541#000010000004EF37 R
(1784903395.459839) can0 12D#000000000000005F R
(1784903395.467859) can0 121#00A601CF048000D9 R
(1784903395.468119) can0 129#00000001000000D0 R
(1784903395.469313) can0 120#00000000000000D4 R
(1784903395.469727) can0 12D#000000000000006A R
(1784903395.470497) can0 12E#000000000000C090 R
(1784903395.470772) can0 541#000010000004EF5D R
(1784903395.479766) can0 12D#000000000000008B R
(1784903395.487343) can0 121#00A601CF04800038 R
(1784903395.487607) can0 129#0000000100000031 R
(1784903395.487748) can0 540#000040100000ED00 R
(1784903395.488003) can0 5B0#10000000000000BF R
(1784903395.488284) can0 450#0000000000002800 R
(1784903395.489290) can0 120#0000000000000035 R
(1784903395.489863) can0 12D#00000000000000BE R
(1784903395.490054) can0 12E#000000000000C0A5 R
(1784903395.490626) can0 12A#10050000000A00B6 R
(1784903395.490864) can0 541#000010000004EF68 R
(1784903395.491042) can0 5A0#00000000040000B0 R
(1784903395.500865) can0 12D#00000000000000D4 R
(1784903395.507305) can0 121#00A601CF04800052 R
(1784903395.507585) can0 129#000000010000005B R
(1784903395.508920) can0 120#000000000000005F R
(1784903395.510648) can0 12D#0000000000000035 R
(1784903395.510991) can0 12E#000000000000C0CF R
(1784903395.511203) can0 541#000010000004EF89 R
(1784903395.519813) can0 12D#000000000000005F R
(1784903395.527838) can0 121#00A601CF04800067 R
(1784903395.528107) can0 129#000000010000006E R
(1784903395.528945) can0 120#000000000000006A R
(1784903395.530315) can0 12D#000000000000006A R
(1784903395.530691) can0 12E#000000000000C02E R
(1784903395.530793) can0 541#000010000004EFBC R
(1784903395.538105) can0 450#0000000000002800 R
(1784903395.539840) can0 12D#000000000000008B R
(1784903395.541366) can0 12A#10050000000A00DC R
(1784903395.547309) can0 121#00A601CF04800086 R
(1784903395.547590) can0 129#000000010000008F R
(1784903395.550009) can0 120#000000000000008B R
(1784903395.550405) can0 12D#00000000000000BE R
(1784903395.550611) can0 12E#000000000000C044 R
(1784903395.550753) can0 541#000010000004EFD6 R
(1784903395.559772) can0 12D#00000000000000D4 R
(1784903395.567325) can0 121#00A601CF048000B3 R
(1784903395.567657) can0 129#00000001000000BA R
(1784903395.569132) can0 120#00000000000000BE R
(1784903395.569681) can0 12D#0000000000000035 R
(1784903395.569910) can0 12E#000000000000C071 R
(1784903395.570495) can0 541#000010000004EF37 R
(1784903395.579836) can0 12D#000000000000005F R
(1784903395.588759) can0 121#00A601CF048000D9 R
(1784903395.589236) can0 129#00000001000000D0 R
(1784903395.589339) can0 540#000040100000ED00 R
(1784903395.589422) can0 5B0#10000000000000D5 R
(1784903395.589547) can0 450#0000000000002800 R
(1784903395.589665) can0 120#00000000000000D4 R
(1784903395.591532) can0 12D#000000000000006A R
(1784903395.591658) can0 12E#000000000000C090 R
(1784903395.591854) can0 12A#10050000000A003D R
(1784903395.591976) can0 541#000010000004EF5D R
(1784903395.592157) can0 5A0#00000000040000DA R
(1784903395.599876) can0 12D#000000000000008B R
(1784903395.607335) can0 121#00A601CF04800038 R
(1784903395.607787) can0 129#0000000100000031 R
(1784903395.609971) can0 120#0000000000000035 R
(1784903395.610074) can0 12D#00000000000000BE R
(1784903395.610189) can0 12E#000000000000C0A5 R
(1784903395.610829) can0 541#000010000004EF68 R
(1784903395.619778) can0 12D#00000000000000D4 R
(1784903395.627321) can0 121#00A601CF04800052 R
(1784903395.627578) can0 129#000000010000005B R
(1784903395.630285) can0 120#000000000000005F R
(1784903395.630708) can0 12D#0000000000000035 R
(1784903395.630816) can0 12E#000000000000C0CF R
(1784903395.630949) can0 541#000010000004EF89 R
(1784903395.638083) can0 450#0000000000002800 R
(1784903395.639808) can0 12D#000000000000005F R
(1784903395.640186) can0 12A#10050000000A0057 R
(1784903395.647327) can0 121#00A601CF04800067 R
(1784903395.647644) can0 129#000000010000006E R
(1784903395.649153) can0 120#000000000000006A R
(1784903395.649752) can0 12D#000000000000006A R
(1784903395.649972) can0 12E#000000000000C02E R
(1784903395.650512) can0 541#000010000004EFBC R
(1784903395.659838) can0 12D#000000000000008B R
(1784903395.667348) can0 121#00A601CF04800086 R
(1784903395.668491) can0 129#000000010000008F R
(1784903395.668923) can0 120#000000000000008B R
(1784903395.669971) can0 12D#00000000000000BE R
(1784903395.670315) can0 12E#000000000000C044 R
(1784903395.670522) can0 541#000010000004EFD6 R
(1784903395.679836) can0 12D#00000000000000D4 R
(1784903395.688062) can0 121#00A601CF048000B3 R
(1784903395.688451) can0 129#00000001000000BA R
(1784903395.688557) can0 540#000040100000ED00 R
(1784903395.688655) can0 5B0#1000000000000034 R
(1784903395.688744) can0 450#0000000000002800 R
(1784903395.689205) can0 120#00000000000000BE R
(1784903395.689849) can0 12D#0000000000000035 R
(1784903395.690097) can0 12E#000000000000C071 R
(1784903395.690336) can0 12A#10050000000A0062 R
(1784903395.690621) can0 541#000010000004EF37 R
(1784903395.690819) can0 5A0#000000000400003B R
(1784903395.699872) can0 12D#000000000000005F R
(1784903395.707353) can0 121#00A601CF048000D9 R
(1784903395.707608) can0 129#00000001000000D0 R
(1784903395.708975) can0 120#00000000000000D4 R
(1784903395.709990) can0 12D#000000000000006A R
(1784903395.710366) can0 12E#000000000000C090 R
(1784903395.710558) can0 541#000010000004EF5D R
(1784903395.719809) can0 12D#000000000000008B R
(1784903395.727328) can0 121#00A601CF04800038 R
(1784903395.727639) can0 129#0000000100000031 R
(1784903395.728969) can0 120#0000000000000035 R
(1784903395.729958) can0 12D#00000000000000BE R
(1784903395.730184) can0 12E#000000000000C0A5 R
(1784903395.730475) can0 541#000010000004EF68 R
(1784903395.738110) can0 450#0000000000002800 R
(1784903395.739827) can0 12D#00000000000000D4 R
(1784903395.741543) can0 12A#10050000000A0083 R
(1784903395.747372) can0 121#00A601CF04800052 R
(1784903395.747639) can0 129#000000010000005B R
(1784903395.748955) can0 120#000000000000005F R
(1784903395.750084) can0 12D#0000000000000035 R
(1784903395.750259) can0 12E#000000000000C0CF R
(1784903395.750496) can0 541#000010000004EF89 R
(1784903395.759785) can0 12D#000000000000005F R
(1784903395.767537) can0 121#00A601CF04800067 R
(1784903395.767900) can0 129#000000010000006E R
(1784903395.769062) can0 120#000000000000006A R
(1784903395.769734) can0 12D#000000000000006A R
(1784903395.769990) can0 12E#000000000000C02E R
(1784903395.771859) can0 541#000010000004EFBC R
(1784903395.779771) can0 12D#000000000000008B R
(1784903395.787394) can0 121#00A601CF04800086 R
(1784903395.787657) can0 129#000000010000008F R
(1784903395.787804) can0 540#000040100000ED00 R
(1784903395.788051) can0 5B0#100000000000005E R
(1784903395.788328) can0 450#0000000000002800 R
(1784903395.789089) can0 120#000000000000008B R
(1784903395.791142) can0 12D#00000000000000BE R
(1784903395.791639) can0 12E#000000000000C044 R
(1784903395.791759) can0 12A#10050000000A00B6 R
(1784903395.791878) can0 541#000010000004EFD6 R
(1784903395.792043) can0 5A0#0000000004000051 R
(1784903395.799790) can0 12D#00000000000000D4 R
(1784903395.807518) can0 121#00A601CF048000B3 R
(1784903395.807786) can0 129#00000001000000BA R
(1784903395.809543) can0 120#00000000000000BE R
(1784903395.809915) can0 12D#0000000000000035 R
(1784903395.810016) can0 12E#000000000000C071 R
(1784903395.810516) can0 541#000010000004EF37 R
(1784903395.819813) can0 12D#000000000000005F R
(1784903395.827484) can0 121#00A601CF048000D9 R
(1784903395.827734) can0 129#00000001000000D0 R
(1784903395.829025) can0 120#00000000000000D4 R
(1784903395.830125) can0 12D#000000000000006A R
(1784903395.830461) can0 12E#000000000000C090 R
(1784903395.830618) can0 541#000010000004EF5D R
(1784903395.838240) can0 450#0000000000002800 R
(1784903395.839788) can0 12D#000000000000008B R
(1784903395.839966) can0 12A#10050000000A00DC R
(1784903395.847340) can0 121#00A601CF04800038 R
(1784903395.847672) can0 129#0000000100000031 R
(1784903395.850531) can0 120#0000000000000035 R
(1784903395.850940) can0 12D#00000000000000BE R
(1784903395.851159) can0 12E#000000000000C0A5 R
(1784903395.851267) can0 541#000010000004EF68 R
(1784903395.859815) can0 12D#00000000000000D4 R
(1784903395.867340) can0 121#00A601CF04800052 R
(1784903395.867679) can0 129#000000010000005B R
(1784903395.869765) can0 120#000000000000005F R
(1784903395.870192) can0 12D#0000000000000035 R
(1784903395.870285) can0 12E#000000000000C0CF R
(1784903395.870466) can0 541#000010000004EF89 R
(1784903395.879815) can0 12D#000000000000005F R
(1784903395.887371) can0 121#00A601CF04800067 R
(1784903395.888548) can0 129#000000010000006E R
(1784903395.888791) can0 540#000040100000ED00 R
(1784903395.888895) can0 5B0#100000000000006B R
(1784903395.889006) can0 450#0000000000002800 R
(1784903395.889158) can0 120#000000000000006A R
(1784903395.890101) can0 12D#000000000000006A R
(1784903395.890445) can0 12E#000000000000C02E R
(1784903395.890554) can0 12A#10050000000A003D R
(1784903395.890736) can0 541#000010000004EFBC R
(1784903395.890875) can0 5A0#0000000004000064 R
(1784903395.899798) can0 12D#000000000000008B R
(1784903395.907344) can0 121#00A601CF04800086 R
(1784903395.907610) can0 129#000000010000008F R
(1784903395.908954) can0 120#000000000000008B R
(1784903395.909684) can0 12D#00000000000000BE R
(1784903395.910018) can0 12E#000000000000C044 R
(1784903395.910522) can0 541#000010000004EFD6 R
(1784903395.919795) can0 12D#00000000000000D4 R
(1784903395.927374) can0 121#00A601CF048000B3 R
(1784903395.927699) can0 129#00000001000000BA R
(1784903395.928992) can0 120#00000000000000BE R
(1784903395.929997) can0 12D#0000000000000035 R
(1784903395.930219) can0 12E#000000000000C071 R
(1784903395.930488) can0 541#000010000004EF37 R
(1784903395.938103) can0 450#0000000000002800 R
(1784903395.940622) can0 12D#000000000000005F R
(1784903395.941128) can0 12A#10050000000A0057 R
(1784903395.947346) can0 121#00A601CF048000D9 R
(1784903395.947618) can0 129#00000001000000D0 R
(1784903395.948957) can0 120#00000000000000D4 R
(1784903395.949713) can0 12D#000000000000006A R
(1784903395.949993) can0 12E#000000000000C090 R
(1784903395.950530) can0 541#000010000004EF5D R
(1784903395.959753) can0 12D#000000000000008B R
(1784903395.967444) can0 121#00A601CF04800038 R
(1784903395.967700) can0 129#0000000100000031 R
(1784903395.968988) can0 120#0000000000000035 R
(1784903395.970039) can0 12D#00000000000000BE R
(1784903395.970209) can0 12E#000000000000C0A5 R
(1784903395.970695) can0 541#000010000004EF68 R
(1784903395.979781) can0 12D#00000000000000D4 R
(1784903395.987454) can0 121#00A601CF04800052 R
(1784903395.987705) can0 129#000000010000005B R
(1784903395.987801) can0 540#000040100000ED00 R
(1784903395.987976) can0 5B0#100000000000008A R
(1784903395.988274) can0 450#0000000000002800 R
(1784903395.989293) can0 120#000000000000005F R
(1784903395.990179) can0 12D#0000000000000035 R
(1784903395.990518) can0 12E#000000000000C0CF R
(1784903395.990632) can0 12A#10050000000A0062 R
(1784903395.990749) can0 541#000010000004EF89 R
(1784903395.990924) can0 5A0#0000000004000085 R
(1784903395.999814) can0 12D#000000000000005F R
(1784903396.007409) can0 121#00A601CF04800067 R
(1784903396.007664) can0 129#000000010000006E R
(1784903396.009199) can0 120#000000000000006A R
(1784903396.009968) can0 12D#000000000000006A R
(1784903396.010192) can0 12E#000000000000C02E R
(1784903396.010529) can0 541#000010000004EFBC R
(1784903396.019811) can0 12D#000000000000008B R
(1784903396.027374) can0 121#00A601CF04800086 R
(1784903396.028464) can0 129#000000010000008F R
(1784903396.028926) can0 120#000000000000008B R
(1784903396.029947) can0 12D#00000000000000BE R
(1784903396.030323) can0 12E#000000000000C044 R
(1784903396.030481) can0 541#000010000004EFD6 R
(1784903396.038101) can0 450#0000000000002800 R
(1784903396.039809) can0 12D#00000000000000D4 R
(1784903396.040158) can0 12A#10050000000A0083 R
(1784903396.047373) can0 121#00A601CF048000B3 R
(1784903396.047705) can0 129#00000001000000BA R
(1784903396.049210) can0 120#00000000000000BE R
(1784903396.049706) can0 12D#0000000000000035 R
(1784903396.049954) can0 12E#000000000000C071 R
(1784903396.050491) can0 541#000010000004F02D R
(1784903396.059790) can0 12D#000000000000005F R
(1784903396.067458) can0 121#00A601CF048000D9 R
(1784903396.067773) can0 129#00000001000000D0 R
(1784903396.069228) can0 120#00000000000000D4 R
(1784903396.070008) can0 12D#000000000000006A R
(1784903396.070231) can0 12E#000000000000C090 R
(1784903396.070492) can0 541#000010000004F047 R
(1784903396.079778) can0 12D#000000000000008B R
(1784903396.087561) can0 121#00A601CF04800038 R
(1784903396.087832) can0 129#0000000100000031 R
(1784903396.088035) can0 540#000040100000ED00 R
(1784903396.088118) can0 5B0#10000000000000BF R
(1784903396.088287) can0 450#0000000000002800 R
(1784903396.089276) can0 120#0000000000000035 R
(1784903396.090340) can0 12D#00000000000000BE R
(1784903396.090606) can0 12E#000000000000C0A5 R
(1784903396.090710) can0 12A#10050000000A00B6 R
(1784903396.090972) can0 541#000010000004F072 R
(1784903396.091154) can0 5A0#00000000040000B0 R
(1784903396.099824) can0 12D#00000000000000D4 R
(1784903396.107365) can0 121#00A601CF04800052 R
(1784903396.107636) can0 129#000000010000005B R
(1784903396.108994) can0 120#000000000000005F R
(1784903396.110049) can0 12D#0000000000000035 R
(1784903396.110476) can0 12E#000000000000C0CF R
(1784903396.110685) can0 541#000010000004F093 R
(1784903396.119760) can0 12D#000000000000005F R
(1784903396.127367) can0 121#00A601CF04800067 R
(1784903396.127829) can0 129#000000010000006E R
(1784903396.129591) can0 120#000000000000006A R
(1784903396.130031) can0 12D#000000000000006A R
(1784903396.130219) can0 12E#000000000000C02E R
(1784903396.130485) can0 541#000010000004F0A6 R
(1784903396.138100) can0 450#0000000000002800 R
(1784903396.139804) can0 12D#000000000000008B R
(1784903396.140325) can0 12A#10050000000A00DC R
(1784903396.147391) can0 121#00A601CF04800086 R
(1784903396.148527) can0 129#000000010000008F R
(1784903396.148985) can0 120#000000000000008B R
(1784903396.149996) can0 12D#00000000000000BE R
(1784903396.150364) can0 12E#000000000000C044 R
(1784903396.150472) can0 541#000010000004F0CC R
(1784903396.159790) can0 12D#00000000000000D4 R
(1784903396.167567) can0 121#00A601CF048000B3 R
(1784903396.167824) can0 129#00000001000000BA R
(1784903396.169279) can0 120#00000000000000BE R
(1784903396.169724) can0 12D#0000000000000035 R
(1784903396.169925) can0 12E#000000000000C071 R
(1784903396.170632) can0 541#000010000004F02D R
(1784903396.179764) can0 12D#000000000000005F R
(1784903396.187570) can0 121#00A601CF048000D9 R
(1784903396.188572) can0 129#00000001000000D0 R
(1784903396.188679) can0 540#000040100000ED00 R
(1784903396.188876) can0 450#0000000000002800 R
(1784903396.188988) can0 5B0#10000000000000D5 R
(1784903396.189230) can0 120#00000000000000D4 R
(1784903396.190060) can0 12D#000000000000006A R
(1784903396.190527) can0 12E#000000000000C090 R
(1784903396.190672) can0 12A#10050000000A003D R
(1784903396.190801) can0 541#000010000004F047 R
(1784903396.190893) can0 5A0#00000000040000DA R
(1784903396.200105) can0 12D#000000000000008B R
(1784903396.207371) can0 121#00A601CF04800038 R
(1784903396.207640) can0 129#0000000100000031 R
(1784903396.209399) can0 120#0000000000000035 R
(1784903396.209802) can0 12D#00000000000000BE R
(1784903396.209914) can0 12E#000000000000C0A5 R
(1784903396.210525) can0 541#000010000004F072 R
(1784903396.219786) can0 12D#00000000000000D4 R
(1784903396.227369) can0 121#00A601CF04800052 R
(1784903396.227730) can0 129#000000010000005B R
(1784903396.229546) can0 120#000000000000005F R
(1784903396.230031) can0 12D#0000000000000035 R
(1784903396.230159) can0 12E#000000000000C0CF R
(1784903396.230472) can0 541#000010000004F093 R
(1784903396.238100) can0 450#0000000000002800 R
(1784903396.240789) can0 12D#000000000000005F R
(1784903396.241116) can0 12A#10050000000A0057 R
(1784903396.247385) can0 121#00A601CF04800067 R
(1784903396.247698) can0 129#000000010000006E R
(1784903396.250881) can0 120#000000000000006A R
(1784903396.251295) can0 12D#000000000000006A R
(1784903396.251387) can0 12E#000000000000C02E R
(1784903396.251580) can0 541#000010000004F0A6 R
(1784903396.259759) can0 12D#000000000000008B R
(1784903396.267774) can0 121#00A601CF04800086 R
(1784903396.268080) can0 129#000000010000008F R
(1784903396.269264) can0 120#000000000000008B R
(1784903396.269683) can0 12D#00000000000000BE R
(1784903396.269923) can0 12E#000000000000C044 R
(1784903396.270584) can0 541#000010000004F0CC R
(1784903396.280208) can0 12D#00000000000000D4 R
(1784903396.287399) can0 121#00A601CF048000B3 R
(1784903396.288551) can0 129#00000001000000BA R
(1784903396.288893) can0 540#000040100000ED00 R
(1784903396.289027) can0 5B0#1000000000000034 R
(1784903396.289130) can0 450#0000000000002800 R
(1784903396.289290) can0 120#00000000000000BE R
(1784903396.290081) can0 12D#0000000000000035 R
(1784903396.290409) can0 12E#000000000000C071 R
(1784903396.290532) can0 12A#10050000000A0062 R
(1784903396.290745) can0 541#000010000004F02D R
(1784903396.290880) can0 5A0#000000000400003B R
(1784903396.299778) can0 12D#000000000000005F R
(1784903396.307370) can0 121#00A601CF048000D9 R
(1784903396.307669) can0 129#00000001000000D0 R
(1784903396.308954) can0 120#00000000000000D4 R
(1784903396.311544) can0 12D#000000000000006A R
(1784903396.311897) can0 12E#000000000000C090 R
(1784903396.311986) can0 541#000010000004F047 R
(1784903396.319776) can0 12D#000000000000008B R
(1784903396.327643) can0 121#00A601CF04800038 R
(1784903396.327958) can0 129#0000000100000031 R
(1784903396.329211) can0 120#0000000000000035 R
(1784903396.329683) can0 12D#00000000000000BE R
(1784903396.330099) can0 12E#000000000000C0A5 R
(1784903396.330498) can0 541#000010000004F072 R
(1784903396.338114) can0 450#0000000000002800 R
(1784903396.339795) can0 12D#00000000000000D4 R
(1784903396.340330) can0 12A#10050000000A0083 R
(1784903396.347390) can0 121#00A601CF04800052 R
(1784903396.347657) can0 129#000000010000005B R
(1784903396.349000) can0 120#000000000000005F R
(1784903396.349734) can0 12D#0000000000000035 R
(1784903396.350001) can0 12E#000000000000C0CF R
(1784903396.351317) can0 541#000010000004F093 R
(1784903396.359805) can0 12D#000000000000005F R
(1784903396.367870) can0 121#00A601CF04800067 R
(1784903396.368269) can0 129#000000010000006E R
(1784903396.369232) can0 120#000000000000006A R
(1784903396.369698) can0 12D#000000000000006A R
(1784903396.370082) can0 12E#000000000000C02E R
(1784903396.370522) can0 541#000010000004F0A6 R
(1784903396.384452) can0 12D#000000000000008B R
(1784903396.389657) can0 121#00A601CF04800086 R
(1784903396.390859) can0 129#000000010000008F R
(1784903396.391195) can0 540#000040100000ED00 R
(1784903396.391331) can0 5B0#100000000000005E R
(1784903396.391523) can0 450#0000000000002800 R
(1784903396.391656) can0 120#000000000000008B R
(1784903396.391743) can0 12D#00000000000000BE R
(1784903396.391879) can0 12E#000000000000C044 R
(1784903396.392023) can0 12A#10050000000A00B6 R
(1784903396.392153) can0 541#000010000004F0CC R
(1784903396.392268) can0 5A0#0000000004000051 R
(1784903396.400712) can0 12D#00000000000000D4 R
(1784903396.411355) can0 121#00A601CF048000B3 R
(1784903396.411714) can0 129#00000001000000BA R
(1784903396.415170) can0 120#00000000000000BE R
(1784903396.415534) can0 12D#0000000000000035 R
(1784903396.415635) can0 12E#000000000000C071 R
(1784903396.415731) can0 541#000010000004F02D R
(1784903396.420223) can0 12D#000000000000005F R
(1784903396.430767) can0 121#00A601CF048000D9 R
(1784903396.431123) can0 129#00000001000000D0 R
(1784903396.431228) can0 120#00000000000000D4 R
(1784903396.432148) can0 12D#000000000000006A R
(1784903396.432506) can0 12E#000000000000C090 R
(1784903396.432633) can0 541#000010000004F047 R
(1784903396.438157) can0 450#0000000000002800 R
(1784903396.444186) can0 12D#000000000000008B R
(1784903396.444502) can0 12A#10050000000A00DC R
(1784903396.447404) can0 121#00A601CF04800038 R
(1784903396.447942) can0 129#0000000100000031 R
(1784903396.449356) can0 120#0000000000000035 R
(1784903396.449718) can0 12D#00000000000000BE R
(1784903396.449887) can0 12E#000000000000C0A5 R
(1784903396.452363) can0 541#000010000004F072 R
(1784903396.460482) can0 12D#00000000000000D4 R
(1784903396.469057) can0 121#00A601CF04800052 R
(1784903396.469482) can0 129#000000010000005B R
(1784903396.469605) can0 120#000000000000005F R
(1784903396.472041) can0 12D#0000000000000035 R
(1784903396.472344) can0 12E#000000000000C0CF R
(1784903396.472560) can0 541#000010000004F093 R
(1784903396.480299) can0 12D#000000000000005F R
(1784903396.487473) can0 121#00A601CF04800067 R
(1784903396.490199) can0 129#000000010000006E R
(1784903396.490458) can0 540#000040100000ED00 R
(1784903396.490581) can0 5B0#100000000000006B R
(1784903396.490696) can0 450#0000000000002800 R
(1784903396.490850) can0 120#000000000000006A R
(1784903396.490967) can0 12D#000000000000006A R
(1784903396.491081) can0 12E#000000000000C02E R
(1784903396.491214) can0 12A#10050000000A003D R
(1784903396.491396) can0 541#000010000004F0A6 R
(1784903396.491520) can0 5A0#0000000004000064 R
(1784903396.499874) can0 12D#000000000000008B R
(1784903396.508036) can0 121#00A601CF04800086 R
(1784903396.508558) can0 129#000000010000008F R
(1784903396.509065) can0 120#000000000000008B R
(1784903396.512698) can0 12D#00000000000000BE R
(1784903396.513236) can0 12E#000000000000C044 R
(1784903396.513354) can0 541#000010000004F0CC R
(1784903396.521854) can0 12D#00000000000000D4 R
(1784903396.527493) can0 121#00A601CF048000B3 R
(1784903396.531812) can0 129#00000001000000BA R
(1784903396.532113) can0 120#00000000000000BE R
(1784903396.532212) can0 12D#0000000000000035 R
(1784903396.534723) can0 12E#000000000000C071 R
(1784903396.535036) can0 541#000010000004F02D R
(1784903396.538124) can0 450#0000000000002800 R
(1784903396.540267) can0 12D#000000000000005F R
(1784903396.540780) can0 12A#10050000000A0057 R
(1784903396.547469) can0 121#00A601CF048000D9 R
(1784903396.547807) can0 129#00000001000000D0 R
(1784903396.551780) can0 120#00000000000000D4 R
(1784903396.552278) can0 12D#000000000000006A R
(1784903396.552387) can0 12E#000000000000C090 R
(1784903396.552490) can0 541#000010000004F047 R
(1784903396.560210) can0 12D#000000000000008B R
(1784903396.567639) can0 121#00A601CF04800038 R
(1784903396.568054) can0 129#0000000100000031 R
(1784903396.572133) can0 120#0000000000000035 R
(1784903396.572523) can0 12D#00000000000000BE R
(1784903396.572598) can0 12E#000000000000C0A5 R
(1784903396.572710) can0 541#000010000004F072 R
(1784903396.579781) can0 12D#00000000000000D4 R
(1784903396.589243) can0 121#00A601CF04800052 R
(1784903396.589602) can0 129#000000010000005B R
(1784903396.589710) can0 540#000040100000ED00 R
(1784903396.589795) can0 5B0#100000000000008A R
(1784903396.590004) can0 450#0000000000002800 R
(1784903396.590210) can0 120#000000000000005F R
(1784903396.590337) can0 12D#0000000000000035 R
(1784903396.590462) can0 12E#000000000000C0CF R
(1784903396.590600) can0 12A#10050000000A0062 R
(1784903396.590730) can0 541#000010000004F093 R
(1784903396.590871) can0 5A0#0000000004000085 R
(1784903396.601680) can0 12D#000000000000005F R
(1784903396.607415) can0 121#00A601CF04800067 R
(1784903396.607795) can0 129#000000010000006E R
(1784903396.609109) can0 120#000000000000006A R
(1784903396.611976) can0 12D#000000000000006A R
(1784903396.612114) can0 12E#000000000000C02E R
(1784903396.612222) can0 541#000010000004F0A6 R
(1784903396.621471) can0 12D#000000000000008B R
(1784903396.627761) can0 121#00A601CF04800086 R
(1784903396.628086) can0 129#000000010000008F R
(1784903396.629118) can0 120#000000000000008B R
(1784903396.629694) can0 12D#00000000000000BE R
(1784903396.632362) can0 12E#000000000000C044 R
(1784903396.632726) can0 541#000010000004F0CC R
(1784903396.638140) can0 450#0000000000002800 R
(1784903396.642477) can0 12D#00000000000000D4 R
(1784903396.642851) can0 12A#10050000000A0083 R
(1784903396.647466) can0 121#00A601CF048000B3 R
(1784903396.651653) can0 129#00000001000000BA R
(1784903396.652023) can0 120#00000000000000BE R
(1784903396.655811) can0 12D#0000000000000035 R
(1784903396.656116) can0 12E#000000000000C071 R
(1784903396.656339) can0 541#000010000004F02D R
(1784903396.661124) can0 12D#000000000000005F R
(1784903396.667885) can0 121#00A601CF048000D9 R
(1784903396.668889) can0 129#00000001000000D0 R
(1784903396.669165) can0 120#00000000000000D4 R
(1784903396.682830) can0 12D#000000000000008B R
(1784903396.688919) can0 121#00A601CF04800038 R
(1784903396.689326) can0 129#0000000100000031 R
(1784903396.699811) can0 12D#00000000000000D4 R
(1784903396.707446) can0 121#00A601CF04800052 R
(1784903396.708027) can0 129#000000010000005B R
(1784903396.709082) can0 120#000000000000005F R
(1784903396.710512) can0 541#000010000004F093 R
(1784903396.719807) can0 12D#000000000000005F R
(1784903396.728481) can0 121#00A601CF04800067 R
(1784903396.729009) can0 129#000000010000006E R
(1784903396.732807) can0 120#000000000000006A R
(1784903396.733080) can0 12D#000000000000006A R
(1784903396.733165) can0 12E#000000000000C02E R
(1784903396.739828) can0 450#0000000000002800 R
(1784903396.743776) can0 12D#000000000000008B R
(1784903396.749140) can0 121#00A601CF04800086 R
(1784903396.749570) can0 129#000000010000008F R
(1784903396.760559) can0 12D#00000000000000D4 R
(1784903396.767444) can0 121#00A601CF048000B3 R
(1784903396.767830) can0 129#00000001000000BA R
(1784903396.779817) can0 12D#000000000000005F R
(1784903396.787895) can0 121#00A601CF048000D9 R
(1784903396.788322) can0 129#00000001000000D0 R
(1784903396.788408) can0 540#000040100000ED00 R
(1784903396.788528) can0 5B0#10000000000000D5 R
(1784903396.789883) can0 12D#000000000000006A R
(1784903396.800829) can0 12D#000000000000008B R
(1784903396.808021) can0 121#00A601CF04800038 R
(1784903396.808495) can0 129#0000000100000031 R
(1784903396.809096) can0 120#0000000000000035 R
(1784903396.809663) can0 12D#00000000000000BE R
(1784903396.811758) can0 12E#000000000000C0A5 R
(1784903396.812147) can0 541#000010000004F072 R
(1784903396.821292) can0 12D#00000000000000D4 R
(1784903396.829797) can0 121#00A601CF04800052 R
(1784903396.830902) can0 129#000000010000005B R
(1784903396.838188) can0 450#0000000000002800 R
(1784903396.842091) can0 12A#10050000000A0057 R
(1784903396.847541) can0 121#00A601CF04800067 R
(1784903396.851407) can0 129#000000010000006E R
(1784903396.851760) can0 120#000000000000006A R
(1784903396.867431) can0 121#00A601CF04800086 R
(1784903396.867783) can0 129#000000010000008F R
(1784903396.870375) can0 120#000000000000008B R
(1784903396.879774) can0 12D#00000000000000D4 R
(1784903396.888888) can0 121#00A601CF048000B3 R
(1784903396.889353) can0 129#00000001000000BA R
(1784903396.889542) can0 540#000040100000ED00 R
(1784903396.889649) can0 5B0#1000000000000034 R
(1784903396.889744) can0 450#0000000000002800 R
(1784903396.899835) can0 12D#000000000000005F R
(1784903396.907640) can0 121#00A601CF048000D9 R
(1784903396.908155) can0 129#00000001000000D0 R
(1784903396.910199) can0 120#00000000000000D4 R
(1784903396.910499) can0 12D#000000000000006A R
(1784903396.921721) can0 12D#000000000000008B R
(1784903396.930458) can0 121#00A601CF04800038 R
(1784903396.930948) can0 129#0000000100000031 R
(1784903396.931624) can0 120#0000000000000035 R
(1784903396.931932) can0 12D#00000000000000BE R
(1784903396.932081) can0 12E#000000000000C0A5 R
(1784903396.932296) can0 541#000010000004F072 R
(1784903396.938970) can0 450#0000000000002800 R
(1784903396.943346) can0 12D#00000000000000D4 R
(1784903396.947861) can0 121#00A601CF04800052 R
(1784903396.960853) can0 12D#000000000000005F R
(1784903396.967532) can0 121#00A601CF04800067 R
(1784903396.967782) can0 129#000000010000006E R
(1784903396.969010) can0 120#000000000000006A R
(1784903396.971923) can0 12D#000000000000006A R
(1784903396.972443) can0 12E#000000000000C02E R
(1784903396.972562) can0 541#000010000004F0A6 R
(1784903396.980021) can0 12D#000000000000008B R
(1784903396.987438) can0 121#00A601CF04800086 R
(1784903396.987854) can0 129#000000010000008F R
(1784903396.987971) can0 540#000040100000ED00 R
(1784903396.988079) can0 5B0#100000000000005E R
(1784903396.988340) can0 450#0000000000002800 R
(1784903396.989176) can0 120#000000000000008B R
(1784903396.989785) can0 12D#00000000000000BE R
(1784903396.989978) can0 12E#000000000000C044 R
(1784903396.990354) can0 12A#10050000000A00B6 R
(1784903396.999786) can0 12D#00000000000000D4 R
(1784903397.007445) can0 121#00A601CF048000B3 R
(1784903397.007807) can0 129#00000001000000BA R
(1784903397.022630) can0 12D#000000000000005F R
(1784903397.027463) can0 121#00A601CF048000D9 R
(1784903397.027838) can0 129#00000001000000D0 R
(1784903397.029041) can0 120#00000000000000D4 R
(1784903397.032823) can0 12D#000000000000006A R
(1784903397.033215) can0 12E#000000000000C090 R
(1784903397.033355) can0 541#000010000004F047 R
(1784903397.041689) can0 450#0000000000002800 R
(1784903397.042169) can0 12D#000000000000008B R
(1784903397.042266) can0 12A#10050000000A00DC R
(1784903397.049088) can0 121#00A601CF04800038 R
(1784903397.051816) can0 129#0000000100000031 R
(1784903397.052137) can0 120#0000000000000035 R
(1784903397.060370) can0 12D#00000000000000D4 R
(1784903397.070474) can0 121#00A601CF04800052 R
(1784903397.070857) can0 129#000000010000005B R
(1784903397.071071) can0 120#000000000000005F R
(1784903397.071188) can0 12D#0000000000000035 R
(1784903397.075204) can0 12E#000000000000C0CF R
(1784903397.083772) can0 12D#000000000000005F R
(1784903397.088570) can0 121#00A601CF04800067 R
(1784903397.091204) can0 129#000000010000006E R
(1784903397.108895) can0 121#00A601CF04800086 R
(1784903397.109399) can0 129#000000010000008F R
(1784903397.119743) can0 12D#00000000000000D4 R
(1784903397.130708) can0 121#00A601CF048000B3 R
(1784903397.131147) can0 129#00000001000000BA R
(1784903397.131256) can0 120#00000000000000BE R
(1784903397.131363) can0 12D#0000000000000035 R
(1784903397.131486) can0 12E#000000000000C071 R
(1784903397.139850) can0 450#0000000000002800 R
(1784903397.148261) can0 121#00A601CF048000D9 R
(1784903397.148631) can0 129#00000001000000D0 R
(1784903397.152993) can0 12D#000000000000006A R
(1784903397.161468) can0 12D#000000000000008B R
(1784903397.168612) can0 121#00A601CF04800038 R
(1784903397.169046) can0 129#0000000100000031 R
(1784903397.173125) can0 12D#00000000000000BE R
(1784903397.179811) can0 12D#00000000000000D4 R
(1784903397.188601) can0 5B0#100000000000008A R
(1784903397.199760) can0 12D#000000000000005F R
(1784903397.208354) can0 121#00A601CF04800067 R
(1784903397.219815) can0 12D#000000000000008B R
(1784903397.227519) can0 121#00A601CF04800086 R
(1784903397.227898) can0 129#000000010000008F R
(1784903397.231250) can0 120#000000000000008B R
(1784903397.231816) can0 12D#00000000000000BE R
(1784903397.231933) can0 12E#000000000000C044 R
(1784903397.232032) can0 541#000010000004F1DA R
(1784903397.239445) can0 450#0000000000002800 R
(1784903397.240551) can0 12D#00000000000000D4 R
(1784903397.240817) can0 12A#10050000000A0083 R
(1784903397.247792) can0 121#00A601CF048000B3 R
(1784903397.250440) can0 129#00000001000000BA R
(1784903397.253329) can0 120#00000000000000BE R
(1784903397.253631) can0 12D#0000000000000035 R
(1784903397.253728) can0 12E#000000000000C071 R
(1784903397.253926) can0 541#000010000004F13B R
(1784903397.261280) can0 12D#000000000000005F R
(1784903397.270136) can0 121#00A601CF048000D9 R
(1784903397.270511) can0 129#00000001000000D0 R
(1784903397.270719) can0 120#00000000000000D4 R
(1784903397.270877) can0 12D#000000000000006A R
(1784903397.271023) can0 12E#000000000000C090 R
(1784903397.271142) can0 541#000010000004F151 R
(1784903397.280575) can0 12D#000000000000008B R
(1784903397.287510) can0 121#00A601CF04800038 R
(1784903397.289715) can0 129#0000000100000031 R
(1784903397.290094) can0 540#000040100000ED00 R
(1784903397.290218) can0 5B0#10000000000000BF R
(1784903397.290312) can0 450#0000000000002800 R
(1784903397.300991) can0 12D#00000000000000D4 R
(1784903397.307590) can0 121#00A601CF04800052 R
(1784903397.321430) can0 12D#000000000000005F R
(1784903397.327675) can0 121#00A601CF04800067 R
(1784903397.328159) can0 129#000000010000006E R
(1784903397.329601) can0 120#000000000000006A R
(1784903397.329983) can0 12D#000000000000006A R
(1784903397.338512) can0 450#0000000000002800 R
(1784903397.347683) can0 121#00A601CF04800086 R
(1784903397.350111) can0 120#000000000000008B R
(1784903397.359718) can0 12D#00000000000000D4 R
(1784903397.369615) can0 121#00A601CF048000B3 R
(1784903397.369984) can0 129#00000001000000BA R
(1784903397.370072) can0 120#00000000000000BE R
(1784903397.370175) can0 12D#0000000000000035 R
(1784903397.370386) can0 12E#000000000000C071 R
(1784903397.381219) can0 12D#000000000000005F R
(1784903397.387758) can0 121#00A601CF048000D9 R
(1784903397.389202) can0 129#00000001000000D0 R
(1784903397.401038) can0 12D#000000000000008B R
(1784903397.409480) can0 121#00A601CF04800038 R
(1784903397.409892) can0 129#0000000100000031 R
(1784903397.409991) can0 120#0000000000000035 R
(1784903397.410170) can0 12D#00000000000000BE R
(1784903397.410315) can0 12E#000000000000C0A5 R
(1784903397.419777) can0 12D#00000000000000D4 R
(1784903397.427472) can0 121#00A601CF04800052 R
(1784903397.427875) can0 129#000000010000005B R
(1784903397.430870) can0 120#000000000000005F R
(1784903397.431301) can0 12D#0000000000000035 R
(1784903397.431422) can0 12E#000000000000C0CF R
(1784903397.431557) can0 541#000010000004F185 R
(1784903397.439354) can0 450#0000000000002800 R
(1784903397.439855) can0 12D#000000000000005F R
(1784903397.439968) can0 12A#10050000000A0057 R
(1784903397.447534) can0 121#00A601CF04800067 R
(1784903397.447938) can0 129#000000010000006E R
(1784903397.451081) can0 120#000000000000006A R
(1784903397.451450) can0 12D#000000000000006A R
(1784903397.459758) can0 12D#000000000000008B R
(1784903397.468097) can0 121#00A601CF04800086 R
(1784903397.468451) can0 129#000000010000008F R
(1784903397.472492) can0 120#000000000000008B R
(1784903397.472856) can0 12D#00000000000000BE R
(1784903397.472975) can0 12E#000000000000C044 R
(1784903397.473060) can0 541#000010000004F1DA R
(1784903397.481013) can0 12D#00000000000000D4 R
(1784903397.488692) can0 121#00A601CF048000B3 R
(1784903397.489140) can0 129#00000001000000BA R
(1784903397.489362) can0 540#000040100000ED00 R
(1784903397.489511) can0 5B0#1000000000000034 R
(1784903397.489681) can0 450#0000000000002800 R
(1784903397.489785) can0 120#00000000000000BE R
(1784903397.489905) can0 12D#0000000000000035 R
(1784903397.500015) can0 12D#000000000000005F R
(1784903397.507841) can0 121#00A601CF048000D9 R
(1784903397.510542) can0 129#00000001000000D0 R
(1784903397.514992) can0 12D#000000000000006A R
(1784903397.527839) can0 121#00A601CF04800038 R
(1784903397.529083) can0 120#0000000000000035 R
(1784903397.529887) can0 12D#00000000000000BE R
(1784903397.540050) can0 12D#00000000000000D4 R
(1784903397.548291) can0 121#00A601CF04800052 R
(1784903397.552961) can0 120#000000000000005F R
(1784903397.559779) can0 12D#000000000000005F R
(1784903397.567517) can0 121#00A601CF04800067 R
(1784903397.567918) can0 129#000000010000006E R
(1784903397.569153) can0 120#000000000000006A R
(1784903397.569822) can0 12D#000000000000006A R
(1784903397.574014) can0 12E#000000000000C02E R
(1784903397.574331) can0 541#000010000004F1B0 R
(1784903397.583327) can0 12D#000000000000008B R
(1784903397.588698) can0 121#00A601CF04800086 R
(1784903397.589240) can0 129#000000010000008F R
(1784903397.589371) can0 540#000040100000ED00 R
(1784903397.589509) can0 5B0#100000000000005E R
(1784903397.589628) can0 450#0000000000002800 R
(1784903397.589723) can0 120#000000000000008B R
(1784903397.589879) can0 12D#00000000000000BE R
(1784903397.590050) can0 12E#000000000000C044 R
(1784903397.590243) can0 12A#10050000000A00B6 R
(1784903397.593509) can0 541#000010000004F1DA R
(1784903397.604672) can0 12D#00000000000000D4 R
(1784903397.620150) can0 12D#000000000000005F R
(1784903397.629494) can0 121#00A601CF048000D9 R
(1784903397.630514) can0 129#00000001000000D0 R
(1784903397.630879) can0 120#00000000000000D4 R
(1784903397.640905) can0 450#0000000000002800 R
(1784903397.641265) can0 12D#000000000000008B R
(1784903397.641365) can0 12A#10050000000A00DC R
(1784903397.650037) can0 121#00A601CF04800038 R
(1784903397.650407) can0 129#0000000100000031 R
(1784903397.650515) can0 120#0000000000000035 R
(1784903397.650661) can0 12D#00000000000000BE R
(1784903397.661571) can0 12D#00000000000000D4 R
(1784903397.667771) can0 121#00A601CF04800052 R
(1784903397.672041) can0 120#000000000000005F R
(1784903397.679775) can0 12D#000000000000005F R
(1784903397.687601) can0 121#00A601CF04800067 R
(1784903397.688151) can0 129#000000010000006E R
(1784903397.699792) can0 12D#000000000000008B R
(1784903397.707839) can0 121#00A601CF04800086 R
(1784903397.711886) can0 129#000000010000008F R
(1784903397.712228) can0 120#000000000000008B R
(1784903397.712344) can0 12D#00000000000000BE R
(1784903397.716294) can0 12E#000000000000C044 R
(1784903397.716601) can0 541#000010000004F1DA R
(1784903397.720277) can0 12D#00000000000000D4 R
(1784903397.729573) can0 121#00A601CF048000B3 R
(1784903397.729976) can0 129#00000001000000BA R
(1784903397.730098) can0 120#00000000000000BE R
(1784903397.730211) can0 12D#0000000000000035 R
(1784903397.730418) can0 12E#000000000000C071 R
(1784903397.730603) can0 541#000010000004F13B R
(1784903397.738633) can0 450#0000000000002800 R
(1784903397.743171) can0 12D#000000000000005F R
(1784903397.743679) can0 12A#10050000000A0057 R
(1784903397.747799) can0 121#00A601CF048000D9 R
(1784903397.748140) can0 129#00000001000000D0 R
(1784903397.752523) can0 120#00000000000000D4 R
(1784903397.752886) can0 12D#000000000000006A R
(1784903397.752993) can0 12E#000000000000C090 R
(1784903397.753088) can0 541#000010000004F151 R
(1784903397.759995) can0 12D#000000000000008B R
(1784903397.770514) can0 121#00A601CF04800038 R
(1784903397.771533) can0 129#0000000100000031 R
(1784903397.771774) can0 120#0000000000000035 R
(1784903397.771994) can0 12D#00000000000000BE R
(1784903397.779749) can0 12D#00000000000000D4 R
(1784903397.787532) can0 121#00A601CF04800052 R
(1784903397.787958) can0 129#000000010000005B R
(1784903397.793415) can0 5A0#0000000004000085 R
(1784903397.809149) can0 121#00A601CF04800067 R
(1784903397.809536) can0 129#000000010000006E R
(1784903397.809752) can0 120#000000000000006A R
(1784903397.820738) can0 12D#000000000000008B R
(1784903397.829022) can0 121#00A601CF04800086 R
(1784903397.829416) can0 129#000000010000008F R
(1784903397.840302) can0 450#0000000000002800 R
(1784903397.840677) can0 12D#00000000000000D4 R
(1784903397.840763) can0 12A#10050000000A0083 R
(1784903397.847924) can0 121#00A601CF048000B3 R
(1784903397.848335) can0 129#00000001000000BA R
(1784903397.849931) can0 120#00000000000000BE R
(1784903397.853064) can0 12D#0000000000000035 R
(1784903397.853467) can0 12E#000000000000C071 R
(1784903397.853561) can0 541#000010000004F13B R
(1784903397.861566) can0 12D#000000000000005F R
(1784903397.868068) can0 121#00A601CF048000D9 R
(1784903397.870312) can0 129#00000001000000D0 R
(1784903397.881083) can0 12D#000000000000008B R
(1784903397.887531) can0 121#00A601CF04800038 R
(1784903397.888009) can0 129#0000000100000031 R
(1784903397.888154) can0 540#000040100000ED00 R
(1784903397.888257) can0 5B0#10000000000000BF R
(1784903397.899850) can0 12D#00000000000000D4 R
(1784903397.908377) can0 121#00A601CF04800052 R
(1784903397.908763) can0 129#000000010000005B R
(1784903397.909642) can0 12D#0000000000000035 R
(1784903397.921501) can0 12D#000000000000005F R
(1784903397.927567) can0 121#00A601CF04800067 R
(1784903397.927985) can0 129#000000010000006E R
(1784903397.930217) can0 120#000000000000006A R
(1784903397.931497) can0 12D#000000000000006A R
(1784903397.938152) can0 450#0000000000002800 R
(1784903397.939712) can0 12D#000000000000008B R
(1784903397.942386) can0 12A#10050000000A00DC R
(1784903397.948168) can0 121#00A601CF04800086 R
(1784903397.948558) can0 129#000000010000008F R
(1784903397.949129) can0 120#000000000000008B R
(1784903397.953493) can0 541#000010000004F1DA R
(1784903397.960381) can0 12D#00000000000000D4 R
(1784903397.969106) can0 121#00A601CF048000B3 R
(1784903397.969521) can0 129#00000001000000BA R
(1784903397.969629) can0 120#00000000000000BE R
(1784903397.979747) can0 12D#000000000000005F R
(1784903397.987556) can0 121#00A601CF048000D9 R
(1784903397.987841) can0 129#00000001000000D0 R
(1784903397.990512) can0 450#0000000000002800 R
(1784903398.003111) can0 12D#000000000000008B R
(1784903398.007537) can0 121#00A601CF04800038 R
(1784903398.007929) can0 129#0000000100000031 R
(1784903398.013193) can0 541#000010000004F164 R
(1784903398.023350) can0 12D#00000000000000D4 R
(1784903398.027569) can0 121#00A601CF04800052 R
(1784903398.030576) can0 120#000000000000005F R
(1784903398.048403) can0 121#00A601CF04800067 R
(1784903398.048935) can0 129#000000010000006E R
(1784903398.051871) can0 120#000000000000006A R
(1784903398.052201) can0 12D#000000000000006A R
(1784903398.059862) can0 12D#000000000000008B R
(1784903398.069276) can0 121#00A601CF04800086 R
(1784903398.071481) can0 12E#000000000000C044 R
(1784903398.080177) can0 12D#00000000000000D4 R
(1784903398.088034) can0 121#00A601CF048000B3 R
(1784903398.090425) can0 129#00000001000000BA R
(1784903398.100198) can0 12D#000000000000005F R
(1784903398.107939) can0 121#00A601CF048000D9 R
(1784903398.108388) can0 129#00000001000000D0 R
(1784903398.110698) can0 120#00000000000000D4 R
(1784903398.122507) can0 12D#000000000000008B R
(1784903398.127550) can0 121#00A601CF04800038 R
(1784903398.127993) can0 129#0000000100000031 R
(1784903398.129414) can0 120#0000000000000035 R
(1784903398.132857) can0 12D#00000000000000BE R
(1784903398.133307) can0 12E#000000000000C0A5 R
(1784903398.138373) can0 450#0000000000002800 R
(1784903398.139777) can0 12D#00000000000000D4 R
(1784903398.140019) can0 12A#10050000000A0083 R
(1784903398.148001) can0 121#00A601CF04800052 R
(1784903398.148416) can0 129#000000010000005B R
(1784903398.150579) can0 120#000000000000005F R
(1784903398.150960) can0 12D#0000000000000035 R
(1784903398.151062) can0 12E#000000000000C0CF R
(1784903398.159732) can0 12D#000000000000005F R
(1784903398.167576) can0 121#00A601CF04800067 R
(1784903398.167993) can0 129#000000010000006E R
(1784903398.169183) can0 120#000000000000006A R
(1784903398.169607) can0 12D#000000000000006A R
(1784903398.169977) can0 12E#000000000000C02E R
(1784903398.172664) can0 541#000010000004F2BF R
(1784903398.182173) can0 12D#000000000000008B R
(1784903398.188488) can0 121#00A601CF04800086 R
(1784903398.188897) can0 129#000000010000008F R
(1784903398.192023) can0 12A#10050000000A00B6 R
(1784903398.199771) can0 12D#00000000000000D4 R
(1784903398.210311) can0 121#00A601CF048000B3 R
(1784903398.211835) can0 129#00000001000000BA R
(1784903398.214286) can0 120#00000000000000BE R
(1784903398.214580) can0 12D#0000000000000035 R
(1784903398.214684) can0 12E#000000000000C071 R
(1784903398.214769) can0 541#000010000004F234 R
(1784903398.220376) can0 12D#000000000000005F R
(1784903398.231110) can0 121#00A601CF048000D9 R
(1784903398.231528) can0 129#00000001000000D0 R
(1784903398.238187) can0 450#0000000000002800 R
(1784903398.247688) can0 121#00A601CF04800038 R
(1784903398.248142) can0 129#0000000100000031 R
(1784903398.250597) can0 120#0000000000000035 R
(1784903398.250987) can0 12D#00000000000000BE R
(1784903398.259744) can0 12D#00000000000000D4 R
(1784903398.268021) can0 121#00A601CF04800052 R
(1784903398.272193) can0 129#000000010000005B R
(1784903398.272461) can0 120#000000000000005F R
(1784903398.280715) can0 12D#000000000000005F R
(1784903398.288749) can0 121#00A601CF04800067 R
(1784903398.290038) can0 12E#000000000000C02E R
(1784903398.299764) can0 12D#000000000000008B R
(1784903398.309857) can0 121#00A601CF04800086 R
(1784903398.310246) can0 129#000000010000008F R
(1784903398.310319) can0 120#000000000000008B R
(1784903398.310423) can0 12D#00000000000000BE R
(1784903398.310658) can0 12E#000000000000C044 R
(1784903398.313220) can0 541#000010000004F2D5 R
(1784903398.320255) can0 12D#00000000000000D4 R
(1784903398.327567) can0 121#00A601CF048000B3 R
(1784903398.328064) can0 129#00000001000000BA R
(1784903398.329265) can0 120#00000000000000BE R
(1784903398.333226) can0 541#000010000004F234 R
(1784903398.338269) can0 450#0000000000002800 R
(1784903398.347580) can0 121#00A601CF048000D9 R
(1784903398.347949) can0 129#00000001000000D0 R
(1784903398.349393) can0 120#00000000000000D4 R
(1784903398.353580) can0 12D#000000000000006A R
(1784903398.353887) can0 541#000010000004F25E R
(1784903398.371209) can0 121#00A601CF04800038 R
(1784903398.371620) can0 129#0000000100000031 R
(1784903398.373623) can0 120#0000000000000035 R
(1784903398.376705) can0 12D#00000000000000BE R
(1784903398.380931) can0 12D#00000000000000D4 R
(1784903398.387604) can0 121#00A601CF04800052 R
(1784903398.388051) can0 129#000000010000005B R
(1784903398.392357) can0 120#000000000000005F R
(1784903398.399801) can0 12D#000000000000005F R
(1784903398.410503) can0 12D#000000000000006A R
(1784903398.421686) can0 12D#000000000000008B R
(1784903398.427844) can0 121#00A601CF04800086 R
(1784903398.432147) can0 120#000000000000008B R
(1784903398.440476) can0 12D#00000000000000D4 R
(1784903398.448138) can0 121#00A601CF048000B3 R
(1784903398.461042) can0 12D#000000000000005F R
(1784903398.470517) can0 121#00A601CF048000D9 R
(1784903398.471031) can0 129#00000001000000D0 R
(1784903398.471139) can0 120#00000000000000D4 R
(1784903398.471258) can0 12D#000000000000006A R
(1784903398.471402) can0 12E#000000000000C090 R
(1784903398.471532) can0 541#000010000004F25E R
(1784903398.479715) can0 12D#000000000000008B R
(1784903398.487573) can0 121#00A601CF04800038 R
(1784903398.488051) can0 129#0000000100000031 R
(1784903398.488207) can0 540#000040100000ED00 R
(1784903398.488323) can0 450#0000000000002800 R
(1784903398.488541) can0 5B0#10000000000000BF R
(1784903398.491677) can0 120#0000000000000035 R
(1784903398.492072) can0 12D#00000000000000BE R
(1784903398.492164) can0 12E#000000000000C0A5 R
(1784903398.500097) can0 12D#00000000000000D4 R
(1784903398.507608) can0 121#00A601CF04800052 R
(1784903398.511727) can0 129#000000010000005B R
(1784903398.512022) can0 120#000000000000005F R
(1784903398.520809) can0 12D#000000000000005F R
(1784903398.527590) can0 121#00A601CF04800067 R
(1784903398.528177) can0 129#000000010000006E R
(1784903398.529899) can0 120#000000000000006A R
(1784903398.530267) can0 12D#000000000000006A R
(1784903398.530451) can0 12E#000000000000C02E R
(1784903398.538194) can0 450#0000000000002800 R
(1784903398.541123) can0 12D#000000000000008B R
(1784903398.541596) can0 12A#10050000000A00DC R
(1784903398.549915) can0 121#00A601CF04800086 R
(1784903398.560928) can0 12D#00000000000000D4 R
(1784903398.568085) can0 121#00A601CF048000B3 R
(1784903398.568487) can0 129#00000001000000BA R
(1784903398.569958) can0 120#00000000000000BE R
(1784903398.571551) can0 12D#0000000000000035 R
(1784903398.573789) can0 12E#000000000000C071 R
(1784903398.573918) can0 541#000010000004F234 R
(1784903398.581676) can0 12D#000000000000005F R
(1784903398.588703) can0 121#00A601CF048000D9 R
(1784903398.589095) can0 129#00000001000000D0 R
(1784903398.589209) can0 540#000040100000ED00 R
(1784903398.589447) can0 450#0000000000002800 R
(1784903398.589545) can0 5B0#10000000000000D5 R
(1784903398.601095) can0 12D#000000000000008B R
(1784903398.607597) can0 121#00A601CF04800038 R
(1784903398.621282) can0 12D#00000000000000D4 R
(1784903398.627717) can0 121#00A601CF04800052 R
(1784903398.632012) can0 129#000000010000005B R
(1784903398.632498) can0 12D#0000000000000035 R
(1784903398.643519) can0 12A#10050000000A0057 R
(1784903398.653098) can0 541#000010000004F2BF R
(1784903398.660042) can0 12D#000000000000008B R
(1784903398.667600) can0 121#00A601CF04800086 R
(1784903398.668096) can0 129#000000010000008F R
(1784903398.671800) can0 120#000000000000008B R
(1784903398.679691) can0 12D#00000000000000D4 R
(1784903398.687654) can0 121#00A601CF048000B3 R
(1784903398.691814) can0 12D#0000000000000035 R
(1784903398.709111) can0 121#00A601CF048000D9 R
(1784903398.709630) can0 129#00000001000000D0 R
(1784903398.713083) can0 120#00000000000000D4 R
(1784903398.713374) can0 12D#000000000000006A R
(1784903398.713577) can0 12E#000000000000C090 R
(1784903398.720106) can0 12D#000000000000008B R
(1784903398.727701) can0 121#00A601CF04800038 R
(1784903398.730986) can0 129#0000000100000031 R
(1784903398.731330) can0 120#0000000000000035 R
(1784903398.731426) can0 12D#00000000000000BE R
(1784903398.739592) can0 450#0000000000002800 R
(1784903398.740063) can0 12D#00000000000000D4 R
(1784903398.747626) can0 121#00A601CF04800052 R
(1784903398.748027) can0 129#000000010000005B R
(1784903398.759713) can0 12D#000000000000005F R
(1784903398.767650) can0 121#00A601CF04800067 R
(1784903398.768001) can0 129#000000010000006E R
(1784903398.770719) can0 120#000000000000006A R
(1784903398.771225) can0 12D#000000000000006A R
(1784903398.771343) can0 12E#000000000000C02E R
(1784903398.771499) can0 541#000010000004F2BF R
(1784903398.780553) can0 12D#000000000000008B R
(1784903398.789279) can0 121#00A601CF04800086 R
(1784903398.789651) can0 129#000000010000008F R
(1784903398.789748) can0 540#000040100000ED00 R
(1784903398.792622) can0 450#0000000000002800 R
(1784903398.792953) can0 5B0#100000000000005E R
(1784903398.793046) can0 120#000000000000008B R
(1784903398.802390) can0 12D#00000000000000D4 R
(1784903398.807733) can0 121#00A601CF048000B3 R
(1784903398.807996) can0 129#00000001000000BA R
(1784903398.812098) can0 120#00000000000000BE R
(1784903398.821462) can0 12D#000000000000005F R
(1784903398.828031) can0 121#00A601CF048000D9 R
(1784903398.829086) can0 129#00000001000000D0 R
(1784903398.829353) can0 120#00000000000000D4 R
(1784903398.833055) can0 541#000010000004F25E R
(1784903398.838595) can0 450#0000000000002800 R
(1784903398.841166) can0 12D#000000000000008B R
(1784903398.851685) can0 121#00A601CF04800038 R
(1784903398.854735) can0 129#0000000100000031 R
(1784903398.859721) can0 12D#00000000000000D4 R
(1784903398.869717) can0 121#00A601CF04800052 R
(1784903398.870233) can0 129#000000010000005B R
(1784903398.870338) can0 120#000000000000005F R
(1784903398.870458) can0 12D#0000000000000035 R
(1784903398.870565) can0 12E#000000000000C0CF R
(1784903398.879717) can0 12D#000000000000005F R
(1784903398.887728) can0 121#00A601CF04800067 R
(1784903398.890279) can0 129#000000010000006E R
(1784903398.894533) can0 540#000040100000ED00 R
(1784903398.894834) can0 450#0000000000002800 R
(1784903398.894949) can0 5B0#100000000000006B R
(1784903398.895107) can0 120#000000000000006A R
(1784903398.895214) can0 12D#000000000000006A R
(1784903398.895322) can0 12E#000000000000C02E R
(1784903398.903593) can0 12D#000000000000008B R
(1784903398.908077) can0 121#00A601CF04800086 R
(1784903398.908591) can0 129#000000010000008F R
(1784903398.909176) can0 120#000000000000008B R
(1784903398.919686) can0 12D#00000000000000D4 R
(1784903398.930007) can0 121#00A601CF048000B3 R
(1784903398.930503) can0 129#00000001000000BA R
(1784903398.930630) can0 120#00000000000000BE R
(1784903398.930743) can0 12D#0000000000000035 R
(1784903398.930869) can0 12E#000000000000C071 R
(1784903398.940017) can0 450#0000000000002800 R
(1784903398.940404) can0 12D#000000000000005F R
(1784903398.940564) can0 12A#10050000000A0057 R
(1784903398.947630) can0 121#00A601CF048000D9 R
(1784903398.951200) can0 541#000010000004F25E R
(1784903398.960207) can0 12D#000000000000008B R
(1784903398.967811) can0 121#00A601CF04800038 R
(1784903398.968222) can0 129#0000000100000031 R
(1784903398.969202) can0 120#0000000000000035 R
(1784903398.969673) can0 12D#00000000000000BE R
(1784903398.969797) can0 12E#000000000000C0A5 R
(1784903398.980258) can0 12D#00000000000000D4 R
(1784903398.988398) can0 121#00A601CF04800052 R
(1784903398.989047) can0 450#0000000000002800 R
(1784903399.001491) can0 12D#000000000000005F R
(1784903399.010325) can0 121#00A601CF04800067 R
(1784903399.010725) can0 129#000000010000006E R
(1784903399.010832) can0 120#000000000000006A R
(1784903399.011066) can0 12D#000000000000006A R
(1784903399.011238) can0 12E#000000000000C02E R
(1784903399.022046) can0 12D#000000000000008B R
(1784903399.030716) can0 121#00A601CF04800086 R
(1784903399.031111) can0 129#000000010000008F R
(1784903399.031199) can0 120#000000000000008B R
(1784903399.031436) can0 12D#00000000000000BE R
(1784903399.031582) can0 12E#000000000000C044 R
(1784903399.031690) can0 541#000010000004F2D5 R
(1784903399.039188) can0 450#0000000000002800 R
(1784903399.039676) can0 12D#00000000000000D4 R
(1784903399.039841) can0 12A#10050000000A0083 R
(1784903399.048166) can0 121#00A601CF048000B3 R
(1784903399.048602) can0 129#00000001000000BA R
(1784903399.051367) can0 120#00000000000000BE R
(1784903399.052447) can0 12D#0000000000000035 R
(1784903399.060004) can0 12D#000000000000005F R
(1784903399.069011) can0 121#00A601CF048000D9 R
(1784903399.069546) can0 129#00000001000000D0 R
(1784903399.069661) can0 120#00000000000000D4 R
(1784903399.069750) can0 12D#000000000000006A R
(1784903399.069861) can0 12E#000000000000C090 R
(1784903399.073211) can0 541#000010000004F348 R
(1784903399.083537) can0 12D#000000000000008B R
(1784903399.087886) can0 121#00A601CF04800038 R
(1784903399.088271) can0 129#0000000100000031 R
(1784903399.088475) can0 540#000040100000ED00 R
(1784903399.088608) can0 450#0000000000002800 R
(1784903399.088734) can0 5B0#10000000000000BF R
(1784903399.089290) can0 120#0000000000000035 R
(1784903399.089704) can0 12D#00000000000000BE R
(1784903399.102099) can0 12D#00000000000000D4 R
(1784903399.110475) can0 121#00A601CF04800052 R
(1784903399.120032) can0 12D#000000000000005F R
(1784903399.128446) can0 121#00A601CF04800067 R
(1784903399.129790) can0 129#000000010000006E R
(1784903399.142118) can0 450#0000000000002800 R
(1784903399.149069) can0 121#00A601CF04800086 R
(1784903399.161585) can0 12D#00000000000000D4 R
(1784903399.167733) can0 121#00A601CF048000B3 R
(1784903399.168091) can0 129#00000001000000BA R
(1784903399.170560) can0 120#00000000000000BE R
(1784903399.171002) can0 12D#0000000000000035 R
(1784903399.171111) can0 12E#000000000000C071 R
(1784903399.171231) can0 541#000010000004F322 R
(1784903399.182989) can0 12D#000000000000005F R
(1784903399.187832) can0 121#00A601CF048000D9 R
(1784903399.191415) can0 129#00000001000000D0 R
(1784903399.193387) can0 120#00000000000000D4 R
(1784903399.200628) can0 12D#000000000000008B R
(1784903399.209653) can0 121#00A601CF04800038 R
(1784903399.210338) can0 12D#00000000000000BE R
(1784903399.220048) can0 12D#00000000000000D4 R
(1784903399.227853) can0 121#00A601CF04800052 R
(1784903399.228233) can0 129#000000010000005B R
(1784903399.230296) can0 120#000000000000005F R
(1784903399.230758) can0 12D#0000000000000035 R
(1784903399.238494) can0 450#0000000000002800 R
(1784903399.242066) can0 12D#000000000000005F R
(1784903399.249445) can0 121#00A601CF04800067 R
(1784903399.249922) can0 129#000000010000006E R
(1784903399.250052) can0 120#000000000000006A R
(1784903399.259676) can0 12D#000000000000008B R
(1784903399.267663) can0 121#00A601CF04800086 R
(1784903399.268070) can0 129#000000010000008F R
(1784903399.269307) can0 120#000000000000008B R
(1784903399.269599) can0 12D#00000000000000BE R
(1784903399.269854) can0 12E#000000000000C044 R
(1784903399.270770) can0 541#000010000004F3C3 R
(1784903399.279706) can0 12D#00000000000000D4 R
(1784903399.288468) can0 121#00A601CF048000B3 R
(1784903399.288844) can0 129#00000001000000BA R
(1784903399.289854) can0 540#000040100000ED00 R
(1784903399.290082) can0 450#0000000000002800 R
(1784903399.290200) can0 5B0#1000000000000034 R
(1784903399.299743) can0 12D#000000000000005F R
(1784903399.308296) can0 121#00A601CF048000D9 R
(1784903399.309577) can0 129#00000001000000D0 R
(1784903399.320183) can0 12D#000000000000008B R
(1784903399.327641) can0 121#00A601CF04800038 R
(1784903399.328156) can0 129#0000000100000031 R
(1784903399.332107) can0 120#0000000000000035 R
(1784903399.332506) can0 12D#00000000000000BE R
(1784903399.332586) can0 12E#000000000000C0A5 R
(1784903399.332796) can0 541#000010000004F37D R
(1784903399.338191) can0 450#0000000000002800 R
(1784903399.348572) can0 121#00A601CF04800052 R
(1784903399.349021) can0 129#000000010000005B R
(1784903399.350005) can0 12D#0000000000000035 R
(1784903399.359699) can0 12D#000000000000005F R
(1784903399.367640) can0 121#00A601CF04800067 R
(1784903399.368005) can0 129#000000010000006E R
(1784903399.369226) can0 120#000000000000006A R
(1784903399.369652) can0 12D#000000000000006A R
(1784903399.381109) can0 12D#000000000000008B R
(1784903399.388656) can0 121#00A601CF04800086 R
(1784903399.391723) can0 129#000000010000008F R
(1784903399.391999) can0 540#000040100000ED00 R
(1784903399.392096) can0 450#0000000000002800 R
(1784903399.392282) can0 5B0#100000000000005E R
(1784903399.399882) can0 12D#00000000000000D4 R
(1784903399.408594) can0 121#00A601CF048000B3 R
(1784903399.409007) can0 129#00000001000000BA R
(1784903399.409697) can0 120#00000000000000BE R
(1784903399.419733) can0 12D#000000000000005F R
(1784903399.429172) can0 121#00A601CF048000D9 R
(1784903399.429561) can0 129#00000001000000D0 R
(1784903399.429637) can0 120#00000000000000D4 R
(1784903399.429852) can0 12D#000000000000006A R
(1784903399.429985) can0 12E#000000000000C090 R
(1784903399.433609) can0 541#000010000004F348 R
(1784903399.439238) can0 450#0000000000002800 R
(1784903399.439758) can0 12D#000000000000008B R
(1784903399.439908) can0 12A#10050000000A00DC R
(1784903399.448193) can0 121#00A601CF04800038 R
(1784903399.448696) can0 129#0000000100000031 R
(1784903399.449588) can0 120#0000000000000035 R
(1784903399.459852) can0 12D#00000000000000D4 R
(1784903399.467916) can0 121#00A601CF04800052 R
(1784903399.468292) can0 129#000000010000005B R
(1784903399.473403) can0 541#000010000004F39C R
(1784903399.479755) can0 12D#000000000000005F R
(1784903399.487674) can0 121#00A601CF04800067 R
(1784903399.488051) can0 129#000000010000006E R
(1784903399.488298) can0 540#000040100000ED00 R
(1784903399.488442) can0 450#0000000000002800 R
(1784903399.493087) can0 120#000000000000006A R
(1784903399.503930) can0 12D#000000000000008B R
(1784903399.508619) can0 121#00A601CF04800086 R
(1784903399.519789) can0 12D#00000000000000D4 R
(1784903399.528192) can0 121#00A601CF048000B3 R
(1784903399.528716) can0 129#00000001000000BA R
(1784903399.529708) can0 120#00000000000000BE R
(1784903399.529856) can0 12D#0000000000000035 R
(1784903399.538486) can0 450#0000000000002800 R
(1784903399.541659) can0 12D#000000000000005F R
(1784903399.542110) can0 12A#10050000000A0057 R
(1784903399.547679) can0 121#00A601CF048000D9 R
(1784903399.560697) can0 12D#000000000000008B R
(1784903399.567910) can0 121#00A601CF04800038 R
(1784903399.568310) can0 129#0000000100000031 R
(1784903399.573662) can0 12E#000000000000C0A5 R
(1784903399.582549) can0 12D#00000000000000D4 R
(1784903399.588656) can0 121#00A601CF04800052 R
(1784903399.589067) can0 129#000000010000005B R
(1784903399.589158) can0 540#000040100000ED00 R
(1784903399.589257) can0 450#0000000000002800 R
(1784903399.589436) can0 5B0#100000000000008A R
(1784903399.589568) can0 120#000000000000005F R
(1784903399.589698) can0 12D#0000000000000035 R
(1784903399.602962) can0 12D#000000000000005F R
(1784903399.608027) can0 121#00A601CF04800067 R
(1784903399.608483) can0 129#000000010000006E R
(1784903399.613182) can0 12E#000000000000C02E R
(1784903399.622048) can0 12D#000000000000008B R
(1784903399.627676) can0 121#00A601CF04800086 R
(1784903399.628070) can0 129#000000010000008F R
(1784903399.631232) can0 120#000000000000008B R
(1784903399.631624) can0 12D#00000000000000BE R
(1784903399.638222) can0 450#0000000000002800 R
(1784903399.648485) can0 121#00A601CF048000B3 R
(1784903399.648891) can0 129#00000001000000BA R
(1784903399.659693) can0 12D#000000000000005F R
(1784903399.669607) can0 121#00A601CF048000D9 R
(1784903399.670014) can0 129#00000001000000D0 R
(1784903399.679670) can0 12D#000000000000008B R
(1784903399.688125) can0 121#00A601CF04800038 R
(1784903399.691275) can0 129#0000000100000031 R
(1784903399.691631) can0 540#000040100000ED00 R
(1784903399.691722) can0 450#0000000000002800 R
(1784903399.691912) can0 5B0#10000000000000BF R
(1784903399.692062) can0 120#0000000000000035 R
(1784903399.692194) can0 12D#00000000000000BE R
(1784903399.700147) can0 12D#00000000000000D4 R
(1784903399.707684) can0 121#00A601CF04800052 R
(1784903399.721641) can0 12D#000000000000005F R
(1784903399.727937) can0 121#00A601CF04800067 R
(1784903399.728201) can0 129#000000010000006E R
(1784903399.729297) can0 120#000000000000006A R
(1784903399.740639) can0 450#0000000000002800 R
(1784903399.747697) can0 121#00A601CF04800086 R
(1784903399.749272) can0 120#000000000000008B R
(1784903399.759897) can0 12D#00000000000000D4 R
(1784903399.767694) can0 121#00A601CF048000B3 R
(1784903399.772167) can0 120#00000000000000BE R
(1784903399.779714) can0 12D#000000000000005F R
(1784903399.793578) can0 121#00A601CF048000D9 R
(1784903399.794008) can0 129#00000001000000D0 R
(1784903399.794109) can0 540#000040100000ED00 R
(1784903399.799753) can0 12D#000000000000008B R
(1784903399.807716) can0 121#00A601CF04800038 R
(1784903399.821272) can0 12D#00000000000000D4 R
(1784903399.830426) can0 121#00A601CF04800052 R
(1784903399.831323) can0 12E#000000000000C0CF R
(1784903399.839109) can0 450#0000000000002800 R
(1784903399.839742) can0 12D#000000000000005F R
(1784903399.848707) can0 121#00A601CF04800067 R
(1784903399.859909) can0 12D#000000000000008B R
(1784903399.867862) can0 121#00A601CF04800086 R
(1784903399.872031) can0 129#000000010000008F R
(1784903399.872154) can0 120#000000000000008B R
(1784903399.872250) can0 12D#00000000000000BE R
(1784903399.880002) can0 12D#00000000000000D4 R
(1784903399.888067) can0 121#00A601CF048000B3 R
(1784903399.888522) can0 129#00000001000000BA R
(1784903399.888606) can0 540#000040100000ED00 R
(1784903399.888737) can0 450#0000000000002800 R
(1784903399.891071) can0 120#00000000000000BE R
(1784903399.902603) can0 12D#000000000000005F R
(1784903399.909531) can0 121#00A601CF048000D9 R
(1784903399.910624) can0 129#00000001000000D0 R
(1784903399.919723) can0 12D#000000000000008B R
(1784903399.928274) can0 121#00A601CF04800038 R
(1784903399.928676) can0 129#0000000100000031 R
(1784903399.933194) can0 120#0000000000000035 R
(1784903399.933613) can0 12D#00000000000000BE R
(1784903399.933811) can0 12E#000000000000C0A5 R
(1784903399.933932) can0 541#000010000004F37D R
(1784903399.938257) can0 450#0000000000002800 R
(1784903399.939663) can0 12D#00000000000000D4 R
(1784903399.939956) can0 12A#10050000000A0083 R
(1784903399.950969) can0 121#00A601CF04800052 R
(1784903399.951706) can0 129#000000010000005B R
(1784903399.961975) can0 12D#000000000000005F R
(1784903399.967774) can0 121#00A601CF04800067 R
(1784903399.971831) can0 541#000010000004F3A9 R
(1784903399.979722) can0 12D#000000000000008B R
(1784903399.989694) can0 121#00A601CF04800086 R
(1784903399.990079) can0 129#000000010000008F R
(1784903399.990176) can0 450#0000000000002800 R
(1784903399.994304) can0 540#000040100000ED00 R
(1784903399.994501) can0 5B0#100000000000005E R
(1784903399.994599) can0 120#000000000000008B R
(1784903399.998054) can0 12D#00000000000000BE R
(1784903399.998362) can0 12E#000000000000C044 R
(1784903399.998465) can0 12A#10050000000A00B6 R
(1784903399.999711) can0 12D#00000000000000D4 R
(1784903400.007737) can0 121#00A601CF048000B3 R
(1784903400.013643) can0 12E#000000000000C071 R
(1784903400.027718) can0 121#00A601CF048000D9 R
(1784903400.028110) can0 129#00000001000000D0 R
(1784903400.030651) can0 120#00000000000000D4 R
(1784903400.031012) can0 12D#000000000000006A R
(1784903400.038473) can0 450#0000000000002800 R
(1784903400.047723) can0 121#00A601CF04800038 R
(1784903400.048162) can0 129#0000000100000031 R
(1784903400.049355) can0 120#0000000000000035 R
(1784903400.049688) can0 12D#00000000000000BE R
(1784903400.049866) can0 12E#000000000000C0A5 R
(1784903400.053911) can0 541#000010000004F475 R
(1784903400.071512) can0 121#00A601CF04800052 R
(1784903400.071946) can0 129#000000010000005B R
(1784903400.072169) can0 12D#0000000000000035 R
(1784903400.080466) can0 12D#000000000000005F R
(1784903400.088987) can0 121#00A601CF04800067 R
(1784903400.090776) can0 541#000010000004F4A1 R
(1784903400.101139) can0 12D#000000000000008B R
(1784903400.108081) can0 121#00A601CF04800086 R
(1784903400.112703) can0 120#000000000000008B R
(1784903400.119693) can0 12D#00000000000000D4 R
(1784903400.130806) can0 121#00A601CF048000B3 R
(1784903400.131200) can0 129#00000001000000BA R
(1784903400.131316) can0 120#00000000000000BE R
(1784903400.131394) can0 12D#0000000000000035 R
(1784903400.131556) can0 12E#000000000000C071 R
(1784903400.131700) can0 541#000010000004F42A R
(1784903400.138264) can0 450#0000000000002800 R
(1784903400.141304) can0 12D#000000000000005F R
(1784903400.147774) can0 121#00A601CF048000D9 R
(1784903400.151777) can0 120#00000000000000D4 R
(1784903400.159662) can0 12D#000000000000008B R
(1784903400.170454) can0 121#00A601CF04800038 R
(1784903400.170897) can0 129#0000000100000031 R
(1784903400.171101) can0 120#0000000000000035 R
(1784903400.171274) can0 12D#00000000000000BE R
(1784903400.180930) can0 12D#00000000000000D4 R
(1784903400.187983) can0 121#00A601CF04800052 R
(1784903400.189640) can0 120#000000000000005F R
(1784903400.190660) can0 541#000010000004F494 R
(1784903400.199899) can0 12D#000000000000005F R
(1784903400.210519) can0 121#00A601CF04800067 R
(1784903400.210918) can0 129#000000010000006E R
(1784903400.211126) can0 120#000000000000006A R
(1784903400.211880) can0 12D#000000000000006A R
(1784903400.219809) can0 12D#000000000000008B R
(1784903400.230521) can0 121#00A601CF04800086 R
(1784903400.230918) can0 129#000000010000008F R
(1784903400.238238) can0 450#0000000000002800 R
(1784903400.250515) can0 121#00A601CF048000B3 R
(1784903400.250975) can0 129#00000001000000BA R
(1784903400.251069) can0 120#00000000000000BE R
(1784903400.259927) can0 12D#000000000000005F R
(1784903400.268797) can0 121#00A601CF048000D9 R
(1784903400.269289) can0 129#00000001000000D0 R
(1784903400.269383) can0 120#00000000000000D4 R
(1784903400.270355) can0 12D#000000000000006A R
(1784903400.280955) can0 12D#000000000000008B R
(1784903400.287812) can0 121#00A601CF04800038 R
(1784903400.301162) can0 12D#00000000000000D4 R
(1784903400.307836) can0 121#00A601CF04800052 R
(1784903400.308219) can0 129#000000010000005B R
(1784903400.309353) can0 120#000000000000005F R
(1784903400.309604) can0 12D#0000000000000035 R
(1784903400.309793) can0 12E#000000000000C0CF R
(1784903400.310629) can0 541#000010000004F494 R
(1784903400.320123) can0 12D#000000000000005F R
(1784903400.327769) can0 121#00A601CF04800067 R
(1784903400.328184) can0 129#000000010000006E R
(1784903400.330299) can0 120#000000000000006A R
(1784903400.330635) can0 12D#000000000000006A R
(1784903400.330828) can0 12E#000000000000C02E R
(1784903400.330936) can0 541#000010000004F4A1 R
(1784903400.340283) can0 450#0000000000002800 R
(1784903400.340681) can0 12D#000000000000008B R
(1784903400.340877) can0 12A#10050000000A00DC R
(1784903400.349201) can0 121#00A601CF04800086 R
(1784903400.349608) can0 129#000000010000008F R
(1784903400.349802) can0 120#000000000000008B R
(1784903400.349913) can0 12D#00000000000000BE R
(1784903400.350030) can0 12E#000000000000C044 R
(1784903400.350659) can0 541#000010000004F4CB R
(1784903400.360047) can0 12D#00000000000000D4 R
(1784903400.370115) can0 121#00A601CF048000B3 R
(1784903400.370483) can0 129#00000001000000BA R
(1784903400.370578) can0 120#00000000000000BE R
(1784903400.370785) can0 12D#0000000000000035 R
(1784903400.370921) can0 12E#000000000000C071 R
(1784903400.371057) can0 541#000010000004F42A R
(1784903400.381031) can0 12D#000000000000005F R
(1784903400.389232) can0 121#00A601CF048000D9 R
(1784903400.389615) can0 129#00000001000000D0 R
(1784903400.389712) can0 540#000040100000ED00 R
(1784903400.389933) can0 450#0000000000002800 R
(1784903400.390136) can0 5B0#10000000000000D5 R
(1784903400.390249) can0 120#00000000000000D4 R
(1784903400.390352) can0 12D#000000000000006A R
(1784903400.390462) can0 12E#000000000000C090 R
(1784903400.390605) can0 12A#10050000000A003D R
(1784903400.390728) can0 5A0#00000000040000DA R
(1784903400.390948) can0 541#000010000004F440 R
(1784903400.399723) can0 12D#000000000000008B R
(1784903400.407789) can0 121#00A601CF04800038 R
(1784903400.408119) can0 129#0000000100000031 R
(1784903400.410990) can0 120#0000000000000035 R
(1784903400.411430) can0 12D#00000000000000BE R
(1784903400.411519) can0 12E#000000000000C0A5 R
(1784903400.411617) can0 541#000010000004F475 R
(1784903400.420975) can0 12D#00000000000000D4 R
(1784903400.427775) can0 121#00A601CF04800052 R
(1784903400.430134) can0 129#000000010000005B R
(1784903400.433129) can0 120#000000000000005F R
(1784903400.433525) can0 12D#0000000000000035 R
(1784903400.433625) can0 12E#000000000000C0CF R
(1784903400.433728) can0 541#000010000004F494 R
(1784903400.438781) can0 450#0000000000002800 R
(1784903400.439852) can0 12D#000000000000005F R
(1784903400.449170) can0 121#00A601CF04800067 R
(1784903400.449719) can0 12D#000000000000006A R
(1784903400.460136) can0 12D#000000000000008B R
(1784903400.468696) can0 121#00A601CF04800086 R
(1784903400.471148) can0 129#000000010000008F R
(1784903400.481912) can0 12D#00000000000000D4 R
(1784903400.487742) can0 121#00A601CF048000B3 R
(1784903400.488195) can0 129#00000001000000BA R
(1784903400.491154) can0 540#000040100000ED00 R
(1784903400.491472) can0 450#0000000000002800 R
(1784903400.499677) can0 12D#000000000000005F R
(1784903400.508007) can0 121#00A601CF048000D9 R
(1784903400.508410) can0 129#00000001000000D0 R
(1784903400.510685) can0 120#00000000000000D4 R
(1784903400.511672) can0 12D#000000000000006A R
(1784903400.512003) can0 12E#000000000000C090 R
(1784903400.512137) can0 541#000010000004F440 R
(1784903400.519725) can0 12D#000000000000008B R
(1784903400.527798) can0 121#00A601CF04800038 R
(1784903400.528183) can0 129#0000000100000031 R
(1784903400.532138) can0 120#0000000000000035 R
(1784903400.532526) can0 12D#00000000000000BE R
(1784903400.532705) can0 12E#000000000000C0A5 R
(1784903400.532859) can0 541#000010000004F475 R
(1784903400.538210) can0 450#0000000000002800 R
(1784903400.542333) can0 12D#00000000000000D4 R
(1784903400.542819) can0 12A#10050000000A0083 R
(1784903400.547768) can0 121#00A601CF04800052 R
(1784903400.548174) can0 129#000000010000005B R
(1784903400.549509) can0 120#000000000000005F R
(1784903400.549820) can0 12D#0000000000000035 R
(1784903400.549919) can0 12E#000000000000C0CF R
(1784903400.553641) can0 541#000010000004F494 R
(1784903400.561076) can0 12D#000000000000005F R
(1784903400.567797) can0 121#00A601CF04800067 R
(1784903400.570155) can0 129#000000010000006E R
(1784903400.582673) can0 12D#000000000000008B R
(1784903400.588511) can0 121#00A601CF04800086 R
(1784903400.601461) can0 12D#00000000000000D4 R
(1784903400.607781) can0 121#00A601CF048000B3 R
(1784903400.608128) can0 129#00000001000000BA R
(1784903400.611789) can0 120#00000000000000BE R
(1784903400.612174) can0 12D#0000000000000035 R
(1784903400.612273) can0 12E#000000000000C071 R
(1784903400.620202) can0 12D#000000000000005F R
(1784903400.627781) can0 121#00A601CF048000D9 R
(1784903400.631603) can0 129#00000001000000D0 R
(1784903400.632047) can0 120#00000000000000D4 R
(1784903400.632122) can0 12D#000000000000006A R
(1784903400.632238) can0 12E#000000000000C090 R
(1784903400.632370) can0 541#000010000004F440 R
(1784903400.640926) can0 450#0000000000002800 R
(1784903400.641328) can0 12D#000000000000008B R
(1784903400.641409) can0 12A#10050000000A00DC R
(1784903400.649250) can0 121#00A601CF04800038 R
(1784903400.649730) can0 129#0000000100000031 R
(1784903400.659866) can0 12D#00000000000000D4 R
(1784903400.667815) can0 121#00A601CF04800052 R
(1784903400.668264) can0 129#000000010000005B R
(1784903400.672674) can0 120#000000000000005F R
(1784903400.679731) can0 12D#000000000000005F R
(1784903400.688008) can0 121#00A601CF04800067 R
(1784903400.688663) can0 540#000040100000ED00 R
(1784903400.700902) can0 12D#000000000000008B R
(1784903400.708172) can0 121#00A601CF04800086 R
(1784903400.708597) can0 129#000000010000008F R
(1784903400.709347) can0 120#000000000000008B R
(1784903400.719635) can0 12D#00000000000000D4 R
(1784903400.730430) can0 121#00A601CF048000B3 R
(1784903400.734707) can0 129#00000001000000BA R
(1784903400.735044) can0 120#00000000000000BE R
(1784903400.735146) can0 12D#0000000000000035 R
(1784903400.735307) can0 12E#000000000000C071 R
(1784903400.735453) can0 541#000010000004F42A R
(1784903400.739189) can0 450#0000000000002800 R
(1784903400.739657) can0 12D#000000000000005F R
(1784903400.742362) can0 12A#10050000000A0057 R
(1784903400.747958) can0 121#00A601CF048000D9 R
(1784903400.748295) can0 129#00000001000000D0 R
(1784903400.751828) can0 12D#000000000000006A R
(1784903400.759695) can0 12D#000000000000008B R
(1784903400.768655) can0 121#00A601CF04800038 R
(1784903400.769549) can0 120#0000000000000035 R
(1784903400.782444) can0 12D#00000000000000D4 R
(1784903400.789207) can0 121#00A601CF04800052 R
(1784903400.790493) can0 129#000000010000005B R
(1784903400.790746) can0 540#000040100000ED00 R
(1784903400.790985) can0 450#0000000000002800 R
(1784903400.802708) can0 12D#000000000000005F R
(1784903400.807772) can0 121#00A601CF04800067 R
(1784903400.808190) can0 129#000000010000006E R
(1784903400.811080) can0 120#000000000000006A R
(1784903400.811419) can0 12D#000000000000006A R
(1784903400.811518) can0 12E#000000000000C02E R
(1784903400.811618) can0 541#000010000004F4A1 R
(1784903400.827773) can0 121#00A601CF04800086 R
(1784903400.831057) can0 120#000000000000008B R
(1784903400.838565) can0 450#0000000000002800 R
(1784903400.847847) can0 121#00A601CF048000B3 R
(1784903400.852776) can0 120#00000000000000BE R
(1784903400.854955) can0 12D#0000000000000035 R
(1784903400.860333) can0 12D#000000000000005F R
(1784903400.868099) can0 121#00A601CF048000D9 R
(1784903400.869367) can0 120#00000000000000D4 R
(1784903400.873362) can0 12E#000000000000C090 R
(1784903400.879646) can0 12D#000000000000008B R
(1784903400.887797) can0 121#00A601CF04800038 R
(1784903400.900727) can0 12D#00000000000000D4 R
(1784903400.907771) can0 121#00A601CF04800052 R
(1784903400.908151) can0 129#000000010000005B R
(1784903400.909395) can0 120#000000000000005F R
(1784903400.912693) can0 12D#0000000000000035 R
(1784903400.913098) can0 12E#000000000000C0CF R
(1784903400.913204) can0 541#000010000004F494 R
(1784903400.919643) can0 12D#000000000000005F R
(1784903400.927763) can0 121#00A601CF04800067 R
(1784903400.928252) can0 129#000000010000006E R
(1784903400.931771) can0 120#000000000000006A R
(1784903400.932142) can0 12D#000000000000006A R
(1784903400.932329) can0 12E#000000000000C02E R
(1784903400.932429) can0 541#000010000004F4A1 R
(1784903400.938614) can0 450#0000000000002800 R
(1784903400.941276) can0 12D#000000000000008B R
(1784903400.942159) can0 12A#10050000000A00DC R
(1784903400.947769) can0 121#00A601CF04800086 R
(1784903400.952634) can0 120#000000000000008B R
(1784903400.953113) can0 12D#00000000000000BE R
(1784903400.967792) can0 121#00A601CF048000B3 R
(1784903400.968171) can0 129#00000001000000BA R
(1784903400.970489) can0 120#00000000000000BE R
(1784903400.971001) can0 12D#0000000000000035 R
(1784903400.973398) can0 12E#000000000000C071 R
(1784903400.973669) can0 541#000010000004F42A R
(1784903400.982065) can0 12D#000000000000005F R
(1784903400.987793) can0 121#00A601CF048000D9 R
(1784903400.988180) can0 129#00000001000000D0 R
(1784903400.988277) can0 540#000040100000ED00 R
(1784903400.991997) can0 450#0000000000002800 R
(1784903400.992137) can0 5B0#10000000000000D5 R
(1784903400.992331) can0 120#00000000000000D4 R
(1784903400.999681) can0 12D#000000000000008B R
(1784903401.007945) can0 121#00A601CF04800038 R
(1784903401.008316) can0 129#0000000100000031 R
(1784903401.009571) can0 12D#00000000000000BE R
(1784903401.009833) can0 120#0000000000000035 R
(1784903401.010010) can0 12E#000000000000C0A5 R
(1784903401.010659) can0 541#000010000004F475 R
(1784903401.019692) can0 12D#00000000000000D4 R
(1784903401.028505) can0 121#00A601CF04800052 R
(1784903401.028899) can0 129#000000010000005B R
(1784903401.029382) can0 120#000000000000005F R
(1784903401.029665) can0 12D#0000000000000035 R
(1784903401.030133) can0 12E#000000000000C0CF R
(1784903401.035911) can0 541#000010000004F494 R
(1784903401.038282) can0 450#0000000000002800 R
(1784903401.040353) can0 12D#000000000000005F R
(1784903401.047846) can0 121#00A601CF04800067 R
(1784903401.052147) can0 129#000000010000006E R
(1784903401.060411) can0 12D#000000000000008B R
(1784903401.067784) can0 121#00A601CF04800086 R
(1784903401.068311) can0 129#000000010000008F R
(1784903401.071532) can0 120#000000000000008B R
(1784903401.071872) can0 12D#00000000000000BE R
(1784903401.079697) can0 12D#00000000000000D4 R
(1784903401.087803) can0 121#00A601CF048000B3 R
(1784903401.089683) can0 5B0#1000000000000034 R
(1784903401.100248) can0 12D#000000000000005F R
(1784903401.110767) can0 121#00A601CF048000D9 R
(1784903401.122668) can0 12D#000000000000008B R
(1784903401.131403) can0 121#00A601CF04800038 R
(1784903401.131848) can0 129#0000000100000031 R
(1784903401.131960) can0 12D#00000000000000BE R
(1784903401.132064) can0 120#0000000000000035 R
(1784903401.134693) can0 12E#000000000000C0A5 R
(1784903401.134824) can0 541#000010000004F563 R
(1784903401.138384) can0 450#0000000000002800 R
(1784903401.140450) can0 12D#00000000000000D4 R
(1784903401.140828) can0 12A#10050000000A0083 R
(1784903401.149845) can0 121#00A601CF04800052 R
(1784903401.150201) can0 129#000000010000005B R
(1784903401.150629) can0 12E#000000000000C0CF R
(1784903401.161057) can0 12D#000000000000005F R
(1784903401.167809) can0 121#00A601CF04800067 R
(1784903401.171441) can0 120#000000000000006A R
(1784903401.179641) can0 12D#000000000000008B R
(1784903401.188521) can0 121#00A601CF04800086 R
(1784903401.188957) can0 129#000000010000008F R
(1784903401.189055) can0 540#000040100000ED00 R
(1784903401.189229) can0 450#0000000000002800 R
(1784903401.190081) can0 12D#00000000000000BE R
(1784903401.203371) can0 12D#00000000000000D4 R
(1784903401.209452) can0 121#00A601CF048000B3 R
(1784903401.222552) can0 12D#000000000000005F R
(1784903401.231507) can0 121#00A601CF048000D9 R
(1784903401.231870) can0 129#00000001000000D0 R
(1784903401.231973) can0 120#00000000000000D4 R
(1784903401.232761) can0 12D#000000000000006A R
(1784903401.233098) can0 12E#000000000000C090 R
(1784903401.233237) can0 541#000010000004F556 R
(1784903401.238248) can0 450#0000000000002800 R
(1784903401.243040) can0 12D#000000000000008B R
(1784903401.247796) can0 121#00A601CF04800038 R
(1784903401.260553) can0 12D#00000000000000D4 R
(1784903401.270137) can0 121#00A601CF04800052 R
(1784903401.270635) can0 129#000000010000005B R
(1784903401.270737) can0 120#000000000000005F R
(1784903401.270844) can0 12D#0000000000000035 R
(1784903401.282375) can0 12D#000000000000005F R
(1784903401.288118) can0 121#00A601CF04800067 R
(1784903401.288497) can0 129#000000010000006E R
(1784903401.288710) can0 540#000040100000ED00 R
(1784903401.288802) can0 450#0000000000002800 R
(1784903401.288910) can0 5B0#100000000000006B R
(1784903401.303722) can0 12D#000000000000008B R
(1784903401.308150) can0 121#00A601CF04800086 R
(1784903401.311685) can0 129#000000010000008F R
(1784903401.319629) can0 12D#00000000000000D4 R
(1784903401.328369) can0 121#00A601CF048000B3 R
(1784903401.328843) can0 129#00000001000000BA R
(1784903401.331746) can0 120#00000000000000BE R
(1784903401.332202) can0 12D#0000000000000035 R
(1784903401.332318) can0 12E#000000000000C071 R
(1784903401.332546) can0 541#000010000004F53C R
(1784903401.340435) can0 450#0000000000002800 R
(1784903401.340885) can0 12D#000000000000005F R
(1784903401.348317) can0 121#00A601CF048000D9 R
(1784903401.359610) can0 12D#000000000000008B R
(1784903401.368424) can0 121#00A601CF04800038 R
(1784903401.368821) can0 129#0000000100000031 R
(1784903401.369419) can0 120#0000000000000035 R
(1784903401.381460) can0 12D#00000000000000D4 R
(1784903401.388692) can0 121#00A601CF04800052 R
(1784903401.400587) can0 12D#000000000000005F R
(1784903401.408552) can0 121#00A601CF04800067 R
(1784903401.408896) can0 129#000000010000006E R
(1784903401.419635) can0 12D#000000000000008B R
(1784903401.429537) can0 121#00A601CF04800086 R
(1784903401.429925) can0 129#000000010000008F R
(1784903401.430019) can0 120#000000000000008B R
(1784903401.430229) can0 12D#00000000000000BE R
(1784903401.432648) can0 12E#000000000000C044 R
(1784903401.432915) can0 541#000010000004F5DD R
(1784903401.438260) can0 450#0000000000002800 R
(1784903401.441230) can0 12D#00000000000000D4 R
(1784903401.441649) can0 12A#10050000000A0083 R
(1784903401.447833) can0 121#00A601CF048000B3 R
(1784903401.448309) can0 129#00000001000000BA R
(1784903401.453013) can0 120#00000000000000BE R
(1784903401.453758) can0 541#000010000004F53C R
(1784903401.463437) can0 12D#000000000000005F R
(1784903401.467865) can0 121#00A601CF048000D9 R
(1784903401.468185) can0 129#00000001000000D0 R
(1784903401.469575) can0 120#00000000000000D4 R
(1784903401.469892) can0 12D#000000000000006A R
(1784903401.470641) can0 541#000010000004F556 R
(1784903401.481513) can0 12D#000000000000008B R
(1784903401.489701) can0 121#00A601CF04800038 R
(1784903401.490832) can0 129#0000000100000031 R
(1784903401.499735) can0 12D#00000000000000D4 R
(1784903401.508745) can0 121#00A601CF04800052 R
(1784903401.509238) can0 129#000000010000005B R
(1784903401.511845) can0 12D#0000000000000035 R
(1784903401.519743) can0 12D#000000000000005F R
(1784903401.528819) can0 121#00A601CF04800067 R
(1784903401.529274) can0 129#000000010000006E R
(1784903401.529370) can0 120#000000000000006A R
(1784903401.529585) can0 12D#000000000000006A R
(1784903401.533127) can0 12E#000000000000C02E R
(1784903401.533624) can0 541#000010000004F5B7 R
(1784903401.541907) can0 450#0000000000002800 R
(1784903401.542320) can0 12D#000000000000008B R
(1784903401.542529) can0 12A#10050000000A00DC R
(1784903401.547839) can0 121#00A601CF04800086 R
(1784903401.548163) can0 129#000000010000008F R
(1784903401.551495) can0 120#000000000000008B R
(1784903401.559595) can0 12D#00000000000000D4 R
(1784903401.568868) can0 121#00A601CF048000B3 R
(1784903401.569231) can0 129#00000001000000BA R
(1784903401.580099) can0 12D#000000000000005F R
(1784903401.605101) can0 12D#000000000000008B R
(1784903401.608281) can0 121#00A601CF04800038 R
(1784903401.612184) can0 541#000010000004F563 R
(1784903401.628760) can0 121#00A601CF04800052 R
(1784903401.629323) can0 129#000000010000005B R
(1784903401.629454) can0 120#000000000000005F R
(1784903401.629924) can0 12D#0000000000000035 R
(1784903401.630255) can0 12E#000000000000C0CF R
(1784903401.631859) can0 541#000010000004F582 R
(1784903401.638375) can0 450#0000000000002800 R
(1784903401.640819) can0 12D#000000000000005F R
(1784903401.641219) can0 12A#10050000000A0057 R
(1784903401.649336) can0 121#00A601CF04800067 R
(1784903401.649722) can0 129#000000010000006E R
(1784903401.649807) can0 120#000000000000006A R
(1784903401.659950) can0 12D#000000000000008B R
(1784903401.667846) can0 121#00A601CF04800086 R
(1784903401.668263) can0 129#000000010000008F R
(1784903401.669428) can0 120#000000000000008B R
(1784903401.669793) can0 12D#00000000000000BE R
(1784903401.670008) can0 12E#000000000000C044 R
(1784903401.679619) can0 12D#00000000000000D4 R
(1784903401.687982) can0 121#00A601CF048000B3 R
(1784903401.688244) can0 129#00000001000000BA R
(1784903401.688312) can0 540#000040100000ED00 R
(1784903401.692365) can0 120#00000000000000BE R
(1784903401.701608) can0 12D#000000000000005F R
(1784903401.711329) can0 121#00A601CF048000D9 R
(1784903401.715463) can0 129#00000001000000D0 R
(1784903401.715733) can0 120#00000000000000D4 R
(1784903401.718593) can0 12E#000000000000C090 R
(1784903401.727848) can0 121#00A601CF04800038 R
(1784903401.728203) can0 129#0000000100000031 R
(1784903401.732474) can0 120#0000000000000035 R
(1784903401.732929) can0 12D#00000000000000BE R
(1784903401.733023) can0 12E#000000000000C0A5 R
(1784903401.738238) can0 450#0000000000002800 R
(1784903401.739758) can0 12D#00000000000000D4 R
(1784903401.740119) can0 12A#10050000000A0083 R
(1784903401.747852) can0 121#00A601CF04800052 R
(1784903401.748261) can0 129#000000010000005B R
(1784903401.752000) can0 120#000000000000005F R
(1784903401.759607) can0 12D#000000000000005F R
(1784903401.768221) can0 121#00A601CF04800067 R
(1784903401.768627) can0 129#000000010000006E R
(1784903401.771465) can0 12D#000000000000006A R
(1784903401.780542) can0 12D#000000000000008B R
(1784903401.789867) can0 121#00A601CF04800086 R
(1784903401.790266) can0 129#000000010000008F R
(1784903401.809364) can0 121#00A601CF048000B3 R
(1784903401.809823) can0 129#00000001000000BA R
(1784903401.809923) can0 120#00000000000000BE R
(1784903401.810014) can0 12D#0000000000000035 R
(1784903401.810966) can0 12E#000000000000C071 R
(1784903401.811356) can0 541#000010000004F53C R
(1784903401.820536) can0 12D#000000000000005F R
(1784903401.828829) can0 121#00A601CF048000D9 R
(1784903401.829227) can0 129#00000001000000D0 R
(1784903401.829429) can0 120#00000000000000D4 R
(1784903401.830708) can0 541#000010000004F556 R
(1784903401.838775) can0 450#0000000000002800 R
(1784903401.839757) can0 12A#10050000000A00DC R
(1784903401.847904) can0 121#00A601CF04800038 R
(1784903401.862446) can0 12D#00000000000000D4 R
(1784903401.871223) can0 121#00A601CF04800052 R
(1784903401.871627) can0 129#000000010000005B R
(1784903401.871729) can0 120#000000000000005F R
(1784903401.881261) can0 12D#000000000000005F R
(1784903401.890507) can0 121#00A601CF04800067 R
(1784903401.890919) can0 129#000000010000006E R
(1784903401.891045) can0 450#0000000000002800 R
(1784903401.891148) can0 540#000040100000ED00 R
(1784903401.891360) can0 5B0#100000000000006B R
(1784903401.891508) can0 12D#000000000000006A R
(1784903401.891659) can0 120#000000000000006A R
(1784903401.900626) can0 12D#000000000000008B R
(1784903401.907860) can0 121#00A601CF04800086 R
(1784903401.913925) can0 541#000010000004F5DD R
(1784903401.921669) can0 12D#00000000000000D4 R
(1784903401.928405) can0 121#00A601CF048000B3 R
(1784903401.929416) can0 129#00000001000000BA R
(1784903401.929653) can0 120#00000000000000BE R
(1784903401.929921) can0 12D#0000000000000035 R
(1784903401.938449) can0 450#0000000000002800 R
(1784903401.940328) can0 12D#000000000000005F R
(1784903401.940750) can0 12A#10050000000A0057 R
(1784903401.950373) can0 121#00A601CF048000D9 R
(1784903401.950733) can0 129#00000001000000D0 R
(1784903401.951068) can0 12D#000000000000006A R
(1784903401.960072) can0 12D#000000000000008B R
(1784903401.968890) can0 121#00A601CF04800038 R
(1784903401.969306) can0 129#0000000100000031 R
(1784903401.973461) can0 541#000010000004F563 R
(1784903401.979598) can0 12D#00000000000000D4 R
(1784903401.990641) can0 121#00A601CF04800052 R
(1784903401.991023) can0 129#000000010000005B R
(1784903401.991245) can0 450#0000000000002800 R
(1784903401.991403) can0 540#000040100000ED00 R
(1784903401.991563) can0 5B0#100000000000008A R
(1784903401.991724) can0 120#000000000000005F R
(1784903401.993653) can0 12D#0000000000000035 R
(1784903401.995697) can0 12E#000000000000C0CF R
(1784903402.000885) can0 12D#000000000000005F R
(1784903402.008945) can0 121#00A601CF04800067 R
(1784903402.009507) can0 129#000000010000006E R
(1784903402.011794) can0 120#000000000000006A R
(1784903402.020005) can0 12D#000000000000008B R
(1784903402.027878) can0 121#00A601CF04800086 R
(1784903402.028286) can0 129#000000010000008F R
(1784903402.031015) can0 120#000000000000008B R
(1784903402.031418) can0 12D#00000000000000BE R
(1784903402.031571) can0 12E#000000000000C044 R
(1784903402.031786) can0 541#000010000004F5DD R
(1784903402.039372) can0 450#0000000000002800 R
(1784903402.039757) can0 12D#00000000000000D4 R
(1784903402.039863) can0 12A#10050000000A0083 R
(1784903402.050067) can0 121#00A601CF048000B3 R
(1784903402.050442) can0 129#00000001000000BA R
(1784903402.050534) can0 120#00000000000000BE R
(1784903402.050624) can0 12D#0000000000000035 R
(1784903402.054604) can0 12E#000000000000C071 R
(1784903402.059707) can0 12D#000000000000005F R
(1784903402.068202) can0 121#00A601CF048000D9 R
(1784903402.068589) can0 129#00000001000000D0 R
(1784903402.069599) can0 120#00000000000000D4 R
(1784903402.087889) can0 121#00A601CF04800038 R
(1784903402.088401) can0 129#0000000100000031 R
(1784903402.088550) can0 450#0000000000002800 R
(1784903402.088658) can0 540#000040100000ED00 R
(1784903402.089053) can0 5B0#10000000000000BF R
(1784903402.092211) can0 120#0000000000000035 R
(1784903402.092530) can0 12D#00000000000000BE R
(1784903402.092625) can0 12E#000000000000C0A5 R
(1784903402.092849) can0 12A#10050000000A00B6 R
(1784903402.095324) can0 5A0#00000000040000B0 R
(1784903402.101391) can0 12D#00000000000000D4 R
(1784903402.107877) can0 121#00A601CF04800052 R
(1784903402.108214) can0 129#000000010000005B R
(1784903402.111933) can0 120#000000000000005F R
(1784903402.112378) can0 12D#0000000000000035 R
(1784903402.112477) can0 12E#000000000000C0CF R
(1784903402.112589) can0 541#000010000004F68D R
(1784903402.119617) can0 12D#000000000000005F R
(1784903402.127888) can0 121#00A601CF04800067 R
(1784903402.138317) can0 450#0000000000002800 R
(1784903402.139602) can0 12D#000000000000008B R
(1784903402.139927) can0 12A#10050000000A00DC R
(1784903402.147991) can0 121#00A601CF04800086 R
(1784903402.148423) can0 129#000000010000008F R
(1784903402.152646) can0 12D#00000000000000BE R
(1784903402.153049) can0 120#000000000000008B R
(1784903402.153134) can0 12E#000000000000C044 R
(1784903402.153307) can0 541#000010000004F6D2 R
(1784903402.159623) can0 12D#00000000000000D4 R
(1784903402.168515) can0 121#00A601CF048000B3 R
(1784903402.168936) can0 129#00000001000000BA R
(1784903402.169947) can0 120#00000000000000BE R
(1784903402.170266) can0 12D#0000000000000035 R
(1784903402.170350) can0 12E#000000000000C071 R
(1784903402.171632) can0 541#000010000004F633 R
(1784903402.179599) can0 12D#000000000000005F R
(1784903402.187887) can0 121#00A601CF048000D9 R
(1784903402.188198) can0 129#00000001000000D0 R
(1784903402.188410) can0 450#0000000000002800 R
(1784903402.188509) can0 540#000040100000ED00 R
(1784903402.191650) can0 5B0#10000000000000D5 R
(1784903402.191956) can0 120#00000000000000D4 R
(1784903402.192112) can0 12D#000000000000006A R
(1784903402.192215) can0 12E#000000000000C090 R
(1784903402.192349) can0 12A#10050000000A003D R
(1784903402.194637) can0 5A0#00000000040000DA R
(1784903402.195114) can0 541#000010000004F659 R
(1784903402.199685) can0 12D#000000000000008B R
(1784903402.210940) can0 121#00A601CF04800038 R
(1784903402.211411) can0 129#0000000100000031 R
(1784903402.211579) can0 120#0000000000000035 R
(1784903402.219808) can0 12D#00000000000000D4 R
(1784903402.229915) can0 121#00A601CF04800052 R
(1784903402.232969) can0 12E#000000000000C0CF R
(1784903402.238241) can0 450#0000000000002800 R
(1784903402.239550) can0 12D#000000000000005F R
(1784903402.239735) can0 12A#10050000000A0057 R
(1784903402.248241) can0 121#00A601CF04800067 R
(1784903402.248675) can0 129#000000010000006E R
(1784903402.249579) can0 12D#000000000000006A R
(1784903402.252251) can0 541#000010000004F6B8 R
(1784903402.259661) can0 12D#000000000000008B R
(1784903402.268126) can0 121#00A601CF04800086 R
(1784903402.270633) can0 129#000000010000008F R
(1784903402.279685) can0 12D#00000000000000D4 R
(1784903402.288119) can0 121#00A601CF048000B3 R
(1784903402.288628) can0 129#00000001000000BA R
(1784903402.288797) can0 450#0000000000002800 R
(1784903402.290038) can0 12E#000000000000C071 R
(1784903402.294767) can0 541#000010000004F633 R
(1784903402.302324) can0 12D#000000000000005F R
(1784903402.309486) can0 121#00A601CF048000D9 R
(1784903402.322798) can0 12D#000000000000008B R
(1784903402.331213) can0 121#00A601CF04800038 R
(1784903402.331614) can0 129#0000000100000031 R
(1784903402.340005) can0 450#0000000000002800 R
(1784903402.340523) can0 12D#00000000000000D4 R
(1784903402.347963) can0 121#00A601CF04800052 R
(1784903402.352081) can0 129#000000010000005B R
(1784903402.352490) can0 120#000000000000005F R
(1784903402.354957) can0 12D#0000000000000035 R
(1784903402.355279) can0 12E#000000000000C0CF R
(1784903402.355363) can0 541#000010000004F68D R
(1784903402.359644) can0 12D#000000000000005F R
(1784903402.367910) can0 121#00A601CF04800067 R
(1784903402.368340) can0 129#000000010000006E R
(1784903402.379948) can0 12D#000000000000008B R
(1784903402.388418) can0 121#00A601CF04800086 R
(1784903402.388836) can0 129#000000010000008F R
(1784903402.388934) can0 450#0000000000002800 R
(1784903402.390615) can0 120#000000000000008B R
(1784903402.402488) can0 12D#00000000000000D4 R
(1784903402.411084) can0 121#00A601CF048000B3 R
(1784903402.411436) can0 129#00000001000000BA R
(1784903402.415375) can0 12E#000000000000C071 R
(1784903402.419939) can0 12D#000000000000005F R
(1784903402.428322) can0 121#00A601CF048000D9 R
(1784903402.428725) can0 129#00000001000000D0 R
(1784903402.433565) can0 12E#000000000000C090 R
