(1784905738.016324) can0 12E#000000000000C0A5 R
(1784905738.023603) can0 12D#00000000000000D4 R
(1784905738.025014) can0 12A#10050000000A0083 R
(1784905738.028885) can0 121#00A601CF04800086 R
(1784905738.029377) can0 129#000000010000008F R
(1784905738.029472) can0 540#000040100000ED00 R
(1784905738.029605) can0 5B0#100000000000005E R
(1784905738.029734) can0 120#000000000000008B R
(1784905738.030763) can0 541#00001000000E15DF R
(1784905738.033653) can0 12D#0000000000000035 R
(1784905738.034010) can0 12E#000000000000C0CF R
(1784905738.043538) can0 12D#000000000000005F R
(1784905738.048625) can0 121#00A601CF048000B3 R
(1784905738.048981) can0 129#00000001000000BA R
(1784905738.051375) can0 120#00000000000000BE R
(1784905738.055725) can0 541#00001000000E153E R
(1784905738.059198) can0 450#0000000000002800 R
(1784905738.059580) can0 12D#000000000000006A R
(1784905738.059680) can0 12E#000000000000C02E R
(1784905738.063889) can0 12D#000000000000008B R
(1784905738.068169) can0 121#00A601CF048000D9 R
(1784905738.071799) can0 129#00000001000000D0 R
(1784905738.072474) can0 120#00000000000000D4 R
(1784905738.072913) can0 541#00001000000E165B R
(1784905738.074942) can0 12D#00000000000000BE R
(1784905738.075221) can0 12E#000000000000C044 R
(1784905738.075308) can0 12A#10050000000A00B6 R
(1784905738.075516) can0 5A0#0000000004000051 R
(1784905738.083561) can0 12D#00000000000000D4 R
(1784905738.088475) can0 121#00A601CF04800038 R
(1784905738.088813) can0 129#0000000100000031 R
(1784905738.091259) can0 120#0000000000000035 R
(1784905738.092470) can0 541#00001000000E166E R
(1784905738.093676) can0 12D#0000000000000035 R
(1784905738.094138) can0 12E#000000000000C071 R
(1784905738.100289) can0 450#0000000000002800 R
(1784905738.103929) can0 12D#000000000000005F R
(1784905738.108477) can0 121#00A601CF04800052 R
(1784905738.109576) can0 129#000000010000005B R
(1784905738.109888) can0 120#000000000000005F R
(1784905738.111709) can0 541#00001000000E168F R
(1784905738.113636) can0 12D#000000000000006A R
(1784905738.114098) can0 12E#000000000000C090 R
(1784905738.123601) can0 12D#000000000000008B R
(1784905738.124052) can0 12A#10050000000A00DC R
(1784905738.128302) can0 121#00A601CF04800067 R
(1784905738.128793) can0 129#000000010000006E R
(1784905738.128908) can0 540#000040100000ED00 R
(1784905738.129035) can0 5B0#100000000000006B R
(1784905738.130026) can0 120#000000000000006A R
(1784905738.133556) can0 541#00001000000E16BA R
(1784905738.133898) can0 12D#00000000000000BE R
(1784905738.133973) can0 12E#000000000000C0A5 R
(1784905738.143581) can0 12D#00000000000000D4 R
(1784905738.149411) can0 121#00A601CF04800086 R
(1784905738.149807) can0 129#000000010000008F R
(1784905738.149914) can0 120#000000000000008B R
(1784905738.151617) can0 541#00001000000E16D0 R
(1784905738.151996) can0 450#0000000000002800 R
(1784905738.156004) can0 12D#0000000000000035 R
(1784905738.156408) can0 12E#000000000000C0CF R
(1784905738.163552) can0 12D#000000000000005F R
(1784905738.168226) can0 121#00A601CF048000B3 R
(1784905738.168649) can0 129#00000001000000BA R
(1784905738.171446) can0 120#00000000000000BE R
(1784905738.173787) can0 541#00001000000E1631 R
(1784905738.175813) can0 12D#000000000000006A R
(1784905738.175937) can0 12E#000000000000C02E R
(1784905738.176125) can0 12A#10050000000A003D R
(1784905738.176288) can0 5A0#0000000004000064 R
(1784905738.183573) can0 12D#000000000000008B R
(1784905738.189532) can0 121#00A601CF048000D9 R
(1784905738.190052) can0 129#00000001000000D0 R
(1784905738.190212) can0 120#00000000000000D4 R
(1784905738.190883) can0 541#00001000000E165B R
(1784905738.194575) can0 12D#00000000000000BE R
(1784905738.195066) can0 12E#000000000000C044 R
(1784905738.203153) can0 450#0000000000002800 R
(1784905738.203536) can0 12D#00000000000000D4 R
(1784905738.208083) can0 121#00A601CF04800038 R
(1784905738.208519) can0 129#0000000100000031 R
(1784905738.211643) can0 120#0000000000000035 R
(1784905738.212042) can0 541#00001000000E166E R
(1784905738.215573) can0 12D#0000000000000035 R
(1784905738.216000) can0 12E#000000000000C071 R
(1784905738.224236) can0 12D#000000000000005F R
(1784905738.224631) can0 12A#10050000000A0057 R
(1784905738.229260) can0 121#00A601CF04800052 R
(1784905738.229694) can0 129#000000010000005B R
(1784905738.233567) can0 540#000040100000ED00 R
(1784905738.233953) can0 5B0#100000000000008A R
(1784905738.234110) can0 120#000000000000005F R
(1784905738.234223) can0 541#00001000000E168F R
(1784905738.234321) can0 12D#000000000000006A R
(1784905738.238239) can0 12E#000000000000C090 R
(1784905738.243627) can0 12D#000000000000008B R
(1784905738.248084) can0 121#00A601CF04800067 R
(1784905738.248470) can0 129#000000010000006E R
(1784905738.249693) can0 120#000000000000006A R
(1784905738.253418) can0 541#00001000000E16BA R
(1784905738.253837) can0 450#0000000000002800 R
(1784905738.253975) can0 12D#00000000000000BE R
(1784905738.254205) can0 12E#000000000000C0A5 R
(1784905738.264325) can0 12D#00000000000000D4 R
(1784905738.269051) can0 121#00A601CF04800086 R
(1784905738.269475) can0 129#000000010000008F R
(1784905738.269684) can0 120#000000000000008B R
(1784905738.270902) can0 541#00001000000E16D0 R
(1784905738.275097) can0 12D#0000000000000035 R
(1784905738.275457) can0 12E#000000000000C0CF R
(1784905738.279140) can0 12A#10050000000A0062 R
(1784905738.279490) can0 5A0#0000000004000085 R
(1784905738.283585) can0 12D#000000000000005F R
(1784905738.289356) can0 121#00A601CF048000B3 R
(1784905738.290546) can0 129#00000001000000BA R
(1784905738.290661) can0 120#00000000000000BE R
(1784905738.290758) can0 541#00001000000E1631 R
(1784905738.293709) can0 12D#000000000000006A R
(1784905738.294056) can0 12E#000000000000C02E R
(1784905738.303045) can0 450#0000000000002800 R
(1784905738.307661) can0 12D#000000000000008B R
(1784905738.308154) can0 121#00A601CF048000D9 R
(1784905738.308259) can0 129#00000001000000D0 R
(1784905738.309972) can0 120#00000000000000D4 R
(1784905738.311700) can0 541#00001000000E165B R
(1784905738.313855) can0 12D#00000000000000BE R
(1784905738.314194) can0 12E#000000000000C044 R
(1784905738.323522) can0 12D#00000000000000D4 R
(1784905738.324062) can0 12A#10050000000A0083 R
(1784905738.328191) can0 121#00A601CF04800038 R
(1784905738.330364) can0 129#0000000100000031 R
(1784905738.330667) can0 540#000040100000ED00 R
(1784905738.330909) can0 5B0#10000000000000BF R
(1784905738.331705) can0 120#0000000000000035 R
(1784905738.332005) can0 541#00001000000E166E R
(1784905738.335246) can0 12D#0000000000000035 R
(1784905738.335708) can0 12E#000000000000C071 R
(1784905738.343802) can0 12D#000000000000005F R
(1784905738.348091) can0 121#00A601CF04800052 R
(1784905738.348467) can0 129#000000010000005B R
(1784905738.349662) can0 120#000000000000005F R
(1784905738.350797) can0 541#00001000000E168F R
(1784905738.351396) can0 450#0000000000002800 R
(1784905738.354525) can0 12D#000000000000006A R
(1784905738.354937) can0 12E#000000000000C090 R
(1784905738.363620) can0 12D#000000000000008B R
(1784905738.368127) can0 121#00A601CF04800067 R
(1784905738.368625) can0 129#000000010000006E R
(1784905738.373160) can0 120#000000000000006A R
(1784905738.373573) can0 541#00001000000E16BA R
(1784905738.373761) can0 12D#00000000000000BE R
(1784905738.373957) can0 12E#000000000000C0A5 R
(1784905738.374183) can0 12A#10050000000A00B6 R
(1784905738.377890) can0 5A0#00000000040000B0 R
(1784905738.383525) can0 12D#00000000000000D4 R
(1784905738.388096) can0 121#00A601CF04800086 R
(1784905738.388475) can0 129#000000010000008F R
(1784905738.391876) can0 120#000000000000008B R
(1784905738.392247) can0 541#00001000000E16D0 R
(1784905738.396669) can0 12D#0000000000000035 R
(1784905738.397071) can0 12E#000000000000C0CF R
(1784905738.400305) can0 450#0000000000002800 R
(1784905738.403905) can0 12D#000000000000005F R
(1784905738.408116) can0 121#00A601CF048000B3 R
(1784905738.408485) can0 129#00000001000000BA R
(1784905738.412548) can0 120#00000000000000BE R
(1784905738.413064) can0 541#00001000000E1631 R
(1784905738.425256) can0 12D#000000000000008B R
(1784905738.425785) can0 12A#10050000000A00DC R
(1784905738.428067) can0 121#00A601CF048000D9 R
(1784905738.431070) can0 129#00000001000000D0 R
(1784905738.431491) can0 540#000040100000ED00 R
(1784905738.431740) can0 5B0#10000000000000D5 R
(1784905738.431857) can0 120#00000000000000D4 R
(1784905738.431985) can0 541#00001000000E165B R
(1784905738.434657) can0 12D#00000000000000BE R
(1784905738.437023) can0 12E#000000000000C044 R
(1784905738.443526) can0 12D#00000000000000D4 R
(1784905738.448317) can0 121#00A601CF04800038 R
(1784905738.449642) can0 129#0000000100000031 R
(1784905738.449920) can0 120#0000000000000035 R
(1784905738.452327) can0 541#00001000000E166E R
(1784905738.452743) can0 450#0000000000002800 R
(1784905738.463728) can0 12D#000000000000005F R
(1784905738.468101) can0 121#00A601CF04800052 R
(1784905738.473736) can0 120#000000000000005F R
(1784905738.483935) can0 12D#000000000000008B R
(1784905738.488702) can0 121#00A601CF04800067 R
(1784905738.489850) can0 129#000000010000006E R
(1784905738.489958) can0 120#000000000000006A R
(1784905738.491165) can0 541#00001000000E16BA R
(1784905738.493953) can0 12D#00000000000000BE R
(1784905738.494327) can0 12E#000000000000C0A5 R
(1784905738.501065) can0 450#0000000000002800 R
(1784905738.505823) can0 12D#00000000000000D4 R
(1784905738.510168) can0 121#00A601CF04800086 R
(1784905738.510582) can0 129#000000010000008F R
(1784905738.510676) can0 120#000000000000008B R
(1784905738.510851) can0 541#00001000000E16D0 R
(1784905738.524091) can0 12D#000000000000005F R
(1784905738.524498) can0 12A#10050000000A0057 R
(1784905738.530413) can0 121#00A601CF048000B3 R
(1784905738.530816) can0 129#00000001000000BA R
(1784905738.531022) can0 540#000040100000ED00 R
(1784905738.531156) can0 5B0#1000000000000034 R
(1784905738.531274) can0 120#00000000000000BE R
(1784905738.536394) can0 12D#000000000000006A R
(1784905738.536745) can0 12E#000000000000C02E R
(1784905738.543742) can0 12D#000000000000008B R
(1784905738.548142) can0 121#00A601CF048000D9 R
(1784905738.553728) can0 12D#00000000000000BE R
(1784905738.564143) can0 12D#00000000000000D4 R
(1784905738.569129) can0 121#00A601CF04800038 R
(1784905738.571205) can0 129#0000000100000031 R
(1784905738.573775) can0 12D#0000000000000035 R
(1784905738.577555) can0 12E#000000000000C071 R
(1784905738.583595) can0 12D#000000000000005F R
(1784905738.588161) can0 121#00A601CF04800052 R
(1784905738.592419) can0 129#000000010000005B R
(1784905738.596663) can0 12D#000000000000006A R
(1784905738.604348) can0 12D#000000000000008B R
(1784905738.610624) can0 121#00A601CF04800067 R
(1784905738.611038) can0 129#000000010000006E R
(1784905738.615051) can0 12D#00000000000000BE R
(1784905738.615487) can0 12E#000000000000C0A5 R
(1784905738.624128) can0 12D#00000000000000D4 R
(1784905738.624539) can0 12A#10050000000A0083 R
(1784905738.629875) can0 121#00A601CF04800086 R
(1784905738.632108) can0 129#000000010000008F R
(1784905738.632413) can0 540#000040100000ED00 R
(1784905738.632531) can0 5B0#100000000000005E R
(1784905738.632640) can0 120#000000000000008B R
(1784905738.632785) can0 541#00001000000E16D0 R
(1784905738.633631) can0 12D#0000000000000035 R
(1784905738.633910) can0 12E#000000000000C0CF R
(1784905738.643559) can0 12D#000000000000005F R
(1784905738.650313) can0 121#00A601CF048000B3 R
(1784905738.650698) can0 129#00000001000000BA R
(1784905738.650800) can0 120#00000000000000BE R
(1784905738.654738) can0 12D#000000000000006A R
(1784905738.664022) can0 12D#000000000000008B R
(1784905738.669887) can0 121#00A601CF048000D9 R
(1784905738.674998) can0 12D#00000000000000BE R
(1784905738.683520) can0 12D#00000000000000D4 R
(1784905738.688533) can0 121#00A601CF04800038 R
(1784905738.688908) can0 129#0000000100000031 R
(1784905738.691883) can0 120#0000000000000035 R
(1784905738.692364) can0 541#00001000000E166E R
(1784905738.700706) can0 450#0000000000002800 R
(1784905738.703573) can0 12D#000000000000005F R
(1784905738.708219) can0 121#00A601CF04800052 R
(1784905738.708704) can0 129#000000010000005B R
(1784905738.723534) can0 12D#000000000000008B R
(1784905738.728128) can0 121#00A601CF04800067 R
(1784905738.729763) can0 120#000000000000006A R
(1784905738.730710) can0 541#00001000000E16BA R
(1784905738.734769) can0 12D#00000000000000BE R
(1784905738.737149) can0 12E#000000000000C0A5 R
(1784905738.743550) can0 12D#00000000000000D4 R
(1784905738.748435) can0 121#00A601CF04800086 R
(1784905738.748847) can0 129#000000010000008F R
(1784905738.749715) can0 120#000000000000008B R
(1784905738.753981) can0 450#0000000000002800 R
(1784905738.764721) can0 12D#000000000000005F R
(1784905738.769842) can0 121#00A601CF048000B3 R
(1784905738.770284) can0 129#00000001000000BA R
(1784905738.770378) can0 120#00000000000000BE R
(1784905738.775470) can0 12D#000000000000006A R
(1784905738.775842) can0 12E#000000000000C02E R
(1784905738.783531) can0 12D#000000000000008B R
(1784905738.788180) can0 121#00A601CF048000D9 R
(1784905738.788656) can0 129#00000001000000D0 R
(1784905738.789959) can0 120#00000000000000D4 R
(1784905738.802294) can0 450#0000000000002800 R
(1784905738.806830) can0 12D#00000000000000D4 R
(1784905738.811088) can0 121#00A601CF04800038 R
(1784905738.811566) can0 129#0000000100000031 R
(1784905738.816126) can0 12D#0000000000000035 R
(1784905738.825134) can0 12D#000000000000005F R
(1784905738.825557) can0 12A#10050000000A0057 R
(1784905738.830196) can0 121#00A601CF04800052 R
(1784905738.830592) can0 129#000000010000005B R
(1784905738.831087) can0 120#000000000000005F R
(1784905738.834142) can0 12D#000000000000006A R
(1784905738.843653) can0 12D#000000000000008B R
(1784905738.848187) can0 121#00A601CF04800067 R
(1784905738.848389) can0 129#000000010000006E R
(1784905738.850455) can0 120#000000000000006A R
(1784905738.851706) can0 541#00001000000E16BA R
(1784905738.852033) can0 450#0000000000002800 R
(1784905738.854831) can0 12D#00000000000000BE R
(1784905738.863599) can0 12D#00000000000000D4 R
(1784905738.868258) can0 121#00A601CF04800086 R
(1784905738.868657) can0 129#000000010000008F R
(1784905738.871575) can0 120#000000000000008B R
(1784905738.874666) can0 12D#0000000000000035 R
(1784905738.886127) can0 12D#000000000000005F R
(1784905738.888281) can0 121#00A601CF048000B3 R
(1784905738.888720) can0 129#00000001000000BA R
(1784905738.889932) can0 120#00000000000000BE R
(1784905738.902998) can0 450#0000000000002800 R
(1784905738.903504) can0 12D#000000000000008B R
(1784905738.924284) can0 12D#00000000000000D4 R
(1784905738.924679) can0 12A#10050000000A0083 R
(1784905738.930958) can0 121#00A601CF04800038 R
(1784905738.945276) can0 12D#000000000000005F R
(1784905738.949385) can0 121#00A601CF04800052 R
(1784905738.949805) can0 129#000000010000005B R
(1784905738.964795) can0 12D#000000000000008B R
(1784905738.969233) can0 121#00A601CF04800067 R
(1784905738.969697) can0 129#000000010000006E R
(1784905738.972902) can0 120#000000000000006A R
(1784905738.973327) can0 541#00001000000E16BA R
(1784905738.983507) can0 12D#00000000000000D4 R
(1784905738.988142) can0 121#00A601CF04800086 R
(1784905738.988529) can0 129#000000010000008F R
(1784905738.989731) can0 120#000000000000008B R
(1784905738.994598) can0 12D#0000000000000035 R
(1784905739.003730) can0 12D#000000000000005F R
(1784905739.008144) can0 121#00A601CF048000B3 R
(1784905739.016585) can0 12D#000000000000006A R
(1784905739.025269) can0 12D#000000000000008B R
(1784905739.028212) can0 121#00A601CF048000D9 R
(1784905739.034897) can0 12D#00000000000000BE R
(1784905739.035388) can0 12E#000000000000C044 R
(1784905739.043525) can0 12D#00000000000000D4 R
(1784905739.050477) can0 121#00A601CF04800038 R
(1784905739.050977) can0 129#0000000100000031 R
(1784905739.051146) can0 120#0000000000000035 R
(1784905739.051245) can0 541#00001000000E166E R
(1784905739.053659) can0 12D#0000000000000035 R
(1784905739.065548) can0 12D#000000000000005F R
(1784905739.070646) can0 121#00A601CF04800052 R
(1784905739.071133) can0 129#000000010000005B R
(1784905739.071257) can0 120#000000000000005F R
(1784905739.071397) can0 541#00001000000E1799 R
(1784905739.076893) can0 12D#000000000000006A R
(1784905739.079148) can0 12E#000000000000C090 R
(1784905739.082813) can0 12A#10050000000A003D R
(1784905739.083133) can0 5A0#00000000040000DA R
(1784905739.083485) can0 12D#000000000000008B R
(1784905739.088333) can0 121#00A601CF04800067 R
(1784905739.088732) can0 129#000000010000006E R
(1784905739.089732) can0 120#000000000000006A R
(1784905739.090849) can0 541#00001000000E17AC R
(1784905739.094060) can0 12D#00000000000000BE R
(1784905739.100451) can0 450#0000000000002800 R
(1784905739.104161) can0 12D#00000000000000D4 R
(1784905739.108333) can0 121#00A601CF04800086 R
(1784905739.108730) can0 129#000000010000008F R
(1784905739.109870) can0 120#000000000000008B R
(1784905739.113200) can0 541#00001000000E17C6 R
(1784905739.123514) can0 12D#000000000000005F R
(1784905739.128220) can0 121#00A601CF048000B3 R
(1784905739.128481) can0 129#00000001000000BA R
(1784905739.129854) can0 120#00000000000000BE R
(1784905739.130951) can0 541#00001000000E1727 R
(1784905739.143531) can0 12D#000000000000008B R
(1784905739.149560) can0 121#00A601CF048000D9 R
(1784905739.150023) can0 129#00000001000000D0 R
(1784905739.150123) can0 120#00000000000000D4 R
(1784905739.152575) can0 541#00001000000E174D R
(1784905739.165403) can0 12D#00000000000000D4 R
(1784905739.168199) can0 121#00A601CF04800038 R
(1784905739.172280) can0 120#0000000000000035 R
(1784905739.183851) can0 12D#000000000000005F R
(1784905739.188467) can0 121#00A601CF04800052 R
(1784905739.188862) can0 129#000000010000005B R
(1784905739.192865) can0 120#000000000000005F R
(1784905739.200390) can0 450#0000000000002800 R
(1784905739.203826) can0 12D#000000000000008B R
(1784905739.208872) can0 121#00A601CF04800067 R
(1784905739.223493) can0 12D#00000000000000D4 R
(1784905739.228199) can0 121#00A601CF04800086 R
(1784905739.231499) can0 129#000000010000008F R
(1784905739.231728) can0 540#000040100000ED00 R
(1784905739.236908) can0 12D#0000000000000035 R
(1784905739.237291) can0 12E#000000000000C0CF R
(1784905739.243506) can0 12D#000000000000005F R
(1784905739.249692) can0 121#00A601CF048000B3 R
(1784905739.250116) can0 129#00000001000000BA R
(1784905739.250233) can0 120#00000000000000BE R
(1784905739.250864) can0 541#00001000000E1727 R
(1784905739.251244) can0 450#0000000000002800 R
(1784905739.254636) can0 12D#000000000000006A R
(1784905739.254856) can0 12E#000000000000C02E R
(1784905739.263531) can0 12D#000000000000008B R
(1784905739.269698) can0 121#00A601CF048000D9 R
(1784905739.270100) can0 129#00000001000000D0 R
(1784905739.270198) can0 120#00000000000000D4 R
(1784905739.274000) can0 541#00001000000E174D R
(1784905739.274339) can0 12D#00000000000000BE R
(1784905739.274446) can0 12E#000000000000C044 R
(1784905739.274587) can0 12A#10050000000A00B6 R
(1784905739.283884) can0 12D#00000000000000D4 R
(1784905739.288534) can0 121#00A601CF04800038 R
(1784905739.288924) can0 129#0000000100000031 R
(1784905739.293452) can0 120#0000000000000035 R
(1784905739.293954) can0 12D#0000000000000035 R
(1784905739.300733) can0 450#0000000000002800 R
(1784905739.303693) can0 12D#000000000000005F R
(1784905739.311135) can0 121#00A601CF04800052 R
(1784905739.311486) can0 129#000000010000005B R
(1784905739.313808) can0 12D#000000000000006A R
(1784905739.323500) can0 12D#000000000000008B R
(1784905739.323877) can0 12A#10050000000A00DC R
(1784905739.328160) can0 121#00A601CF04800067 R
(1784905739.334425) can0 540#000040100000ED00 R
(1784905739.343517) can0 12D#00000000000000D4 R
(1784905739.348275) can0 121#00A601CF04800086 R
(1784905739.348632) can0 129#000000010000008F R
(1784905739.350908) can0 120#000000000000008B R
(1784905739.353271) can0 541#00001000000E17C6 R
(1784905739.353385) can0 450#0000000000002800 R
(1784905739.353622) can0 12D#0000000000000035 R
(1784905739.363485) can0 12D#000000000000005F R
(1784905739.368514) can0 121#00A601CF048000B3 R
(1784905739.368970) can0 129#00000001000000BA R
(1784905739.373400) can0 120#00000000000000BE R
(1784905739.373735) can0 541#00001000000E1727 R
(1784905739.373839) can0 12D#000000000000006A R
(1784905739.386720) can0 12D#000000000000008B R
(1784905739.389388) can0 121#00A601CF048000D9 R
(1784905739.393334) can0 129#00000001000000D0 R
(1784905739.393723) can0 120#00000000000000D4 R
(1784905739.400342) can0 450#0000000000002800 R
(1784905739.404375) can0 12D#00000000000000D4 R
(1784905739.408184) can0 121#00A601CF04800038 R
(1784905739.408647) can0 129#0000000100000031 R
(1784905739.411267) can0 120#0000000000000035 R
(1784905739.411728) can0 541#00001000000E1778 R
(1784905739.423685) can0 12D#000000000000005F R
(1784905739.424093) can0 12A#10050000000A0057 R
(1784905739.428668) can0 129#000000010000005B R
(1784905739.443822) can0 12D#000000000000008B R
(1784905739.449229) can0 121#00A601CF04800067 R
(1784905739.450468) can0 129#000000010000006E R
(1784905739.450741) can0 120#000000000000006A R
(1784905739.450888) can0 541#00001000000E17AC R
(1784905739.451375) can0 450#0000000000002800 R
(1784905739.453861) can0 12D#00000000000000BE R
(1784905739.454228) can0 12E#000000000000C0A5 R
(1784905739.463531) can0 12D#00000000000000D4 R
(1784905739.469578) can0 121#00A601CF04800086 R
(1784905739.469953) can0 129#000000010000008F R
(1784905739.470056) can0 120#000000000000008B R
(1784905739.475943) can0 5A0#0000000004000085 R
(1784905739.488218) can0 121#00A601CF048000B3 R
(1784905739.490630) can0 129#00000001000000BA R
(1784905739.500318) can0 450#0000000000002800 R
(1784905739.503498) can0 12D#000000000000008B R
(1784905739.509558) can0 121#00A601CF048000D9 R
(1784905739.510057) can0 129#00000001000000D0 R
(1784905739.510170) can0 120#00000000000000D4 R
(1784905739.510689) can0 541#00001000000E174D R
(1784905739.515390) can0 12D#00000000000000BE R
(1784905739.517709) can0 12E#000000000000C044 R
(1784905739.526603) can0 12D#00000000000000D4 R
(1784905739.530519) can0 121#00A601CF04800038 R
(1784905739.543505) can0 12D#000000000000005F R
(1784905739.548192) can0 121#00A601CF04800052 R
(1784905739.548591) can0 129#000000010000005B R
(1784905739.553283) can0 120#000000000000005F R
(1784905739.563482) can0 12D#000000000000008B R
(1784905739.568172) can0 121#00A601CF04800067 R
(1784905739.568608) can0 129#000000010000006E R
(1784905739.571547) can0 120#000000000000006A R
(1784905739.571775) can0 541#00001000000E17AC R
(1784905739.585997) can0 12D#00000000000000D4 R
(1784905739.588174) can0 121#00A601CF04800086 R
(1784905739.588445) can0 129#000000010000008F R
(1784905739.592228) can0 120#000000000000008B R
(1784905739.592640) can0 541#00001000000E17C6 R
(1784905739.597059) can0 12D#0000000000000035 R
(1784905739.606873) can0 12D#000000000000005F R
(1784905739.609662) can0 121#00A601CF048000B3 R
(1784905739.610098) can0 129#00000001000000BA R
(1784905739.616056) can0 12D#000000000000006A R
(1784905739.623521) can0 12D#000000000000008B R
(1784905739.629220) can0 121#00A601CF048000D9 R
(1784905739.634206) can0 120#00000000000000D4 R
(1784905739.643478) can0 12D#00000000000000D4 R
(1784905739.649881) can0 121#00A601CF04800038 R
(1784905739.650392) can0 129#0000000100000031 R
(1784905739.650529) can0 120#0000000000000035 R
(1784905739.650683) can0 541#00001000000E1778 R
(1784905739.666127) can0 12D#000000000000005F R
(1784905739.670753) can0 121#00A601CF04800052 R
(1784905739.671137) can0 129#000000010000005B R
(1784905739.672089) can0 120#000000000000005F R
(1784905739.683667) can0 12D#000000000000008B R
(1784905739.691786) can0 121#00A601CF04800067 R
(1784905739.692148) can0 129#000000010000006E R
(1784905739.692359) can0 120#000000000000006A R
(1784905739.692456) can0 541#00001000000E17AC R
(1784905739.696356) can0 12D#00000000000000BE R
(1784905739.696666) can0 12E#000000000000C0A5 R
(1784905739.700590) can0 450#0000000000002800 R
(1784905739.704870) can0 12D#00000000000000D4 R
(1784905739.708265) can0 121#00A601CF04800086 R
(1784905739.708762) can0 129#000000010000008F R
(1784905739.713084) can0 120#000000000000008B R
(1784905739.723514) can0 12D#000000000000005F R
(1784905739.727351) can0 12A#10050000000A0057 R
(1784905739.731339) can0 121#00A601CF048000B3 R
(1784905739.731839) can0 129#00000001000000BA R
(1784905739.731933) can0 540#000040100000ED00 R
(1784905739.743731) can0 12D#000000000000008B R
(1784905739.748249) can0 121#00A601CF048000D9 R
(1784905739.752211) can0 129#00000001000000D0 R
(1784905739.752538) can0 541#00001000000E174D R
(1784905739.753719) can0 12D#00000000000000BE R
(1784905739.763607) can0 12D#00000000000000D4 R
(1784905739.768229) can0 121#00A601CF04800038 R
(1784905739.768632) can0 129#0000000100000031 R
(1784905739.769821) can0 120#0000000000000035 R
(1784905739.773998) can0 541#00001000000E1778 R
(1784905739.774387) can0 12D#0000000000000035 R
(1784905739.774507) can0 12E#000000000000C071 R
(1784905739.774719) can0 12A#10050000000A0062 R
(1784905739.774885) can0 5A0#000000000400003B R
(1784905739.783511) can0 12D#000000000000005F R
(1784905739.788387) can0 121#00A601CF04800052 R
(1784905739.788788) can0 129#000000010000005B R
(1784905739.789781) can0 120#000000000000005F R
(1784905739.790723) can0 541#00001000000E1799 R
(1784905739.794606) can0 12D#000000000000006A R
(1784905739.794982) can0 12E#000000000000C090 R
(1784905739.803989) can0 450#0000000000002800 R
(1784905739.804416) can0 12D#000000000000008B R
(1784905739.810006) can0 121#00A601CF04800067 R
(1784905739.810408) can0 129#000000010000006E R
(1784905739.814730) can0 12D#00000000000000BE R
(1784905739.823845) can0 12D#00000000000000D4 R
(1784905739.827603) can0 12A#10050000000A0083 R
(1784905739.829905) can0 120#000000000000008B R
(1784905739.843455) can0 12D#000000000000005F R
(1784905739.848245) can0 121#00A601CF048000B3 R
(1784905739.848708) can0 129#00000001000000BA R
(1784905739.851023) can0 120#00000000000000BE R
(1784905739.853625) can0 12D#000000000000006A R
(1784905739.855534) can0 12E#000000000000C02E R
(1784905739.863474) can0 12D#000000000000008B R
(1784905739.868224) can0 121#00A601CF048000D9 R
(1784905739.868477) can0 129#00000001000000D0 R
(1784905739.872762) can0 120#00000000000000D4 R
(1784905739.885518) can0 12D#00000000000000D4 R
(1784905739.893392) can0 120#0000000000000035 R
(1784905739.900368) can0 450#0000000000002800 R
(1784905739.906033) can0 12D#000000000000005F R
(1784905739.908967) can0 121#00A601CF04800052 R
(1784905739.909453) can0 129#000000010000005B R
(1784905739.930570) can0 12D#000000000000008B R
(1784905739.930950) can0 12A#10050000000A00DC R
(1784905739.931372) can0 540#000040100000ED00 R
(1784905739.944501) can0 12D#00000000000000D4 R
(1784905739.949561) can0 121#00A601CF04800086 R
(1784905739.949889) can0 129#000000010000008F R
(1784905739.949989) can0 120#000000000000008B R
(1784905739.951309) can0 541#00001000000E17C6 R
(1784905739.951627) can0 450#0000000000002800 R
(1784905739.954304) can0 12D#0000000000000035 R
(1784905739.963494) can0 12D#000000000000005F R
(1784905739.968224) can0 121#00A601CF048000B3 R
(1784905739.972702) can0 129#00000001000000BA R
(1784905739.973937) can0 120#00000000000000BE R
(1784905739.974240) can0 541#00001000000E1727 R
(1784905739.974345) can0 12D#000000000000006A R
(1784905739.986584) can0 12D#000000000000008B R
(1784905739.988323) can0 121#00A601CF048000D9 R
(1784905739.988633) can0 129#00000001000000D0 R
(1784905739.991707) can0 120#00000000000000D4 R
(1784905739.992045) can0 541#00001000000E174D R
(1784905739.993647) can0 12D#00000000000000BE R
(1784905740.003525) can0 12D#00000000000000D4 R
(1784905740.010724) can0 541#00001000000E1778 R
(1784905740.023577) can0 12D#000000000000005F R
(1784905740.028371) can0 121#00A601CF04800052 R
(1784905740.037047) can0 12D#000000000000006A R
(1784905740.043644) can0 12D#000000000000008B R
(1784905740.051641) can0 121#00A601CF04800067 R
(1784905740.052139) can0 129#000000010000006E R
(1784905740.056266) can0 120#000000000000006A R
(1784905740.065224) can0 12D#00000000000000D4 R
(1784905740.068265) can0 121#00A601CF04800086 R
(1784905740.070459) can0 129#000000010000008F R
(1784905740.070581) can0 120#000000000000008B R
(1784905740.070681) can0 541#00001000000E18C0 R
(1784905740.075097) can0 12D#0000000000000035 R
(1784905740.083487) can0 12D#000000000000005F R
(1784905740.088509) can0 121#00A601CF048000B3 R
(1784905740.088862) can0 129#00000001000000BA R
(1784905740.090175) can0 120#00000000000000BE R
(1784905740.094844) can0 541#00001000000E1821 R
(1784905740.102961) can0 450#0000000000002800 R
(1784905740.103488) can0 12D#000000000000008B R
(1784905740.108238) can0 121#00A601CF048000D9 R
(1784905740.111844) can0 120#00000000000000D4 R
(1784905740.123521) can0 12D#00000000000000D4 R
(1784905740.127345) can0 12A#10050000000A0083 R
(1784905740.128183) can0 121#00A601CF04800038 R
(1784905740.128451) can0 129#0000000100000031 R
(1784905740.131497) can0 540#000040100000ED00 R
(1784905740.131952) can0 5B0#10000000000000BF R
(1784905740.136906) can0 12D#0000000000000035 R
(1784905740.145292) can0 12D#000000000000005F R
(1784905740.155600) can0 121#00A601CF04800052 R
(1784905740.156051) can0 129#000000010000005B R
(1784905740.156155) can0 120#000000000000005F R
(1784905740.156335) can0 541#00001000000E189F R
(1784905740.163488) can0 12D#000000000000008B R
(1784905740.168886) can0 121#00A601CF04800067 R
(1784905740.169264) can0 129#000000010000006E R
(1784905740.172893) can0 120#000000000000006A R
(1784905740.173292) can0 541#00001000000E18AA R
(1784905740.174080) can0 12D#00000000000000BE R
(1784905740.174373) can0 12E#000000000000C0A5 R
(1784905740.174602) can0 12A#10050000000A00B6 R
(1784905740.174700) can0 5A0#00000000040000B0 R
(1784905740.186455) can0 12D#00000000000000D4 R
(1784905740.189845) can0 121#00A601CF04800086 R
(1784905740.190252) can0 129#000000010000008F R
(1784905740.195130) can0 12D#0000000000000035 R
(1784905740.200358) can0 450#0000000000002800 R
(1784905740.203719) can0 12D#000000000000005F R
(1784905740.209135) can0 121#00A601CF048000B3 R
(1784905740.210729) can0 541#00001000000E1821 R
(1784905740.223443) can0 12D#000000000000008B R
(1784905740.223941) can0 12A#10050000000A00DC R
(1784905740.228419) can0 121#00A601CF048000D9 R
(1784905740.228793) can0 129#00000001000000D0 R
(1784905740.229082) can0 5B0#10000000000000D5 R
(1784905740.245041) can0 12D#00000000000000D4 R
(1784905740.248230) can0 121#00A601CF04800038 R
(1784905740.252132) can0 129#0000000100000031 R
(1784905740.252414) can0 120#0000000000000035 R
(1784905740.256164) can0 12D#0000000000000035 R
(1784905740.263489) can0 12D#000000000000005F R
(1784905740.268346) can0 121#00A601CF04800052 R
(1784905740.268701) can0 129#000000010000005B R
(1784905740.272320) can0 120#000000000000005F R
(1784905740.272705) can0 541#00001000000E189F R
(1784905740.276790) can0 12D#000000000000006A R
(1784905740.285719) can0 12D#000000000000008B R
(1784905740.288496) can0 121#00A601CF04800067 R
(1784905740.290611) can0 129#000000010000006E R
(1784905740.301576) can0 450#0000000000002800 R
(1784905740.312630) can0 541#00001000000E18C0 R
(1784905740.323470) can0 12D#000000000000005F R
(1784905740.323863) can0 12A#10050000000A0057 R
(1784905740.328285) can0 121#00A601CF048000B3 R
(1784905740.332635) can0 129#00000001000000BA R
(1784905740.337260) can0 12D#000000000000006A R
(1784905740.345587) can0 12D#000000000000008B R
(1784905740.353607) can0 12D#00000000000000BE R
(1784905740.363505) can0 12D#00000000000000D4 R
(1784905740.368294) can0 121#00A601CF04800038 R
(1784905740.368675) can0 129#0000000100000031 R
(1784905740.371551) can0 120#0000000000000035 R
(1784905740.371962) can0 541#00001000000E187E R
(1784905740.374940) can0 12D#0000000000000035 R
(1784905740.375311) can0 12E#000000000000C071 R
(1784905740.375494) can0 12A#10050000000A0062 R
(1784905740.383496) can0 12D#000000000000005F R
(1784905740.388490) can0 121#00A601CF04800052 R
(1784905740.388929) can0 129#000000010000005B R
(1784905740.389918) can0 120#000000000000005F R
(1784905740.394085) can0 12D#000000000000006A R
(1784905740.402579) can0 450#0000000000002800 R
(1784905740.410288) can0 121#00A601CF04800067 R
(1784905740.423460) can0 12D#00000000000000D4 R
(1784905740.423950) can0 12A#10050000000A0083 R
(1784905740.430379) can0 121#00A601CF04800086 R
(1784905740.432613) can0 129#000000010000008F R
(1784905740.443476) can0 12D#000000000000005F R
(1784905740.448493) can0 121#00A601CF048000B3 R
(1784905740.452538) can0 129#00000001000000BA R
(1784905740.452653) can0 120#00000000000000BE R
(1784905740.452805) can0 541#00001000000E1821 R
(1784905740.456461) can0 12D#000000000000006A R
(1784905740.463528) can0 12D#000000000000008B R
(1784905740.468239) can0 121#00A601CF048000D9 R
(1784905740.468604) can0 129#00000001000000D0 R
(1784905740.469901) can0 120#00000000000000D4 R
(1784905740.473891) can0 541#00001000000E184B R
(1784905740.474336) can0 12D#00000000000000BE R
(1784905740.474452) can0 12E#000000000000C044 R
(1784905740.474547) can0 12A#10050000000A00B6 R
(1784905740.478055) can0 5A0#0000000004000051 R
(1784905740.483496) can0 12D#00000000000000D4 R
(1784905740.490609) can0 121#00A601CF04800038 R
(1784905740.490975) can0 129#0000000100000031 R
(1784905740.495122) can0 12D#0000000000000035 R
(1784905740.500362) can0 450#0000000000002800 R
(1784905740.504212) can0 12D#000000000000005F R
(1784905740.510198) can0 121#00A601CF04800052 R
(1784905740.510630) can0 129#000000010000005B R
(1784905740.515147) can0 12D#000000000000006A R
(1784905740.515700) can0 12E#000000000000C090 R
(1784905740.523445) can0 12D#000000000000008B R
(1784905740.523809) can0 12A#10050000000A00DC R
(1784905740.528267) can0 121#00A601CF04800067 R
(1784905740.528755) can0 129#000000010000006E R
(1784905740.528893) can0 540#000040100000ED00 R
(1784905740.529002) can0 5B0#100000000000006B R
(1784905740.529907) can0 120#000000000000006A R
(1784905740.530722) can0 541#00001000000E18AA R
(1784905740.534811) can0 12D#00000000000000BE R
(1784905740.535158) can0 12E#000000000000C0A5 R
(1784905740.543791) can0 12D#00000000000000D4 R
(1784905740.549890) can0 121#00A601CF04800086 R
(1784905740.554098) can0 129#000000010000008F R
(1784905740.554413) can0 120#000000000000008B R
(1784905740.554618) can0 541#00001000000E18C0 R
(1784905740.554826) can0 12D#0000000000000035 R
(1784905740.563920) can0 12D#000000000000005F R
(1784905740.568400) can0 121#00A601CF048000B3 R
(1784905740.569658) can0 129#00000001000000BA R
(1784905740.569966) can0 120#00000000000000BE R
(1784905740.573627) can0 12D#000000000000006A R
(1784905740.573943) can0 12E#000000000000C02E R
(1784905740.574151) can0 12A#10050000000A003D R
(1784905740.574347) can0 5A0#0000000004000064 R
(1784905740.586164) can0 12D#000000000000008B R
(1784905740.588362) can0 121#00A601CF048000D9 R
(1784905740.588857) can0 129#00000001000000D0 R
(1784905740.590959) can0 120#00000000000000D4 R
(1784905740.593602) can0 12D#00000000000000BE R
(1784905740.605931) can0 12D#00000000000000D4 R
(1784905740.614085) can0 12D#0000000000000035 R
(1784905740.624892) can0 12D#000000000000005F R
(1784905740.628295) can0 121#00A601CF04800052 R
(1784905740.628650) can0 129#000000010000005B R
(1784905740.628731) can0 540#000040100000ED00 R
(1784905740.633554) can0 12D#000000000000006A R
(1784905740.633943) can0 12E#000000000000C090 R
(1784905740.643467) can0 12D#000000000000008B R
(1784905740.648587) can0 121#00A601CF04800067 R
(1784905740.649680) can0 129#000000010000006E R
(1784905740.651445) can0 541#00001000000E18AA R
(1784905740.664219) can0 12D#00000000000000D4 R
(1784905740.668267) can0 121#00A601CF04800086 R
(1784905740.673682) can0 12D#0000000000000035 R
(1784905740.685779) can0 12D#000000000000005F R
(1784905740.690864) can0 121#00A601CF048000B3 R
(1784905740.691215) can0 129#00000001000000BA R
(1784905740.691320) can0 120#00000000000000BE R
(1784905740.691522) can0 541#00001000000E1821 R
(1784905740.700586) can0 450#0000000000002800 R
(1784905740.706803) can0 12D#000000000000008B R
(1784905740.709692) can0 121#00A601CF048000D9 R
(1784905740.714551) can0 12D#00000000000000BE R
(1784905740.723460) can0 12D#00000000000000D4 R
(1784905740.723857) can0 12A#10050000000A0083 R
(1784905740.732028) can0 541#00001000000E187E R
(1784905740.743505) can0 12D#000000000000005F R
(1784905740.750243) can0 121#00A601CF04800052 R
(1784905740.750712) can0 129#000000010000005B R
(1784905740.750823) can0 120#000000000000005F R
(1784905740.756353) can0 12D#000000000000006A R
(1784905740.756715) can0 12E#000000000000C090 R
(1784905740.768654) can0 121#00A601CF04800067 R
(1784905740.772844) can0 120#000000000000006A R
(1784905740.776297) can0 12A#10050000000A00B6 R
(1784905740.785683) can0 12D#00000000000000D4 R
(1784905740.791178) can0 121#00A601CF04800086 R
(1784905740.791621) can0 129#000000010000008F R
(1784905740.791730) can0 120#000000000000008B R
(1784905740.791835) can0 541#00001000000E18C0 R
(1784905740.793826) can0 12D#0000000000000035 R
(1784905740.800361) can0 450#0000000000002800 R
(1784905740.805199) can0 12D#000000000000005F R
(1784905740.809575) can0 121#00A601CF048000B3 R
(1784905740.823428) can0 12D#000000000000008B R
(1784905740.827206) can0 12A#10050000000A00DC R
(1784905740.828311) can0 121#00A601CF048000D9 R
(1784905740.828585) can0 129#00000001000000D0 R
(1784905740.828707) can0 540#000040100000ED00 R
(1784905740.833558) can0 12D#00000000000000BE R
(1784905740.843434) can0 12D#00000000000000D4 R
(1784905740.850057) can0 121#00A601CF04800038 R
(1784905740.850622) can0 129#0000000100000031 R
(1784905740.856123) can0 12D#0000000000000035 R
(1784905740.864518) can0 12D#000000000000005F R
(1784905740.868541) can0 121#00A601CF04800052 R
(1784905740.868967) can0 129#000000010000005B R
(1784905740.872140) can0 120#000000000000005F R
(1784905740.873765) can0 12D#000000000000006A R
(1784905740.884202) can0 12D#000000000000008B R
(1784905740.889721) can0 121#00A601CF04800067 R
(1784905740.890122) can0 129#000000010000006E R
(1784905740.890227) can0 120#000000000000006A R
(1784905740.890752) can0 541#00001000000E18AA R
(1784905740.894035) can0 12D#00000000000000BE R
(1784905740.894331) can0 12E#000000000000C0A5 R
(1784905740.902914) can0 450#0000000000002800 R
(1784905740.910901) can0 121#00A601CF04800086 R
(1784905740.926277) can0 12D#000000000000005F R
(1784905740.928865) can0 121#00A601CF048000B3 R
(1784905740.944270) can0 12D#000000000000008B R
(1784905740.950379) can0 121#00A601CF048000D9 R
(1784905740.950761) can0 129#00000001000000D0 R
(1784905740.950836) can0 120#00000000000000D4 R
(1784905740.951047) can0 541#00001000000E184B R
(1784905740.954498) can0 12D#00000000000000BE R
(1784905740.963470) can0 12D#00000000000000D4 R
(1784905740.968505) can0 121#00A601CF04800038 R
(1784905740.970750) can0 129#0000000100000031 R
(1784905740.983585) can0 12D#000000000000005F R
(1784905740.989044) can0 121#00A601CF04800052 R
(1784905740.989509) can0 129#000000010000005B R
(1784905740.992392) can0 120#000000000000005F R
(1784905740.992773) can0 541#00001000000E189F R
(1784905740.993544) can0 12D#000000000000006A R
(1784905741.000613) can0 450#0000000000002800 R
(1784905741.005846) can0 12D#000000000000008B R
(1784905741.009501) can0 129#000000010000006E R
(1784905741.015281) can0 12D#00000000000000BE R
(1784905741.024478) can0 12D#00000000000000D4 R
(1784905741.024829) can0 12A#10050000000A0083 R
(1784905741.029183) can0 121#00A601CF04800086 R
(1784905741.029580) can0 129#000000010000008F R
(1784905741.033632) can0 541#00001000000E18C0 R
(1784905741.044415) can0 12D#000000000000005F R
(1784905741.049284) can0 121#00A601CF048000B3 R
(1784905741.052339) can0 129#00000001000000BA R
(1784905741.052584) can0 120#00000000000000BE R
(1784905741.052711) can0 541#00001000000E1821 R
(1784905741.052840) can0 450#0000000000002800 R
(1784905741.063420) can0 12D#000000000000008B R
(1784905741.069352) can0 121#00A601CF048000D9 R
(1784905741.074172) can0 12D#00000000000000BE R
(1784905741.083737) can0 12D#00000000000000D4 R
(1784905741.088742) can0 121#00A601CF04800038 R
(1784905741.089760) can0 129#0000000100000031 R
(1784905741.090019) can0 120#0000000000000035 R
(1784905741.090752) can0 541#00001000000E1968 R
(1784905741.093525) can0 12D#0000000000000035 R
(1784905741.093886) can0 12E#000000000000C071 R
(1784905741.100365) can0 450#0000000000002800 R
(1784905741.104675) can0 12D#000000000000005F R
(1784905741.109019) can0 121#00A601CF04800052 R
(1784905741.109366) can0 129#000000010000005B R
(1784905741.110325) can0 120#000000000000005F R
(1784905741.110743) can0 541#00001000000E1989 R
(1784905741.113541) can0 12D#000000000000006A R
(1784905741.113904) can0 12E#000000000000C090 R
(1784905741.124094) can0 12D#000000000000008B R
(1784905741.124568) can0 12A#10050000000A00DC R
(1784905741.128306) can0 121#00A601CF04800067 R
(1784905741.128783) can0 129#000000010000006E R
(1784905741.128926) can0 540#000040100000ED00 R
(1784905741.129058) can0 5B0#100000000000006B R
(1784905741.132985) can0 120#000000000000006A R
(1784905741.143432) can0 12D#00000000000000D4 R
(1784905741.148955) can0 121#00A601CF04800086 R
(1784905741.149323) can0 129#000000010000008F R
(1784905741.153587) can0 120#000000000000008B R
(1784905741.154036) can0 541#00001000000E19D6 R
(1784905741.154147) can0 450#0000000000002800 R
(1784905741.163431) can0 12D#000000000000005F R
(1784905741.168496) can0 121#00A601CF048000B3 R
(1784905741.168736) can0 129#00000001000000BA R
(1784905741.172119) can0 120#00000000000000BE R
(1784905741.173739) can0 12D#000000000000006A R
(1784905741.183917) can0 12D#000000000000008B R
(1784905741.188328) can0 121#00A601CF048000D9 R
(1784905741.188844) can0 129#00000001000000D0 R
(1784905741.190144) can0 120#00000000000000D4 R
(1784905741.190739) can0 541#00001000000E195D R
(1784905741.194105) can0 12D#00000000000000BE R
(1784905741.194564) can0 12E#000000000000C044 R
(1784905741.201680) can0 450#0000000000002800 R
(1784905741.205813) can0 12D#00000000000000D4 R
(1784905741.210486) can0 121#00A601CF04800038 R
(1784905741.226190) can0 12D#000000000000005F R
(1784905741.226567) can0 12A#10050000000A0057 R
(1784905741.229986) can0 121#00A601CF04800052 R
(1784905741.230459) can0 129#000000010000005B R
(1784905741.230554) can0 540#000040100000ED00 R
(1784905741.230753) can0 5B0#100000000000008A R
(1784905741.233527) can0 12D#000000000000006A R
(1784905741.243390) can0 12D#000000000000008B R
(1784905741.248333) can0 121#00A601CF04800067 R
(1784905741.248736) can0 129#000000010000006E R
(1784905741.251976) can0 120#000000000000006A R
(1784905741.252372) can0 541#00001000000E19BC R
(1784905741.253535) can0 12D#00000000000000BE R
(1784905741.263398) can0 12D#00000000000000D4 R
(1784905741.268316) can0 121#00A601CF04800086 R
(1784905741.268805) can0 129#000000010000008F R
(1784905741.269909) can0 120#000000000000008B R
(1784905741.273643) can0 12D#0000000000000035 R
(1784905741.283470) can0 12D#000000000000005F R
(1784905741.288310) can0 121#00A601CF048000B3 R
(1784905741.288692) can0 129#00000001000000BA R
(1784905741.290001) can0 120#00000000000000BE R
(1784905741.292372) can0 541#00001000000E1937 R
(1784905741.293569) can0 12D#000000000000006A R
(1784905741.301239) can0 450#0000000000002800 R
(1784905741.303951) can0 12D#000000000000008B R
(1784905741.308467) can0 121#00A601CF048000D9 R
(1784905741.311010) can0 129#00000001000000D0 R
(1784905741.323429) can0 12D#00000000000000D4 R
(1784905741.329349) can0 121#00A601CF04800038 R
(1784905741.336197) can0 12D#0000000000000035 R
(1784905741.344492) can0 12D#000000000000005F R
(1784905741.349205) can0 121#00A601CF04800052 R
(1784905741.364357) can0 12D#000000000000008B R
(1784905741.368616) can0 121#00A601CF04800067 R
(1784905741.369015) can0 129#000000010000006E R
(1784905741.370055) can0 120#000000000000006A R
(1784905741.374819) can0 12D#00000000000000BE R
(1784905741.383723) can0 12D#00000000000000D4 R
(1784905741.388370) can0 121#00A601CF04800086 R
(1784905741.394609) can0 12D#0000000000000035 R
(1784905741.400072) can0 12E#000000000000C0CF R
(1784905741.400455) can0 450#0000000000002800 R
(1784905741.403713) can0 12D#000000000000005F R
(1784905741.410136) can0 121#00A601CF048000B3 R
(1784905741.410492) can0 129#00000001000000BA R
(1784905741.410596) can0 120#00000000000000BE R
(1784905741.410700) can0 541#00001000000E1937 R
(1784905741.424419) can0 12D#000000000000008B R
(1784905741.424842) can0 12A#10050000000A00DC R
(1784905741.429325) can0 121#00A601CF048000D9 R
(1784905741.429671) can0 129#00000001000000D0 R
(1784905741.429762) can0 540#000040100000ED00 R
(1784905741.433587) can0 5B0#10000000000000D5 R
(1784905741.445207) can0 12D#00000000000000D4 R
(1784905741.451678) can0 541#00001000000E1968 R
(1784905741.463650) can0 12D#000000000000005F R
(1784905741.468885) can0 121#00A601CF04800052 R
(1784905741.469320) can0 129#000000010000005B R
(1784905741.469912) can0 120#000000000000005F R
(1784905741.473305) can0 541#00001000000E1989 R
(1784905741.483557) can0 12D#000000000000008B R
(1784905741.490235) can0 121#00A601CF04800067 R
(1784905741.493597) can0 12D#00000000000000BE R
(1784905741.501752) can0 450#0000000000002800 R
(1784905741.503463) can0 12D#00000000000000D4 R
(1784905741.508350) can0 121#00A601CF04800086 R
(1784905741.513734) can0 12D#0000000000000035 R
(1784905741.526351) can0 12D#000000000000005F R
(1784905741.526756) can0 12A#10050000000A0057 R
(1784905741.528387) can0 121#00A601CF048000B3 R
(1784905741.528695) can0 129#00000001000000BA R
(1784905741.533333) can0 120#00000000000000BE R
(1784905741.546048) can0 12D#000000000000008B R
(1784905741.548565) can0 121#00A601CF048000D9 R
(1784905741.551879) can0 120#00000000000000D4 R
(1784905741.556458) can0 12D#00000000000000BE R
(1784905741.556956) can0 12E#000000000000C044 R
(1784905741.563539) can0 12D#00000000000000D4 R
(1784905741.569834) can0 121#00A601CF04800038 R
(1784905741.571405) can0 129#0000000100000031 R
(1784905741.571759) can0 120#0000000000000035 R
(1784905741.583623) can0 12D#000000000000005F R
(1784905741.588348) can0 121#00A601CF04800052 R
(1784905741.590062) can0 120#000000000000005F R
(1784905741.594375) can0 12E#000000000000C090 R
(1784905741.601306) can0 450#0000000000002800 R
(1784905741.604421) can0 12D#000000000000008B R
(1784905741.608361) can0 121#00A601CF04800067 R
(1784905741.608769) can0 129#000000010000006E R
(1784905741.612490) can0 120#000000000000006A R
(1784905741.612924) can0 541#00001000000E19BC R
(1784905741.615614) can0 12D#00000000000000BE R
(1784905741.616043) can0 12E#000000000000C0A5 R
(1784905741.625534) can0 12D#00000000000000D4 R
(1784905741.625960) can0 12A#10050000000A0083 R
(1784905741.628656) can0 121#00A601CF04800086 R
(1784905741.629061) can0 129#000000010000008F R
(1784905741.629282) can0 540#000040100000ED00 R
(1784905741.629433) can0 5B0#100000000000005E R
(1784905741.630027) can0 120#000000000000008B R
(1784905741.643750) can0 12D#000000000000005F R
(1784905741.648491) can0 121#00A601CF048000B3 R
(1784905741.652764) can0 129#00000001000000BA R
(1784905741.652883) can0 120#00000000000000BE R
(1784905741.652998) can0 541#00001000000E1937 R
(1784905741.653199) can0 450#0000000000002800 R
(1784905741.664122) can0 12D#000000000000008B R
(1784905741.668551) can0 121#00A601CF048000D9 R
(1784905741.672299) can0 120#00000000000000D4 R
(1784905741.677813) can0 12A#10050000000A00B6 R
(1784905741.686240) can0 12D#00000000000000D4 R
(1784905741.690968) can0 121#00A601CF04800038 R
(1784905741.691359) can0 129#0000000100000031 R
(1784905741.701879) can0 450#0000000000002800 R
(1784905741.704073) can0 12D#000000000000005F R
(1784905741.708439) can0 121#00A601CF04800052 R
(1784905741.709574) can0 129#000000010000005B R
(1784905741.712258) can0 120#000000000000005F R
(1784905741.724566) can0 12D#000000000000008B R
(1784905741.728634) can0 12A#10050000000A00DC R
(1784905741.728812) can0 121#00A601CF04800067 R
(1784905741.729215) can0 5B0#100000000000006B R
(1784905741.744713) can0 12D#00000000000000D4 R
(1784905741.749077) can0 121#00A601CF04800086 R
(1784905741.749482) can0 129#000000010000008F R
(1784905741.750269) can0 120#000000000000008B R
(1784905741.750777) can0 541#00001000000E19D6 R
(1784905741.753137) can0 450#0000000000002800 R
(1784905741.753601) can0 12D#0000000000000035 R
(1784905741.763463) can0 12D#000000000000005F R
(1784905741.771320) can0 121#00A601CF048000B3 R
(1784905741.773726) can0 129#00000001000000BA R
(1784905741.783439) can0 12D#000000000000008B R
(1784905741.788352) can0 121#00A601CF048000D9 R
(1784905741.788729) can0 129#00000001000000D0 R
(1784905741.791217) can0 120#00000000000000D4 R
(1784905741.795923) can0 12D#00000000000000BE R
(1784905741.803957) can0 12D#00000000000000D4 R
(1784905741.808411) can0 121#00A601CF04800038 R
(1784905741.813790) can0 12D#0000000000000035 R
(1784905741.823422) can0 12D#000000000000005F R
(1784905741.826665) can0 12A#10050000000A0057 R
(1784905741.831159) can0 541#00001000000E1989 R
(1784905741.843453) can0 12D#000000000000008B R
(1784905741.849649) can0 121#00A601CF04800067 R
(1784905741.850069) can0 129#000000010000006E R
(1784905741.850155) can0 120#000000000000006A R
(1784905741.865937) can0 12D#00000000000000D4 R
(1784905741.868661) can0 121#00A601CF04800086 R
(1784905741.869071) can0 129#000000010000008F R
(1784905741.869934) can0 120#000000000000008B R
(1784905741.870777) can0 541#00001000000E19D6 R
(1784905741.875683) can0 12D#0000000000000035 R
(1784905741.876057) can0 12E#000000000000C0CF R
(1784905741.876151) can0 12A#10050000000A0062 R
(1784905741.876388) can0 5A0#0000000004000085 R
(1784905741.884450) can0 12D#000000000000005F R
(1784905741.888717) can0 121#00A601CF048000B3 R
(1784905741.889127) can0 129#00000001000000BA R
(1784905741.893716) can0 12D#000000000000006A R
(1784905741.900383) can0 450#0000000000002800 R
(1784905741.903618) can0 12D#000000000000008B R
(1784905741.909490) can0 121#00A601CF048000D9 R
(1784905741.927951) can0 12D#00000000000000D4 R
(1784905741.930881) can0 540#000040100000ED00 R
(1784905741.935355) can0 12D#0000000000000035 R
(1784905741.946159) can0 12D#000000000000005F R
(1784905741.948811) can0 121#00A601CF04800052 R
(1784905741.966396) can0 12D#000000000000008B R
(1784905741.971122) can0 121#00A601CF04800067 R
(1784905741.971539) can0 129#000000010000006E R
(1784905741.971752) can0 120#000000000000006A R
(1784905741.971897) can0 541#00001000000E19BC R
(1784905741.975998) can0 12D#00000000000000BE R
(1784905741.978448) can0 12E#000000000000C0A5 R
(1784905741.979590) can0 12A#10050000000A00B6 R
(1784905741.979707) can0 5A0#00000000040000B0 R
(1784905741.985110) can0 12D#00000000000000D4 R
(1784905741.988796) can0 121#00A601CF04800086 R
(1784905741.989270) can0 129#000000010000008F R
(1784905741.990842) can0 120#000000000000008B R
(1784905741.996767) can0 12D#0000000000000035 R
(1784905742.004355) can0 12D#000000000000005F R
(1784905742.008622) can0 121#00A601CF048000B3 R
(1784905742.012085) can0 129#00000001000000BA R
(1784905742.012225) can0 120#00000000000000BE R
(1784905742.012449) can0 541#00001000000E1937 R
(1784905742.013526) can0 12D#000000000000006A R
(1784905742.013741) can0 12E#000000000000C02E R
(1784905742.023618) can0 12D#000000000000008B R
(1784905742.027448) can0 12A#10050000000A00DC R
(1784905742.029569) can0 121#00A601CF048000D9 R
(1784905742.034210) can0 541#00001000000E195D R
(1784905742.043387) can0 12D#00000000000000D4 R
(1784905742.049368) can0 121#00A601CF04800038 R
(1784905742.051927) can0 129#0000000100000031 R
(1784905742.053628) can0 12D#0000000000000035 R
(1784905742.063429) can0 12D#000000000000005F R
(1784905742.069054) can0 121#00A601CF04800052 R
(1784905742.073899) can0 12E#000000000000C090 R
(1784905742.085877) can0 12D#000000000000008B R
(1784905742.091134) can0 121#00A601CF04800067 R
(1784905742.091518) can0 129#000000010000006E R
(1784905742.091722) can0 120#000000000000006A R
(1784905742.091853) can0 541#00001000000E1AB3 R
(1784905742.095681) can0 12D#00000000000000BE R
(1784905742.100737) can0 450#0000000000002800 R
(1784905742.108408) can0 121#00A601CF04800086 R
(1784905742.108666) can0 129#000000010000008F R
(1784905742.109969) can0 120#000000000000008B R
(1784905742.113329) can0 541#00001000000E1AD9 R
(1784905742.113748) can0 12D#0000000000000035 R
(1784905742.113982) can0 12E#000000000000C0CF R
(1784905742.123469) can0 12D#000000000000005F R
(1784905742.127402) can0 12A#10050000000A0057 R
(1784905742.129622) can0 121#00A601CF048000B3 R
(1784905742.130101) can0 129#00000001000000BA R
(1784905742.130212) can0 540#000040100000ED00 R
(1784905742.131378) can0 5B0#1000000000000034 R
(1784905742.131621) can0 120#00000000000000BE R
(1784905742.146884) can0 12D#000000000000008B R
(1784905742.148381) can0 121#00A601CF048000D9 R
(1784905742.148628) can0 129#00000001000000D0 R
(1784905742.152855) can0 120#00000000000000D4 R
(1784905742.163389) can0 12D#00000000000000D4 R
(1784905742.168450) can0 121#00A601CF04800038 R
(1784905742.168803) can0 129#0000000100000031 R
(1784905742.171062) can0 120#0000000000000035 R
(1784905742.172195) can0 541#00001000000E1A67 R
(1784905742.174559) can0 12D#0000000000000035 R
(1784905742.183439) can0 12D#000000000000005F R
(1784905742.188947) can0 121#00A601CF04800052 R
(1784905742.189965) can0 129#000000010000005B R
(1784905742.190226) can0 120#000000000000005F R
(1784905742.192660) can0 541#00001000000E1A86 R
(1784905742.200385) can0 450#0000000000002800 R
(1784905742.208424) can0 121#00A601CF04800067 R
(1784905742.210026) can0 120#000000000000006A R
(1784905742.211707) can0 541#00001000000E1AB3 R
(1784905742.225373) can0 12D#00000000000000D4 R
(1784905742.225832) can0 12A#10050000000A0083 R
(1784905742.229628) can0 121#00A601CF04800086 R
(1784905742.230025) can0 129#000000010000008F R
(1784905742.230215) can0 540#000040100000ED00 R
(1784905742.234449) can0 541#00001000000E1AD9 R
(1784905742.243409) can0 12D#000000000000005F R
(1784905742.248646) can0 121#00A601CF048000B3 R
(1784905742.252683) can0 450#0000000000002800 R
(1784905742.263414) can0 12D#000000000000008B R
(1784905742.268506) can0 121#00A601CF048000D9 R
(1784905742.268882) can0 129#00000001000000D0 R
(1784905742.269991) can0 120#00000000000000D4 R
(1784905742.279092) can0 5A0#0000000004000051 R
(1784905742.283389) can0 12D#00000000000000D4 R
(1784905742.289145) can0 121#00A601CF04800038 R
(1784905742.292590) can0 129#0000000100000031 R
(1784905742.293080) can0 120#0000000000000035 R
(1784905742.300672) can0 450#0000000000002800 R
(1784905742.308638) can0 121#00A601CF04800052 R
(1784905742.312994) can0 541#00001000000E1A86 R
(1784905742.324101) can0 12D#000000000000008B R
(1784905742.324503) can0 12A#10050000000A00DC R
(1784905742.328618) can0 121#00A601CF04800067 R
(1784905742.329086) can0 129#000000010000006E R
(1784905742.329189) can0 540#000040100000ED00 R
(1784905742.332711) can0 5B0#100000000000006B R
(1784905742.343429) can0 12D#00000000000000D4 R
(1784905742.348452) can0 121#00A601CF04800086 R
(1784905742.348872) can0 129#000000010000008F R
(1784905742.350213) can0 120#000000000000008B R
(1784905742.350637) can0 450#0000000000002800 R
(1784905742.354361) can0 541#00001000000E1AD9 R
(1784905742.354694) can0 12D#0000000000000035 R
(1784905742.358721) can0 12E#000000000000C0CF R
(1784905742.363434) can0 12D#000000000000005F R
(1784905742.368598) can0 121#00A601CF048000B3 R
(1784905742.368966) can0 129#00000001000000BA R
(1784905742.370093) can0 120#00000000000000BE R
(1784905742.373619) can0 541#00001000000E1A38 R
(1784905742.373931) can0 12D#000000000000006A R
(1784905742.383400) can0 12D#000000000000008B R
(1784905742.388425) can0 121#00A601CF048000D9 R
(1784905742.388829) can0 129#00000001000000D0 R
(1784905742.391690) can0 120#00000000000000D4 R
(1784905742.392159) can0 541#00001000000E1A52 R
(1784905742.393588) can0 12D#00000000000000BE R
(1784905742.401233) can0 450#0000000000002800 R
(1784905742.406219) can0 12D#00000000000000D4 R
(1784905742.409312) can0 121#00A601CF04800038 R
(1784905742.409718) can0 129#0000000100000031 R
(1784905742.410017) can0 120#0000000000000035 R
(1784905742.415676) can0 12D#0000000000000035 R
(1784905742.425254) can0 12D#000000000000005F R
(1784905742.427762) can0 12A#10050000000A0057 R
(1784905742.428585) can0 121#00A601CF04800052 R
(1784905742.428806) can0 129#000000010000005B R
(1784905742.428911) can0 540#000040100000ED00 R
(1784905742.429095) can0 5B0#100000000000008A R
(1784905742.437510) can0 12E#000000000000C090 R
(1784905742.443486) can0 12D#000000000000008B R
(1784905742.448423) can0 121#00A601CF04800067 R
(1784905742.448947) can0 129#000000010000006E R
(1784905742.452006) can0 120#000000000000006A R
(1784905742.464896) can0 12D#00000000000000D4 R
(1784905742.469400) can0 121#00A601CF04800086 R
(1784905742.469846) can0 129#000000010000008F R
(1784905742.469969) can0 120#000000000000008B R
(1784905742.471722) can0 541#00001000000E1AD9 R
(1784905742.476683) can0 12D#0000000000000035 R
(1784905742.477094) can0 12E#000000000000C0CF R
(1784905742.477172) can0 12A#10050000000A0062 R
(1784905742.477396) can0 5A0#0000000004000085 R
(1784905742.484489) can0 12D#000000000000005F R
(1784905742.491182) can0 121#00A601CF048000B3 R
(1784905742.491538) can0 129#00000001000000BA R
(1784905742.491762) can0 120#00000000000000BE R
(1784905742.491874) can0 541#00001000000E1A38 R
(1784905742.493708) can0 12D#000000000000006A R
(1784905742.500400) can0 450#0000000000002800 R
(1784905742.503423) can0 12D#000000000000008B R
(1784905742.508415) can0 121#00A601CF048000D9 R
(1784905742.508827) can0 129#00000001000000D0 R
(1784905742.512507) can0 120#00000000000000D4 R
(1784905742.512927) can0 541#00001000000E1A52 R
(1784905742.513634) can0 12D#00000000000000BE R
(1784905742.513872) can0 12E#000000000000C044 R
(1784905742.523378) can0 12D#00000000000000D4 R
(1784905742.523744) can0 12A#10050000000A0083 R
(1784905742.528422) can0 121#00A601CF04800038 R
(1784905742.528838) can0 129#0000000100000031 R
(1784905742.528966) can0 540#000040100000ED00 R
(1784905742.529059) can0 5B0#10000000000000BF R
(1784905742.531998) can0 120#0000000000000035 R
(1784905742.533514) can0 12D#0000000000000035 R
(1784905742.543431) can0 12D#000000000000005F R
(1784905742.549578) can0 121#00A601CF04800052 R
(1784905742.550005) can0 129#000000010000005B R
(1784905742.551807) can0 541#00001000000E1A86 R
(1784905742.563354) can0 12D#000000000000008B R
(1784905742.568555) can0 121#00A601CF04800067 R
(1784905742.572405) can0 129#000000010000006E R
(1784905742.572762) can0 120#000000000000006A R
(1784905742.573576) can0 12D#00000000000000BE R
(1784905742.574422) can0 12A#10050000000A00B6 R
(1784905742.583395) can0 12D#00000000000000D4 R
(1784905742.588419) can0 121#00A601CF04800086 R
(1784905742.588823) can0 129#000000010000008F R
(1784905742.590091) can0 120#000000000000008B R
(1784905742.592482) can0 541#00001000000E1AD9 R
(1784905742.596738) can0 12D#0000000000000035 R
(1784905742.599099) can0 12E#000000000000C0CF R
(1784905742.603664) can0 450#0000000000002800 R
(1784905742.603990) can0 12D#000000000000005F R
(1784905742.609221) can0 121#00A601CF048000B3 R
(1784905742.609672) can0 129#00000001000000BA R
(1784905742.610722) can0 120#00000000000000BE R
(1784905742.616362) can0 541#00001000000E1A38 R
(1784905742.616724) can0 12D#000000000000006A R
(1784905742.616840) can0 12E#000000000000C02E R
(1784905742.625492) can0 12D#000000000000008B R
(1784905742.625992) can0 12A#10050000000A00DC R
(1784905742.630377) can0 121#00A601CF048000D9 R
(1784905742.630737) can0 129#00000001000000D0 R
(1784905742.630828) can0 540#000040100000ED00 R
(1784905742.632872) can0 5B0#10000000000000D5 R
(1784905742.639040) can0 120#00000000000000D4 R
(1784905742.640198) can0 541#00001000000E1A52 R
(1784905742.640495) can0 12D#00000000000000BE R
(1784905742.643928) can0 12D#00000000000000D4 R
(1784905742.648426) can0 121#00A601CF04800038 R
(1784905742.648961) can0 129#0000000100000031 R
(1784905742.650049) can0 120#0000000000000035 R
(1784905742.665399) can0 12D#000000000000005F R
(1784905742.669802) can0 121#00A601CF04800052 R
(1784905742.674538) can0 541#00001000000E1A86 R
(1784905742.675198) can0 12E#000000000000C090 R
(1784905742.684767) can0 12D#000000000000008B R
(1784905742.688613) can0 121#00A601CF04800067 R
(1784905742.689040) can0 129#000000010000006E R
(1784905742.694090) can0 120#000000000000006A R
(1784905742.694445) can0 541#00001000000E1AB3 R
(1784905742.694539) can0 12D#00000000000000BE R
(1784905742.703112) can0 450#0000000000002800 R
(1784905742.703513) can0 12D#00000000000000D4 R
(1784905742.709157) can0 121#00A601CF04800086 R
(1784905742.709511) can0 129#000000010000008F R
(1784905742.713954) can0 120#000000000000008B R
(1784905742.723381) can0 12D#000000000000005F R
(1784905742.723793) can0 12A#10050000000A0057 R
(1784905742.729080) can0 121#00A601CF048000B3 R
(1784905742.729582) can0 129#00000001000000BA R
(1784905742.729712) can0 540#000040100000ED00 R
(1784905742.729806) can0 5B0#1000000000000034 R
(1784905742.730210) can0 120#00000000000000BE R
(1784905742.731739) can0 541#00001000000E1A38 R
(1784905742.734954) can0 12D#000000000000006A R
(1784905742.735336) can0 12E#000000000000C02E R
(1784905742.746275) can0 12D#000000000000008B R
(1784905742.751357) can0 121#00A601CF048000D9 R
(1784905742.751751) can0 129#00000001000000D0 R
(1784905742.751845) can0 120#00000000000000D4 R
(1784905742.752066) can0 450#0000000000002800 R
(1784905742.752261) can0 541#00001000000E1A52 R
(1784905742.753730) can0 12D#00000000000000BE R
(1784905742.754125) can0 12E#000000000000C044 R
(1784905742.766378) can0 12D#00000000000000D4 R
(1784905742.768430) can0 121#00A601CF04800038 R
(1784905742.768623) can0 129#0000000100000031 R
(1784905742.772544) can0 120#0000000000000035 R
(1784905742.772920) can0 541#00001000000E1A67 R
(1784905742.777075) can0 12D#0000000000000035 R
(1784905742.777485) can0 12E#000000000000C071 R
(1784905742.777682) can0 12A#10050000000A0062 R
(1784905742.777823) can0 5A0#000000000400003B R
(1784905742.783398) can0 12D#000000000000005F R
(1784905742.792117) can0 121#00A601CF04800052 R
(1784905742.792498) can0 129#000000010000005B R
(1784905742.792593) can0 120#000000000000005F R
(1784905742.792684) can0 541#00001000000E1A86 R
(1784905742.796439) can0 12D#000000000000006A R
(1784905742.802324) can0 450#0000000000002800 R
(1784905742.803375) can0 12D#000000000000008B R
(1784905742.809187) can0 121#00A601CF04800067 R
(1784905742.810894) can0 120#000000000000006A R
(1784905742.823358) can0 12D#00000000000000D4 R
(1784905742.830521) can0 121#00A601CF04800086 R
(1784905742.830908) can0 129#000000010000008F R
(1784905742.843556) can0 12D#000000000000005F R
(1784905742.848438) can0 121#00A601CF048000B3 R
(1784905742.853131) can0 120#00000000000000BE R
(1784905742.866320) can0 12D#000000000000008B R
(1784905742.869484) can0 121#00A601CF048000D9 R
(1784905742.875690) can0 541#00001000000E1A52 R
(1784905742.876156) can0 12D#00000000000000BE R
(1784905742.888446) can0 121#00A601CF04800038 R
(1784905742.892201) can0 541#00001000000E1A67 R
(1784905742.895532) can0 12D#0000000000000035 R
(1784905742.904287) can0 12D#000000000000005F R
(1784905742.925368) can0 12D#000000000000008B R
(1784905742.928640) can0 121#00A601CF04800067 R
(1784905742.929754) can0 129#000000010000006E R
(1784905742.929888) can0 540#000040100000ED00 R
(1784905742.937730) can0 12E#000000000000C0A5 R
(1784905742.943364) can0 12D#00000000000000D4 R
(1784905742.953377) can0 541#00001000000E1AD9 R
(1784905742.966748) can0 12D#000000000000005F R
(1784905742.971661) can0 121#00A601CF048000B3 R
(1784905742.972467) can0 129#00000001000000BA R
(1784905742.976430) can0 541#00001000000E1A38 R
(1784905742.985933) can0 12D#000000000000008B R
(1784905742.988756) can0 121#00A601CF048000D9 R
(1784905742.989321) can0 129#00000001000000D0 R
(1784905742.990330) can0 120#00000000000000D4 R
(1784905742.992964) can0 541#00001000000E1A52 R
(1784905743.000846) can0 450#0000000000002800 R
(1784905743.010079) can0 121#00A601CF04800038 R
(1784905743.012403) can0 129#0000000100000031 R
(1784905743.023384) can0 12D#000000000000005F R
(1784905743.023816) can0 12A#10050000000A0057 R
(1784905743.028566) can0 121#00A601CF04800052 R
(1784905743.030192) can0 120#000000000000005F R
(1784905743.031922) can0 541#00001000000E1A86 R
(1784905743.043710) can0 12D#000000000000008B R
(1784905743.048584) can0 121#00A601CF04800067 R
(1784905743.049019) can0 129#000000010000006E R
(1784905743.053163) can0 120#000000000000006A R
(1784905743.063319) can0 12D#00000000000000D4 R
(1784905743.068644) can0 121#00A601CF04800086 R
(1784905743.069042) can0 129#000000010000008F R
(1784905743.070339) can0 120#000000000000008B R
(1784905743.074419) can0 541#00001000000E1BCF R
(1784905743.074729) can0 12D#0000000000000035 R
(1784905743.074823) can0 12E#000000000000C0CF R
(1784905743.083400) can0 12D#000000000000005F R
(1784905743.088453) can0 121#00A601CF048000B3 R
(1784905743.088884) can0 129#00000001000000BA R
(1784905743.100433) can0 450#0000000000002800 R
(1784905743.103359) can0 12D#000000000000008B R
(1784905743.108691) can0 121#00A601CF048000D9 R
(1784905743.109064) can0 129#00000001000000D0 R
(1784905743.113106) can0 120#00000000000000D4 R
(1784905743.113506) can0 541#00001000000E1B44 R
(1784905743.113589) can0 12D#00000000000000BE R
(1784905743.113784) can0 12E#000000000000C044 R
(1784905743.123314) can0 12D#00000000000000D4 R
(1784905743.123712) can0 12A#10050000000A0083 R
(1784905743.128488) can0 121#00A601CF04800038 R
(1784905743.128934) can0 129#0000000100000031 R
(1784905743.129056) can0 540#000040100000ED00 R
(1784905743.129148) can0 5B0#10000000000000BF R
(1784905743.133515) can0 12D#0000000000000035 R
(1784905743.133819) can0 12E#000000000000C071 R
(1784905743.143378) can0 12D#000000000000005F R
(1784905743.150652) can0 121#00A601CF04800052 R
(1784905743.151122) can0 129#000000010000005B R
(1784905743.151209) can0 120#000000000000005F R
(1784905743.152151) can0 541#00001000000E1B90 R
(1784905743.163613) can0 12D#000000000000008B R
(1784905743.168482) can0 121#00A601CF04800067 R
(1784905743.170166) can0 120#000000000000006A R
(1784905743.174613) can0 541#00001000000E1BA5 R
(1784905743.183778) can0 12D#00000000000000D4 R
(1784905743.188479) can0 121#00A601CF04800086 R
(1784905743.192126) can0 120#000000000000008B R
(1784905743.200982) can0 450#0000000000002800 R
(1784905743.205490) can0 12D#000000000000005F R
(1784905743.210528) can0 121#00A601CF048000B3 R
(1784905743.214978) can0 129#00000001000000BA R
(1784905743.215364) can0 120#00000000000000BE R
(1784905743.223378) can0 12D#000000000000008B R
(1784905743.228486) can0 121#00A601CF048000D9 R
(1784905743.233476) can0 12D#00000000000000BE R
(1784905743.233909) can0 12E#000000000000C044 R
(1784905743.243383) can0 12D#00000000000000D4 R
(1784905743.248499) can0 121#00A601CF04800038 R
(1784905743.248965) can0 129#0000000100000031 R
(1784905743.250628) can0 120#0000000000000035 R
(1784905743.251081) can0 450#0000000000002800 R
(1784905743.254045) can0 541#00001000000E1B71 R
(1784905743.254532) can0 12D#0000000000000035 R
(1784905743.265659) can0 12D#000000000000005F R
(1784905743.271923) can0 120#000000000000005F R
(1784905743.283346) can0 12D#000000000000008B R
(1784905743.288494) can0 121#00A601CF04800067 R
(1784905743.290758) can0 129#000000010000006E R
(1784905743.290878) can0 120#000000000000006A R
(1784905743.291738) can0 541#00001000000E1BA5 R
(1784905743.296043) can0 12D#00000000000000BE R
(1784905743.296462) can0 12E#000000000000C0A5 R
(1784905743.304821) can0 12D#00000000000000D4 R
(1784905743.312449) can0 120#000000000000008B R
(1784905743.323353) can0 12D#000000000000005F R
(1784905743.323723) can0 12A#10050000000A0057 R
(1784905743.330719) can0 121#00A601CF048000B3 R
(1784905743.346400) can0 12D#000000000000008B R
(1784905743.350922) can0 121#00A601CF048000D9 R
(1784905743.351336) can0 129#00000001000000D0 R
(1784905743.351434) can0 120#00000000000000D4 R
(1784905743.351721) can0 450#0000000000002800 R
(1784905743.351888) can0 541#00001000000E1B44 R
(1784905743.356409) can0 12D#00000000000000BE R
(1784905743.356819) can0 12E#000000000000C044 R
(1784905743.363372) can0 12D#00000000000000D4 R
(1784905743.368782) can0 121#00A601CF04800038 R
(1784905743.369141) can0 129#0000000100000031 R
(1784905743.373055) can0 120#0000000000000035 R
(1784905743.373447) can0 541#00001000000E1B71 R
(1784905743.373538) can0 12D#0000000000000035 R
(1784905743.373793) can0 12E#000000000000C071 R
(1784905743.374103) can0 12A#10050000000A0062 R
(1784905743.384935) can0 12D#000000000000005F R
(1784905743.389502) can0 121#00A601CF04800052 R
(1784905743.390056) can0 129#000000010000005B R
(1784905743.390184) can0 120#000000000000005F R
(1784905743.391758) can0 541#00001000000E1B90 R
(1784905743.395277) can0 12D#000000000000006A R
(1784905743.395707) can0 12E#000000000000C090 R
(1784905743.400405) can0 450#0000000000002800 R
(1784905743.405082) can0 12D#000000000000008B R
(1784905743.409621) can0 121#00A601CF04800067 R
(1784905743.410066) can0 129#000000010000006E R
(1784905743.410169) can0 120#000000000000006A R
(1784905743.414541) can0 541#00001000000E1BA5 R
(1784905743.415061) can0 12D#00000000000000BE R
(1784905743.423336) can0 12D#00000000000000D4 R
(1784905743.423816) can0 12A#10050000000A0083 R
(1784905743.428556) can0 121#00A601CF04800086 R
(1784905743.428953) can0 129#000000010000008F R
(1784905743.429059) can0 540#000040100000ED00 R
(1784905743.429244) can0 5B0#100000000000005E R
(1784905743.430465) can0 120#000000000000008B R
(1784905743.434246) can0 541#00001000000E1BCF R
(1784905743.434507) can0 12D#0000000000000035 R
(1784905743.434698) can0 12E#000000000000C0CF R
(1784905743.443381) can0 12D#000000000000005F R
(1784905743.452066) can0 121#00A601CF048000B3 R
(1784905743.452422) can0 129#00000001000000BA R
(1784905743.452555) can0 120#00000000000000BE R
(1784905743.456919) can0 450#0000000000002800 R
(1784905743.457132) can0 541#00001000000E1B2E R
(1784905743.457243) can0 12D#000000000000006A R
(1784905743.460012) can0 12E#000000000000C02E R
(1784905743.468554) can0 121#00A601CF048000D9 R
(1784905743.475224) can0 12D#00000000000000BE R
(1784905743.477929) can0 5A0#0000000004000051 R
(1784905743.488504) can0 121#00A601CF04800038 R
(1784905743.494880) can0 12E#000000000000C071 R
(1784905743.500585) can0 450#0000000000002800 R
(1784905743.504403) can0 12D#000000000000005F R
(1784905743.509021) can0 121#00A601CF04800052 R
(1784905743.513972) can0 120#000000000000005F R
(1784905743.518370) can0 12E#000000000000C090 R
(1784905743.523368) can0 12D#000000000000008B R
(1784905743.532009) can0 129#000000010000006E R
(1784905743.543352) can0 12D#00000000000000D4 R
(1784905743.548511) can0 121#00A601CF04800086 R
(1784905743.548931) can0 129#000000010000008F R
(1784905743.553775) can0 120#000000000000008B R
(1784905743.554181) can0 450#0000000000002800 R
(1784905743.554264) can0 541#00001000000E1BCF R
(1784905743.554481) can0 12D#0000000000000035 R
(1784905743.554591) can0 12E#000000000000C0CF R
(1784905743.563395) can0 12D#000000000000005F R
(1784905743.568923) can0 121#00A601CF048000B3 R
(1784905743.569399) can0 129#00000001000000BA R
(1784905743.570301) can0 120#00000000000000BE R
(1784905743.573243) can0 541#00001000000E1B2E R
(1784905743.577008) can0 12D#000000000000006A R
(1784905743.577292) can0 12E#000000000000C02E R
(1784905743.585908) can0 12D#000000000000008B R
(1784905743.589894) can0 121#00A601CF048000D9 R
(1784905743.594877) can0 541#00001000000E1B44 R
(1784905743.595408) can0 12E#000000000000C044 R
(1784905743.600397) can0 450#0000000000002800 R
(1784905743.604214) can0 12D#00000000000000D4 R
(1784905743.608537) can0 121#00A601CF04800038 R
(1784905743.608893) can0 129#0000000100000031 R
(1784905743.610156) can0 120#0000000000000035 R
(1784905743.613575) can0 541#00001000000E1B71 R
(1784905743.614035) can0 12D#0000000000000035 R
(1784905743.614132) can0 12E#000000000000C071 R
(1784905743.623323) can0 12D#000000000000005F R
(1784905743.623741) can0 12A#10050000000A0057 R
(1784905743.631421) can0 121#00A601CF04800052 R
(1784905743.631802) can0 129#000000010000005B R
(1784905743.631996) can0 540#000040100000ED00 R
(1784905743.632126) can0 5B0#100000000000008A R
(1784905743.632234) can0 120#000000000000005F R
(1784905743.643355) can0 12D#000000000000008B R
(1784905743.649583) can0 121#00A601CF04800067 R
(1784905743.650778) can0 129#000000010000006E R
(1784905743.651061) can0 120#000000000000006A R
(1784905743.663442) can0 12D#00000000000000D4 R
(1784905743.668602) can0 121#00A601CF04800086 R
(1784905743.669011) can0 129#000000010000008F R
(1784905743.673734) can0 120#000000000000008B R
(1784905743.674247) can0 541#00001000000E1BCF R
(1784905743.674457) can0 12E#000000000000C0CF R
(1784905743.683339) can0 12D#000000000000005F R
(1784905743.688584) can0 121#00A601CF048000B3 R
(1784905743.689077) can0 129#00000001000000BA R
(1784905743.690096) can0 120#00000000000000BE R
(1784905743.694229) can0 541#00001000000E1B2E R
(1784905743.694625) can0 12D#000000000000006A R
(1784905743.694817) can0 12E#000000000000C02E R
(1784905743.700478) can0 450#0000000000002800 R
(1784905743.704329) can0 12D#000000000000008B R
(1784905743.708973) can0 121#00A601CF048000D9 R
(1784905743.709393) can0 129#00000001000000D0 R
(1784905743.710532) can0 120#00000000000000D4 R
(1784905743.716623) can0 12D#00000000000000BE R
(1784905743.723330) can0 12D#00000000000000D4 R
(1784905743.745148) can0 12D#000000000000005F R
(1784905743.749956) can0 121#00A601CF04800052 R
(1784905743.750385) can0 129#000000010000005B R
(1784905743.750567) can0 120#000000000000005F R
(1784905743.750707) can0 450#0000000000002800 R
(1784905743.751756) can0 541#00001000000E1B90 R
(1784905743.755913) can0 12D#000000000000006A R
(1784905743.756398) can0 12E#000000000000C090 R
(1784905743.765003) can0 12D#000000000000008B R
(1784905743.769264) can0 121#00A601CF04800067 R
(1784905743.769616) can0 129#000000010000006E R
(1784905743.770125) can0 120#000000000000006A R
(1784905743.774122) can0 541#00001000000E1BA5 R
(1784905743.774227) can0 12D#00000000000000BE R
(1784905743.774424) can0 12E#000000000000C0A5 R
(1784905743.774577) can0 12A#10050000000A00B6 R
(1784905743.776991) can0 5A0#00000000040000B0 R
(1784905743.783419) can0 12D#00000000000000D4 R
(1784905743.788574) can0 121#00A601CF04800086 R
(1784905743.788934) can0 129#000000010000008F R
(1784905743.791971) can0 120#000000000000008B R
(1784905743.794938) can0 12D#0000000000000035 R
(1784905743.806631) can0 12D#000000000000005F R
(1784905743.811142) can0 121#00A601CF048000B3 R
(1784905743.816136) can0 12D#000000000000006A R
(1784905743.823354) can0 12D#000000000000008B R
(1784905743.829373) can0 121#00A601CF048000D9 R
(1784905743.829838) can0 129#00000001000000D0 R
(1784905743.846301) can0 12D#00000000000000D4 R
(1784905743.848754) can0 121#00A601CF04800038 R
(1784905743.849136) can0 129#0000000100000031 R
(1784905743.850082) can0 120#0000000000000035 R
(1784905743.854305) can0 12D#0000000000000035 R
(1784905743.863386) can0 12D#000000000000005F R
(1784905743.869658) can0 121#00A601CF04800052 R
(1784905743.870161) can0 129#000000010000005B R
(1784905743.870255) can0 120#000000000000005F R
(1784905743.871805) can0 541#00001000000E1B90 R
(1784905743.873533) can0 12D#000000000000006A R
(1784905743.876779) can0 12E#000000000000C090 R
(1784905743.877149) can0 12A#10050000000A003D R
(1784905743.885011) can0 12D#000000000000008B R
(1784905743.891480) can0 121#00A601CF04800067 R
(1784905743.892575) can0 129#000000010000006E R
(1784905743.892842) can0 120#000000000000006A R
(1784905743.893002) can0 541#00001000000E1BA5 R
(1784905743.902272) can0 450#0000000000002800 R
(1784905743.924766) can0 12D#000000000000005F R
(1784905743.925182) can0 12A#10050000000A0057 R
(1784905743.930195) can0 120#00000000000000BE R
(1784905743.943384) can0 12D#000000000000008B R
(1784905743.948543) can0 121#00A601CF048000D9 R
(1784905743.948910) can0 129#00000001000000D0 R
(1784905743.951587) can0 120#00000000000000D4 R
(1784905743.951993) can0 450#0000000000002800 R
(1784905743.952139) can0 541#00001000000E1B44 R
(1784905743.956350) can0 12D#00000000000000BE R
(1784905743.963325) can0 12D#00000000000000D4 R
(1784905743.970719) can0 121#00A601CF04800038 R
(1784905743.971230) can0 129#0000000100000031 R
(1784905743.971337) can0 120#0000000000000035 R
(1784905743.971917) can0 541#00001000000E1B71 R
(1784905743.975690) can0 12D#0000000000000035 R
(1784905743.983369) can0 12D#000000000000005F R
(1784905743.989614) can0 121#00A601CF04800052 R
(1784905743.992123) can0 129#000000010000005B R
(1784905743.992248) can0 120#000000000000005F R
(1784905743.996214) can0 12E#000000000000C090 R
(1784905744.000726) can0 450#0000000000002800 R
(1784905744.004794) can0 12D#000000000000008B R
(1784905744.012946) can0 120#000000000000006A R
(1784905744.024916) can0 12D#00000000000000D4 R
(1784905744.025314) can0 12A#10050000000A0083 R
(1784905744.028554) can0 121#00A601CF04800086 R
(1784905744.028912) can0 129#000000010000008F R
(1784905744.029163) can0 540#000040100000ED00 R
(1784905744.029363) can0 5B0#100000000000005E R
(1784905744.035280) can0 12E#000000000000C0CF R
(1784905744.043332) can0 12D#000000000000005F R
(1784905744.050664) can0 121#00A601CF048000B3 R
(1784905744.051047) can0 129#00000001000000BA R
(1784905744.051134) can0 120#00000000000000BE R
(1784905744.051225) can0 450#0000000000002800 R
(1784905744.053475) can0 541#00001000000E1C26 R
(1784905744.053887) can0 12D#000000000000006A R
(1784905744.053986) can0 12E#000000000000C02E R
(1784905744.063363) can0 12D#000000000000008B R
(1784905744.068616) can0 121#00A601CF048000D9 R
(1784905744.068997) can0 129#00000001000000D0 R
(1784905744.072796) can0 120#00000000000000D4 R
(1784905744.073297) can0 541#00001000000E1C4C R
(1784905744.073555) can0 12D#00000000000000BE R
(1784905744.083703) can0 12D#00000000000000D4 R
(1784905744.090162) can0 121#00A601CF04800038 R
(1784905744.091158) can0 129#0000000100000031 R
(1784905744.091532) can0 120#0000000000000035 R
(1784905744.092253) can0 541#00001000000E1C79 R
(1784905744.093645) can0 12D#0000000000000035 R
(1784905744.103361) can0 450#0000000000002800 R
(1784905744.103784) can0 12D#000000000000005F R
(1784905744.108555) can0 121#00A601CF04800052 R
(1784905744.109020) can0 129#000000010000005B R
(1784905744.112012) can0 120#000000000000005F R
(1784905744.112475) can0 541#00001000000E1C98 R
(1784905744.113651) can0 12D#000000000000006A R
(1784905744.114119) can0 12E#000000000000C090 R
(1784905744.123322) can0 12D#000000000000008B R
(1784905744.128600) can0 121#00A601CF04800067 R
(1784905744.129026) can0 129#000000010000006E R
(1784905744.136627) can0 12D#00000000000000BE R
(1784905744.143375) can0 12D#00000000000000D4 R
(1784905744.148564) can0 121#00A601CF04800086 R
(1784905744.152439) can0 129#000000010000008F R
(1784905744.163351) can0 12D#000000000000005F R
(1784905744.168589) can0 121#00A601CF048000B3 R
(1784905744.169072) can0 129#00000001000000BA R
(1784905744.173002) can0 120#00000000000000BE R
(1784905744.173412) can0 541#00001000000E1C26 R
(1784905744.173498) can0 12D#000000000000006A R
(1784905744.173767) can0 12E#000000000000C02E R
(1784905744.173995) can0 12A#10050000000A003D R
(1784905744.174222) can0 5A0#0000000004000064 R
(1784905744.183337) can0 12D#000000000000008B R
(1784905744.191349) can0 121#00A601CF048000D9 R
(1784905744.191776) can0 129#00000001000000D0 R
(1784905744.191862) can0 120#00000000000000D4 R
(1784905744.192052) can0 541#00001000000E1C4C R
(1784905744.195906) can0 12D#00000000000000BE R
(1784905744.196243) can0 12E#000000000000C044 R
(1784905744.200436) can0 450#0000000000002800 R
(1784905744.205685) can0 12D#00000000000000D4 R
(1784905744.209911) can0 121#00A601CF04800038 R
(1784905744.210351) can0 129#0000000100000031 R
(1784905744.210445) can0 120#0000000000000035 R
(1784905744.211808) can0 541#00001000000E1C79 R
(1784905744.215664) can0 12D#0000000000000035 R
(1784905744.223362) can0 12D#000000000000005F R
(1784905744.228548) can0 121#00A601CF04800052 R
(1784905744.228938) can0 129#000000010000005B R
(1784905744.233083) can0 120#000000000000005F R
(1784905744.245370) can0 12D#000000000000008B R
(1784905744.250659) can0 121#00A601CF04800067 R
(1784905744.252962) can0 129#000000010000006E R
(1784905744.257246) can0 120#000000000000006A R
(1784905744.257619) can0 450#0000000000002800 R
(1784905744.257841) can0 541#00001000000E1CAD R
(1784905744.263338) can0 12D#00000000000000D4 R
(1784905744.269393) can0 121#00A601CF04800086 R
(1784905744.269791) can0 129#000000010000008F R
(1784905744.270255) can0 120#000000000000008B R
(1784905744.271784) can0 541#00001000000E1CC7 R
(1784905744.275665) can0 12D#0000000000000035 R
(1784905744.276089) can0 12E#000000000000C0CF R
(1784905744.276184) can0 12A#10050000000A0062 R
(1784905744.276377) can0 5A0#0000000004000085 R
(1784905744.284290) can0 12D#000000000000005F R
(1784905744.288568) can0 121#00A601CF048000B3 R
(1784905744.289009) can0 129#00000001000000BA R
(1784905744.291819) can0 120#00000000000000BE R
(1784905744.293442) can0 12D#000000000000006A R
(1784905744.302303) can0 450#0000000000002800 R
(1784905744.303292) can0 12D#000000000000008B R
(1784905744.309377) can0 121#00A601CF048000D9 R
(1784905744.311856) can0 129#00000001000000D0 R
(1784905744.313638) can0 12D#00000000000000BE R
(1784905744.314062) can0 12E#000000000000C044 R
(1784905744.323329) can0 12D#00000000000000D4 R
(1784905744.327320) can0 12A#10050000000A0083 R
(1784905744.329729) can0 121#00A601CF04800038 R
(1784905744.334133) can0 129#0000000100000031 R
(1784905744.334390) can0 540#000040100000ED00 R
(1784905744.343344) can0 12D#000000000000005F R
(1784905744.350773) can0 121#00A601CF04800052 R
(1784905744.351153) can0 129#000000010000005B R
(1784905744.351319) can0 120#000000000000005F R
(1784905744.355864) can0 12D#000000000000006A R
(1784905744.363326) can0 12D#000000000000008B R
(1784905744.368581) can0 121#00A601CF04800067 R
(1784905744.368989) can0 129#000000010000006E R
(1784905744.370582) can0 120#000000000000006A R
(1784905744.371853) can0 541#00001000000E1CAD R
(1784905744.376632) can0 12D#00000000000000BE R
(1784905744.377080) can0 12E#000000000000C0A5 R
(1784905744.377171) can0 12A#10050000000A00B6 R
(1784905744.377263) can0 5A0#00000000040000B0 R
(1784905744.383380) can0 12D#00000000000000D4 R
(1784905744.391766) can0 541#00001000000E1CC7 R
(1784905744.401106) can0 450#0000000000002800 R
(1784905744.403350) can0 12D#000000000000005F R
(1784905744.410615) can0 129#00000001000000BA R
(1784905744.425176) can0 12D#000000000000008B R
(1784905744.425663) can0 12A#10050000000A00DC R
(1784905744.430379) can0 121#00A601CF048000D9 R
(1784905744.430769) can0 129#00000001000000D0 R
(1784905744.430919) can0 540#000040100000ED00 R
(1784905744.435068) can0 541#00001000000E1C4C R
(1784905744.443449) can0 12D#00000000000000D4 R
(1784905744.451353) can0 121#00A601CF04800038 R
(1784905744.451884) can0 129#0000000100000031 R
(1784905744.463428) can0 12D#000000000000005F R
(1784905744.468745) can0 121#00A601CF04800052 R
(1784905744.469786) can0 129#000000010000005B R
(1784905744.470460) can0 120#000000000000005F R
(1784905744.473445) can0 541#00001000000E1C98 R
(1784905744.473814) can0 12D#000000000000006A R
(1784905744.473904) can0 12E#000000000000C090 R
(1784905744.474001) can0 12A#10050000000A003D R
(1784905744.474208) can0 5A0#00000000040000DA R
(1784905744.483336) can0 12D#000000000000008B R
(1784905744.489474) can0 121#00A601CF04800067 R
(1784905744.489885) can0 129#000000010000006E R
(1784905744.494152) can0 120#000000000000006A R
(1784905744.502266) can0 450#0000000000002800 R
(1784905744.503341) can0 12D#00000000000000D4 R
(1784905744.508728) can0 121#00A601CF04800086 R
(1784905744.509251) can0 129#000000010000008F R
(1784905744.510176) can0 120#000000000000008B R
(1784905744.514668) can0 541#00001000000E1CC7 R
(1784905744.515082) can0 12D#0000000000000035 R
(1784905744.515228) can0 12E#000000000000C0CF R
(1784905744.523332) can0 12D#000000000000005F R
(1784905744.523690) can0 12A#10050000000A0057 R
(1784905744.528599) can0 121#00A601CF048000B3 R
(1784905744.532301) can0 541#00001000000E1C26 R
(1784905744.547377) can0 12D#000000000000008B R
(1784905744.548661) can0 121#00A601CF048000D9 R
(1784905744.555961) can0 12D#00000000000000BE R
(1784905744.563329) can0 12D#00000000000000D4 R
(1784905744.568962) can0 121#00A601CF04800038 R
(1784905744.569368) can0 129#0000000100000031 R
(1784905744.572144) can0 120#0000000000000035 R
(1784905744.574316) can0 541#00001000000E1C79 R
(1784905744.576547) can0 12D#0000000000000035 R
(1784905744.577134) can0 12A#10050000000A0062 R
(1784905744.583563) can0 12D#000000000000005F R
(1784905744.595215) can0 12D#000000000000006A R
(1784905744.601630) can0 450#0000000000002800 R
(1784905744.608588) can0 121#00A601CF04800067 R
(1784905744.613188) can0 541#00001000000E1CAD R
(1784905744.623426) can0 12D#00000000000000D4 R
(1784905744.623958) can0 12A#10050000000A0083 R
(1784905744.629172) can0 121#00A601CF04800086 R
(1784905744.629559) can0 129#000000010000008F R
(1784905744.629773) can0 540#000040100000ED00 R
(1784905744.629893) can0 5B0#100000000000005E R
(1784905744.630340) can0 120#000000000000008B R
(1784905744.634527) can0 541#00001000000E1CC7 R
(1784905744.635021) can0 12D#0000000000000035 R
(1784905744.635146) can0 12E#000000000000C0CF R
(1784905744.643703) can0 12D#000000000000005F R
(1784905744.648588) can0 121#00A601CF048000B3 R
(1784905744.649086) can0 129#00000001000000BA R
(1784905744.650182) can0 120#00000000000000BE R
(1784905744.650551) can0 450#0000000000002800 R
(1784905744.653481) can0 541#00001000000E1C26 R
(1784905744.653881) can0 12D#000000000000006A R
(1784905744.663301) can0 12D#000000000000008B R
(1784905744.668681) can0 121#00A601CF048000D9 R
(1784905744.668934) can0 129#00000001000000D0 R
(1784905744.670234) can0 120#00000000000000D4 R
(1784905744.673340) can0 541#00001000000E1C4C R
(1784905744.673803) can0 12D#00000000000000BE R
(1784905744.683319) can0 12D#00000000000000D4 R
(1784905744.688727) can0 121#00A601CF04800038 R
(1784905744.692537) can0 541#00001000000E1C79 R
(1784905744.701294) can0 450#0000000000002800 R
(1784905744.703677) can0 12D#000000000000005F R
(1784905744.711679) can0 120#000000000000005F R
(1784905744.723325) can0 12D#000000000000008B R
(1784905744.723728) can0 12A#10050000000A00DC R
(1784905744.728591) can0 121#00A601CF04800067 R
(1784905744.729040) can0 129#000000010000006E R
(1784905744.729287) can0 5B0#100000000000006B R
(1784905744.743304) can0 12D#00000000000000D4 R
(1784905744.749164) can0 121#00A601CF04800086 R
(1784905744.750241) can0 120#000000000000008B R
(1784905744.766529) can0 12D#000000000000005F R
(1784905744.769408) can0 121#00A601CF048000B3 R
(1784905744.771989) can0 541#00001000000E1C26 R
(1784905744.776291) can0 12D#000000000000006A R
(1784905744.776768) can0 12E#000000000000C02E R
(1784905744.785848) can0 12D#000000000000008B R
(1784905744.788995) can0 121#00A601CF048000D9 R
(1784905744.789988) can0 129#00000001000000D0 R
(1784905744.790201) can0 120#00000000000000D4 R
(1784905744.793841) can0 12D#00000000000000BE R
(1784905744.802139) can0 450#0000000000002800 R
(1784905744.804658) can0 12D#00000000000000D4 R
(1784905744.809277) can0 121#00A601CF04800038 R
(1784905744.823302) can0 12D#000000000000005F R
(1784905744.828611) can0 121#00A601CF04800052 R
(1784905744.829000) can0 129#000000010000005B R
(1784905744.830258) can0 120#000000000000005F R
(1784905744.834115) can0 541#00001000000E1C98 R
(1784905744.843384) can0 12D#000000000000008B R
(1784905744.854986) can0 541#00001000000E1CAD R
(1784905744.863307) can0 12D#00000000000000D4 R
(1784905744.868660) can0 121#00A601CF04800086 R
(1784905744.869040) can0 129#000000010000008F R
(1784905744.873313) can0 120#000000000000008B R
(1784905744.883358) can0 12D#000000000000005F R
(1784905744.888625) can0 121#00A601CF048000B3 R
(1784905744.888871) can0 129#00000001000000BA R
(1784905744.892571) can0 120#00000000000000BE R
(1784905744.892947) can0 541#00001000000E1C26 R
(1784905744.893453) can0 12D#000000000000006A R
(1784905744.896020) can0 12E#000000000000C02E R
(1784905744.900456) can0 450#0000000000002800 R
(1784905744.925014) can0 12D#00000000000000D4 R
(1784905744.928621) can0 121#00A601CF04800038 R
(1784905744.934078) can0 541#00001000000E1C79 R
(1784905744.944675) can0 12D#000000000000005F R
(1784905744.948680) can0 121#00A601CF04800052 R
(1784905744.950311) can0 120#000000000000005F R
(1784905744.965342) can0 12D#000000000000008B R
(1784905744.968809) can0 121#00A601CF04800067 R
(1784905744.973857) can0 541#00001000000E1CAD R
(1784905744.983316) can0 12D#00000000000000D4 R
(1784905744.988995) can0 121#00A601CF04800086 R
(1784905744.989367) can0 129#000000010000008F R
(1784905744.993470) can0 120#000000000000008B R
(1784905744.993867) can0 541#00001000000E1CC7 R
(1784905744.994048) can0 12D#0000000000000035 R
(1784905744.994211) can0 12E#000000000000C0CF R
(1784905745.000473) can0 450#0000000000002800 R
(1784905745.003471) can0 12D#000000000000005F R
(1784905745.008894) can0 121#00A601CF048000B3 R
(1784905745.011469) can0 129#00000001000000BA R
(1784905745.011815) can0 120#00000000000000BE R
(1784905745.012034) can0 541#00001000000E1C26 R
(1784905745.013407) can0 12D#000000000000006A R
(1784905745.013753) can0 12E#000000000000C02E R
(1784905745.023286) can0 12D#000000000000008B R
(1784905745.023805) can0 12A#10050000000A00DC R
(1784905745.029592) can0 121#00A601CF048000D9 R
(1784905745.029978) can0 129#00000001000000D0 R
(1784905745.030084) can0 540#000040100000ED00 R
(1784905745.033982) can0 5B0#10000000000000D5 R
(1784905745.043309) can0 12D#00000000000000D4 R
(1784905745.048949) can0 121#00A601CF04800038 R
(1784905745.052883) can0 129#0000000100000031 R
(1784905745.052979) can0 120#0000000000000035 R
(1784905745.065983) can0 12D#000000000000005F R
(1784905745.070519) can0 121#00A601CF04800052 R
(1784905745.071539) can0 129#000000010000005B R
(1784905745.071892) can0 541#00001000000E1D8E R
(1784905745.083293) can0 12D#000000000000008B R
(1784905745.088631) can0 121#00A601CF04800067 R
(1784905745.089035) can0 129#000000010000006E R
(1784905745.090264) can0 120#000000000000006A R
(1784905745.092346) can0 541#00001000000E1DBB R
(1784905745.096541) can0 12D#00000000000000BE R
(1784905745.096943) can0 12E#000000000000C0A5 R
(1784905745.102410) can0 450#0000000000002800 R
(1784905745.106911) can0 12D#00000000000000D4 R
(1784905745.111448) can0 121#00A601CF04800086 R
(1784905745.111925) can0 129#000000010000008F R
(1784905745.112030) can0 120#000000000000008B R
(1784905745.114781) can0 541#00001000000E1DD1 R
(1784905745.115120) can0 12D#0000000000000035 R
(1784905745.115305) can0 12E#000000000000C0CF R
(1784905745.125014) can0 12D#000000000000005F R
(1784905745.125396) can0 12A#10050000000A0057 R
(1784905745.128647) can0 121#00A601CF048000B3 R
(1784905745.129119) can0 129#00000001000000BA R
(1784905745.130348) can0 120#00000000000000BE R
(1784905745.131824) can0 541#00001000000E1D30 R
(1784905745.135539) can0 12D#000000000000006A R
(1784905745.143665) can0 12D#000000000000008B R
(1784905745.149777) can0 121#00A601CF048000D9 R
(1784905745.150191) can0 129#00000001000000D0 R
(1784905745.150287) can0 120#00000000000000D4 R
(1784905745.165165) can0 12D#00000000000000D4 R
(1784905745.169503) can0 121#00A601CF04800038 R
(1784905745.173744) can0 129#0000000100000031 R
(1784905745.174193) can0 120#0000000000000035 R
(1784905745.174305) can0 541#00001000000E1D6F R
(1784905745.174459) can0 12D#0000000000000035 R
(1784905745.174815) can0 5A0#000000000400003B R
(1784905745.184781) can0 12D#000000000000005F R
(1784905745.188646) can0 121#00A601CF04800052 R
(1784905745.189005) can0 129#000000010000005B R
(1784905745.192074) can0 120#000000000000005F R
(1784905745.196469) can0 541#00001000000E1D8E R
(1784905745.196926) can0 12D#000000000000006A R
(1784905745.199014) can0 12E#000000000000C090 R
(1784905745.200420) can0 450#0000000000002800 R
(1784905745.203342) can0 12D#000000000000008B R
(1784905745.208643) can0 121#00A601CF04800067 R
(1784905745.212710) can0 129#000000010000006E R
(1784905745.212830) can0 120#000000000000006A R
(1784905745.213004) can0 541#00001000000E1DBB R
(1784905745.213399) can0 12D#00000000000000BE R
(1784905745.217019) can0 12E#000000000000C0A5 R
(1784905745.225448) can0 12D#00000000000000D4 R
(1784905745.225922) can0 12A#10050000000A0083 R
(1784905745.229801) can0 121#00A601CF04800086 R
(1784905745.230174) can0 129#000000010000008F R
(1784905745.234727) can0 541#00001000000E1DD1 R
(1784905745.243655) can0 12D#000000000000005F R
(1784905745.248648) can0 121#00A601CF048000B3 R
(1784905745.249066) can0 129#00000001000000BA R
(1784905745.252862) can0 120#00000000000000BE R
(1784905745.253244) can0 450#0000000000002800 R
(1784905745.253351) can0 541#00001000000E1D30 R
(1784905745.253542) can0 12D#000000000000006A R
(1784905745.263346) can0 12D#000000000000008B R
(1784905745.269560) can0 121#00A601CF048000D9 R
(1784905745.269966) can0 129#00000001000000D0 R
(1784905745.270198) can0 120#00000000000000D4 R
(1784905745.273058) can0 541#00001000000E1D5A R
(1784905745.283282) can0 12D#00000000000000D4 R
(1784905745.288689) can0 121#00A601CF04800038 R
(1784905745.289077) can0 129#0000000100000031 R
(1784905745.290245) can0 120#0000000000000035 R
(1784905745.293809) can0 541#00001000000E1D6F R
(1784905745.294214) can0 12D#0000000000000035 R
(1784905745.297976) can0 12E#000000000000C071 R
(1784905745.300515) can0 450#0000000000002800 R
(1784905745.303349) can0 12D#000000000000005F R
(1784905745.310442) can0 121#00A601CF04800052 R
(1784905745.311405) can0 129#000000010000005B R
(1784905745.311701) can0 120#000000000000005F R
(1784905745.323349) can0 12D#000000000000008B R
(1784905745.323698) can0 12A#10050000000A00DC R
(1784905745.328717) can0 121#00A601CF04800067 R
(1784905745.344824) can0 12D#00000000000000D4 R
(1784905745.348836) can0 121#00A601CF04800086 R
(1784905745.351501) can0 120#000000000000008B R
(1784905745.353512) can0 12D#0000000000000035 R
(1784905745.363292) can0 12D#000000000000005F R
(1784905745.369220) can0 121#00A601CF048000B3 R
(1784905745.373017) can0 129#00000001000000BA R
(1784905745.383290) can0 12D#000000000000008B R
(1784905745.389453) can0 121#00A601CF048000D9 R
(1784905745.389847) can0 129#00000001000000D0 R
(1784905745.392289) can0 120#00000000000000D4 R
(1784905745.393469) can0 541#00001000000E1D5A R
(1784905745.393884) can0 12D#00000000000000BE R
(1784905745.394005) can0 12E#000000000000C044 R
(1784905745.400773) can0 450#0000000000002800 R
(1784905745.404105) can0 12D#00000000000000D4 R
(1784905745.408839) can0 121#00A601CF04800038 R
(1784905745.409215) can0 129#0000000100000031 R
(1784905745.410281) can0 120#0000000000000035 R
(1784905745.414185) can0 541#00001000000E1D6F R
(1784905745.414620) can0 12D#0000000000000035 R
(1784905745.423323) can0 12D#000000000000005F R
(1784905745.423813) can0 12A#10050000000A0057 R
(1784905745.428890) can0 121#00A601CF04800052 R
(1784905745.429251) can0 129#000000010000005B R
(1784905745.429345) can0 540#000040100000ED00 R
(1784905745.433025) can0 5B0#100000000000008A R
(1784905745.433377) can0 120#000000000000005F R
(1784905745.444326) can0 12D#000000000000008B R
(1784905745.448667) can0 121#00A601CF04800067 R
(1784905745.449169) can0 129#000000010000006E R
(1784905745.450254) can0 120#000000000000006A R
(1784905745.450503) can0 450#0000000000002800 R
(1784905745.453661) can0 541#00001000000E1DBB R
(1784905745.454087) can0 12D#00000000000000BE R
(1784905745.454206) can0 12E#000000000000C0A5 R
(1784905745.463318) can0 12D#00000000000000D4 R
(1784905745.469175) can0 121#00A601CF04800086 R
(1784905745.469421) can0 129#000000010000008F R
(1784905745.473336) can0 120#000000000000008B R
(1784905745.473806) can0 541#00001000000E1DD1 R
(1784905745.473913) can0 12D#0000000000000035 R
(1784905745.474009) can0 12E#000000000000C0CF R
(1784905745.478140) can0 12A#10050000000A0062 R
(1784905745.484988) can0 12D#000000000000005F R
(1784905745.488698) can0 121#00A601CF048000B3 R
(1784905745.490929) can0 129#00000001000000BA R
(1784905745.493284) can0 120#00000000000000BE R
(1784905745.493617) can0 541#00001000000E1D30 R
(1784905745.497506) can0 12D#000000000000006A R
(1784905745.508660) can0 121#00A601CF048000D9 R
(1784905745.513415) can0 120#00000000000000D4 R
(1784905745.523912) can0 12D#00000000000000D4 R
(1784905745.524310) can0 12A#10050000000A0083 R
(1784905745.529947) can0 121#00A601CF04800038 R
(1784905745.530328) can0 129#0000000100000031 R
(1784905745.534412) can0 541#00001000000E1D6F R
(1784905745.543322) can0 12D#000000000000005F R
(1784905745.551085) can0 121#00A601CF04800052 R
(1784905745.556116) can0 12E#000000000000C090 R
(1784905745.564405) can0 12D#000000000000008B R
(1784905745.572082) can0 120#000000000000006A R
(1784905745.574621) can0 12A#10050000000A00B6 R
(1784905745.589524) can0 121#00A601CF04800086 R
(1784905745.589909) can0 129#000000010000008F R
(1784905745.591817) can0 541#00001000000E1DD1 R
(1784905745.593370) can0 12D#0000000000000035 R
(1784905745.593736) can0 12E#000000000000C0CF R
(1784905745.605931) can0 12D#000000000000005F R
(1784905745.610269) can0 121#00A601CF048000B3 R
(1784905745.623324) can0 12D#000000000000008B R
(1784905745.625837) can0 12A#10050000000A00DC R
(1784905745.628738) can0 121#00A601CF048000D9 R
(1784905745.629198) can0 129#00000001000000D0 R
(1784905745.632897) can0 541#00001000000E1D5A R
(1784905745.643273) can0 12D#00000000000000D4 R
(1784905745.648680) can0 121#00A601CF04800038 R
(1784905745.649026) can0 129#0000000100000031 R
(1784905745.652066) can0 120#0000000000000035 R
(1784905745.652511) can0 450#0000000000002800 R
(1784905745.652599) can0 541#00001000000E1D6F R
(1784905745.663263) can0 12D#000000000000005F R
(1784905745.669256) can0 121#00A601CF04800052 R
(1784905745.671699) can0 129#000000010000005B R
(1784905745.680152) can0 5A0#00000000040000DA R
(1784905745.688804) can0 121#00A601CF04800067 R
(1784905745.691583) can0 120#000000000000006A R
(1784905745.694250) can0 12D#00000000000000BE R
(1784905745.694745) can0 12E#000000000000C0A5 R
(1784905745.703507) can0 12D#00000000000000D4 R
(1784905745.710419) can0 120#000000000000008B R
(1784905745.723268) can0 12D#000000000000005F R
(1784905745.732351) can0 121#00A601CF048000B3 R
(1784905745.735948) can0 541#00001000000E1D30 R
(1784905745.744356) can0 12D#000000000000008B R
(1784905745.748930) can0 121#00A601CF048000D9 R
(1784905745.752921) can0 129#00000001000000D0 R
(1784905745.753374) can0 120#00000000000000D4 R
(1784905745.753470) can0 450#0000000000002800 R
(1784905745.753590) can0 541#00001000000E1D5A R
(1784905745.763659) can0 12D#00000000000000D4 R
(1784905745.771123) can0 121#00A601CF04800038 R
(1784905745.771583) can0 129#0000000100000031 R
(1784905745.771676) can0 120#0000000000000035 R
(1784905745.771773) can0 541#00001000000E1D6F R
(1784905745.779669) can0 5A0#000000000400003B R
(1784905745.784888) can0 12D#000000000000005F R
(1784905745.789782) can0 121#00A601CF04800052 R
(1784905745.790152) can0 129#000000010000005B R
(1784905745.790256) can0 120#000000000000005F R
(1784905745.800509) can0 450#0000000000002800 R
(1784905745.804884) can0 12D#000000000000008B R
(1784905745.808989) can0 121#00A601CF04800067 R
(1784905745.809349) can0 129#000000010000006E R
(1784905745.810294) can0 120#000000000000006A R
(1784905745.814565) can0 541#00001000000E1DBB R
(1784905745.816941) can0 12D#00000000000000BE R
(1784905745.817380) can0 12E#000000000000C0A5 R
(1784905745.826056) can0 12D#00000000000000D4 R
(1784905745.826468) can0 12A#10050000000A0083 R
(1784905745.828676) can0 121#00A601CF04800086 R
(1784905745.832125) can0 129#000000010000008F R
(1784905745.832522) can0 540#000040100000ED00 R
(1784905745.844459) can0 12D#000000000000005F R
(1784905745.850756) can0 121#00A601CF048000B3 R
(1784905745.851172) can0 129#00000001000000BA R
(1784905745.864703) can0 12D#000000000000008B R
(1784905745.868693) can0 121#00A601CF048000D9 R
(1784905745.869106) can0 129#00000001000000D0 R
(1784905745.872455) can0 120#00000000000000D4 R
(1784905745.872926) can0 541#00001000000E1D5A R
(1784905745.874130) can0 5A0#0000000004000051 R
(1784905745.883273) can0 12D#00000000000000D4 R
(1784905745.891225) can0 121#00A601CF04800038 R
(1784905745.891685) can0 129#0000000100000031 R
(1784905745.891805) can0 120#0000000000000035 R
(1784905745.891908) can0 541#00001000000E1D6F R
(1784905745.903430) can0 450#0000000000002800 R
(1784905745.903848) can0 12D#000000000000005F R
(1784905745.909302) can0 121#00A601CF04800052 R
(1784905745.909665) can0 129#000000010000005B R
(1784905745.910325) can0 120#000000000000005F R
(1784905745.912091) can0 541#00001000000E1D8E R
(1784905745.916433) can0 12D#000000000000006A R
(1784905745.923283) can0 12D#000000000000008B R
(1784905745.933422) can0 12D#00000000000000BE R
(1784905745.943285) can0 12D#00000000000000D4 R
(1784905745.950847) can0 121#00A601CF04800086 R
(1784905745.956414) can0 12D#0000000000000035 R
(1784905745.956816) can0 12E#000000000000C0CF R
(1784905745.963576) can0 12D#000000000000005F R
(1784905745.969763) can0 121#00A601CF048000B3 R
(1784905745.983289) can0 12D#000000000000008B R
(1784905745.989399) can0 121#00A601CF048000D9 R
(1784905745.991659) can0 129#00000001000000D0 R
(1784905745.995959) can0 120#00000000000000D4 R
(1784905745.996399) can0 541#00001000000E1D5A R
(1784905745.996499) can0 12D#00000000000000BE R
(1784905745.996610) can0 12E#000000000000C044 R
(1784905746.000470) can0 450#0000000000002800 R
(1784905746.003265) can0 12D#00000000000000D4 R
(1784905746.008705) can0 121#00A601CF04800038 R
(1784905746.009071) can0 129#0000000100000031 R
(1784905746.010297) can0 120#0000000000000035 R
(1784905746.013942) can0 541#00001000000E1D6F R
(1784905746.014301) can0 12D#0000000000000035 R
(1784905746.014415) can0 12E#000000000000C071 R
(1784905746.023478) can0 12D#000000000000005F R
(1784905746.023784) can0 12A#10050000000A0057 R
(1784905746.029411) can0 121#00A601CF04800052 R
(1784905746.031498) can0 129#000000010000005B R
(1784905746.031679) can0 540#000040100000ED00 R
(1784905746.031800) can0 5B0#100000000000008A R
(1784905746.043266) can0 12D#000000000000008B R
(1784905746.048708) can0 121#00A601CF04800067 R
(1784905746.049130) can0 129#000000010000006E R
(1784905746.053383) can0 12D#00000000000000BE R
(1784905746.064723) can0 12D#00000000000000D4 R
(1784905746.068898) can0 121#00A601CF04800086 R
(1784905746.069303) can0 129#000000010000008F R
(1784905746.070310) can0 120#000000000000008B R
(1784905746.075956) can0 12A#10050000000A0062 R
(1784905746.083742) can0 12D#000000000000005F R
(1784905746.090561) can0 121#00A601CF048000B3 R
(1784905746.101362) can0 450#0000000000002800 R
(1784905746.103318) can0 12D#000000000000008B R
(1784905746.109177) can0 121#00A601CF048000D9 R
(1784905746.109685) can0 129#00000001000000D0 R
(1784905746.112785) can0 120#00000000000000D4 R
(1784905746.113211) can0 541#00001000000E1E55 R
(1784905746.113447) can0 12D#00000000000000BE R
(1784905746.113547) can0 12E#000000000000C044 R
(1784905746.124118) can0 12D#00000000000000D4 R
(1784905746.128308) can0 12A#10050000000A0083 R
(1784905746.128695) can0 121#00A601CF04800038 R
(1784905746.128924) can0 129#0000000100000031 R
(1784905746.132877) can0 540#000040100000ED00 R
(1784905746.133014) can0 5B0#10000000000000BF R
(1784905746.145468) can0 12D#000000000000005F R
(1784905746.150536) can0 121#00A601CF04800052 R
(1784905746.150907) can0 129#000000010000005B R
(1784905746.151117) can0 120#000000000000005F R
(1784905746.151267) can0 450#0000000000002800 R
(1784905746.163265) can0 12D#000000000000008B R
(1784905746.170417) can0 121#00A601CF04800067 R
(1784905746.172959) can0 129#000000010000006E R
(1784905746.173075) can0 120#000000000000006A R
(1784905746.177161) can0 12A#10050000000A00B6 R
(1784905746.184436) can0 12D#00000000000000D4 R
(1784905746.188927) can0 121#00A601CF04800086 R
(1784905746.193497) can0 120#000000000000008B R
(1784905746.200497) can0 450#0000000000002800 R
(1784905746.203313) can0 12D#000000000000005F R
(1784905746.208906) can0 121#00A601CF048000B3 R
(1784905746.209307) can0 129#00000001000000BA R
(1784905746.213633) can0 120#00000000000000BE R
(1784905746.214028) can0 541#00001000000E1E3F R
(1784905746.214125) can0 12D#000000000000006A R
(1784905746.214231) can0 12E#000000000000C02E R
(1784905746.224082) can0 12D#000000000000008B R
(1784905746.224473) can0 12A#10050000000A00DC R
(1784905746.228864) can0 121#00A601CF048000D9 R
(1784905746.229194) can0 129#00000001000000D0 R
(1784905746.229399) can0 540#000040100000ED00 R
(1784905746.233713) can0 12E#000000000000C044 R
(1784905746.243293) can0 12D#00000000000000D4 R
(1784905746.250468) can0 121#00A601CF04800038 R
(1784905746.251632) can0 129#0000000100000031 R
(1784905746.251927) can0 120#0000000000000035 R
(1784905746.252106) can0 450#0000000000002800 R
(1784905746.252319) can0 541#00001000000E1E60 R
(1784905746.263514) can0 12D#000000000000005F R
(1784905746.268772) can0 121#00A601CF04800052 R
(1784905746.273013) can0 129#000000010000005B R
(1784905746.275946) can0 120#000000000000005F R
(1784905746.276302) can0 541#00001000000E1E81 R
(1784905746.283998) can0 12D#000000000000008B R
(1784905746.288723) can0 121#00A601CF04800067 R
(1784905746.293447) can0 541#00001000000E1EB4 R
(1784905746.302314) can0 450#0000000000002800 R
(1784905746.308723) can0 121#00A601CF04800086 R
(1784905746.309142) can0 129#000000010000008F R
(1784905746.313375) can0 120#000000000000008B R
(1784905746.315591) can0 541#00001000000E1EDE R
(1784905746.318039) can0 12D#0000000000000035 R
(1784905746.328740) can0 121#00A601CF048000B3 R
(1784905746.329089) can0 129#00000001000000BA R
(1784905746.335074) can0 12D#000000000000006A R
(1784905746.344557) can0 12D#000000000000008B R
(1784905746.350871) can0 121#00A601CF048000D9 R
(1784905746.355904) can0 12D#00000000000000BE R
(1784905746.363235) can0 12D#00000000000000D4 R
(1784905746.370511) can0 121#00A601CF04800038 R
(1784905746.370974) can0 129#0000000100000031 R
(1784905746.383259) can0 12D#000000000000005F R
(1784905746.388742) can0 121#00A601CF04800052 R
(1784905746.391126) can0 129#000000010000005B R
(1784905746.391234) can0 120#000000000000005F R
(1784905746.391795) can0 541#00001000000E1E81 R
(1784905746.395195) can0 12D#000000000000006A R
(1784905746.395641) can0 12E#000000000000C090 R
(1784905746.400493) can0 450#0000000000002800 R
(1784905746.403290) can0 12D#000000000000008B R
(1784905746.408725) can0 121#00A601CF04800067 R
(1784905746.408957) can0 129#000000010000006E R
(1784905746.410540) can0 120#000000000000006A R
(1784905746.414084) can0 541#00001000000E1EB4 R
(1784905746.414228) can0 12D#00000000000000BE R
(1784905746.414306) can0 12E#000000000000C0A5 R
(1784905746.423261) can0 12D#00000000000000D4 R
(1784905746.423688) can0 12A#10050000000A0083 R
(1784905746.429455) can0 121#00A601CF04800086 R
(1784905746.429853) can0 129#000000010000008F R
(1784905746.433201) can0 541#00001000000E1EDE R
(1784905746.443291) can0 12D#000000000000005F R
(1784905746.450719) can0 121#00A601CF048000B3 R
(1784905746.451164) can0 129#00000001000000BA R
(1784905746.451271) can0 120#00000000000000BE R
(1784905746.453468) can0 12D#000000000000006A R
(1784905746.463305) can0 12D#000000000000008B R
(1784905746.468794) can0 121#00A601CF048000D9 R
(1784905746.469191) can0 129#00000001000000D0 R
(1784905746.473588) can0 120#00000000000000D4 R
(1784905746.478360) can0 5A0#0000000004000051 R
(1784905746.483836) can0 12D#00000000000000D4 R
(1784905746.488896) can0 121#00A601CF04800038 R
(1784905746.489383) can0 129#0000000100000031 R
(1784905746.493184) can0 120#0000000000000035 R
(1784905746.502079) can0 450#0000000000002800 R
(1784905746.510894) can0 121#00A601CF04800052 R
(1784905746.511392) can0 129#000000010000005B R
(1784905746.513365) can0 12D#000000000000006A R
(1784905746.525942) can0 12D#000000000000008B R
(1784905746.526354) can0 12A#10050000000A00DC R
(1784905746.530744) can0 121#00A601CF04800067 R
(1784905746.531104) can0 129#000000010000006E R
(1784905746.535876) can0 12E#000000000000C0A5 R
(1784905746.543271) can0 12D#00000000000000D4 R
(1784905746.550802) can0 121#00A601CF04800086 R
(1784905746.551223) can0 129#000000010000008F R
(1784905746.551438) can0 120#000000000000008B R
(1784905746.553332) can0 12D#0000000000000035 R
(1784905746.563408) can0 12D#000000000000005F R
(1784905746.571094) can0 121#00A601CF048000B3 R
(1784905746.571581) can0 129#00000001000000BA R
(1784905746.583283) can0 12D#000000000000008B R
(1784905746.588875) can0 121#00A601CF048000D9 R
(1784905746.589237) can0 129#00000001000000D0 R
(1784905746.592586) can0 120#00000000000000D4 R
(1784905746.593055) can0 541#00001000000E1E55 R
(1784905746.593494) can0 12D#00000000000000BE R
(1784905746.593695) can0 12E#000000000000C044 R
(1784905746.600922) can0 450#0000000000002800 R
(1784905746.603299) can0 12D#00000000000000D4 R
(1784905746.608755) can0 121#00A601CF04800038 R
(1784905746.609125) can0 129#0000000100000031 R
(1784905746.611503) can0 120#0000000000000035 R
(1784905746.613736) can0 12D#0000000000000035 R
(1784905746.625264) can0 12D#000000000000005F R
(1784905746.625631) can0 12A#10050000000A0057 R
(1784905746.628758) can0 121#00A601CF04800052 R
(1784905746.629082) can0 129#000000010000005B R
(1784905746.629295) can0 540#000040100000ED00 R
(1784905746.629436) can0 5B0#100000000000008A R
(1784905746.630446) can0 120#000000000000005F R
(1784905746.644783) can0 12D#000000000000008B R
(1784905746.649255) can0 121#00A601CF04800067 R
(1784905746.649664) can0 129#000000010000006E R
(1784905746.650341) can0 120#000000000000006A R
(1784905746.654349) can0 450#0000000000002800 R
(1784905746.654834) can0 541#00001000000E1EB4 R
(1784905746.663302) can0 12D#00000000000000D4 R
(1784905746.668765) can0 121#00A601CF04800086 R
(1784905746.669141) can0 129#000000010000008F R
(1784905746.672147) can0 541#00001000000E1EDE R
(1784905746.673443) can0 12D#0000000000000035 R
(1784905746.686107) can0 12D#000000000000005F R
(1784905746.690550) can0 121#00A601CF048000B3 R
(1784905746.690879) can0 129#00000001000000BA R
(1784905746.691073) can0 120#00000000000000BE R
(1784905746.694913) can0 541#00001000000E1E3F R
(1784905746.702468) can0 450#0000000000002800 R
(1784905746.708906) can0 121#00A601CF048000D9 R
(1784905746.723260) can0 12D#00000000000000D4 R
(1784905746.725091) can0 12A#10050000000A0083 R
(1784905746.728769) can0 121#00A601CF04800038 R
(1784905746.729193) can0 129#0000000100000031 R
(1784905746.729297) can0 540#000040100000ED00 R
(1784905746.729782) can0 5B0#10000000000000BF R
(1784905746.730474) can0 120#0000000000000035 R
(1784905746.743602) can0 12D#000000000000005F R
(1784905746.748991) can0 121#00A601CF04800052 R
(1784905746.752949) can0 129#000000010000005B R
(1784905746.753131) can0 450#0000000000002800 R
(1784905746.753247) can0 120#000000000000005F R
(1784905746.763332) can0 12D#000000000000008B R
(1784905746.768853) can0 121#00A601CF04800067 R
(1784905746.771577) can0 129#000000010000006E R
(1784905746.783619) can0 12D#00000000000000D4 R
(1784905746.789269) can0 121#00A601CF04800086 R
(1784905746.791509) can0 120#000000000000008B R
(1784905746.800787) can0 450#0000000000002800 R
(1784905746.808816) can0 121#00A601CF048000B3 R
(1784905746.813359) can0 12D#000000000000006A R
(1784905746.825171) can0 12D#000000000000008B R
(1784905746.826308) can0 12A#10050000000A00DC R
(1784905746.829157) can0 121#00A601CF048000D9 R
(1784905746.829499) can0 129#00000001000000D0 R
(1784905746.829712) can0 540#000040100000ED00 R
(1784905746.845695) can0 12D#00000000000000D4 R
(1784905746.849238) can0 121#00A601CF04800038 R
(1784905746.849588) can0 129#0000000100000031 R
(1784905746.851793) can0 120#0000000000000035 R
(1784905746.865405) can0 12D#000000000000005F R
(1784905746.871742) can0 121#00A601CF04800052 R
(1784905746.873482) can0 12D#000000000000006A R
(1784905746.883269) can0 12D#000000000000008B R
(1784905746.888773) can0 121#00A601CF04800067 R
(1784905746.889121) can0 129#000000010000006E R
(1784905746.891784) can0 120#000000000000006A R
(1784905746.893664) can0 12E#000000000000C0A5 R
(1784905746.902096) can0 450#0000000000002800 R
(1784905746.906533) can0 12D#00000000000000D4 R
(1784905746.909915) can0 121#00A601CF04800086 R
(1784905746.910428) can0 129#000000010000008F R
(1784905746.910543) can0 120#000000000000008B R
(1784905746.912255) can0 541#00001000000E1EDE R
(1784905746.929121) can0 121#00A601CF048000B3 R
(1784905746.943234) can0 12D#000000000000008B R
(1784905746.949123) can0 121#00A601CF048000D9 R
(1784905746.963823) can0 12D#00000000000000D4 R
(1784905746.970839) can0 121#00A601CF04800038 R
(1784905746.971242) can0 129#0000000100000031 R
(1784905746.971449) can0 120#0000000000000035 R
(1784905746.975753) can0 12D#0000000000000035 R
(1784905746.976499) can0 5A0#000000000400003B R
(1784905746.984934) can0 12D#000000000000005F R
(1784905746.988941) can0 121#00A601CF04800052 R
(1784905746.989217) can0 129#000000010000005B R
(1784905746.990479) can0 120#000000000000005F R
(1784905746.994851) can0 541#00001000000E1E81 R
(1784905746.995348) can0 12D#000000000000006A R
(1784905747.004121) can0 450#0000000000002800 R
(1784905747.006640) can0 12D#000000000000008B R
(1784905747.010679) can0 121#00A601CF04800067 R
(1784905747.011038) can0 129#000000010000006E R
(1784905747.023270) can0 12D#00000000000000D4 R
(1784905747.028765) can0 121#00A601CF04800086 R
(1784905747.029144) can0 129#000000010000008F R
(1784905747.029367) can0 540#000040100000ED00 R
(1784905747.029463) can0 5B0#100000000000005E R
(1784905747.033234) can0 120#000000000000008B R
(1784905747.043317) can0 12D#000000000000005F R
(1784905747.048772) can0 121#00A601CF048000B3 R
(1784905747.054862) can0 12D#000000000000006A R
(1784905747.063204) can0 12D#000000000000008B R
(1784905747.070840) can0 121#00A601CF048000D9 R
(1784905747.083264) can0 12D#00000000000000D4 R
(1784905747.088772) can0 121#00A601CF04800038 R
(1784905747.089173) can0 129#0000000100000031 R
(1784905747.090401) can0 120#0000000000000035 R
(1784905747.093624) can0 541#00001000000E1F76 R
(1784905747.093724) can0 12D#0000000000000035 R
(1784905747.093932) can0 12E#000000000000C071 R
(1784905747.100573) can0 450#0000000000002800 R
(1784905747.104672) can0 12D#000000000000005F R
(1784905747.108824) can0 121#00A601CF04800052 R
(1784905747.109266) can0 129#000000010000005B R
(1784905747.113815) can0 12D#000000000000006A R
(1784905747.124523) can0 12D#000000000000008B R
(1784905747.124909) can0 12A#10050000000A00DC R
(1784905747.128804) can0 121#00A601CF04800067 R
(1784905747.129170) can0 129#000000010000006E R
(1784905747.129255) can0 540#000040100000ED00 R
(1784905747.131871) can0 5B0#100000000000006B R
(1784905747.132365) can0 120#000000000000006A R
(1784905747.132473) can0 541#00001000000E1FA2 R
(1784905747.143329) can0 12D#00000000000000D4 R
(1784905747.148786) can0 121#00A601CF04800086 R
(1784905747.149160) can0 129#000000010000008F R
(1784905747.163241) can0 12D#000000000000005F R
(1784905747.168822) can0 121#00A601CF048000B3 R
(1784905747.169242) can0 129#00000001000000BA R
(1784905747.173434) can0 120#00000000000000BE R
(1784905747.173616) can0 541#00001000000E1F29 R
(1784905747.173721) can0 12D#000000000000006A R
(1784905747.176111) can0 12E#000000000000C02E R
(1784905747.183333) can0 12D#000000000000008B R
(1784905747.188816) can0 121#00A601CF048000D9 R
(1784905747.189204) can0 129#00000001000000D0 R
(1784905747.191878) can0 541#00001000000E1F43 R
(1784905747.201799) can0 450#0000000000002800 R
(1784905747.203366) can0 12D#00000000000000D4 R
(1784905747.208813) can0 121#00A601CF04800038 R
(1784905747.212699) can0 541#00001000000E1F76 R
(1784905747.228884) can0 121#00A601CF04800052 R
(1784905747.229131) can0 129#000000010000005B R
(1784905747.229270) can0 540#000040100000ED00 R
(1784905747.229518) can0 5B0#100000000000008A R
(1784905747.230523) can0 120#000000000000005F R
(1784905747.235185) can0 541#00001000000E1F97 R
(1784905747.235690) can0 12D#000000000000006A R
(1784905747.239248) can0 12E#000000000000C090 R
(1784905747.243507) can0 12D#000000000000008B R
(1784905747.248970) can0 121#00A601CF04800067 R
(1784905747.254521) can0 129#000000010000006E R
(1784905747.256753) can0 450#0000000000002800 R
(1784905747.257392) can0 12E#000000000000C0A5 R
(1784905747.266673) can0 12D#00000000000000D4 R
(1784905747.271244) can0 121#00A601CF04800086 R
(1784905747.271660) can0 129#000000010000008F R
(1784905747.283325) can0 12D#000000000000005F R
(1784905747.292196) can0 121#00A601CF048000B3 R
(1784905747.292587) can0 129#00000001000000BA R
(1784905747.292749) can0 120#00000000000000BE R
(1784905747.292868) can0 541#00001000000E1F29 R
(1784905747.296481) can0 12D#000000000000006A R
(1784905747.296820) can0 12E#000000000000C02E R
(1784905747.301390) can0 450#0000000000002800 R
(1784905747.305371) can0 12D#000000000000008B R
(1784905747.309764) can0 121#00A601CF048000D9 R
(1784905747.311073) can0 129#00000001000000D0 R
(1784905747.323524) can0 12D#00000000000000D4 R
(1784905747.323973) can0 12A#10050000000A0083 R
(1784905747.328810) can0 121#00A601CF04800038 R
(1784905747.329301) can0 129#0000000100000031 R
(1784905747.329587) can0 5B0#10000000000000BF R
(1784905747.330444) can0 120#0000000000000035 R
(1784905747.331835) can0 541#00001000000E1F76 R
(1784905747.333200) can0 12D#0000000000000035 R
(1784905747.333555) can0 12E#000000000000C071 R
(1784905747.343620) can0 12D#000000000000005F R
(1784905747.348875) can0 121#00A601CF04800052 R
(1784905747.349252) can0 129#000000010000005B R
(1784905747.352498) can0 120#000000000000005F R
(1784905747.352980) can0 450#0000000000002800 R
(1784905747.353059) can0 541#00001000000E1F97 R
(1784905747.353430) can0 12D#000000000000006A R
(1784905747.357057) can0 12E#000000000000C090 R
(1784905747.363225) can0 12D#000000000000008B R
(1784905747.371861) can0 121#00A601CF04800067 R
(1784905747.372288) can0 129#000000010000006E R
(1784905747.375217) can0 120#000000000000006A R
(1784905747.375549) can0 541#00001000000E1FA2 R
(1784905747.375697) can0 12D#00000000000000BE R
(1784905747.383475) can0 12D#00000000000000D4 R
(1784905747.391320) can0 121#00A601CF04800086 R
(1784905747.391681) can0 129#000000010000008F R
(1784905747.391811) can0 120#000000000000008B R
(1784905747.391907) can0 541#00001000000E1FC8 R
(1784905747.395876) can0 12D#0000000000000035 R
(1784905747.396229) can0 12E#000000000000C0CF R
(1784905747.400925) can0 450#0000000000002800 R
(1784905747.403903) can0 12D#000000000000005F R
(1784905747.409178) can0 121#00A601CF048000B3 R
(1784905747.409596) can0 129#00000001000000BA R
(1784905747.414178) can0 120#00000000000000BE R
(1784905747.414670) can0 541#00001000000E1F29 R
(1784905747.423694) can0 12D#000000000000008B R
(1784905747.424198) can0 12A#10050000000A00DC R
(1784905747.428866) can0 121#00A601CF048000D9 R
(1784905747.432802) can0 129#00000001000000D0 R
(1784905747.444941) can0 12D#00000000000000D4 R
(1784905747.448829) can0 121#00A601CF04800038 R
(1784905747.449303) can0 129#0000000100000031 R
(1784905747.450607) can0 120#0000000000000035 R
(1784905747.450894) can0 450#0000000000002800 R
(1784905747.454890) can0 541#00001000000E1F76 R
(1784905747.455247) can0 12D#0000000000000035 R
(1784905747.455364) can0 12E#000000000000C071 R
(1784905747.463892) can0 12D#000000000000005F R
(1784905747.469083) can0 121#00A601CF04800052 R
(1784905747.469346) can0 129#000000010000005B R
(1784905747.473387) can0 120#000000000000005F R
(1784905747.473773) can0 541#00001000000E1F97 R
(1784905747.473898) can0 12D#000000000000006A R
(1784905747.473999) can0 12E#000000000000C090 R
(1784905747.474185) can0 12A#10050000000A003D R
(1784905747.484963) can0 12D#000000000000008B R
(1784905747.488809) can0 121#00A601CF04800067 R
(1784905747.490110) can0 129#000000010000006E R
(1784905747.490417) can0 120#000000000000006A R
(1784905747.492898) can0 541#00001000000E1FA2 R
(1784905747.500553) can0 450#0000000000002800 R
(1784905747.503620) can0 12D#00000000000000D4 R
(1784905747.509471) can0 121#00A601CF04800086 R
(1784905747.510672) can0 120#000000000000008B R
(1784905747.523291) can0 12D#000000000000005F R
(1784905747.523754) can0 12A#10050000000A0057 R
(1784905747.530208) can0 540#000040100000ED00 R
(1784905747.544553) can0 12D#000000000000008B R
(1784905747.551470) can0 121#00A601CF048000D9 R
(1784905747.551935) can0 129#00000001000000D0 R
(1784905747.552044) can0 120#00000000000000D4 R
(1784905747.552138) can0 450#0000000000002800 R
(1784905747.552259) can0 541#00001000000E1F43 R
(1784905747.554651) can0 12D#00000000000000BE R
(1784905747.555104) can0 12E#000000000000C044 R
(1784905747.563604) can0 12D#00000000000000D4 R
(1784905747.568846) can0 121#00A601CF04800038 R
(1784905747.569319) can0 129#0000000100000031 R
(1784905747.572458) can0 120#0000000000000035 R
(1784905747.574734) can0 541#00001000000E1F76 R
(1784905747.575124) can0 12D#0000000000000035 R
(1784905747.575223) can0 12E#000000000000C071 R
(1784905747.583335) can0 12D#000000000000005F R
(1784905747.588827) can0 121#00A601CF04800052 R
(1784905747.589206) can0 129#000000010000005B R
(1784905747.590515) can0 120#000000000000005F R
(1784905747.602070) can0 450#0000000000002800 R
(1784905747.610443) can0 121#00A601CF04800067 R
(1784905747.612610) can0 129#000000010000006E R
(1784905747.623565) can0 12D#00000000000000D4 R
(1784905747.625993) can0 12A#10050000000A0083 R
(1784905747.632307) can0 121#00A601CF04800086 R
(1784905747.645012) can0 12D#000000000000005F R
(1784905747.649098) can0 121#00A601CF048000B3 R
(1784905747.649465) can0 129#00000001000000BA R
(1784905747.650420) can0 120#00000000000000BE R
(1784905747.650867) can0 450#0000000000002800 R
(1784905747.654371) can0 541#00001000000E1F29 R
(1784905747.664729) can0 12D#000000000000008B R
(1784905747.669237) can0 121#00A601CF048000D9 R
(1784905747.669589) can0 129#00000001000000D0 R
(1784905747.673618) can0 120#00000000000000D4 R
(1784905747.673970) can0 541#00001000000E1F43 R
(1784905747.685477) can0 12D#00000000000000D4 R
(1784905747.688850) can0 121#00A601CF04800038 R
(1784905747.691882) can0 541#00001000000E1F76 R
(1784905747.700514) can0 450#0000000000002800 R
(1784905747.705004) can0 12D#000000000000005F R
(1784905747.709410) can0 121#00A601CF04800052 R
(1784905747.709811) can0 129#000000010000005B R
(1784905747.710759) can0 120#000000000000005F R
(1784905747.723484) can0 12D#000000000000008B R
(1784905747.725532) can0 12A#10050000000A00DC R
(1784905747.730928) can0 121#00A601CF04800067 R
(1784905747.731285) can0 129#000000010000006E R
(1784905747.731371) can0 540#000040100000ED00 R
(1784905747.731601) can0 5B0#100000000000006B R
(1784905747.745980) can0 12D#00000000000000D4 R
(1784905747.750562) can0 121#00A601CF04800086 R
(1784905747.751054) can0 129#000000010000008F R
(1784905747.751159) can0 120#000000000000008B R
(1784905747.751286) can0 450#0000000000002800 R
(1784905747.751879) can0 541#00001000000E1FC8 R
(1784905747.756087) can0 12D#0000000000000035 R
(1784905747.756505) can0 12E#000000000000C0CF R
(1784905747.763421) can0 12D#000000000000005F R
(1784905747.768825) can0 121#00A601CF048000B3 R
(1784905747.769269) can0 129#00000001000000BA R
(1784905747.772697) can0 120#00000000000000BE R
(1784905747.773056) can0 541#00001000000E1F29 R
(1784905747.773337) can0 12D#000000000000006A R
(1784905747.773547) can0 12E#000000000000C02E R
(1784905747.784005) can0 12D#000000000000008B R
(1784905747.788814) can0 121#00A601CF048000D9 R
(1784905747.789158) can0 129#00000001000000D0 R
(1784905747.792931) can0 120#00000000000000D4 R
(1784905747.793430) can0 541#00001000000E1F43 R
(1784905747.793528) can0 12D#00000000000000BE R
(1784905747.793715) can0 12E#000000000000C044 R
(1784905747.800538) can0 450#0000000000002800 R
(1784905747.804651) can0 12D#00000000000000D4 R
(1784905747.809160) can0 121#00A601CF04800038 R
(1784905747.813281) can0 12D#0000000000000035 R
(1784905747.823738) can0 12D#000000000000005F R
(1784905747.826202) can0 12A#10050000000A0057 R
(1784905747.830759) can0 121#00A601CF04800052 R
(1784905747.831227) can0 129#000000010000005B R
(1784905747.843285) can0 12D#000000000000008B R
(1784905747.848851) can0 121#00A601CF04800067 R
(1784905747.849278) can0 129#000000010000006E R
(1784905747.850472) can0 120#000000000000006A R
(1784905747.850730) can0 450#0000000000002800 R
(1784905747.851916) can0 541#00001000000E1FA2 R
(1784905747.853252) can0 12D#00000000000000BE R
(1784905747.853561) can0 12E#000000000000C0A5 R
(1784905747.863307) can0 12D#00000000000000D4 R
(1784905747.868851) can0 121#00A601CF04800086 R
(1784905747.869265) can0 129#000000010000008F R
(1784905747.871573) can0 120#000000000000008B R
(1784905747.883751) can0 12D#000000000000005F R
(1784905747.890016) can0 121#00A601CF048000B3 R
(1784905747.891352) can0 129#00000001000000BA R
(1784905747.900516) can0 450#0000000000002800 R
(1784905747.906964) can0 12D#000000000000008B R
(1784905747.910679) can0 121#00A601CF048000D9 R
(1784905747.923291) can0 12D#00000000000000D4 R
(1784905747.930541) can0 121#00A601CF04800038 R
(1784905747.944087) can0 12D#000000000000005F R
(1784905747.948853) can0 121#00A601CF04800052 R
(1784905747.950051) can0 129#000000010000005B R
(1784905747.952855) can0 120#000000000000005F R
(1784905747.963999) can0 12D#000000000000008B R
(1784905747.971377) can0 121#00A601CF04800067 R
(1784905747.972610) can0 129#000000010000006E R
(1784905747.975756) can0 12D#00000000000000BE R
(1784905747.985493) can0 12D#00000000000000D4 R
(1784905747.988941) can0 121#00A601CF04800086 R
(1784905747.989288) can0 129#000000010000008F R
(1784905747.992200) can0 120#000000000000008B R
(1784905748.000753) can0 450#0000000000002800 R
(1784905748.005014) can0 12D#000000000000005F R
(1784905748.009226) can0 121#00A601CF048000B3 R
(1784905748.010138) can0 129#00000001000000BA R
(1784905748.010679) can0 120#00000000000000BE R
(1784905748.016273) can0 541#00001000000E1F29 R
(1784905748.024939) can0 12D#000000000000008B R
(1784905748.029406) can0 121#00A601CF048000D9 R
(1784905748.044602) can0 12D#00000000000000D4 R
(1784905748.048924) can0 121#00A601CF04800038 R
(1784905748.053039) can0 129#0000000100000031 R
(1784905748.053381) can0 120#0000000000000035 R
(1784905748.053529) can0 450#0000000000002800 R
(1784905748.053649) can0 541#00001000000E2061 R
(1784905748.053748) can0 12D#0000000000000035 R
(1784905748.053887) can0 12E#000000000000C071 R
(1784905748.063314) can0 12D#000000000000005F R
(1784905748.069836) can0 121#00A601CF04800052 R
(1784905748.074292) can0 129#000000010000005B R
(1784905748.078288) can0 120#000000000000005F R
(1784905748.078710) can0 541#00001000000E2080 R
(1784905748.083387) can0 12D#000000000000008B R
(1784905748.088880) can0 121#00A601CF04800067 R
(1784905748.095236) can0 12D#00000000000000BE R
(1784905748.100587) can0 450#0000000000002800 R
(1784905748.103377) can0 12D#00000000000000D4 R
(1784905748.108861) can0 121#00A601CF04800086 R
(1784905748.109256) can0 129#000000010000008F R
(1784905748.113065) can0 120#000000000000008B R
(1784905748.124295) can0 12D#000000000000005F R
(1784905748.127395) can0 12A#10050000000A0057 R
(1784905748.129479) can0 121#00A601CF048000B3 R
(1784905748.143282) can0 12D#000000000000008B R
(1784905748.148930) can0 121#00A601CF048000D9 R
(1784905748.149340) can0 129#00000001000000D0 R
(1784905748.150524) can0 120#00000000000000D4 R
(1784905748.150782) can0 450#0000000000002800 R
(1784905748.154759) can0 541#00001000000E2054 R
(1784905748.163822) can0 12D#00000000000000D4 R
(1784905748.170947) can0 121#00A601CF04800038 R
(1784905748.173364) can0 129#0000000100000031 R
(1784905748.173774) can0 541#00001000000E2061 R
(1784905748.183283) can0 12D#000000000000005F R
(1784905748.188870) can0 121#00A601CF04800052 R
(1784905748.192570) can0 129#000000010000005B R
(1784905748.192897) can0 120#000000000000005F R
(1784905748.193529) can0 12E#000000000000C090 R
(1784905748.202332) can0 450#0000000000002800 R
(1784905748.205183) can0 12D#000000000000008B R
(1784905748.208932) can0 121#00A601CF04800067 R
(1784905748.209290) can0 129#000000010000006E R
(1784905748.210608) can0 120#000000000000006A R
(1784905748.214999) can0 541#00001000000E20B5 R
(1784905748.215393) can0 12D#00000000000000BE R
(1784905748.223273) can0 12D#00000000000000D4 R
(1784905748.228858) can0 121#00A601CF04800086 R
(1784905748.233396) can0 120#000000000000008B R
(1784905748.243271) can0 12D#000000000000005F R
(1784905748.248919) can0 121#00A601CF048000B3 R
(1784905748.249290) can0 129#00000001000000BA R
(1784905748.250514) can0 120#00000000000000BE R
(1784905748.251881) can0 541#00001000000E203E R
(1784905748.253222) can0 12D#000000000000006A R
(1784905748.253535) can0 12E#000000000000C02E R
(1784905748.263282) can0 12D#000000000000008B R
(1784905748.268917) can0 121#00A601CF048000D9 R
(1784905748.277608) can0 541#00001000000E2054 R
(1784905748.290937) can0 121#00A601CF04800038 R
(1784905748.294147) can0 120#0000000000000035 R
(1784905748.300622) can0 450#0000000000002800 R
(1784905748.303263) can0 12D#000000000000005F R
(1784905748.308979) can0 121#00A601CF04800052 R
(1784905748.309382) can0 129#000000010000005B R
(1784905748.310536) can0 120#000000000000005F R
(1784905748.314857) can0 541#00001000000E2080 R
(1784905748.315293) can0 12D#000000000000006A R
(1784905748.315409) can0 12E#000000000000C090 R
(1784905748.323793) can0 12D#000000000000008B R
(1784905748.324188) can0 12A#10050000000A00DC R
(1784905748.328900) can0 121#00A601CF04800067 R
(1784905748.329305) can0 129#000000010000006E R
(1784905748.329405) can0 540#000040100000ED00 R
(1784905748.329595) can0 5B0#100000000000006B R
(1784905748.332177) can0 120#000000000000006A R
(1784905748.334356) can0 541#00001000000E20B5 R
(1784905748.334622) can0 12D#00000000000000BE R
(1784905748.334816) can0 12E#000000000000C0A5 R
(1784905748.345314) can0 12D#00000000000000D4 R
(1784905748.350121) can0 121#00A601CF04800086 R
(1784905748.350485) can0 129#000000010000008F R
(1784905748.350679) can0 120#000000000000008B R
(1784905748.354337) can0 12D#0000000000000035 R
(1784905748.363267) can0 12D#000000000000005F R
(1784905748.369879) can0 121#00A601CF048000B3 R
(1784905748.372979) can0 129#00000001000000BA R
(1784905748.373368) can0 120#00000000000000BE R
(1784905748.383597) can0 12D#000000000000008B R
(1784905748.390685) can0 121#00A601CF048000D9 R
(1784905748.391058) can0 129#00000001000000D0 R
(1784905748.401695) can0 450#0000000000002800 R
(1784905748.406051) can0 12D#00000000000000D4 R
(1784905748.408938) can0 121#00A601CF04800038 R
(1784905748.410526) can0 120#0000000000000035 R
(1784905748.414082) can0 541#00001000000E2061 R
(1784905748.423288) can0 12D#000000000000005F R
(1784905748.423683) can0 12A#10050000000A0057 R
(1784905748.428884) can0 121#00A601CF04800052 R
(1784905748.429249) can0 129#000000010000005B R
(1784905748.429466) can0 540#000040100000ED00 R
(1784905748.430692) can0 120#000000000000005F R
(1784905748.434959) can0 12E#000000000000C090 R
(1784905748.443538) can0 12D#000000000000008B R
(1784905748.448902) can0 121#00A601CF04800067 R
(1784905748.449394) can0 129#000000010000006E R
(1784905748.452110) can0 120#000000000000006A R
(1784905748.463483) can0 12D#00000000000000D4 R
(1784905748.468904) can0 121#00A601CF04800086 R
(1784905748.469339) can0 129#000000010000008F R
(1784905748.472534) can0 120#000000000000008B R
(1784905748.473055) can0 541#00001000000E20DF R
(1784905748.473313) can0 12D#0000000000000035 R
(1784905748.473536) can0 12E#000000000000C0CF R
(1784905748.483318) can0 12D#000000000000005F R
(1784905748.488907) can0 121#00A601CF048000B3 R
(1784905748.489321) can0 129#00000001000000BA R
(1784905748.492473) can0 120#00000000000000BE R
(1784905748.492881) can0 541#00001000000E203E R
(1784905748.500575) can0 450#0000000000002800 R
(1784905748.504917) can0 12D#000000000000008B R
(1784905748.509249) can0 121#00A601CF048000D9 R
(1784905748.511374) can0 129#00000001000000D0 R
(1784905748.513737) can0 120#00000000000000D4 R
(1784905748.514086) can0 541#00001000000E2054 R
(1784905748.523238) can0 12D#00000000000000D4 R
(1784905748.523612) can0 12A#10050000000A0083 R
(1784905748.530219) can0 121#00A601CF04800038 R
(1784905748.534703) can0 129#0000000100000031 R
(1784905748.535678) can0 540#000040100000ED00 R
(1784905748.543443) can0 12D#000000000000005F R
(1784905748.549413) can0 121#00A601CF04800052 R
(1784905748.566008) can0 12D#000000000000008B R
(1784905748.571247) can0 121#00A601CF04800067 R
(1784905748.571699) can0 129#000000010000006E R
(1784905748.571842) can0 120#000000000000006A R
(1784905748.571955) can0 541#00001000000E20B5 R
(1784905748.574403) can0 12D#00000000000000BE R
(1784905748.574879) can0 12E#000000000000C0A5 R
(1784905748.574988) can0 12A#10050000000A00B6 R
(1784905748.575102) can0 5A0#00000000040000B0 R
(1784905748.584412) can0 12D#00000000000000D4 R
(1784905748.588915) can0 121#00A601CF04800086 R
(1784905748.589859) can0 129#000000010000008F R
(1784905748.590501) can0 120#000000000000008B R
(1784905748.596081) can0 12D#0000000000000035 R
(1784905748.601801) can0 450#0000000000002800 R
(1784905748.607117) can0 12D#000000000000005F R
(1784905748.608935) can0 121#00A601CF048000B3 R
(1784905748.609167) can0 129#00000001000000BA R
(1784905748.611098) can0 120#00000000000000BE R
(1784905748.623484) can0 12D#000000000000008B R
(1784905748.623864) can0 12A#10050000000A00DC R
(1784905748.628913) can0 121#00A601CF048000D9 R
(1784905748.629293) can0 129#00000001000000D0 R
(1784905748.629461) can0 540#000040100000ED00 R
(1784905748.629589) can0 5B0#10000000000000D5 R
(1784905748.633945) can0 12D#00000000000000BE R
(1784905748.643264) can0 12D#00000000000000D4 R
(1784905748.648909) can0 121#00A601CF04800038 R
(1784905748.649271) can0 129#0000000100000031 R
(1784905748.663253) can0 12D#000000000000005F R
(1784905748.668929) can0 121#00A601CF04800052 R
(1784905748.669328) can0 129#000000010000005B R
(1784905748.672285) can0 120#000000000000005F R
(1784905748.673334) can0 541#00001000000E2080 R
(1784905748.673576) can0 12D#000000000000006A R
(1784905748.683253) can0 12D#000000000000008B R
(1784905748.690254) can0 121#00A601CF04800067 R
(1784905748.690791) can0 129#000000010000006E R
(1784905748.690910) can0 120#000000000000006A R
(1784905748.696541) can0 12D#00000000000000BE R
(1784905748.704803) can0 12D#00000000000000D4 R
(1784905748.709307) can0 121#00A601CF04800086 R
(1784905748.714718) can0 12E#000000000000C0CF R
(1784905748.723239) can0 12D#000000000000005F R
(1784905748.723629) can0 12A#10050000000A0057 R
(1784905748.729690) can0 121#00A601CF048000B3 R
(1784905748.730064) can0 129#00000001000000BA R
(1784905748.743218) can0 12D#000000000000008B R
(1784905748.749467) can0 121#00A601CF048000D9 R
(1784905748.756279) can0 12D#00000000000000BE R
(1784905748.763270) can0 12D#00000000000000D4 R
(1784905748.770335) can0 121#00A601CF04800038 R
(1784905748.770797) can0 129#0000000100000031 R
(1784905748.770884) can0 120#0000000000000035 R
(1784905748.774969) can0 541#00001000000E2061 R
(1784905748.775361) can0 12D#0000000000000035 R
(1784905748.775544) can0 12E#000000000000C071 R
(1784905748.783385) can0 12D#000000000000005F R
(1784905748.790188) can0 121#00A601CF04800052 R
(1784905748.790653) can0 129#000000010000005B R
(1784905748.792101) can0 541#00001000000E2080 R
(1784905748.800855) can0 450#0000000000002800 R
(1784905748.809801) can0 121#00A601CF04800067 R
(1784905748.812889) can0 120#000000000000006A R
(1784905748.824854) can0 12D#00000000000000D4 R
(1784905748.825854) can0 12A#10050000000A0083 R
(1784905748.829146) can0 121#00A601CF04800086 R
(1784905748.829553) can0 129#000000010000008F R
(1784905748.833812) can0 12E#000000000000C0CF R
(1784905748.844499) can0 12D#000000000000005F R
(1784905748.850810) can0 121#00A601CF048000B3 R
(1784905748.851168) can0 129#00000001000000BA R
(1784905748.851274) can0 120#00000000000000BE R
(1784905748.851364) can0 450#0000000000002800 R
(1784905748.855132) can0 541#00001000000E203E R
(1784905748.864631) can0 12D#000000000000008B R
(1784905748.868942) can0 121#00A601CF048000D9 R
(1784905748.871066) can0 129#00000001000000D0 R
(1784905748.873285) can0 120#00000000000000D4 R
(1784905748.873690) can0 541#00001000000E2054 R
(1784905748.874611) can0 12D#00000000000000BE R
(1784905748.874913) can0 12E#000000000000C044 R
(1784905748.874997) can0 12A#10050000000A00B6 R
(1784905748.875210) can0 5A0#0000000004000051 R
(1784905748.885199) can0 12D#00000000000000D4 R
(1784905748.891542) can0 121#00A601CF04800038 R
(1784905748.893917) can0 129#0000000100000031 R
(1784905748.896977) can0 120#0000000000000035 R
(1784905748.897294) can0 541#00001000000E2061 R
(1784905748.897380) can0 12D#0000000000000035 R
(1784905748.897609) can0 12E#000000000000C071 R
(1784905748.900732) can0 450#0000000000002800 R
(1784905748.906430) can0 12D#000000000000005F R
(1784905748.910249) can0 121#00A601CF04800052 R
(1784905748.925655) can0 12D#000000000000008B R
(1784905748.931011) can0 540#000040100000ED00 R
(1784905748.935377) can0 120#000000000000006A R
(1784905748.950744) can0 121#00A601CF04800086 R
(1784905748.951734) can0 129#000000010000008F R
(1784905748.963268) can0 12D#000000000000005F R
(1784905748.969471) can0 121#00A601CF048000B3 R
(1784905748.971956) can0 541#00001000000E203E R
(1784905748.975281) can0 12D#000000000000006A R
(1784905748.976006) can0 5A0#0000000004000064 R
(1784905748.985659) can0 12D#000000000000008B R
(1784905748.989822) can0 121#00A601CF048000D9 R
(1784905748.990229) can0 129#00000001000000D0 R
(1784905748.990537) can0 120#00000000000000D4 R
(1784905748.992934) can0 541#00001000000E2054 R
(1784905748.994032) can0 12D#00000000000000BE R
(1784905749.000560) can0 450#0000000000002800 R
(1784905749.008994) can0 121#00A601CF04800038 R
(1784905749.023214) can0 12D#000000000000005F R
(1784905749.023619) can0 12A#10050000000A0057 R
(1784905749.031181) can0 121#00A601CF04800052 R
(1784905749.031598) can0 129#000000010000005B R
(1784905749.033555) can0 12E#000000000000C090 R
(1784905749.043246) can0 12D#000000000000008B R
(1784905749.052168) can0 121#00A601CF04800067 R
(1784905749.052547) can0 129#000000010000006E R
(1784905749.052621) can0 120#000000000000006A R
(1784905749.052730) can0 450#0000000000002800 R
(1784905749.052936) can0 541#00001000000E21A3 R
(1784905749.055579) can0 12D#00000000000000BE R
(1784905749.065875) can0 12D#00000000000000D4 R
(1784905749.070969) can0 121#00A601CF04800086 R
(1784905749.071368) can0 129#000000010000008F R
(1784905749.071469) can0 120#000000000000008B R
(1784905749.071888) can0 541#00001000000E21C9 R
(1784905749.076433) can0 12D#0000000000000035 R
(1784905749.076834) can0 12E#000000000000C0CF R
(1784905749.083297) can0 12D#000000000000005F R
(1784905749.091378) can0 121#00A601CF048000B3 R
(1784905749.091840) can0 129#00000001000000BA R
(1784905749.092016) can0 120#00000000000000BE R
(1784905749.092159) can0 541#00001000000E2128 R
(1784905749.093578) can0 12E#000000000000C02E R
(1784905749.106001) can0 12D#000000000000008B R
(1784905749.110615) can0 121#00A601CF048000D9 R
(1784905749.111096) can0 129#00000001000000D0 R
(1784905749.112048) can0 541#00001000000E2142 R
(1784905749.124513) can0 12D#00000000000000D4 R
(1784905749.126828) can0 12A#10050000000A0083 R
(1784905749.131616) can0 121#00A601CF04800038 R
(1784905749.132100) can0 540#000040100000ED00 R
(1784905749.149118) can0 121#00A601CF04800052 R
(1784905749.149492) can0 129#000000010000005B R
(1784905749.150942) can0 450#0000000000002800 R
(1784905749.151306) can0 120#000000000000005F R
(1784905749.163341) can0 12D#000000000000008B R
(1784905749.168977) can0 121#00A601CF04800067 R
(1784905749.173246) can0 129#000000010000006E R
(1784905749.173571) can0 120#000000000000006A R
(1784905749.173683) can0 541#00001000000E21A3 R
(1784905749.174004) can0 12E#000000000000C0A5 R
(1784905749.183472) can0 12D#00000000000000D4 R
(1784905749.189435) can0 121#00A601CF04800086 R
(1784905749.189831) can0 129#000000010000008F R
(1784905749.191740) can0 120#000000000000008B R
(1784905749.192269) can0 541#00001000000E21C9 R
(1784905749.195069) can0 12D#0000000000000035 R
(1784905749.197846) can0 12E#000000000000C0CF R
(1784905749.200616) can0 450#0000000000002800 R
(1784905749.203266) can0 12D#000000000000005F R
(1784905749.209688) can0 121#00A601CF048000B3 R
(1784905749.210045) can0 129#00000001000000BA R
(1784905749.210562) can0 120#00000000000000BE R
(1784905749.225307) can0 12D#000000000000008B R
(1784905749.225697) can0 12A#10050000000A00DC R
(1784905749.235125) can0 12D#00000000000000BE R
(1784905749.243224) can0 12D#00000000000000D4 R
(1784905749.251729) can0 121#00A601CF04800038 R
(1784905749.263269) can0 12D#000000000000005F R
(1784905749.269336) can0 121#00A601CF04800052 R
(1784905749.274932) can0 541#00001000000E2196 R
(1784905749.275572) can0 12A#10050000000A003D R
(1784905749.283830) can0 12D#000000000000008B R
(1784905749.288990) can0 121#00A601CF04800067 R
(1784905749.289386) can0 129#000000010000006E R
(1784905749.290574) can0 120#000000000000006A R
(1784905749.292166) can0 541#00001000000E21A3 R
(1784905749.300568) can0 450#0000000000002800 R
(1784905749.304255) can0 12D#00000000000000D4 R
(1784905749.308962) can0 121#00A601CF04800086 R
(1784905749.309502) can0 129#000000010000008F R
(1784905749.310888) can0 120#000000000000008B R
(1784905749.315163) can0 541#00001000000E21C9 R
(1784905749.315562) can0 12D#0000000000000035 R
(1784905749.323380) can0 12D#000000000000005F R
(1784905749.328973) can0 121#00A601CF048000B3 R
(1784905749.329431) can0 129#00000001000000BA R
(1784905749.343667) can0 12D#000000000000008B R
(1784905749.348977) can0 121#00A601CF048000D9 R
(1784905749.349334) can0 129#00000001000000D0 R
(1784905749.353571) can0 120#00000000000000D4 R
(1784905749.353923) can0 450#0000000000002800 R
(1784905749.354020) can0 541#00001000000E2142 R
(1784905749.358022) can0 12D#00000000000000BE R
(1784905749.361093) can0 12E#000000000000C044 R
(1784905749.364850) can0 12D#00000000000000D4 R
(1784905749.373637) can0 120#0000000000000035 R
(1784905749.383575) can0 12D#000000000000005F R
(1784905749.389543) can0 121#00A601CF04800052 R
(1784905749.390462) can0 129#000000010000005B R
(1784905749.390677) can0 120#000000000000005F R
(1784905749.396127) can0 541#00001000000E2196 R
(1784905749.396684) can0 12D#000000000000006A R
(1784905749.400599) can0 450#0000000000002800 R
(1784905749.411509) can0 121#00A601CF04800067 R
(1784905749.423211) can0 12D#00000000000000D4 R
(1784905749.423592) can0 12A#10050000000A0083 R
(1784905749.431090) can0 129#000000010000008F R
(1784905749.443738) can0 12D#000000000000005F R
(1784905749.449022) can0 121#00A601CF048000B3 R
(1784905749.449406) can0 129#00000001000000BA R
(1784905749.454159) can0 12D#000000000000006A R
(1784905749.463271) can0 12D#000000000000008B R
(1784905749.469665) can0 121#00A601CF048000D9 R
(1784905749.470652) can0 129#00000001000000D0 R
(1784905749.483238) can0 12D#00000000000000D4 R
(1784905749.492030) can0 121#00A601CF04800038 R
(1784905749.492383) can0 129#0000000100000031 R
(1784905749.492478) can0 120#0000000000000035 R
(1784905749.492575) can0 541#00001000000E2177 R
(1784905749.496616) can0 12D#0000000000000035 R
(1784905749.499564) can0 12E#000000000000C071 R
(1784905749.501228) can0 450#0000000000002800 R
(1784905749.503784) can0 12D#000000000000005F R
(1784905749.510659) can0 121#00A601CF04800052 R
(1784905749.511025) can0 129#000000010000005B R
(1784905749.511132) can0 120#000000000000005F R
(1784905749.523348) can0 12D#000000000000008B R
(1784905749.525520) can0 12A#10050000000A00DC R
(1784905749.529159) can0 121#00A601CF04800067 R
(1784905749.533487) can0 12D#00000000000000BE R
(1784905749.543736) can0 12D#00000000000000D4 R
(1784905749.549858) can0 121#00A601CF04800086 R
(1784905749.550344) can0 129#000000010000008F R
(1784905749.554932) can0 541#00001000000E21C9 R
(1784905749.568991) can0 121#00A601CF048000B3 R
(1784905749.574021) can0 12A#10050000000A003D R
(1784905749.583188) can0 12D#000000000000008B R
(1784905749.588986) can0 121#00A601CF048000D9 R
(1784905749.589370) can0 129#00000001000000D0 R
(1784905749.593084) can0 120#00000000000000D4 R
(1784905749.593462) can0 541#00001000000E2142 R
(1784905749.593582) can0 12D#00000000000000BE R
(1784905749.593729) can0 12E#000000000000C044 R
(1784905749.600580) can0 450#0000000000002800 R
(1784905749.603799) can0 12D#00000000000000D4 R
(1784905749.608986) can0 121#00A601CF04800038 R
(1784905749.609502) can0 129#0000000100000031 R
(1784905749.610718) can0 120#0000000000000035 R
(1784905749.613935) can0 541#00001000000E2177 R
(1784905749.614366) can0 12D#0000000000000035 R
(1784905749.614602) can0 12E#000000000000C071 R
(1784905749.623262) can0 12D#000000000000005F R
(1784905749.623678) can0 12A#10050000000A0057 R
(1784905749.629084) can0 121#00A601CF04800052 R
(1784905749.632774) can0 129#000000010000005B R
(1784905749.633175) can0 540#000040100000ED00 R
(1784905749.633262) can0 5B0#100000000000008A R
(1784905749.633482) can0 120#000000000000005F R
(1784905749.633593) can0 541#00001000000E2196 R
(1784905749.643264) can0 12D#000000000000008B R
(1784905749.652008) can0 121#00A601CF04800067 R
(1784905749.652427) can0 129#000000010000006E R
(1784905749.652522) can0 120#000000000000006A R
(1784905749.652745) can0 450#0000000000002800 R
(1784905749.652921) can0 541#00001000000E21A3 R
(1784905749.653399) can0 12D#00000000000000BE R
(1784905749.656629) can0 12E#000000000000C0A5 R
(1784905749.666557) can0 12D#00000000000000D4 R
(1784905749.669022) can0 121#00A601CF04800086 R
(1784905749.673131) can0 129#000000010000008F R
(1784905749.684625) can0 12D#000000000000005F R
(1784905749.692038) can0 121#00A601CF048000B3 R
(1784905749.692399) can0 129#00000001000000BA R
(1784905749.692496) can0 120#00000000000000BE R
(1784905749.692591) can0 541#00001000000E2128 R
(1784905749.696430) can0 12D#000000000000006A R
(1784905749.701070) can0 450#0000000000002800 R
(1784905749.709010) can0 121#00A601CF048000D9 R
(1784905749.723495) can0 12D#00000000000000D4 R
(1784905749.729013) can0 121#00A601CF04800038 R
(1784905749.743225) can0 12D#000000000000005F R
(1784905749.749044) can0 121#00A601CF04800052 R
(1784905749.749484) can0 129#000000010000005B R
(1784905749.752389) can0 120#000000000000005F R
(1784905749.752822) can0 450#0000000000002800 R
(1784905749.752934) can0 541#00001000000E2196 R
(1784905749.753541) can0 12D#000000000000006A R
(1784905749.753871) can0 12E#000000000000C090 R
(1784905749.764850) can0 12D#000000000000008B R
(1784905749.769032) can0 121#00A601CF04800067 R
(1784905749.769364) can0 129#000000010000006E R
(1784905749.774129) can0 120#000000000000006A R
(1784905749.774510) can0 541#00001000000E21A3 R
(1784905749.774701) can0 12D#00000000000000BE R
(1784905749.774803) can0 12E#000000000000C0A5 R
(1784905749.774908) can0 12A#10050000000A00B6 R
(1784905749.775027) can0 5A0#00000000040000B0 R
(1784905749.785642) can0 12D#00000000000000D4 R
(1784905749.789002) can0 121#00A601CF04800086 R
(1784905749.789382) can0 129#000000010000008F R
(1784905749.790834) can0 120#000000000000008B R
(1784905749.795285) can0 541#00001000000E21C9 R
(1784905749.795703) can0 12D#0000000000000035 R
(1784905749.795807) can0 12E#000000000000C0CF R
(1784905749.800594) can0 450#0000000000002800 R
(1784905749.803789) can0 12D#000000000000005F R
(1784905749.809063) can0 121#00A601CF048000B3 R
(1784905749.809312) can0 129#00000001000000BA R
(1784905749.813688) can0 120#00000000000000BE R
(1784905749.814098) can0 541#00001000000E2128 R
(1784905749.823466) can0 12D#000000000000008B R
(1784905749.823827) can0 12A#10050000000A00DC R
(1784905749.829904) can0 121#00A601CF048000D9 R
(1784905749.830444) can0 129#00000001000000D0 R
(1784905749.830533) can0 540#000040100000ED00 R
(1784905749.843216) can0 12D#00000000000000D4 R
(1784905749.849013) can0 121#00A601CF04800038 R
(1784905749.849384) can0 129#0000000100000031 R
(1784905749.850612) can0 120#0000000000000035 R
(1784905749.850976) can0 450#0000000000002800 R
(1784905749.852943) can0 541#00001000000E2177 R
(1784905749.853354) can0 12D#0000000000000035 R
(1784905749.853450) can0 12E#000000000000C071 R
(1784905749.865530) can0 12D#000000000000005F R
(1784905749.869194) can0 121#00A601CF04800052 R
(1784905749.870220) can0 129#000000010000005B R
(1784905749.876099) can0 541#00001000000E2196 R
(1784905749.883216) can0 12D#000000000000008B R
(1784905749.889442) can0 121#00A601CF04800067 R
(1784905749.889964) can0 129#000000010000006E R
(1784905749.891017) can0 120#000000000000006A R
(1784905749.893153) can0 12D#00000000000000BE R
(1784905749.893441) can0 12E#000000000000C0A5 R
(1784905749.903229) can0 12D#00000000000000D4 R
(1784905749.910543) can0 121#00A601CF04800086 R
(1784905749.912375) can0 541#00001000000E21C9 R
(1784905749.930926) can0 12D#000000000000005F R
(1784905749.933713) can0 12A#10050000000A0057 R
(1784905749.944664) can0 12D#000000000000008B R
(1784905749.950216) can0 121#00A601CF048000D9 R
(1784905749.955311) can0 12D#00000000000000BE R
(1784905749.963201) can0 12D#00000000000000D4 R
(1784905749.969364) can0 121#00A601CF04800038 R
(1784905749.969758) can0 129#0000000100000031 R
(1784905749.971929) can0 541#00001000000E2177 R
(1784905749.975910) can0 12D#0000000000000035 R
(1784905749.983740) can0 12D#000000000000005F R
(1784905749.989026) can0 121#00A601CF04800052 R
(1784905749.992347) can0 541#00001000000E2196 R
(1784905750.002727) can0 450#0000000000002800 R
(1784905750.003175) can0 12D#000000000000008B R
(1784905750.010108) can0 121#00A601CF04800067 R
(1784905750.010587) can0 129#000000010000006E R
(1784905750.015537) can0 12D#00000000000000BE R
(1784905750.024036) can0 12D#00000000000000D4 R
(1784905750.031195) can0 121#00A601CF04800086 R
(1784905750.031684) can0 129#000000010000008F R
(1784905750.045786) can0 12D#000000000000005F R
(1784905750.049358) can0 121#00A601CF048000B3 R
(1784905750.049724) can0 129#00000001000000BA R
(1784905750.052589) can0 120#00000000000000BE R
(1784905750.053062) can0 450#0000000000002800 R
(1784905750.053150) can0 541#00001000000E2227 R
(1784905750.053237) can0 12D#000000000000006A R
(1784905750.064022) can0 12D#000000000000008B R
(1784905750.070877) can0 121#00A601CF048000D9 R
(1784905750.073144) can0 129#00000001000000D0 R
(1784905750.083196) can0 12D#00000000000000D4 R
(1784905750.091270) can0 121#00A601CF04800038 R
(1784905750.091730) can0 129#0000000100000031 R
(1784905750.091877) can0 120#0000000000000035 R
(1784905750.092022) can0 541#00001000000E2278 R
(1784905750.095831) can0 12D#0000000000000035 R
(1784905750.096195) can0 12E#000000000000C071 R
(1784905750.101082) can0 450#0000000000002800 R
(1784905750.103262) can0 12D#000000000000005F R
(1784905750.112024) can0 121#00A601CF04800052 R
(1784905750.112486) can0 129#000000010000005B R
(1784905750.112576) can0 120#000000000000005F R
(1784905750.112657) can0 541#00001000000E2299 R
(1784905750.116621) can0 12D#000000000000006A R
(1784905750.117016) can0 12E#000000000000C090 R
(1784905750.123857) can0 12D#000000000000008B R
(1784905750.124346) can0 12A#10050000000A00DC R
(1784905750.129656) can0 121#00A601CF04800067 R
(1784905750.134483) can0 541#00001000000E22AC R
(1784905750.134884) can0 12D#00000000000000BE R
(1784905750.144522) can0 12D#00000000000000D4 R
(1784905750.149321) can0 121#00A601CF04800086 R
(1784905750.149851) can0 129#000000010000008F R
(1784905750.150737) can0 120#000000000000008B R
(1784905750.154836) can0 12D#0000000000000035 R
(1784905750.163209) can0 12D#000000000000005F R
(1784905750.170426) can0 121#00A601CF048000B3 R
(1784905750.171573) can0 129#00000001000000BA R
(1784905750.176251) can0 12D#000000000000006A R
(1784905750.183222) can0 12D#000000000000008B R
(1784905750.190957) can0 121#00A601CF048000D9 R
(1784905750.191368) can0 129#00000001000000D0 R
(1784905750.196032) can0 12E#000000000000C044 R
(1784905750.200582) can0 450#0000000000002800 R
(1784905750.203190) can0 12D#00000000000000D4 R
(1784905750.209047) can0 121#00A601CF04800038 R
(1784905750.209383) can0 129#0000000100000031 R
(1784905750.212996) can0 120#0000000000000035 R
(1784905750.213390) can0 541#00001000000E2278 R
(1784905750.213501) can0 12D#0000000000000035 R
(1784905750.213723) can0 12E#000000000000C071 R
(1784905750.223729) can0 12D#000000000000005F R
(1784905750.224603) can0 12A#10050000000A0057 R
(1784905750.229743) can0 121#00A601CF04800052 R
(1784905750.232484) can0 129#000000010000005B R
(1784905750.233664) can0 540#000040100000ED00 R
(1784905750.243199) can0 12D#000000000000008B R
(1784905750.249414) can0 121#00A601CF04800067 R
(1784905750.250891) can0 129#000000010000006E R
(1784905750.263185) can0 12D#00000000000000D4 R
(1784905750.271814) can0 121#00A601CF04800086 R
(1784905750.272200) can0 129#000000010000008F R
(1784905750.272408) can0 120#000000000000008B R
(1784905750.272552) can0 541#00001000000E22C6 R
(1784905750.276639) can0 12D#0000000000000035 R
(1784905750.283187) can0 12D#000000000000005F R
(1784905750.289213) can0 121#00A601CF048000B3 R
(1784905750.289740) can0 129#00000001000000BA R
(1784905750.292320) can0 120#00000000000000BE R
(1784905750.292665) can0 541#00001000000E2227 R
(1784905750.296396) can0 12D#000000000000006A R
(1784905750.296792) can0 12E#000000000000C02E R
(1784905750.300557) can0 450#0000000000002800 R
(1784905750.304046) can0 12D#000000000000008B R
(1784905750.309352) can0 121#00A601CF048000D9 R
(1784905750.309824) can0 129#00000001000000D0 R
(1784905750.312318) can0 120#00000000000000D4 R
(1784905750.312466) can0 541#00001000000E224D R
(1784905750.313304) can0 12D#00000000000000BE R
(1784905750.313687) can0 12E#000000000000C044 R
(1784905750.323206) can0 12D#00000000000000D4 R
(1784905750.323710) can0 12A#10050000000A0083 R
(1784905750.329837) can0 121#00A601CF04800038 R
(1784905750.332220) can0 129#0000000100000031 R
(1784905750.332340) can0 540#000040100000ED00 R
(1784905750.343194) can0 12D#000000000000005F R
(1784905750.350458) can0 121#00A601CF04800052 R
(1784905750.350885) can0 129#000000010000005B R
(1784905750.351016) can0 450#0000000000002800 R
(1784905750.364964) can0 12D#000000000000008B R
(1784905750.369733) can0 121#00A601CF04800067 R
(1784905750.370228) can0 129#000000010000006E R
(1784905750.370658) can0 120#000000000000006A R
(1784905750.371982) can0 541#00001000000E22AC R
(1784905750.375095) can0 12D#00000000000000BE R
(1784905750.375389) can0 12E#000000000000C0A5 R
(1784905750.375498) can0 12A#10050000000A00B6 R
(1784905750.375614) can0 5A0#00000000040000B0 R
(1784905750.383495) can0 12D#00000000000000D4 R
(1784905750.389960) can0 121#00A601CF04800086 R
(1784905750.390375) can0 129#000000010000008F R
(1784905750.400565) can0 450#0000000000002800 R
(1784905750.403216) can0 12D#000000000000005F R
(1784905750.409532) can0 121#00A601CF048000B3 R
(1784905750.410667) can0 129#00000001000000BA R
(1784905750.411059) can0 120#00000000000000BE R
(1784905750.412866) can0 541#00001000000E2227 R
(1784905750.413283) can0 12D#000000000000006A R
(1784905750.423174) can0 12D#000000000000008B R
(1784905750.426734) can0 12A#10050000000A00DC R
(1784905750.432533) can0 121#00A601CF048000D9 R
(1784905750.432998) can0 129#00000001000000D0 R
(1784905750.433091) can0 540#000040100000ED00 R
(1784905750.433197) can0 5B0#10000000000000D5 R
(1784905750.433307) can0 120#00000000000000D4 R
(1784905750.433429) can0 541#00001000000E224D R
(1784905750.433606) can0 12D#00000000000000BE R
(1784905750.443183) can0 12D#00000000000000D4 R
(1784905750.449093) can0 121#00A601CF04800038 R
(1784905750.449529) can0 129#0000000100000031 R
(1784905750.452903) can0 450#0000000000002800 R
(1784905750.453396) can0 120#0000000000000035 R
(1784905750.466780) can0 12D#000000000000005F R
(1784905750.471367) can0 121#00A601CF04800052 R
(1784905750.471731) can0 129#000000010000005B R
(1784905750.471872) can0 120#000000000000005F R
(1784905750.472079) can0 541#00001000000E2299 R
(1784905750.473934) can0 12D#000000000000006A R
(1784905750.474306) can0 12E#000000000000C090 R
(1784905750.483435) can0 12D#000000000000008B R
(1784905750.492222) can0 121#00A601CF04800067 R
(1784905750.492672) can0 129#000000010000006E R
(1784905750.492778) can0 120#000000000000006A R
(1784905750.501542) can0 450#0000000000002800 R
(1784905750.504061) can0 12D#00000000000000D4 R
(1784905750.509889) can0 121#00A601CF04800086 R
(1784905750.510280) can0 129#000000010000008F R
(1784905750.510755) can0 120#000000000000008B R
(1784905750.513929) can0 541#00001000000E22C6 R
(1784905750.523211) can0 12D#000000000000005F R
(1784905750.523673) can0 12A#10050000000A0057 R
(1784905750.533337) can0 12D#000000000000006A R
(1784905750.543177) can0 12D#000000000000008B R
(1784905750.550010) can0 121#00A601CF048000D9 R
(1784905750.550599) can0 129#00000001000000D0 R
(1784905750.550700) can0 450#0000000000002800 R
(1784905750.553083) can0 120#00000000000000D4 R
(1784905750.553493) can0 541#00001000000E224D R
(1784905750.564702) can0 12D#00000000000000D4 R
(1784905750.572001) can0 121#00A601CF04800038 R
(1784905750.572450) can0 129#0000000100000031 R
(1784905750.572563) can0 120#0000000000000035 R
(1784905750.586076) can0 12D#000000000000005F R
(1784905750.590851) can0 121#00A601CF04800052 R
(1784905750.591321) can0 129#000000010000005B R
(1784905750.594300) can0 120#000000000000005F R
(1784905750.594719) can0 541#00001000000E2299 R
(1784905750.603009) can0 450#0000000000002800 R
(1784905750.603442) can0 12D#000000000000008B R
(1784905750.609295) can0 121#00A601CF04800067 R
(1784905750.609684) can0 129#000000010000006E R
(1784905750.610662) can0 120#000000000000006A R
(1784905750.614667) can0 541#00001000000E22AC R
(1784905750.615067) can0 12D#00000000000000BE R
(1784905750.615141) can0 12E#000000000000C0A5 R
(1784905750.623440) can0 12D#00000000000000D4 R
(1784905750.623792) can0 12A#10050000000A0083 R
(1784905750.629437) can0 121#00A601CF04800086 R
(1784905750.630553) can0 129#000000010000008F R
(1784905750.633510) can0 12D#0000000000000035 R
(1784905750.644746) can0 12D#000000000000005F R
(1784905750.649157) can0 121#00A601CF048000B3 R
(1784905750.649560) can0 129#00000001000000BA R
(1784905750.650728) can0 450#0000000000002800 R
(1784905750.663690) can0 12D#000000000000008B R
(1784905750.669237) can0 121#00A601CF048000D9 R
(1784905750.669636) can0 129#00000001000000D0 R
(1784905750.673943) can0 120#00000000000000D4 R
(1784905750.674512) can0 541#00001000000E224D R
(1784905750.674621) can0 12D#00000000000000BE R
(1784905750.686387) can0 12D#00000000000000D4 R
(1784905750.689254) can0 121#00A601CF04800038 R
(1784905750.690270) can0 129#0000000100000031 R
(1784905750.690679) can0 120#0000000000000035 R
(1784905750.692199) can0 541#00001000000E2278 R
(1784905750.693907) can0 12D#0000000000000035 R
(1784905750.694309) can0 12E#000000000000C071 R
(1784905750.700592) can0 450#0000000000002800 R
(1784905750.703361) can0 12D#000000000000005F R
(1784905750.709338) can0 121#00A601CF04800052 R
(1784905750.709654) can0 129#000000010000005B R
(1784905750.710943) can0 120#000000000000005F R
(1784905750.712055) can0 541#00001000000E2299 R
(1784905750.713140) can0 12D#000000000000006A R
(1784905750.713397) can0 12E#000000000000C090 R
(1784905750.723185) can0 12D#000000000000008B R
(1784905750.723577) can0 12A#10050000000A00DC R
(1784905750.729768) can0 121#00A601CF04800067 R
(1784905750.730169) can0 129#000000010000006E R
(1784905750.730250) can0 540#000040100000ED00 R
(1784905750.730327) can0 5B0#100000000000006B R
(1784905750.734625) can0 120#000000000000006A R
(1784905750.734985) can0 541#00001000000E22AC R
(1784905750.735082) can0 12D#00000000000000BE R
(1784905750.735173) can0 12E#000000000000C0A5 R
(1784905750.743212) can0 12D#00000000000000D4 R
(1784905750.749121) can0 121#00A601CF04800086 R
(1784905750.751717) can0 129#000000010000008F R
(1784905750.752183) can0 450#0000000000002800 R
(1784905750.752313) can0 120#000000000000008B R
(1784905750.752423) can0 541#00001000000E22C6 R
(1784905750.753750) can0 12D#0000000000000035 R
(1784905750.763291) can0 12D#000000000000005F R
(1784905750.769083) can0 121#00A601CF048000B3 R
(1784905750.769444) can0 129#00000001000000BA R
(1784905750.773741) can0 120#00000000000000BE R
(1784905750.774082) can0 541#00001000000E2227 R
(1784905750.774190) can0 12D#000000000000006A R
(1784905750.774425) can0 12E#000000000000C02E R
(1784905750.774588) can0 12A#10050000000A003D R
(1784905750.774691) can0 5A0#0000000004000064 R
(1784905750.784199) can0 12D#000000000000008B R
(1784905750.790847) can0 121#00A601CF048000D9 R
(1784905750.794895) can0 129#00000001000000D0 R
(1784905750.795260) can0 120#00000000000000D4 R
(1784905750.795371) can0 541#00001000000E224D R
(1784905750.795560) can0 12D#00000000000000BE R
(1784905750.795689) can0 12E#000000000000C044 R
(1784905750.800583) can0 450#0000000000002800 R
(1784905750.804999) can0 12D#00000000000000D4 R
(1784905750.809876) can0 121#00A601CF04800038 R
(1784905750.810240) can0 129#0000000100000031 R
(1784905750.823168) can0 12D#000000000000005F R
(1784905750.823641) can0 12A#10050000000A0057 R
(1784905750.831017) can0 121#00A601CF04800052 R
(1784905750.831458) can0 129#000000010000005B R
(1784905750.831635) can0 540#000040100000ED00 R
(1784905750.831749) can0 5B0#100000000000008A R
(1784905750.831877) can0 120#000000000000005F R
(1784905750.833157) can0 12D#000000000000006A R
(1784905750.849666) can0 121#00A601CF04800067 R
(1784905750.853167) can0 12D#00000000000000BE R
(1784905750.863156) can0 12D#00000000000000D4 R
(1784905750.869074) can0 121#00A601CF04800086 R
(1784905750.869448) can0 129#000000010000008F R
(1784905750.872405) can0 120#000000000000008B R
(1784905750.872782) can0 541#00001000000E22C6 R
(1784905750.873206) can0 12D#0000000000000035 R
(1784905750.873421) can0 12E#000000000000C0CF R
(1784905750.873668) can0 12A#10050000000A0062 R
(1784905750.873911) can0 5A0#0000000004000085 R
(1784905750.883178) can0 12D#000000000000005F R
(1784905750.890296) can0 121#00A601CF048000B3 R
(1784905750.890656) can0 129#00000001000000BA R
(1784905750.890786) can0 120#00000000000000BE R
(1784905750.891931) can0 541#00001000000E2227 R
(1784905750.893073) can0 12D#000000000000006A R
(1784905750.893262) can0 12E#000000000000C02E R
(1784905750.900576) can0 450#0000000000002800 R
(1784905750.903556) can0 12D#000000000000008B R
(1784905750.909330) can0 121#00A601CF048000D9 R
(1784905750.909792) can0 129#00000001000000D0 R
(1784905750.910830) can0 120#00000000000000D4 R
(1784905750.911994) can0 541#00001000000E224D R
(1784905750.914136) can0 12D#00000000000000BE R
(1784905750.914498) can0 12E#000000000000C044 R
(1784905750.923155) can0 12D#00000000000000D4 R
(1784905750.923477) can0 12A#10050000000A0083 R
(1784905750.929031) can0 121#00A601CF04800038 R
(1784905750.929235) can0 129#0000000100000031 R
(1784905750.929529) can0 540#000040100000ED00 R
(1784905750.929751) can0 5B0#10000000000000BF R
(1784905750.930953) can0 120#0000000000000035 R
(1784905750.932486) can0 541#00001000000E2278 R
(1784905750.933089) can0 12D#0000000000000035 R
(1784905750.933278) can0 12E#000000000000C071 R
(1784905750.943125) can0 12D#000000000000005F R
(1784905750.949032) can0 121#00A601CF04800052 R
(1784905750.949250) can0 129#000000010000005B R
(1784905750.950603) can0 450#0000000000002800 R
(1784905750.950814) can0 120#000000000000005F R
(1784905750.951965) can0 541#00001000000E2299 R
(1784905750.953112) can0 12D#000000000000006A R
(1784905750.953302) can0 12E#000000000000C090 R
(1784905750.963092) can0 12D#000000000000008B R
(1784905750.969079) can0 121#00A601CF04800067 R
(1784905750.969330) can0 129#000000010000006E R
(1784905750.970657) can0 120#000000000000006A R
(1784905750.971892) can0 541#00001000000E22AC R
(1784905750.973175) can0 12D#00000000000000BE R
(1784905750.973376) can0 12E#000000000000C0A5 R
(1784905750.973632) can0 12A#10050000000A00B6 R
(1784905750.974012) can0 5A0#00000000040000B0 R
(1784905750.983140) can0 12D#00000000000000D4 R
(1784905750.989050) can0 121#00A601CF04800086 R
(1784905750.989230) can0 129#000000010000008F R
(1784905750.990673) can0 120#000000000000008B R
(1784905750.991889) can0 541#00001000000E22C6 R
(1784905750.993085) can0 12D#0000000000000035 R
(1784905750.993300) can0 12E#000000000000C0CF R
(1784905751.000539) can0 450#0000000000002800 R
(1784905751.003151) can0 12D#000000000000005F R
(1784905751.009029) can0 121#00A601CF048000B3 R
(1784905751.009239) can0 129#00000001000000BA R
(1784905751.010671) can0 120#00000000000000BE R
(1784905751.011897) can0 541#00001000000E2227 R
(1784905751.013081) can0 12D#000000000000006A R
(1784905751.013276) can0 12E#000000000000C02E R
(1784905751.023096) can0 12D#000000000000008B R
(1784905751.023290) can0 12A#10050000000A00DC R
(1784905751.029099) can0 121#00A601CF048000D9 R
(1784905751.029316) can0 129#00000001000000D0 R
(1784905751.029566) can0 540#000040100000ED00 R
(1784905751.029832) can0 5B0#10000000000000D5 R
(1784905751.030869) can0 120#00000000000000D4 R
(1784905751.032070) can0 541#00001000000E224D R
(1784905751.033099) can0 12D#00000000000000BE R
(1784905751.033281) can0 12E#000000000000C044 R
(1784905751.043103) can0 12D#00000000000000D4 R
(1784905751.049212) can0 121#00A601CF04800038 R
(1784905751.049405) can0 129#0000000100000031 R
(1784905751.050627) can0 450#0000000000002800 R
(1784905751.050846) can0 120#0000000000000035 R
(1784905751.051965) can0 541#00001000000E236E R
(1784905751.053085) can0 12D#0000000000000035 R
(1784905751.053295) can0 12E#000000000000C071 R
(1784905751.063107) can0 12D#000000000000005F R
(1784905751.069081) can0 121#00A601CF04800052 R
(1784905751.069331) can0 129#000000010000005B R
(1784905751.070775) can0 120#000000000000005F R
