timestamp,signal,value,raw
1784905738.016499,wheel_speed_rear,0.0,0
1784905738.016499,wheel_speed_front,0.0,0
1784905738.016499,rear_speed_band,0.0,0
1784905738.016548,signal_12a_d1_bit2,1,1
1784905738.016548,abs_lamp,LIT,1
1784905738.016606,engine_torque,166,166
1784905738.016606,shift_cut_active,off,0
1784905738.016606,shift_blip_active,off,0
1784905738.016647,gear_position,N,0
1784905738.016647,clutch,RELEASED,0
1784905738.016647,shift_failed,OK,0
1784905738.016674,coolant_temp,23.700000000000003,237
1784905738.016674,fuel_injection_setpoint,0,0
1784905738.016674,side_stand,DOWN,0
1784905738.016715,rpm,0,0
1784905738.016715,throttle_position,0,0
1784905738.016734,kill_switch,RUN,1
1784905738.016734,time_bin_541_d3,0,0
1784905738.016734,engine_on_counter,0,0
1784905738.016734,engine_off_counter,21,21
1784905738.016885,wheel_speed_rear,0.0,0
1784905738.016885,wheel_speed_front,0.0,0
1784905738.016885,rear_speed_band,0.0,0
1784905738.017025,wheel_speed_rear,0.0,0
1784905738.017025,wheel_speed_front,0.0,0
1784905738.017025,rear_speed_band,0.0,0
1784905738.017046,engine_torque,166,166
1784905738.017046,shift_cut_active,off,0
1784905738.017046,shift_blip_active,off,0
1784905738.017083,gear_position,N,0
1784905738.017083,clutch,RELEASED,0
1784905738.017083,shift_failed,OK,0
1784905738.017102,rpm,0,0
1784905738.017102,throttle_position,0,0
1784905738.017119,kill_switch,RUN,1
1784905738.017119,time_bin_541_d3,0,0
1784905738.017119,engine_on_counter,0,0
1784905738.017119,engine_off_counter,21,21
1784905738.017422,wheel_speed_rear,0.0,0
1784905738.017422,wheel_speed_front,0.0,0
1784905738.017422,rear_speed_band,0.0,0
1784905738.018838,wheel_speed_rear,0.0,0
1784905738.018838,wheel_speed_front,0.0,0
1784905738.018838,rear_speed_band,0.0,0
1784905738.018889,engine_torque,166,166
1784905738.018889,shift_cut_active,off,0
1784905738.018889,shift_blip_active,off,0
1784905738.018918,gear_position,N,0
1784905738.018918,clutch,RELEASED,0
1784905738.018918,shift_failed,OK,0
1784905738.018957,rpm,0,0
1784905738.018957,throttle_position,0,0
1784905738.018984,kill_switch,RUN,1
1784905738.018984,time_bin_541_d3,0,0
1784905738.018984,engine_on_counter,0,0
1784905738.018984,engine_off_counter,22,22
1784905738.019095,wheel_speed_rear,0.0,0
1784905738.019095,wheel_speed_front,0.0,0
1784905738.019095,rear_speed_band,0.0,0
1784905738.019171,signal_12a_d1_bit2,1,1
1784905738.019171,abs_lamp,LIT,1
1784905738.019356,wheel_speed_rear,0.0,0
1784905738.019356,wheel_speed_front,0.0,0
1784905738.019356,rear_speed_band,0.0,0
1784905738.021264,engine_torque,166,166
1784905738.021264,shift_cut_active,off,0
1784905738.021264,shift_blip_active,off,0
1784905738.026039,gear_position,N,0
1784905738.026039,clutch,RELEASED,0
1784905738.026039,shift_failed,OK,0
1784905738.026124,rpm,0,0
1784905738.026124,throttle_position,0,0
1784905738.026160,kill_switch,RUN,1
1784905738.026160,time_bin_541_d3,0,0
1784905738.026160,engine_on_counter,0,0
1784905738.026160,engine_off_counter,22,22
1784905738.026176,wheel_speed_rear,0.0,0
1784905738.026176,wheel_speed_front,0.0,0
1784905738.026176,rear_speed_band,0.0,0
1784905738.026231,wheel_speed_rear,0.0,0
1784905738.026231,wheel_speed_front,0.0,0
1784905738.026231,rear_speed_band,0.0,0
1784905738.026258,engine_torque,166,166
1784905738.026258,shift_cut_active,off,0
1784905738.026258,shift_blip_active,off,0
1784905738.027261,gear_position,N,0
1784905738.027261,clutch,RELEASED,0
1784905738.027261,shift_failed,OK,0
1784905738.027607,rpm,0,0
1784905738.027607,throttle_position,0,0
1784905738.027662,kill_switch,RUN,1
1784905738.027662,time_bin_541_d3,0,0
1784905738.027662,engine_on_counter,0,0
1784905738.027662,engine_off_counter,22,22
1784905738.033561,wheel_speed_rear,0.0,0
1784905738.033561,wheel_speed_front,0.0,0
1784905738.033561,rear_speed_band,0.0,0
1784905738.033706,wheel_speed_rear,0.0,0
1784905738.033706,wheel_speed_front,0.0,0
1784905738.033706,rear_speed_band,0.0,0
1784905738.033764,signal_12a_d1_bit2,1,1
1784905738.033764,abs_lamp,LIT,1
1784905738.033801,engine_torque,166,166
1784905738.033801,shift_cut_active,off,0
1784905738.033801,shift_blip_active,off,0
1784905738.033833,gear_position,N,0
1784905738.033833,clutch,RELEASED,0
1784905738.033833,shift_failed,OK,0
1784905738.033863,coolant_temp,23.700000000000003,237
1784905738.033863,fuel_injection_setpoint,0,0
1784905738.033863,side_stand,DOWN,0
1784905738.033900,rpm,0,0
1784905738.033900,throttle_position,0,0
1784905738.033926,kill_switch,RUN,1
1784905738.033926,time_bin_541_d3,0,0
1784905738.033926,engine_on_counter,0,0
1784905738.033926,engine_off_counter,22,22
1784905738.033954,wheel_speed_rear,0.0,0
1784905738.033954,wheel_speed_front,0.0,0
1784905738.033954,rear_speed_band,0.0,0
1784905738.033998,wheel_speed_rear,0.0,0
1784905738.033998,wheel_speed_front,0.0,0
1784905738.033998,rear_speed_band,0.0,0
1784905738.034021,engine_torque,166,166
1784905738.034021,shift_cut_active,off,0
1784905738.034021,shift_blip_active,off,0
1784905738.034036,gear_position,N,0
1784905738.034036,clutch,RELEASED,0
1784905738.034036,shift_failed,OK,0
1784905738.034053,rpm,0,0
1784905738.034053,throttle_position,0,0
1784905738.038368,kill_switch,RUN,1
1784905738.038368,time_bin_541_d3,0,0
1784905738.038368,engine_on_counter,0,0
1784905738.038368,engine_off_counter,22,22
1784905738.040317,wheel_speed_rear,0.0,0
1784905738.040317,wheel_speed_front,0.0,0
1784905738.040317,rear_speed_band,0.0,0
1784905738.040382,wheel_speed_rear,0.0,0
1784905738.040382,wheel_speed_front,0.0,0
1784905738.040382,rear_speed_band,0.0,0
1784905738.040399,engine_torque,166,166
1784905738.040399,shift_cut_active,off,0
1784905738.040399,shift_blip_active,off,0
1784905738.040416,gear_position,N,0
1784905738.040416,clutch,RELEASED,0
1784905738.040416,shift_failed,OK,0
1784905738.040606,rpm,0,0
1784905738.040606,throttle_position,0,0
1784905738.045319,kill_switch,RUN,1
1784905738.045319,time_bin_541_d3,0,0
1784905738.045319,engine_on_counter,0,0
1784905738.045319,engine_off_counter,22,22
1784905738.050618,wheel_speed_rear,0.0,0
1784905738.050618,wheel_speed_front,0.0,0
1784905738.050618,rear_speed_band,0.0,0
1784905738.054714,signal_12a_d1_bit2,1,1
1784905738.054714,abs_lamp,LIT,1
1784905738.068852,wheel_speed_rear,0.0,0
1784905738.068852,wheel_speed_front,0.0,0
1784905738.068852,rear_speed_band,0.0,0
1784905738.068894,engine_torque,166,166
1784905738.068894,shift_cut_active,off,0
1784905738.068894,shift_blip_active,off,0
1784905738.073590,gear_position,N,0
1784905738.073590,clutch,RELEASED,0
1784905738.073590,shift_failed,OK,0
1784905738.085969,rpm,0,0
1784905738.085969,throttle_position,0,0
1784905738.091124,kill_switch,RUN,1
1784905738.091124,time_bin_541_d3,0,0
1784905738.091124,engine_on_counter,0,0
1784905738.091124,engine_off_counter,22,22
1784905738.091167,wheel_speed_rear,0.0,0
1784905738.091167,wheel_speed_front,0.0,0
1784905738.091167,rear_speed_band,0.0,0
1784905738.091222,wheel_speed_rear,0.0,0
1784905738.091222,wheel_speed_front,0.0,0
1784905738.091222,rear_speed_band,0.0,0
1784905738.091237,engine_torque,166,166
1784905738.091237,shift_cut_active,off,0
1784905738.091237,shift_blip_active,off,0
1784905738.091281,gear_position,N,0
1784905738.091281,clutch,RELEASED,0
1784905738.091281,shift_failed,OK,0
1784905738.091305,rpm,0,0
1784905738.091305,throttle_position,0,0
1784905738.091331,kill_switch,RUN,1
1784905738.091331,time_bin_541_d3,0,0
1784905738.091331,engine_on_counter,0,0
1784905738.091331,engine_off_counter,22,22
1784905738.100664,wheel_speed_rear,0.0,0
1784905738.100664,wheel_speed_front,0.0,0
1784905738.100664,rear_speed_band,0.0,0
1784905738.114844,wheel_speed_rear,0.0,0
1784905738.114844,wheel_speed_front,0.0,0
1784905738.114844,rear_speed_band,0.0,0
1784905738.119848,signal_12a_d1_bit2,1,1
1784905738.119848,abs_lamp,LIT,1
1784905738.119897,engine_torque,166,166
1784905738.119897,shift_cut_active,off,0
1784905738.119897,shift_blip_active,off,0
1784905738.119937,gear_position,N,0
1784905738.119937,clutch,RELEASED,0
1784905738.119937,shift_failed,OK,0
1784905738.119971,coolant_temp,23.700000000000003,237
1784905738.119971,fuel_injection_setpoint,0,0
1784905738.119971,side_stand,DOWN,0
1784905738.128854,rpm,0,0
1784905738.128854,throttle_position,0,0
1784905738.133797,kill_switch,RUN,1
1784905738.133797,time_bin_541_d3,0,0
1784905738.133797,engine_on_counter,0,0
1784905738.133797,engine_off_counter,22,22
1784905738.139177,wheel_speed_rear,0.0,0
1784905738.139177,wheel_speed_front,0.0,0
1784905738.139177,rear_speed_band,0.0,0
1784905738.148975,wheel_speed_rear,0.0,0
1784905738.148975,wheel_speed_front,0.0,0
1784905738.148975,rear_speed_band,0.0,0
1784905738.149027,engine_torque,166,166
1784905738.149027,shift_cut_active,off,0
1784905738.149027,shift_blip_active,off,0
1784905738.152680,gear_position,N,0
1784905738.152680,clutch,RELEASED,0
1784905738.152680,shift_failed,OK,0
1784905738.156544,rpm,0,0
1784905738.156544,throttle_position,0,0
1784905738.164557,kill_switch,RUN,1
1784905738.164557,time_bin_541_d3,0,0
1784905738.164557,engine_on_counter,0,0
1784905738.164557,engine_off_counter,22,22
1784905738.179134,wheel_speed_rear,0.0,0
1784905738.179134,wheel_speed_front,0.0,0
1784905738.179134,rear_speed_band,0.0,0
1784905738.191656,wheel_speed_rear,0.0,0
1784905738.191656,wheel_speed_front,0.0,0
1784905738.191656,rear_speed_band,0.0,0
1784905738.191680,engine_torque,166,166
1784905738.191680,shift_cut_active,off,0
1784905738.191680,shift_blip_active,off,0
1784905738.191698,gear_position,N,0
1784905738.191698,clutch,RELEASED,0
1784905738.191698,shift_failed,OK,0
1784905738.191713,rpm,0,0
1784905738.191713,throttle_position,0,0
1784905738.191734,kill_switch,RUN,1
1784905738.191734,time_bin_541_d3,0,0
1784905738.191734,engine_on_counter,0,0
1784905738.191734,engine_off_counter,22,22
1784905738.191753,wheel_speed_rear,0.0,0
1784905738.191753,wheel_speed_front,0.0,0
1784905738.191753,rear_speed_band,0.0,0
1784905738.196585,signal_12a_d1_bit2,1,1
1784905738.196585,abs_lamp,LIT,1
1784905738.196643,wheel_speed_rear,0.0,0
1784905738.196643,wheel_speed_front,0.0,0
1784905738.196643,rear_speed_band,0.0,0
1784905738.196658,engine_torque,166,166
1784905738.196658,shift_cut_active,off,0
1784905738.196658,shift_blip_active,off,0
1784905738.201278,gear_position,N,0
1784905738.201278,clutch,RELEASED,0
1784905738.201278,shift_failed,OK,0
1784905738.201316,rpm,0,0
1784905738.201316,throttle_position,0,0
1784905738.209080,kill_switch,RUN,1
1784905738.209080,time_bin_541_d3,0,0
1784905738.209080,engine_on_counter,0,0
1784905738.209080,engine_off_counter,22,22
1784905738.218475,wheel_speed_rear,0.0,0
1784905738.218475,wheel_speed_front,0.0,0
1784905738.218475,rear_speed_band,0.0,0
1784905738.237997,wheel_speed_rear,0.0,0
1784905738.237997,wheel_speed_front,0.0,0
1784905738.237997,rear_speed_band,0.0,0
1784905738.249943,engine_torque,166,166
1784905738.249943,shift_cut_active,off,0
1784905738.249943,shift_blip_active,off,0
1784905738.250019,gear_position,N,0
1784905738.250019,clutch,RELEASED,0
1784905738.250019,shift_failed,OK,0
1784905738.250066,rpm,0,0
1784905738.250066,throttle_position,0,0
1784905738.250101,kill_switch,RUN,1
1784905738.250101,time_bin_541_d3,0,0
1784905738.250101,engine_on_counter,0,0
1784905738.250101,engine_off_counter,22,22
1784905738.250135,wheel_speed_rear,0.0,0
1784905738.250135,wheel_speed_front,0.0,0
1784905738.250135,rear_speed_band,0.0,0
1784905738.250200,wheel_speed_rear,0.0,0
1784905738.250200,wheel_speed_front,0.0,0
1784905738.250200,rear_speed_band,0.0,0
1784905738.250234,signal_12a_d1_bit2,1,1
1784905738.250234,abs_lamp,LIT,1
1784905738.259288,engine_torque,166,166
1784905738.259288,shift_cut_active,off,0
1784905738.259288,shift_blip_active,off,0
1784905738.265135,gear_position,N,0
1784905738.265135,clutch,RELEASED,0
1784905738.265135,shift_failed,OK,0
1784905738.269921,coolant_temp,23.700000000000003,237
1784905738.269921,fuel_injection_setpoint,0,0
1784905738.269921,side_stand,DOWN,0
1784905738.279096,rpm,0,0
1784905738.279096,throttle_position,0,0
1784905738.283920,kill_switch,RUN,1
1784905738.283920,time_bin_541_d3,0,0
1784905738.283920,engine_on_counter,0,0
1784905738.283920,engine_off_counter,22,22
1784905738.296426,wheel_speed_rear,0.0,0
1784905738.296426,wheel_speed_front,0.0,0
1784905738.296426,rear_speed_band,0.0,0
1784905738.296513,wheel_speed_rear,0.0,0
1784905738.296513,wheel_speed_front,0.0,0
1784905738.296513,rear_speed_band,0.0,0
1784905738.296547,engine_torque,166,166
1784905738.296547,shift_cut_active,off,0
1784905738.296547,shift_blip_active,off,0
1784905738.296582,gear_position,N,0
1784905738.296582,clutch,RELEASED,0
1784905738.296582,shift_failed,OK,0
1784905738.300410,rpm,0,0
1784905738.300410,throttle_position,0,0
1784905738.300454,kill_switch,RUN,1
1784905738.300454,time_bin_541_d3,0,0
1784905738.300454,engine_on_counter,0,0
1784905738.300454,engine_off_counter,22,22
1784905738.304322,wheel_speed_rear,0.0,0
1784905738.304322,wheel_speed_front,0.0,0
1784905738.304322,rear_speed_band,0.0,0
1784905738.324473,wheel_speed_rear,0.0,0
1784905738.324473,wheel_speed_front,0.0,0
1784905738.324473,rear_speed_band,0.0,0
1784905738.329021,engine_torque,166,166
1784905738.329021,shift_cut_active,off,0
1784905738.329021,shift_blip_active,off,0
1784905738.332955,gear_position,N,0
1784905738.332955,clutch,RELEASED,0
1784905738.332955,shift_failed,OK,0
1784905738.338007,rpm,0,0
1784905738.338007,throttle_position,0,0
1784905738.345419,kill_switch,RUN,1
1784905738.345419,time_bin_541_d3,0,0
1784905738.345419,engine_on_counter,0,0
1784905738.345419,engine_off_counter,22,22
1784905738.345467,wheel_speed_rear,0.0,0
1784905738.345467,wheel_speed_front,0.0,0
1784905738.345467,rear_speed_band,0.0,0
1784905738.349393,signal_12a_d1_bit2,1,1
1784905738.349393,abs_lamp,LIT,1
1784905738.366724,wheel_speed_rear,0.0,0
1784905738.366724,wheel_speed_front,0.0,0
1784905738.366724,rear_speed_band,0.0,0
1784905738.372371,engine_torque,166,166
1784905738.372371,shift_cut_active,off,0
1784905738.372371,shift_blip_active,off,0
1784905738.372425,gear_position,N,0
1784905738.372425,clutch,RELEASED,0
1784905738.372425,shift_failed,OK,0
1784905738.380790,rpm,0,0
1784905738.380790,throttle_position,0,0
1784905738.384578,kill_switch,RUN,1
1784905738.384578,time_bin_541_d3,0,0
1784905738.384578,engine_on_counter,0,0
1784905738.384578,engine_off_counter,22,22
1784905738.384618,wheel_speed_rear,0.0,0
1784905738.384618,wheel_speed_front,0.0,0
1784905738.384618,rear_speed_band,0.0,0
1784905738.398483,wheel_speed_rear,0.0,0
1784905738.398483,wheel_speed_front,0.0,0
1784905738.398483,rear_speed_band,0.0,0
1784905738.398562,engine_torque,166,166
1784905738.398562,shift_cut_active,off,0
1784905738.398562,shift_blip_active,off,0
1784905738.398601,gear_position,N,0
1784905738.398601,clutch,RELEASED,0
1784905738.398601,shift_failed,OK,0
1784905738.398634,rpm,0,0
1784905738.398634,throttle_position,0,0
1784905738.398669,kill_switch,RUN,1
1784905738.398669,time_bin_541_d3,0,0
1784905738.398669,engine_on_counter,0,0
1784905738.398669,engine_off_counter,22,22
1784905738.398703,wheel_speed_rear,0.0,0
1784905738.398703,wheel_speed_front,0.0,0
1784905738.398703,rear_speed_band,0.0,0
1784905738.398737,signal_12a_d1_bit2,1,1
1784905738.398737,abs_lamp,LIT,1
1784905738.403426,engine_torque,166,166
1784905738.403426,shift_cut_active,off,0
1784905738.403426,shift_blip_active,off,0
1784905738.403470,gear_position,N,0
1784905738.403470,clutch,RELEASED,0
1784905738.403470,shift_failed,OK,0
1784905738.408371,coolant_temp,23.700000000000003,237
1784905738.408371,fuel_injection_setpoint,0,0
1784905738.408371,side_stand,DOWN,0
1784905738.412544,rpm,0,0
1784905738.412544,throttle_position,0,0
1784905738.423176,kill_switch,RUN,1
1784905738.423176,time_bin_541_d3,0,0
1784905738.423176,engine_on_counter,0,0
1784905738.423176,engine_off_counter,22,22
1784905738.427507,wheel_speed_rear,0.0,0
1784905738.427507,wheel_speed_front,0.0,0
1784905738.427507,rear_speed_band,0.0,0
1784905738.442341,wheel_speed_rear,0.0,0
1784905738.442341,wheel_speed_front,0.0,0
1784905738.442341,rear_speed_band,0.0,0
1784905738.448595,engine_torque,166,166
1784905738.448595,shift_cut_active,off,0
1784905738.448595,shift_blip_active,off,0
1784905738.448641,gear_position,N,0
1784905738.448641,clutch,RELEASED,0
1784905738.448641,shift_failed,OK,0
1784905738.448677,rpm,0,0
1784905738.448677,throttle_position,0,0
1784905738.452732,kill_switch,RUN,1
1784905738.452732,time_bin_541_d3,0,0
1784905738.452732,engine_on_counter,0,0
1784905738.452732,engine_off_counter,22,22
1784905738.465964,wheel_speed_rear,0.0,0
1784905738.465964,wheel_speed_front,0.0,0
1784905738.465964,rear_speed_band,0.0,0
1784905738.466015,engine_torque,166,166
1784905738.466015,shift_cut_active,off,0
1784905738.466015,shift_blip_active,off,0
1784905738.476139,rpm,0,0
1784905738.476139,throttle_position,0,0
1784905738.476208,wheel_speed_rear,0.0,0
1784905738.476208,wheel_speed_front,0.0,0
1784905738.476208,rear_speed_band,0.0,0
1784905738.485347,engine_torque,166,166
1784905738.485347,shift_cut_active,off,0
1784905738.485347,shift_blip_active,off,0
1784905738.498087,gear_position,N,0
1784905738.498087,clutch,RELEASED,0
1784905738.498087,shift_failed,OK,0
1784905738.502662,rpm,0,0
1784905738.502662,throttle_position,0,0
1784905738.502720,kill_switch,RUN,1
1784905738.502720,time_bin_541_d3,0,0
1784905738.502720,engine_on_counter,0,0
1784905738.502720,engine_off_counter,22,22
1784905738.502757,wheel_speed_rear,0.0,0
1784905738.502757,wheel_speed_front,0.0,0
1784905738.502757,rear_speed_band,0.0,0
1784905738.507723,wheel_speed_rear,0.0,0
1784905738.507723,wheel_speed_front,0.0,0
1784905738.507723,rear_speed_band,0.0,0
1784905738.512488,engine_torque,166,166
1784905738.512488,shift_cut_active,off,0
1784905738.512488,shift_blip_active,off,0
1784905738.517380,gear_position,N,0
1784905738.517380,clutch,RELEASED,0
1784905738.517380,shift_failed,OK,0
1784905738.521290,rpm,0,0
1784905738.521290,throttle_position,0,0
1784905738.531013,kill_switch,RUN,1
1784905738.531013,time_bin_541_d3,0,0
1784905738.531013,engine_on_counter,0,0
1784905738.531013,engine_off_counter,22,22
1784905738.531075,wheel_speed_rear,0.0,0
1784905738.531075,wheel_speed_front,0.0,0
1784905738.531075,rear_speed_band,0.0,0
1784905738.536160,signal_12a_d1_bit2,1,1
1784905738.536160,abs_lamp,LIT,1
1784905738.541912,engine_torque,166,166
1784905738.541912,shift_cut_active,off,0
1784905738.541912,shift_blip_active,off,0
1784905738.542000,gear_position,N,0
1784905738.542000,clutch,RELEASED,0
1784905738.542000,shift_failed,OK,0
1784905738.548362,coolant_temp,23.700000000000003,237
1784905738.548362,fuel_injection_setpoint,0,0
1784905738.548362,side_stand,DOWN,0
1784905738.554143,rpm,0,0
1784905738.554143,throttle_position,0,0
1784905738.554181,wheel_speed_rear,0.0,0
1784905738.554181,wheel_speed_front,0.0,0
1784905738.554181,rear_speed_band,0.0,0
1784905738.567956,wheel_speed_rear,0.0,0
1784905738.567956,wheel_speed_front,0.0,0
1784905738.567956,rear_speed_band,0.0,0
1784905738.568041,engine_torque,166,166
1784905738.568041,shift_cut_active,off,0
1784905738.568041,shift_blip_active,off,0
1784905738.568076,wheel_speed_rear,0.0,0
1784905738.568076,wheel_speed_front,0.0,0
1784905738.568076,rear_speed_band,0.0,0
1784905738.572317,wheel_speed_rear,0.0,0
1784905738.572317,wheel_speed_front,0.0,0
1784905738.572317,rear_speed_band,0.0,0
1784905738.581323,engine_torque,166,166
1784905738.581323,shift_cut_active,off,0
1784905738.581323,shift_blip_active,off,0
1784905738.590987,gear_position,N,0
1784905738.590987,clutch,RELEASED,0
1784905738.590987,shift_failed,OK,0
1784905738.591050,wheel_speed_rear,0.0,0
1784905738.591050,wheel_speed_front,0.0,0
1784905738.591050,rear_speed_band,0.0,0
1784905738.597736,wheel_speed_rear,0.0,0
1784905738.597736,wheel_speed_front,0.0,0
1784905738.597736,rear_speed_band,0.0,0
1784905738.601995,engine_torque,166,166
1784905738.601995,shift_cut_active,off,0
1784905738.601995,shift_blip_active,off,0
1784905738.602042,gear_position,N,0
1784905738.602042,clutch,RELEASED,0
1784905738.602042,shift_failed,OK,0
1784905738.607608,wheel_speed_rear,0.0,0
1784905738.607608,wheel_speed_front,0.0,0
1784905738.607608,rear_speed_band,0.0,0
1784905738.613437,wheel_speed_rear,0.0,0
1784905738.613437,wheel_speed_front,0.0,0
1784905738.613437,rear_speed_band,0.0,0
1784905738.613499,engine_torque,166,166
1784905738.613499,shift_cut_active,off,0
1784905738.613499,shift_blip_active,off,0
1784905738.613538,gear_position,N,0
1784905738.613538,clutch,RELEASED,0
1784905738.613538,shift_failed,OK,0
1784905738.613573,wheel_speed_rear,0.0,0
1784905738.613573,wheel_speed_front,0.0,0
1784905738.613573,rear_speed_band,0.0,0
1784905738.618728,wheel_speed_rear,0.0,0
1784905738.618728,wheel_speed_front,0.0,0
1784905738.618728,rear_speed_band,0.0,0
1784905738.629051,signal_12a_d1_bit2,1,1
1784905738.629051,abs_lamp,LIT,1
1784905738.632847,engine_torque,166,166
1784905738.632847,shift_cut_active,off,0
1784905738.632847,shift_blip_active,off,0
1784905738.632890,gear_position,N,0
1784905738.632890,clutch,RELEASED,0
1784905738.632890,shift_failed,OK,0
1784905738.637703,coolant_temp,23.700000000000003,237
1784905738.637703,fuel_injection_setpoint,0,0
1784905738.637703,side_stand,DOWN,0
1784905738.653975,rpm,0,0
1784905738.653975,throttle_position,0,0
1784905738.658871,kill_switch,RUN,1
1784905738.658871,time_bin_541_d3,0,0
1784905738.658871,engine_on_counter,0,0
1784905738.658871,engine_off_counter,22,22
1784905738.658915,wheel_speed_rear,0.0,0
1784905738.658915,wheel_speed_front,0.0,0
1784905738.658915,rear_speed_band,0.0,0
1784905738.662997,wheel_speed_rear,0.0,0
1784905738.662997,wheel_speed_front,0.0,0
1784905738.662997,rear_speed_band,0.0,0
1784905738.667185,engine_torque,166,166
1784905738.667185,shift_cut_active,off,0
1784905738.667185,shift_blip_active,off,0
1784905738.679440,gear_position,N,0
1784905738.679440,clutch,RELEASED,0
1784905738.679440,shift_failed,OK,0
1784905738.694955,rpm,0,0
1784905738.694955,throttle_position,0,0
1784905738.700001,wheel_speed_rear,0.0,0
1784905738.700001,wheel_speed_front,0.0,0
1784905738.700001,rear_speed_band,0.0,0
1784905738.704414,wheel_speed_rear,0.0,0
1784905738.704414,wheel_speed_front,0.0,0
1784905738.704414,rear_speed_band,0.0,0
1784905738.708530,engine_torque,166,166
1784905738.708530,shift_cut_active,off,0
1784905738.708530,shift_blip_active,off,0
1784905738.713060,wheel_speed_rear,0.0,0
1784905738.713060,wheel_speed_front,0.0,0
1784905738.713060,rear_speed_band,0.0,0
1784905738.725800,wheel_speed_rear,0.0,0
1784905738.725800,wheel_speed_front,0.0,0
1784905738.725800,rear_speed_band,0.0,0
1784905738.730276,engine_torque,166,166
1784905738.730276,shift_cut_active,off,0
1784905738.730276,shift_blip_active,off,0
1784905738.730316,gear_position,N,0
1784905738.730316,clutch,RELEASED,0
1784905738.730316,shift_failed,OK,0
1784905738.730348,rpm,0,0
1784905738.730348,throttle_position,0,0
1784905738.734860,kill_switch,RUN,1
1784905738.734860,time_bin_541_d3,0,0
1784905738.734860,engine_on_counter,0,0
1784905738.734860,engine_off_counter,22,22
1784905738.755183,wheel_speed_rear,0.0,0
1784905738.755183,wheel_speed_front,0.0,0
1784905738.755183,rear_speed_band,0.0,0
1784905738.760015,engine_torque,166,166
1784905738.760015,shift_cut_active,off,0
1784905738.760015,shift_blip_active,off,0
1784905738.760069,gear_position,N,0
1784905738.760069,clutch,RELEASED,0
1784905738.760069,shift_failed,OK,0
1784905738.765282,wheel_speed_rear,0.0,0
1784905738.765282,wheel_speed_front,0.0,0
1784905738.765282,rear_speed_band,0.0,0
1784905738.770442,engine_torque,166,166
1784905738.770442,shift_cut_active,off,0
1784905738.770442,shift_blip_active,off,0
1784905738.778148,rpm,0,0
1784905738.778148,throttle_position,0,0
1784905738.780408,kill_switch,RUN,1
1784905738.780408,time_bin_541_d3,0,0
1784905738.780408,engine_on_counter,0,0
1784905738.780408,engine_off_counter,22,22
1784905738.788154,wheel_speed_rear,0.0,0
1784905738.788154,wheel_speed_front,0.0,0
1784905738.788154,rear_speed_band,0.0,0
1784905738.805964,wheel_speed_rear,0.0,0
1784905738.805964,wheel_speed_front,0.0,0
1784905738.805964,rear_speed_band,0.0,0
1784905738.806006,engine_torque,166,166
1784905738.806006,shift_cut_active,off,0
1784905738.806006,shift_blip_active,off,0
1784905738.806039,gear_position,N,0
1784905738.806039,clutch,RELEASED,0
1784905738.806039,shift_failed,OK,0
1784905738.806075,rpm,0,0
1784905738.806075,throttle_position,0,0
1784905738.806139,wheel_speed_rear,0.0,0
1784905738.806139,wheel_speed_front,0.0,0
1784905738.806139,rear_speed_band,0.0,0
1784905738.810013,engine_torque,166,166
1784905738.810013,shift_cut_active,off,0
1784905738.810013,shift_blip_active,off,0
1784905738.819809,gear_position,N,0
1784905738.819809,clutch,RELEASED,0
1784905738.819809,shift_failed,OK,0
1784905738.830591,rpm,0,0
1784905738.830591,throttle_position,0,0
1784905738.830650,wheel_speed_rear,0.0,0
1784905738.830650,wheel_speed_front,0.0,0
1784905738.830650,rear_speed_band,0.0,0
1784905738.830721,wheel_speed_rear,0.0,0
1784905738.830721,wheel_speed_front,0.0,0
1784905738.830721,rear_speed_band,0.0,0
1784905738.830754,engine_torque,166,166
1784905738.830754,shift_cut_active,off,0
1784905738.830754,shift_blip_active,off,0
1784905738.830787,gear_position,N,0
1784905738.830787,clutch,RELEASED,0
1784905738.830787,shift_failed,OK,0
1784905738.840755,rpm,0,0
1784905738.840755,throttle_position,0,0
1784905738.840840,wheel_speed_rear,0.0,0
1784905738.840840,wheel_speed_front,0.0,0
1784905738.840840,rear_speed_band,0.0,0
1784905738.844288,engine_torque,166,166
1784905738.844288,shift_cut_active,off,0
1784905738.844288,shift_blip_active,off,0
1784905738.852635,gear_position,N,0
1784905738.852635,clutch,RELEASED,0
1784905738.852635,shift_failed,OK,0
1784905738.858615,wheel_speed_rear,0.0,0
1784905738.858615,wheel_speed_front,0.0,0
1784905738.858615,rear_speed_band,0.0,0
1784905738.858656,wheel_speed_rear,0.0,0
1784905738.858656,wheel_speed_front,0.0,0
1784905738.858656,rear_speed_band,0.0,0
1784905738.858690,signal_12a_d1_bit2,1,1
1784905738.858690,abs_lamp,LIT,1
1784905738.858743,engine_torque,166,166
1784905738.858743,shift_cut_active,off,0
1784905738.858743,shift_blip_active,off,0
1784905738.864003,gear_position,N,0
1784905738.864003,clutch,RELEASED,0
1784905738.864003,shift_failed,OK,0
1784905738.868370,rpm,0,0
1784905738.868370,throttle_position,0,0
1784905738.868421,wheel_speed_rear,0.0,0
1784905738.868421,wheel_speed_front,0.0,0
1784905738.868421,rear_speed_band,0.0,0
1784905738.868460,wheel_speed_rear,0.0,0
1784905738.868460,wheel_speed_front,0.0,0
1784905738.868460,rear_speed_band,0.0,0
1784905738.878068,engine_torque,166,166
1784905738.878068,shift_cut_active,off,0
1784905738.878068,shift_blip_active,off,0
1784905738.878143,gear_position,N,0
1784905738.878143,clutch,RELEASED,0
1784905738.878143,shift_failed,OK,0
1784905738.882118,rpm,0,0
1784905738.882118,throttle_position,0,0
1784905738.894248,kill_switch,RUN,1
1784905738.894248,time_bin_541_d3,0,0
1784905738.894248,engine_on_counter,0,0
1784905738.894248,engine_off_counter,22,22
1784905738.898294,wheel_speed_rear,0.0,0
1784905738.898294,wheel_speed_front,0.0,0
1784905738.898294,rear_speed_band,0.0,0
1784905738.904701,wheel_speed_rear,0.0,0
1784905738.904701,wheel_speed_front,0.0,0
1784905738.904701,rear_speed_band,0.0,0
1784905738.908588,engine_torque,166,166
1784905738.908588,shift_cut_active,off,0
1784905738.908588,shift_blip_active,off,0
1784905738.908629,gear_position,N,0
1784905738.908629,clutch,RELEASED,0
1784905738.908629,shift_failed,OK,0
1784905738.908664,rpm,0,0
1784905738.908664,throttle_position,0,0
1784905738.908701,wheel_speed_rear,0.0,0
1784905738.908701,wheel_speed_front,0.0,0
1784905738.908701,rear_speed_band,0.0,0
1784905738.918080,wheel_speed_rear,0.0,0
1784905738.918080,wheel_speed_front,0.0,0
1784905738.918080,rear_speed_band,0.0,0
1784905738.926820,engine_torque,166,166
1784905738.926820,shift_cut_active,off,0
1784905738.926820,shift_blip_active,off,0
1784905738.936643,gear_position,N,0
1784905738.936643,clutch,RELEASED,0
1784905738.936643,shift_failed,OK,0
1784905738.941615,rpm,0,0
1784905738.941615,throttle_position,0,0
1784905738.949097,wheel_speed_rear,0.0,0
1784905738.949097,wheel_speed_front,0.0,0
1784905738.949097,rear_speed_band,0.0,0
1784905738.959670,wheel_speed_rear,0.0,0
1784905738.959670,wheel_speed_front,0.0,0
1784905738.959670,rear_speed_band,0.0,0
1784905738.959716,signal_12a_d1_bit2,1,1
1784905738.959716,abs_lamp,LIT,1
1784905738.964617,engine_torque,166,166
1784905738.964617,shift_cut_active,off,0
1784905738.964617,shift_blip_active,off,0
1784905738.964659,wheel_speed_rear,0.0,0
1784905738.964659,wheel_speed_front,0.0,0
1784905738.964659,rear_speed_band,0.0,0
1784905738.974504,engine_torque,166,166
1784905738.974504,shift_cut_active,off,0
1784905738.974504,shift_blip_active,off,0
1784905738.983840,gear_position,N,0
1784905738.983840,clutch,RELEASED,0
1784905738.983840,shift_failed,OK,0
1784905738.991570,wheel_speed_rear,0.0,0
1784905738.991570,wheel_speed_front,0.0,0
1784905738.991570,rear_speed_band,0.0,0
1784905738.997120,engine_torque,166,166
1784905738.997120,shift_cut_active,off,0
1784905738.997120,shift_blip_active,off,0
1784905738.997159,gear_position,N,0
1784905738.997159,clutch,RELEASED,0
1784905738.997159,shift_failed,OK,0
1784905739.003071,rpm,0,0
1784905739.003071,throttle_position,0,0
1784905739.003124,kill_switch,RUN,1
1784905739.003124,time_bin_541_d3,0,0
1784905739.003124,engine_on_counter,0,0
1784905739.003124,engine_off_counter,22,22
1784905739.009109,wheel_speed_rear,0.0,0
1784905739.009109,wheel_speed_front,0.0,0
1784905739.009109,rear_speed_band,0.0,0
1784905739.009152,engine_torque,166,166
1784905739.009152,shift_cut_active,off,0
1784905739.009152,shift_blip_active,off,0
1784905739.009185,gear_position,N,0
1784905739.009185,clutch,RELEASED,0
1784905739.009185,shift_failed,OK,0
1784905739.009221,rpm,0,0
1784905739.009221,throttle_position,0,0
1784905739.009256,wheel_speed_rear,0.0,0
1784905739.009256,wheel_speed_front,0.0,0
1784905739.009256,rear_speed_band,0.0,0
1784905739.009290,wheel_speed_rear,0.0,0
1784905739.009290,wheel_speed_front,0.0,0
1784905739.009290,rear_speed_band,0.0,0
1784905739.009324,engine_torque,166,166
1784905739.009324,shift_cut_active,off,0
1784905739.009324,shift_blip_active,off,0
1784905739.009357,wheel_speed_rear,0.0,0
1784905739.009357,wheel_speed_front,0.0,0
1784905739.009357,rear_speed_band,0.0,0
1784905739.009387,wheel_speed_rear,0.0,0
1784905739.009387,wheel_speed_front,0.0,0
1784905739.009387,rear_speed_band,0.0,0
1784905739.018946,engine_torque,166,166
1784905739.018946,shift_cut_active,off,0
1784905739.018946,shift_blip_active,off,0
1784905739.024133,wheel_speed_rear,0.0,0
1784905739.024133,wheel_speed_front,0.0,0
1784905739.024133,rear_speed_band,0.0,0
1784905739.033540,wheel_speed_rear,0.0,0
1784905739.033540,wheel_speed_front,0.0,0
1784905739.033540,rear_speed_band,0.0,0
1784905739.033595,engine_torque,166,166
1784905739.033595,shift_cut_active,off,0
1784905739.033595,shift_blip_active,off,0
1784905739.033630,gear_position,N,0
1784905739.033630,clutch,RELEASED,0
1784905739.033630,shift_failed,OK,0
1784905739.039880,rpm,0,0
1784905739.039880,throttle_position,0,0
1784905739.044205,kill_switch,RUN,1
1784905739.044205,time_bin_541_d3,0,0
1784905739.044205,engine_on_counter,0,0
1784905739.044205,engine_off_counter,22,22
1784905739.044249,wheel_speed_rear,0.0,0
1784905739.044249,wheel_speed_front,0.0,0
1784905739.044249,rear_speed_band,0.0,0
1784905739.047795,wheel_speed_rear,0.0,0
1784905739.047795,wheel_speed_front,0.0,0
1784905739.047795,rear_speed_band,0.0,0
1784905739.057260,engine_torque,166,166
1784905739.057260,shift_cut_active,off,0
1784905739.057260,shift_blip_active,off,0
1784905739.063070,gear_position,N,0
1784905739.063070,clutch,RELEASED,0
1784905739.063070,shift_failed,OK,0
1784905739.063112,rpm,0,0
1784905739.063112,throttle_position,0,0
1784905739.063146,kill_switch,RUN,1
1784905739.063146,time_bin_541_d3,0,0
1784905739.063146,engine_on_counter,0,0
1784905739.063146,engine_off_counter,23,23
1784905739.068300,wheel_speed_rear,0.0,0
1784905739.068300,wheel_speed_front,0.0,0
1784905739.068300,rear_speed_band,0.0,0
1784905739.087889,signal_12a_d1_bit2,1,1
1784905739.087889,abs_lamp,LIT,1
1784905739.087970,wheel_speed_rear,0.0,0
1784905739.087970,wheel_speed_front,0.0,0
1784905739.087970,rear_speed_band,0.0,0
1784905739.096004,engine_torque,166,166
1784905739.096004,shift_cut_active,off,0
1784905739.096004,shift_blip_active,off,0
1784905739.105278,gear_position,N,0
1784905739.105278,clutch,RELEASED,0
1784905739.105278,shift_failed,OK,0
1784905739.112185,rpm,0,0
1784905739.112185,throttle_position,0,0
1784905739.112229,kill_switch,RUN,1
1784905739.112229,time_bin_541_d3,0,0
1784905739.112229,engine_on_counter,0,0
1784905739.112229,engine_off_counter,23,23
1784905739.112262,wheel_speed_rear,0.0,0
1784905739.112262,wheel_speed_front,0.0,0
1784905739.112262,rear_speed_band,0.0,0
1784905739.112331,wheel_speed_rear,0.0,0
1784905739.112331,wheel_speed_front,0.0,0
1784905739.112331,rear_speed_band,0.0,0
1784905739.112379,engine_torque,166,166
1784905739.112379,shift_cut_active,off,0
1784905739.112379,shift_blip_active,off,0
1784905739.117790,gear_position,N,0
1784905739.117790,clutch,RELEASED,0
1784905739.117790,shift_failed,OK,0
1784905739.123173,rpm,0,0
1784905739.123173,throttle_position,0,0
1784905739.132189,kill_switch,RUN,1
1784905739.132189,time_bin_541_d3,0,0
1784905739.132189,engine_on_counter,0,0
1784905739.132189,engine_off_counter,23,23
1784905739.132271,wheel_speed_rear,0.0,0
1784905739.132271,wheel_speed_front,0.0,0
1784905739.132271,rear_speed_band,0.0,0
1784905739.132308,engine_torque,166,166
1784905739.132308,shift_cut_active,off,0
1784905739.132308,shift_blip_active,off,0
1784905739.132346,gear_position,N,0
1784905739.132346,clutch,RELEASED,0
1784905739.132346,shift_failed,OK,0
1784905739.137275,rpm,0,0
1784905739.137275,throttle_position,0,0
1784905739.146919,kill_switch,RUN,1
1784905739.146919,time_bin_541_d3,0,0
1784905739.146919,engine_on_counter,0,0
1784905739.146919,engine_off_counter,23,23
1784905739.150768,wheel_speed_rear,0.0,0
1784905739.150768,wheel_speed_front,0.0,0
1784905739.150768,rear_speed_band,0.0,0
1784905739.150847,engine_torque,166,166
1784905739.150847,shift_cut_active,off,0
1784905739.150847,shift_blip_active,off,0
1784905739.154626,gear_position,N,0
1784905739.154626,clutch,RELEASED,0
1784905739.154626,shift_failed,OK,0
1784905739.168759,rpm,0,0
1784905739.168759,throttle_position,0,0
1784905739.168824,kill_switch,RUN,1
1784905739.168824,time_bin_541_d3,0,0
1784905739.168824,engine_on_counter,0,0
1784905739.168824,engine_off_counter,23,23
1784905739.168857,wheel_speed_rear,0.0,0
1784905739.168857,wheel_speed_front,0.0,0
1784905739.168857,rear_speed_band,0.0,0
1784905739.168896,engine_torque,166,166
1784905739.168896,shift_cut_active,off,0
1784905739.168896,shift_blip_active,off,0
1784905739.173284,rpm,0,0
1784905739.173284,throttle_position,0,0
1784905739.178016,wheel_speed_rear,0.0,0
1784905739.178016,wheel_speed_front,0.0,0
1784905739.178016,rear_speed_band,0.0,0
1784905739.187532,engine_torque,166,166
1784905739.187532,shift_cut_active,off,0
1784905739.187532,shift_blip_active,off,0
1784905739.191988,gear_position,N,0
1784905739.191988,clutch,RELEASED,0
1784905739.191988,shift_failed,OK,0
1784905739.200756,rpm,0,0
1784905739.200756,throttle_position,0,0
1784905739.212689,wheel_speed_rear,0.0,0
1784905739.212689,wheel_speed_front,0.0,0
1784905739.212689,rear_speed_band,0.0,0
1784905739.217796,engine_torque,166,166
1784905739.217796,shift_cut_active,off,0
1784905739.217796,shift_blip_active,off,0
1784905739.217843,wheel_speed_rear,0.0,0
1784905739.217843,wheel_speed_front,0.0,0
1784905739.217843,rear_speed_band,0.0,0
1784905739.217877,engine_torque,166,166
1784905739.217877,shift_cut_active,off,0
1784905739.217877,shift_blip_active,off,0
1784905739.217909,gear_position,N,0
1784905739.217909,clutch,RELEASED,0
1784905739.217909,shift_failed,OK,0
1784905739.217941,coolant_temp,23.700000000000003,237
1784905739.217941,fuel_injection_setpoint,0,0
1784905739.217941,side_stand,DOWN,0
1784905739.217972,wheel_speed_rear,0.0,0
1784905739.217972,wheel_speed_front,0.0,0
1784905739.217972,rear_speed_band,0.0,0
1784905739.229468,wheel_speed_rear,0.0,0
1784905739.229468,wheel_speed_front,0.0,0
1784905739.229468,rear_speed_band,0.0,0
1784905739.229512,engine_torque,166,166
1784905739.229512,shift_cut_active,off,0
1784905739.229512,shift_blip_active,off,0
1784905739.233462,gear_position,N,0
1784905739.233462,clutch,RELEASED,0
1784905739.233462,shift_failed,OK,0
1784905739.242467,rpm,0,0
1784905739.242467,throttle_position,0,0
1784905739.251858,kill_switch,RUN,1
1784905739.251858,time_bin_541_d3,0,0
1784905739.251858,engine_on_counter,0,0
1784905739.251858,engine_off_counter,23,23
1784905739.278293,wheel_speed_rear,0.0,0
1784905739.278293,wheel_speed_front,0.0,0
1784905739.278293,rear_speed_band,0.0,0
1784905739.278389,wheel_speed_rear,0.0,0
1784905739.278389,wheel_speed_front,0.0,0
1784905739.278389,rear_speed_band,0.0,0
1784905739.278422,engine_torque,166,166
1784905739.278422,shift_cut_active,off,0
1784905739.278422,shift_blip_active,off,0
1784905739.278454,gear_position,N,0
1784905739.278454,clutch,RELEASED,0
1784905739.278454,shift_failed,OK,0
1784905739.278486,rpm,0,0
1784905739.278486,throttle_position,0,0
1784905739.279125,kill_switch,RUN,1
1784905739.279125,time_bin_541_d3,0,0
1784905739.279125,engine_on_counter,0,0
1784905739.279125,engine_off_counter,23,23
1784905739.283145,wheel_speed_rear,0.0,0
1784905739.283145,wheel_speed_front,0.0,0
1784905739.283145,rear_speed_band,0.0,0
1784905739.296657,signal_12a_d1_bit2,1,1
1784905739.296657,abs_lamp,LIT,1
1784905739.305526,wheel_speed_rear,0.0,0
1784905739.305526,wheel_speed_front,0.0,0
1784905739.305526,rear_speed_band,0.0,0
1784905739.310759,engine_torque,166,166
1784905739.310759,shift_cut_active,off,0
1784905739.310759,shift_blip_active,off,0
1784905739.317291,gear_position,N,0
1784905739.317291,clutch,RELEASED,0
1784905739.317291,shift_failed,OK,0
1784905739.317370,rpm,0,0
1784905739.317370,throttle_position,0,0
1784905739.327824,wheel_speed_rear,0.0,0
1784905739.327824,wheel_speed_front,0.0,0
1784905739.327824,rear_speed_band,0.0,0
1784905739.331951,wheel_speed_rear,0.0,0
1784905739.331951,wheel_speed_front,0.0,0
1784905739.331951,rear_speed_band,0.0,0
1784905739.331987,engine_torque,166,166
1784905739.331987,shift_cut_active,off,0
1784905739.331987,shift_blip_active,off,0
1784905739.336720,gear_position,N,0
1784905739.336720,clutch,RELEASED,0
1784905739.336720,shift_failed,OK,0
1784905739.345710,wheel_speed_rear,0.0,0
1784905739.345710,wheel_speed_front,0.0,0
1784905739.345710,rear_speed_band,0.0,0
1784905739.352191,wheel_speed_rear,0.0,0
1784905739.352191,wheel_speed_front,0.0,0
1784905739.352191,rear_speed_band,0.0,0
1784905739.356652,signal_12a_d1_bit2,1,1
1784905739.356652,abs_lamp,LIT,1
1784905739.356761,engine_torque,166,166
1784905739.356761,shift_cut_active,off,0
1784905739.356761,shift_blip_active,off,0
1784905739.356807,coolant_temp,23.700000000000003,237
1784905739.356807,fuel_injection_setpoint,0,0
1784905739.356807,side_stand,DOWN,0
1784905739.365101,wheel_speed_rear,0.0,0
1784905739.365101,wheel_speed_front,0.0,0
1784905739.365101,rear_speed_band,0.0,0
1784905739.370780,engine_torque,166,166
1784905739.370780,shift_cut_active,off,0
1784905739.370780,shift_blip_active,off,0
1784905739.370872,gear_position,N,0
1784905739.370872,clutch,RELEASED,0
1784905739.370872,shift_failed,OK,0
1784905739.376146,rpm,0,0
1784905739.376146,throttle_position,0,0
1784905739.380152,kill_switch,RUN,1
1784905739.380152,time_bin_541_d3,0,0
1784905739.380152,engine_on_counter,0,0
1784905739.380152,engine_off_counter,23,23
1784905739.393070,wheel_speed_rear,0.0,0
1784905739.393070,wheel_speed_front,0.0,0
1784905739.393070,rear_speed_band,0.0,0
1784905739.401703,wheel_speed_rear,0.0,0
1784905739.401703,wheel_speed_front,0.0,0
1784905739.401703,rear_speed_band,0.0,0
1784905739.412912,engine_torque,166,166
1784905739.412912,shift_cut_active,off,0
1784905739.412912,shift_blip_active,off,0
1784905739.413018,gear_position,N,0
1784905739.413018,clutch,RELEASED,0
1784905739.413018,shift_failed,OK,0
1784905739.413057,rpm,0,0
1784905739.413057,throttle_position,0,0
1784905739.413092,kill_switch,RUN,1
1784905739.413092,time_bin_541_d3,0,0
1784905739.413092,engine_on_counter,0,0
1784905739.413092,engine_off_counter,23,23
1784905739.419086,wheel_speed_rear,0.0,0
1784905739.419086,wheel_speed_front,0.0,0
1784905739.419086,rear_speed_band,0.0,0
1784905739.427379,wheel_speed_rear,0.0,0
1784905739.427379,wheel_speed_front,0.0,0
1784905739.427379,rear_speed_band,0.0,0
1784905739.427456,engine_torque,166,166
1784905739.427456,shift_cut_active,off,0
1784905739.427456,shift_blip_active,off,0
1784905739.431783,gear_position,N,0
1784905739.431783,clutch,RELEASED,0
1784905739.431783,shift_failed,OK,0
1784905739.443548,rpm,0,0
1784905739.443548,throttle_position,0,0
1784905739.448797,wheel_speed_rear,0.0,0
1784905739.448797,wheel_speed_front,0.0,0
1784905739.448797,rear_speed_band,0.0,0
1784905739.448830,engine_torque,166,166
1784905739.448830,shift_cut_active,off,0
1784905739.448830,shift_blip_active,off,0
1784905739.448862,gear_position,N,0
1784905739.448862,clutch,RELEASED,0
1784905739.448862,shift_failed,OK,0
1784905739.448895,rpm,0,0
1784905739.448895,throttle_position,0,0
1784905739.448927,kill_switch,RUN,1
1784905739.448927,time_bin_541_d3,0,0
1784905739.448927,engine_on_counter,0,0
1784905739.448927,engine_off_counter,23,23
1784905739.452967,wheel_speed_rear,0.0,0
1784905739.452967,wheel_speed_front,0.0,0
1784905739.452967,rear_speed_band,0.0,0
1784905739.453022,signal_12a_d1_bit2,1,1
1784905739.453022,abs_lamp,LIT,1
1784905739.461965,gear_position,N,0
1784905739.461965,clutch,RELEASED,0
1784905739.461965,shift_failed,OK,0
1784905739.466406,wheel_speed_rear,0.0,0
1784905739.466406,wheel_speed_front,0.0,0
1784905739.466406,rear_speed_band,0.0,0
1784905739.477120,engine_torque,166,166
1784905739.477120,shift_cut_active,off,0
1784905739.477120,shift_blip_active,off,0
1784905739.477190,gear_position,N,0
1784905739.477190,clutch,RELEASED,0
1784905739.477190,shift_failed,OK,0
1784905739.486984,rpm,0,0
1784905739.486984,throttle_position,0,0
1784905739.487029,kill_switch,RUN,1
1784905739.487029,time_bin_541_d3,0,0
1784905739.487029,engine_on_counter,0,0
1784905739.487029,engine_off_counter,23,23
1784905739.491258,wheel_speed_rear,0.0,0
1784905739.491258,wheel_speed_front,0.0,0
1784905739.491258,rear_speed_band,0.0,0
1784905739.505097,wheel_speed_rear,0.0,0
1784905739.505097,wheel_speed_front,0.0,0
1784905739.505097,rear_speed_band,0.0,0
1784905739.505151,engine_torque,166,166
1784905739.505151,shift_cut_active,off,0
1784905739.505151,shift_blip_active,off,0
1784905739.513110,gear_position,N,0
1784905739.513110,clutch,RELEASED,0
1784905739.513110,shift_failed,OK,0
1784905739.528924,rpm,0,0
1784905739.528924,throttle_position,0,0
1784905739.529028,engine_torque,166,166
1784905739.529028,shift_cut_active,off,0
1784905739.529028,shift_blip_active,off,0
1784905739.529070,gear_position,N,0
1784905739.529070,clutch,RELEASED,0
1784905739.529070,shift_failed,OK,0
1784905739.529706,wheel_speed_rear,0.0,0
1784905739.529706,wheel_speed_front,0.0,0
1784905739.529706,rear_speed_band,0.0,0
1784905739.529747,engine_torque,166,166
1784905739.529747,shift_cut_active,off,0
1784905739.529747,shift_blip_active,off,0
1784905739.529782,gear_position,N,0
1784905739.529782,clutch,RELEASED,0
1784905739.529782,shift_failed,OK,0
1784905739.535127,rpm,0,0
1784905739.535127,throttle_position,0,0
1784905739.535167,kill_switch,RUN,1
1784905739.535167,time_bin_541_d3,0,0
1784905739.535167,engine_on_counter,0,0
1784905739.535167,engine_off_counter,23,23
1784905739.544991,wheel_speed_rear,0.0,0
1784905739.544991,wheel_speed_front,0.0,0
1784905739.544991,rear_speed_band,0.0,0
1784905739.545069,wheel_speed_rear,0.0,0
1784905739.545069,wheel_speed_front,0.0,0
1784905739.545069,rear_speed_band,0.0,0
1784905739.555184,engine_torque,166,166
1784905739.555184,shift_cut_active,off,0
1784905739.555184,shift_blip_active,off,0
1784905739.555245,wheel_speed_rear,0.0,0
1784905739.555245,wheel_speed_front,0.0,0
1784905739.555245,rear_speed_band,0.0,0
1784905739.560138,engine_torque,166,166
1784905739.560138,shift_cut_active,off,0
1784905739.560138,shift_blip_active,off,0
1784905739.560179,gear_position,N,0
1784905739.560179,clutch,RELEASED,0
1784905739.560179,shift_failed,OK,0
1784905739.560215,rpm,0,0
1784905739.560215,throttle_position,0,0
1784905739.565024,wheel_speed_rear,0.0,0
1784905739.565024,wheel_speed_front,0.0,0
1784905739.565024,rear_speed_band,0.0,0
1784905739.569628,engine_torque,166,166
1784905739.569628,shift_cut_active,off,0
1784905739.569628,shift_blip_active,off,0
1784905739.575720,gear_position,N,0
1784905739.575720,clutch,RELEASED,0
1784905739.575720,shift_failed,OK,0
1784905739.575775,rpm,0,0
1784905739.575775,throttle_position,0,0
1784905739.585631,kill_switch,RUN,1
1784905739.585631,time_bin_541_d3,0,0
1784905739.585631,engine_on_counter,0,0
1784905739.585631,engine_off_counter,23,23
1784905739.585680,wheel_speed_rear,0.0,0
1784905739.585680,wheel_speed_front,0.0,0
1784905739.585680,rear_speed_band,0.0,0
1784905739.593415,engine_torque,166,166
1784905739.593415,shift_cut_active,off,0
1784905739.593415,shift_blip_active,off,0
1784905739.597488,gear_position,N,0
1784905739.597488,clutch,RELEASED,0
1784905739.597488,shift_failed,OK,0
1784905739.601070,rpm,0,0
1784905739.601070,throttle_position,0,0
1784905739.610625,kill_switch,RUN,1
1784905739.610625,time_bin_541_d3,0,0
1784905739.610625,engine_on_counter,0,0
1784905739.610625,engine_off_counter,23,23
1784905739.610682,wheel_speed_rear,0.0,0
1784905739.610682,wheel_speed_front,0.0,0
1784905739.610682,rear_speed_band,0.0,0
1784905739.621718,wheel_speed_rear,0.0,0
1784905739.621718,wheel_speed_front,0.0,0
1784905739.621718,rear_speed_band,0.0,0
1784905739.621764,engine_torque,166,166
1784905739.621764,shift_cut_active,off,0
1784905739.621764,shift_blip_active,off,0
1784905739.621802,gear_position,N,0
1784905739.621802,clutch,RELEASED,0
1784905739.621802,shift_failed,OK,0
1784905739.632585,wheel_speed_rear,0.0,0
1784905739.632585,wheel_speed_front,0.0,0
1784905739.632585,rear_speed_band,0.0,0
1784905739.636658,wheel_speed_rear,0.0,0
1784905739.636658,wheel_speed_front,0.0,0
1784905739.636658,rear_speed_band,0.0,0
1784905739.636709,engine_torque,166,166
1784905739.636709,shift_cut_active,off,0
1784905739.636709,shift_blip_active,off,0
1784905739.641261,rpm,0,0
1784905739.641261,throttle_position,0,0
1784905739.650527,wheel_speed_rear,0.0,0
1784905739.650527,wheel_speed_front,0.0,0
1784905739.650527,rear_speed_band,0.0,0
1784905739.659602,engine_torque,166,166
1784905739.659602,shift_cut_active,off,0
1784905739.659602,shift_blip_active,off,0
1784905739.663958,gear_position,N,0
1784905739.663958,clutch,RELEASED,0
1784905739.663958,shift_failed,OK,0
1784905739.670389,rpm,0,0
1784905739.670389,throttle_position,0,0
1784905739.670455,kill_switch,RUN,1
1784905739.670455,time_bin_541_d3,0,0
1784905739.670455,engine_on_counter,0,0
1784905739.670455,engine_off_counter,23,23
1784905739.675806,wheel_speed_rear,0.0,0
1784905739.675806,wheel_speed_front,0.0,0
1784905739.675806,rear_speed_band,0.0,0
1784905739.690219,engine_torque,166,166
1784905739.690219,shift_cut_active,off,0
1784905739.690219,shift_blip_active,off,0
1784905739.690282,gear_position,N,0
1784905739.690282,clutch,RELEASED,0
1784905739.690282,shift_failed,OK,0
1784905739.694933,rpm,0,0
1784905739.694933,throttle_position,0,0
1784905739.706041,wheel_speed_rear,0.0,0
1784905739.706041,wheel_speed_front,0.0,0
1784905739.706041,rear_speed_band,0.0,0
1784905739.706111,engine_torque,166,166
1784905739.706111,shift_cut_active,off,0
1784905739.706111,shift_blip_active,off,0
1784905739.706146,gear_position,N,0
1784905739.706146,clutch,RELEASED,0
1784905739.706146,shift_failed,OK,0
1784905739.706187,rpm,0,0
1784905739.706187,throttle_position,0,0
1784905739.710587,kill_switch,RUN,1
1784905739.710587,time_bin_541_d3,0,0
1784905739.710587,engine_on_counter,0,0
1784905739.710587,engine_off_counter,23,23
1784905739.715314,wheel_speed_rear,0.0,0
1784905739.715314,wheel_speed_front,0.0,0
1784905739.715314,rear_speed_band,0.0,0
1784905739.725675,wheel_speed_rear,0.0,0
1784905739.725675,wheel_speed_front,0.0,0
1784905739.725675,rear_speed_band,0.0,0
1784905739.725706,engine_torque,166,166
1784905739.725706,shift_cut_active,off,0
1784905739.725706,shift_blip_active,off,0
1784905739.725739,gear_position,N,0
1784905739.725739,clutch,RELEASED,0
1784905739.725739,shift_failed,OK,0
1784905739.736433,rpm,0,0
1784905739.736433,throttle_position,0,0
1784905739.741333,wheel_speed_rear,0.0,0
1784905739.741333,wheel_speed_front,0.0,0
1784905739.741333,rear_speed_band,0.0,0
1784905739.752230,signal_12a_d1_bit2,1,1
1784905739.752230,abs_lamp,LIT,1
1784905739.752357,engine_torque,166,166
1784905739.752357,shift_cut_active,off,0
1784905739.752357,shift_blip_active,off,0
1784905739.752391,gear_position,N,0
1784905739.752391,clutch,RELEASED,0
1784905739.752391,shift_failed,OK,0
1784905739.758234,coolant_temp,23.700000000000003,237
1784905739.758234,fuel_injection_setpoint,0,0
1784905739.758234,side_stand,DOWN,0
1784905739.758294,wheel_speed_rear,0.0,0
1784905739.758294,wheel_speed_front,0.0,0
1784905739.758294,rear_speed_band,0.0,0
1784905739.762423,engine_torque,166,166
1784905739.762423,shift_cut_active,off,0
1784905739.762423,shift_blip_active,off,0
1784905739.778752,gear_position,N,0
1784905739.778752,clutch,RELEASED,0
1784905739.778752,shift_failed,OK,0
1784905739.778819,kill_switch,RUN,1
1784905739.778819,time_bin_541_d3,0,0
1784905739.778819,engine_on_counter,0,0
1784905739.778819,engine_off_counter,23,23
1784905739.786052,wheel_speed_rear,0.0,0
1784905739.786052,wheel_speed_front,0.0,0
1784905739.786052,rear_speed_band,0.0,0
1784905739.796999,wheel_speed_rear,0.0,0
1784905739.796999,wheel_speed_front,0.0,0
1784905739.796999,rear_speed_band,0.0,0
1784905739.805366,engine_torque,166,166
1784905739.805366,shift_cut_active,off,0
1784905739.805366,shift_blip_active,off,0
1784905739.810867,gear_position,N,0
1784905739.810867,clutch,RELEASED,0
1784905739.810867,shift_failed,OK,0
1784905739.815503,rpm,0,0
1784905739.815503,throttle_position,0,0
1784905739.815575,kill_switch,RUN,1
1784905739.815575,time_bin_541_d3,0,0
1784905739.815575,engine_on_counter,0,0
1784905739.815575,engine_off_counter,23,23
1784905739.826471,wheel_speed_rear,0.0,0
1784905739.826471,wheel_speed_front,0.0,0
1784905739.826471,rear_speed_band,0.0,0
1784905739.831525,signal_12a_d1_bit2,1,1
1784905739.831525,abs_lamp,LIT,1
1784905739.831601,wheel_speed_rear,0.0,0
1784905739.831601,wheel_speed_front,0.0,0
1784905739.831601,rear_speed_band,0.0,0
1784905739.835954,engine_torque,166,166
1784905739.835954,shift_cut_active,off,0
1784905739.835954,shift_blip_active,off,0
1784905739.840285,gear_position,N,0
1784905739.840285,clutch,RELEASED,0
1784905739.840285,shift_failed,OK,0
1784905739.846379,rpm,0,0
1784905739.846379,throttle_position,0,0
1784905739.850859,kill_switch,RUN,1
1784905739.850859,time_bin_541_d3,0,0
1784905739.850859,engine_on_counter,0,0
1784905739.850859,engine_off_counter,23,23
1784905739.850918,wheel_speed_rear,0.0,0
1784905739.850918,wheel_speed_front,0.0,0
1784905739.850918,rear_speed_band,0.0,0
1784905739.870251,wheel_speed_rear,0.0,0
1784905739.870251,wheel_speed_front,0.0,0
1784905739.870251,rear_speed_band,0.0,0
1784905739.875036,engine_torque,166,166
1784905739.875036,shift_cut_active,off,0
1784905739.875036,shift_blip_active,off,0
1784905739.875096,gear_position,N,0
1784905739.875096,clutch,RELEASED,0
1784905739.875096,shift_failed,OK,0
1784905739.882515,wheel_speed_rear,0.0,0
1784905739.882515,wheel_speed_front,0.0,0
1784905739.882515,rear_speed_band,0.0,0
1784905739.886300,wheel_speed_rear,0.0,0
1784905739.886300,wheel_speed_front,0.0,0
1784905739.886300,rear_speed_band,0.0,0
1784905739.886359,signal_12a_d1_bit2,1,1
1784905739.886359,abs_lamp,LIT,1
1784905739.886398,rpm,0,0
1784905739.886398,throttle_position,0,0
1784905739.886442,wheel_speed_rear,0.0,0
1784905739.886442,wheel_speed_front,0.0,0
1784905739.886442,rear_speed_band,0.0,0
1784905739.886479,engine_torque,166,166
1784905739.886479,shift_cut_active,off,0
1784905739.886479,shift_blip_active,off,0
1784905739.896411,gear_position,N,0
1784905739.896411,clutch,RELEASED,0
1784905739.896411,shift_failed,OK,0
1784905739.900933,rpm,0,0
1784905739.900933,throttle_position,0,0
1784905739.911478,wheel_speed_rear,0.0,0
1784905739.911478,wheel_speed_front,0.0,0
1784905739.911478,rear_speed_band,0.0,0
1784905739.915362,wheel_speed_rear,0.0,0
1784905739.915362,wheel_speed_front,0.0,0
1784905739.915362,rear_speed_band,0.0,0
1784905739.915398,engine_torque,166,166
1784905739.915398,shift_cut_active,off,0
1784905739.915398,shift_blip_active,off,0
1784905739.928696,gear_position,N,0
1784905739.928696,clutch,RELEASED,0
1784905739.928696,shift_failed,OK,0
1784905739.932519,rpm,0,0
1784905739.932519,throttle_position,0,0
1784905739.932571,wheel_speed_rear,0.0,0
1784905739.932571,wheel_speed_front,0.0,0
1784905739.932571,rear_speed_band,0.0,0
1784905739.932609,rpm,0,0
1784905739.932609,throttle_position,0,0
1784905739.932681,wheel_speed_rear,0.0,0
1784905739.932681,wheel_speed_front,0.0,0
1784905739.932681,rear_speed_band,0.0,0
1784905739.932713,engine_torque,166,166
1784905739.932713,shift_cut_active,off,0
1784905739.932713,shift_blip_active,off,0
1784905739.932747,gear_position,N,0
1784905739.932747,clutch,RELEASED,0
1784905739.932747,shift_failed,OK,0
1784905739.932782,wheel_speed_rear,0.0,0
1784905739.932782,wheel_speed_front,0.0,0
1784905739.932782,rear_speed_band,0.0,0
1784905739.938450,signal_12a_d1_bit2,1,1
1784905739.938450,abs_lamp,LIT,1
1784905739.942403,coolant_temp,23.700000000000003,237
1784905739.942403,fuel_injection_setpoint,0,0
1784905739.942403,side_stand,DOWN,0
1784905739.950827,wheel_speed_rear,0.0,0
1784905739.950827,wheel_speed_front,0.0,0
1784905739.950827,rear_speed_band,0.0,0
1784905739.956553,engine_torque,166,166
1784905739.956553,shift_cut_active,off,0
1784905739.956553,shift_blip_active,off,0
1784905739.964976,gear_position,N,0
1784905739.964976,clutch,RELEASED,0
1784905739.964976,shift_failed,OK,0
1784905739.965044,rpm,0,0
1784905739.965044,throttle_position,0,0
1784905739.965079,kill_switch,RUN,1
1784905739.965079,time_bin_541_d3,0,0
1784905739.965079,engine_on_counter,0,0
1784905739.965079,engine_off_counter,23,23
1784905739.982496,wheel_speed_rear,0.0,0
1784905739.982496,wheel_speed_front,0.0,0
1784905739.982496,rear_speed_band,0.0,0
1784905739.988050,wheel_speed_rear,0.0,0
1784905739.988050,wheel_speed_front,0.0,0
1784905739.988050,rear_speed_band,0.0,0
1784905739.992317,engine_torque,166,166
1784905739.992317,shift_cut_active,off,0
1784905739.992317,shift_blip_active,off,0
1784905739.992407,gear_position,N,0
1784905739.992407,clutch,RELEASED,0
1784905739.992407,shift_failed,OK,0
1784905739.992453,rpm,0,0
1784905739.992453,throttle_position,0,0
1784905740.002705,kill_switch,RUN,1
1784905740.002705,time_bin_541_d3,0,0
1784905740.002705,engine_on_counter,0,0
1784905740.002705,engine_off_counter,23,23
1784905740.006578,wheel_speed_rear,0.0,0
1784905740.006578,wheel_speed_front,0.0,0
1784905740.006578,rear_speed_band,0.0,0
1784905740.011936,wheel_speed_rear,0.0,0
1784905740.011936,wheel_speed_front,0.0,0
1784905740.011936,rear_speed_band,0.0,0
1784905740.016064,engine_torque,166,166
1784905740.016064,shift_cut_active,off,0
1784905740.016064,shift_blip_active,off,0
1784905740.016148,gear_position,N,0
1784905740.016148,clutch,RELEASED,0
1784905740.016148,shift_failed,OK,0
1784905740.020606,rpm,0,0
1784905740.020606,throttle_position,0,0
1784905740.032602,kill_switch,RUN,1
1784905740.032602,time_bin_541_d3,0,0
1784905740.032602,engine_on_counter,0,0
1784905740.032602,engine_off_counter,23,23
1784905740.036313,wheel_speed_rear,0.0,0
1784905740.036313,wheel_speed_front,0.0,0
1784905740.036313,rear_speed_band,0.0,0
1784905740.036402,wheel_speed_rear,0.0,0
1784905740.036402,wheel_speed_front,0.0,0
1784905740.036402,rear_speed_band,0.0,0
1784905740.036457,kill_switch,RUN,1
1784905740.036457,time_bin_541_d3,0,0
1784905740.036457,engine_on_counter,0,0
1784905740.036457,engine_off_counter,23,23
1784905740.036494,wheel_speed_rear,0.0,0
1784905740.036494,wheel_speed_front,0.0,0
1784905740.036494,rear_speed_band,0.0,0
1784905740.041524,engine_torque,166,166
1784905740.041524,shift_cut_active,off,0
1784905740.041524,shift_blip_active,off,0
1784905740.049737,wheel_speed_rear,0.0,0
1784905740.049737,wheel_speed_front,0.0,0
1784905740.049737,rear_speed_band,0.0,0
1784905740.053940,wheel_speed_rear,0.0,0
1784905740.053940,wheel_speed_front,0.0,0
1784905740.053940,rear_speed_band,0.0,0
1784905740.058277,engine_torque,166,166
1784905740.058277,shift_cut_active,off,0
1784905740.058277,shift_blip_active,off,0
1784905740.069636,gear_position,N,0
1784905740.069636,clutch,RELEASED,0
1784905740.069636,shift_failed,OK,0
1784905740.077471,rpm,0,0
1784905740.077471,throttle_position,0,0
1784905740.086447,wheel_speed_rear,0.0,0
1784905740.086447,wheel_speed_front,0.0,0
1784905740.086447,rear_speed_band,0.0,0
1784905740.086524,engine_torque,166,166
1784905740.086524,shift_cut_active,off,0
1784905740.086524,shift_blip_active,off,0
1784905740.096310,gear_position,N,0
1784905740.096310,clutch,RELEASED,0
1784905740.096310,shift_failed,OK,0
1784905740.100542,rpm,0,0
1784905740.100542,throttle_position,0,0
1784905740.110134,kill_switch,RUN,1
1784905740.110134,time_bin_541_d3,0,0
1784905740.110134,engine_on_counter,0,0
1784905740.110134,engine_off_counter,24,24
1784905740.113710,wheel_speed_rear,0.0,0
1784905740.113710,wheel_speed_front,0.0,0
1784905740.113710,rear_speed_band,0.0,0
1784905740.123835,wheel_speed_rear,0.0,0
1784905740.123835,wheel_speed_front,0.0,0
1784905740.123835,rear_speed_band,0.0,0
1784905740.136498,engine_torque,166,166
1784905740.136498,shift_cut_active,off,0
1784905740.136498,shift_blip_active,off,0
1784905740.136587,gear_position,N,0
1784905740.136587,clutch,RELEASED,0
1784905740.136587,shift_failed,OK,0
1784905740.136625,rpm,0,0
1784905740.136625,throttle_position,0,0
1784905740.136660,kill_switch,RUN,1
1784905740.136660,time_bin_541_d3,0,0
1784905740.136660,engine_on_counter,0,0
1784905740.136660,engine_off_counter,24,24
1784905740.136723,wheel_speed_rear,0.0,0
1784905740.136723,wheel_speed_front,0.0,0
1784905740.136723,rear_speed_band,0.0,0
1784905740.136758,engine_torque,166,166
1784905740.136758,shift_cut_active,off,0
1784905740.136758,shift_blip_active,off,0
1784905740.140356,rpm,0,0
1784905740.140356,throttle_position,0,0
1784905740.148923,wheel_speed_rear,0.0,0
1784905740.148923,wheel_speed_front,0.0,0
1784905740.148923,rear_speed_band,0.0,0
1784905740.153458,signal_12a_d1_bit2,1,1
1784905740.153458,abs_lamp,LIT,1
1784905740.153519,engine_torque,166,166
1784905740.153519,shift_cut_active,off,0
1784905740.153519,shift_blip_active,off,0
1784905740.157466,gear_position,N,0
1784905740.157466,clutch,RELEASED,0
1784905740.157466,shift_failed,OK,0
1784905740.167572,coolant_temp,23.700000000000003,237
1784905740.167572,fuel_injection_setpoint,0,0
1784905740.167572,side_stand,DOWN,0
1784905740.176810,wheel_speed_rear,0.0,0
1784905740.176810,wheel_speed_front,0.0,0
1784905740.176810,rear_speed_band,0.0,0
1784905740.186768,wheel_speed_rear,0.0,0
1784905740.186768,wheel_speed_front,0.0,0
1784905740.186768,rear_speed_band,0.0,0
1784905740.191155,engine_torque,166,166
1784905740.191155,shift_cut_active,off,0
1784905740.191155,shift_blip_active,off,0
1784905740.195944,gear_position,N,0
1784905740.195944,clutch,RELEASED,0
1784905740.195944,shift_failed,OK,0
1784905740.200652,rpm,0,0
1784905740.200652,throttle_position,0,0
1784905740.211836,kill_switch,RUN,1
1784905740.211836,time_bin_541_d3,0,0
1784905740.211836,engine_on_counter,0,0
1784905740.211836,engine_off_counter,24,24
1784905740.211933,wheel_speed_rear,0.0,0
1784905740.211933,wheel_speed_front,0.0,0
1784905740.211933,rear_speed_band,0.0,0
1784905740.211972,engine_torque,166,166
1784905740.211972,shift_cut_active,off,0
1784905740.211972,shift_blip_active,off,0
1784905740.212007,gear_position,N,0
1784905740.212007,clutch,RELEASED,0
1784905740.212007,shift_failed,OK,0
1784905740.216882,rpm,0,0
1784905740.216882,throttle_position,0,0
1784905740.223595,kill_switch,RUN,1
1784905740.223595,time_bin_541_d3,0,0
1784905740.223595,engine_on_counter,0,0
1784905740.223595,engine_off_counter,24,24
1784905740.226958,wheel_speed_rear,0.0,0
1784905740.226958,wheel_speed_front,0.0,0
1784905740.226958,rear_speed_band,0.0,0
1784905740.231474,signal_12a_d1_bit2,1,1
1784905740.231474,abs_lamp,LIT,1
1784905740.238165,wheel_speed_rear,0.0,0
1784905740.238165,wheel_speed_front,0.0,0
1784905740.238165,rear_speed_band,0.0,0
1784905740.238222,engine_torque,166,166
1784905740.238222,shift_cut_active,off,0
1784905740.238222,shift_blip_active,off,0
1784905740.238257,gear_position,N,0
1784905740.238257,clutch,RELEASED,0
1784905740.238257,shift_failed,OK,0
1784905740.238296,wheel_speed_rear,0.0,0
1784905740.238296,wheel_speed_front,0.0,0
1784905740.238296,rear_speed_band,0.0,0
1784905740.238364,wheel_speed_rear,0.0,0
1784905740.238364,wheel_speed_front,0.0,0
1784905740.238364,rear_speed_band,0.0,0
1784905740.246766,engine_torque,166,166
1784905740.246766,shift_cut_active,off,0
1784905740.246766,shift_blip_active,off,0
1784905740.251099,kill_switch,RUN,1
1784905740.251099,time_bin_541_d3,0,0
1784905740.251099,engine_on_counter,0,0
1784905740.251099,engine_off_counter,24,24
1784905740.261521,wheel_speed_rear,0.0,0
1784905740.261521,wheel_speed_front,0.0,0
1784905740.261521,rear_speed_band,0.0,0
1784905740.265239,signal_12a_d1_bit2,1,1
1784905740.265239,abs_lamp,LIT,1
1784905740.265284,engine_torque,166,166
1784905740.265284,shift_cut_active,off,0
1784905740.265284,shift_blip_active,off,0
1784905740.270440,gear_position,N,0
1784905740.270440,clutch,RELEASED,0
1784905740.270440,shift_failed,OK,0
1784905740.281365,wheel_speed_rear,0.0,0
1784905740.281365,wheel_speed_front,0.0,0
1784905740.281365,rear_speed_band,0.0,0
1784905740.281400,engine_torque,166,166
1784905740.281400,shift_cut_active,off,0
1784905740.281400,shift_blip_active,off,0
1784905740.286027,gear_position,N,0
1784905740.286027,clutch,RELEASED,0
1784905740.286027,shift_failed,OK,0
1784905740.294725,rpm,0,0
1784905740.294725,throttle_position,0,0
1784905740.294799,wheel_speed_rear,0.0,0
1784905740.294799,wheel_speed_front,0.0,0
1784905740.294799,rear_speed_band,0.0,0
1784905740.294848,wheel_speed_rear,0.0,0
1784905740.294848,wheel_speed_front,0.0,0
1784905740.294848,rear_speed_band,0.0,0
1784905740.298726,engine_torque,166,166
1784905740.298726,shift_cut_active,off,0
1784905740.298726,shift_blip_active,off,0
1784905740.298766,gear_position,N,0
1784905740.298766,clutch,RELEASED,0
1784905740.298766,shift_failed,OK,0
1784905740.298801,rpm,0,0
1784905740.298801,throttle_position,0,0
1784905740.298856,kill_switch,RUN,1
1784905740.298856,time_bin_541_d3,0,0
1784905740.298856,engine_on_counter,0,0
1784905740.298856,engine_off_counter,24,24
1784905740.298894,wheel_speed_rear,0.0,0
1784905740.298894,wheel_speed_front,0.0,0
1784905740.298894,rear_speed_band,0.0,0
1784905740.298928,wheel_speed_rear,0.0,0
1784905740.298928,wheel_speed_front,0.0,0
1784905740.298928,rear_speed_band,0.0,0
1784905740.309640,engine_torque,166,166
1784905740.309640,shift_cut_active,off,0
1784905740.309640,shift_blip_active,off,0
1784905740.309783,gear_position,N,0
1784905740.309783,clutch,RELEASED,0
1784905740.309783,shift_failed,OK,0
1784905740.313590,kill_switch,RUN,1
1784905740.313590,time_bin_541_d3,0,0
1784905740.313590,engine_on_counter,0,0
1784905740.313590,engine_off_counter,24,24
1784905740.319786,wheel_speed_rear,0.0,0
1784905740.319786,wheel_speed_front,0.0,0
1784905740.319786,rear_speed_band,0.0,0
1784905740.324790,signal_12a_d1_bit2,1,1
1784905740.324790,abs_lamp,LIT,1
1784905740.324938,engine_torque,166,166
1784905740.324938,shift_cut_active,off,0
1784905740.324938,shift_blip_active,off,0
1784905740.327810,gear_position,N,0
1784905740.327810,clutch,RELEASED,0
1784905740.327810,shift_failed,OK,0
1784905740.331509,wheel_speed_rear,0.0,0
1784905740.331509,wheel_speed_front,0.0,0
1784905740.331509,rear_speed_band,0.0,0
1784905740.339358,wheel_speed_rear,0.0,0
1784905740.339358,wheel_speed_front,0.0,0
1784905740.339358,rear_speed_band,0.0,0
1784905740.344475,wheel_speed_rear,0.0,0
1784905740.344475,wheel_speed_front,0.0,0
1784905740.344475,rear_speed_band,0.0,0
1784905740.344617,wheel_speed_rear,0.0,0
1784905740.344617,wheel_speed_front,0.0,0
1784905740.344617,rear_speed_band,0.0,0
1784905740.344709,engine_torque,166,166
1784905740.344709,shift_cut_active,off,0
1784905740.344709,shift_blip_active,off,0
1784905740.344792,gear_position,N,0
1784905740.344792,clutch,RELEASED,0
1784905740.344792,shift_failed,OK,0
1784905740.344872,rpm,0,0
1784905740.344872,throttle_position,0,0
1784905740.348249,kill_switch,RUN,1
1784905740.348249,time_bin_541_d3,0,0
1784905740.348249,engine_on_counter,0,0
1784905740.348249,engine_off_counter,24,24
1784905740.348300,wheel_speed_rear,0.0,0
1784905740.348300,wheel_speed_front,0.0,0
1784905740.348300,rear_speed_band,0.0,0
1784905740.362905,signal_12a_d1_bit2,1,1
1784905740.362905,abs_lamp,LIT,1
1784905740.371381,wheel_speed_rear,0.0,0
1784905740.371381,wheel_speed_front,0.0,0
1784905740.371381,rear_speed_band,0.0,0
1784905740.381476,engine_torque,166,166
1784905740.381476,shift_cut_active,off,0
1784905740.381476,shift_blip_active,off,0
1784905740.392106,gear_position,N,0
1784905740.392106,clutch,RELEASED,0
1784905740.392106,shift_failed,OK,0
1784905740.397938,rpm,0,0
1784905740.397938,throttle_position,0,0
1784905740.398020,wheel_speed_rear,0.0,0
1784905740.398020,wheel_speed_front,0.0,0
1784905740.398020,rear_speed_band,0.0,0
1784905740.403115,engine_torque,166,166
1784905740.403115,shift_cut_active,off,0
1784905740.403115,shift_blip_active,off,0
1784905740.403236,wheel_speed_rear,0.0,0
1784905740.403236,wheel_speed_front,0.0,0
1784905740.403236,rear_speed_band,0.0,0
1784905740.403325,signal_12a_d1_bit2,1,1
1784905740.403325,abs_lamp,LIT,1
1784905740.407397,engine_torque,166,166
1784905740.407397,shift_cut_active,off,0
1784905740.407397,shift_blip_active,off,0
1784905740.416718,gear_position,N,0
1784905740.416718,clutch,RELEASED,0
1784905740.416718,shift_failed,OK,0
1784905740.420603,wheel_speed_rear,0.0,0
1784905740.420603,wheel_speed_front,0.0,0
1784905740.420603,rear_speed_band,0.0,0
1784905740.425482,engine_torque,166,166
1784905740.425482,shift_cut_active,off,0
1784905740.425482,shift_blip_active,off,0
1784905740.433754,gear_position,N,0
1784905740.433754,clutch,RELEASED,0
1784905740.433754,shift_failed,OK,0
1784905740.445361,rpm,0,0
1784905740.445361,throttle_position,0,0
1784905740.445497,kill_switch,RUN,1
1784905740.445497,time_bin_541_d3,0,0
1784905740.445497,engine_on_counter,0,0
1784905740.445497,engine_off_counter,24,24
1784905740.445581,wheel_speed_rear,0.0,0
1784905740.445581,wheel_speed_front,0.0,0
1784905740.445581,rear_speed_band,0.0,0
1784905740.450383,wheel_speed_rear,0.0,0
1784905740.450383,wheel_speed_front,0.0,0
1784905740.450383,rear_speed_band,0.0,0
1784905740.456559,engine_torque,166,166
1784905740.456559,shift_cut_active,off,0
1784905740.456559,shift_blip_active,off,0
1784905740.459206,gear_position,N,0
1784905740.459206,clutch,RELEASED,0
1784905740.459206,shift_failed,OK,0
1784905740.467670,rpm,0,0
1784905740.467670,throttle_position,0,0
1784905740.472094,kill_switch,RUN,1
1784905740.472094,time_bin_541_d3,0,0
1784905740.472094,engine_on_counter,0,0
1784905740.472094,engine_off_counter,24,24
1784905740.477850,wheel_speed_rear,0.0,0
1784905740.477850,wheel_speed_front,0.0,0
1784905740.477850,rear_speed_band,0.0,0
1784905740.486372,signal_12a_d1_bit2,1,1
1784905740.486372,abs_lamp,LIT,1
1784905740.503111,wheel_speed_rear,0.0,0
1784905740.503111,wheel_speed_front,0.0,0
1784905740.503111,rear_speed_band,0.0,0
1784905740.506979,engine_torque,166,166
1784905740.506979,shift_cut_active,off,0
1784905740.506979,shift_blip_active,off,0
1784905740.507037,gear_position,N,0
1784905740.507037,clutch,RELEASED,0
1784905740.507037,shift_failed,OK,0
1784905740.507072,wheel_speed_rear,0.0,0
1784905740.507072,wheel_speed_front,0.0,0
1784905740.507072,rear_speed_band,0.0,0
1784905740.521036,wheel_speed_rear,0.0,0
1784905740.521036,wheel_speed_front,0.0,0
1784905740.521036,rear_speed_band,0.0,0
1784905740.529473,engine_torque,166,166
1784905740.529473,shift_cut_active,off,0
1784905740.529473,shift_blip_active,off,0
1784905740.533702,gear_position,N,0
1784905740.533702,clutch,RELEASED,0
1784905740.533702,shift_failed,OK,0
1784905740.546277,wheel_speed_rear,0.0,0
1784905740.546277,wheel_speed_front,0.0,0
1784905740.546277,rear_speed_band,0.0,0
1784905740.546407,wheel_speed_rear,0.0,0
1784905740.546407,wheel_speed_front,0.0,0
1784905740.546407,rear_speed_band,0.0,0
1784905740.546456,signal_12a_d1_bit2,1,1
1784905740.546456,abs_lamp,LIT,1
1784905740.546504,engine_torque,166,166
1784905740.546504,shift_cut_active,off,0
1784905740.546504,shift_blip_active,off,0
1784905740.551427,gear_position,N,0
1784905740.551427,clutch,RELEASED,0
1784905740.551427,shift_failed,OK,0
1784905740.555222,coolant_temp,23.700000000000003,237
1784905740.555222,fuel_injection_setpoint,0,0
1784905740.555222,side_stand,DOWN,0
1784905740.569167,rpm,0,0
1784905740.569167,throttle_position,0,0
1784905740.569275,kill_switch,RUN,1
1784905740.569275,time_bin_541_d3,0,0
1784905740.569275,engine_on_counter,0,0
1784905740.569275,engine_off_counter,24,24
1784905740.578517,wheel_speed_rear,0.0,0
1784905740.578517,wheel_speed_front,0.0,0
1784905740.578517,rear_speed_band,0.0,0
1784905740.587586,wheel_speed_rear,0.0,0
1784905740.587586,wheel_speed_front,0.0,0
1784905740.587586,rear_speed_band,0.0,0
1784905740.587643,engine_torque,166,166
1784905740.587643,shift_cut_active,off,0
1784905740.587643,shift_blip_active,off,0
1784905740.592817,gear_position,N,0
1784905740.592817,clutch,RELEASED,0
1784905740.592817,shift_failed,OK,0
1784905740.598221,rpm,0,0
1784905740.598221,throttle_position,0,0
1784905740.598284,kill_switch,RUN,1
1784905740.598284,time_bin_541_d3,0,0
1784905740.598284,engine_on_counter,0,0
1784905740.598284,engine_off_counter,24,24
1784905740.603788,wheel_speed_rear,0.0,0
1784905740.603788,wheel_speed_front,0.0,0
1784905740.603788,rear_speed_band,0.0,0
1784905740.607988,wheel_speed_rear,0.0,0
1784905740.607988,wheel_speed_front,0.0,0
1784905740.607988,rear_speed_band,0.0,0
1784905740.617228,engine_torque,166,166
1784905740.617228,shift_cut_active,off,0
1784905740.617228,shift_blip_active,off,0
1784905740.623363,gear_position,N,0
1784905740.623363,clutch,RELEASED,0
1784905740.623363,shift_failed,OK,0
1784905740.627939,rpm,0,0
1784905740.627939,throttle_position,0,0
1784905740.628008,wheel_speed_rear,0.0,0
1784905740.628008,wheel_speed_front,0.0,0
1784905740.628008,rear_speed_band,0.0,0
1784905740.638222,signal_12a_d1_bit2,1,1
1784905740.638222,abs_lamp,LIT,1
1784905740.649702,wheel_speed_rear,0.0,0
1784905740.649702,wheel_speed_front,0.0,0
1784905740.649702,rear_speed_band,0.0,0
1784905740.649797,engine_torque,166,166
1784905740.649797,shift_cut_active,off,0
1784905740.649797,shift_blip_active,off,0
1784905740.649845,gear_position,N,0
1784905740.649845,clutch,RELEASED,0
1784905740.649845,shift_failed,OK,0
1784905740.649882,rpm,0,0
1784905740.649882,throttle_position,0,0
1784905740.649917,wheel_speed_rear,0.0,0
1784905740.649917,wheel_speed_front,0.0,0
1784905740.649917,rear_speed_band,0.0,0
1784905740.654055,wheel_speed_rear,0.0,0
1784905740.654055,wheel_speed_front,0.0,0
1784905740.654055,rear_speed_band,0.0,0
1784905740.658054,wheel_speed_rear,0.0,0
1784905740.658054,wheel_speed_front,0.0,0
1784905740.658054,rear_speed_band,0.0,0
1784905740.662311,wheel_speed_rear,0.0,0
1784905740.662311,wheel_speed_front,0.0,0
1784905740.662311,rear_speed_band,0.0,0
1784905740.671850,engine_torque,166,166
1784905740.671850,shift_cut_active,off,0
1784905740.671850,shift_blip_active,off,0
1784905740.683079,gear_position,N,0
1784905740.683079,clutch,RELEASED,0
1784905740.683079,shift_failed,OK,0
1784905740.693962,coolant_temp,23.700000000000003,237
1784905740.693962,fuel_injection_setpoint,0,0
1784905740.693962,side_stand,DOWN,0
1784905740.706675,wheel_speed_rear,0.0,0
1784905740.706675,wheel_speed_front,0.0,0
1784905740.706675,rear_speed_band,0.0,0
1784905740.706813,wheel_speed_rear,0.0,0
1784905740.706813,wheel_speed_front,0.0,0
1784905740.706813,rear_speed_band,0.0,0
1784905740.711375,engine_torque,166,166
1784905740.711375,shift_cut_active,off,0
1784905740.711375,shift_blip_active,off,0
1784905740.715948,gear_position,N,0
1784905740.715948,clutch,RELEASED,0
1784905740.715948,shift_failed,OK,0
1784905740.719486,kill_switch,RUN,1
1784905740.719486,time_bin_541_d3,0,0
1784905740.719486,engine_on_counter,0,0
1784905740.719486,engine_off_counter,24,24
1784905740.723842,wheel_speed_rear,0.0,0
1784905740.723842,wheel_speed_front,0.0,0
1784905740.723842,rear_speed_band,0.0,0
1784905740.727565,engine_torque,166,166
1784905740.727565,shift_cut_active,off,0
1784905740.727565,shift_blip_active,off,0
1784905740.736399,wheel_speed_rear,0.0,0
1784905740.736399,wheel_speed_front,0.0,0
1784905740.736399,rear_speed_band,0.0,0
1784905740.747953,wheel_speed_rear,0.0,0
1784905740.747953,wheel_speed_front,0.0,0
1784905740.747953,rear_speed_band,0.0,0
1784905740.751786,engine_torque,166,166
1784905740.751786,shift_cut_active,off,0
1784905740.751786,shift_blip_active,off,0
1784905740.751857,gear_position,N,0
1784905740.751857,clutch,RELEASED,0
1784905740.751857,shift_failed,OK,0
1784905740.751905,rpm,0,0
1784905740.751905,throttle_position,0,0
1784905740.757071,kill_switch,RUN,1
1784905740.757071,time_bin_541_d3,0,0
1784905740.757071,engine_on_counter,0,0
1784905740.757071,engine_off_counter,24,24
1784905740.765403,wheel_speed_rear,0.0,0
1784905740.765403,wheel_speed_front,0.0,0
1784905740.765403,rear_speed_band,0.0,0
1784905740.784674,engine_torque,166,166
1784905740.784674,shift_cut_active,off,0
1784905740.784674,shift_blip_active,off,0
1784905740.784751,wheel_speed_rear,0.0,0
1784905740.784751,wheel_speed_front,0.0,0
1784905740.784751,rear_speed_band,0.0,0
1784905740.784788,wheel_speed_rear,0.0,0
1784905740.784788,wheel_speed_front,0.0,0
1784905740.784788,rear_speed_band,0.0,0
1784905740.784921,signal_12a_d1_bit2,1,1
1784905740.784921,abs_lamp,LIT,1
1784905740.790374,kill_switch,RUN,1
1784905740.790374,time_bin_541_d3,0,0
1784905740.790374,engine_on_counter,0,0
1784905740.790374,engine_off_counter,24,24
1784905740.790470,wheel_speed_rear,0.0,0
1784905740.790470,wheel_speed_front,0.0,0
1784905740.790470,rear_speed_band,0.0,0
1784905740.794561,engine_torque,166,166
1784905740.794561,shift_cut_active,off,0
1784905740.794561,shift_blip_active,off,0
1784905740.799243,gear_position,N,0
1784905740.799243,clutch,RELEASED,0
1784905740.799243,shift_failed,OK,0
1784905740.805770,rpm,0,0
1784905740.805770,throttle_position,0,0
1784905740.805862,wheel_speed_rear,0.0,0
1784905740.805862,wheel_speed_front,0.0,0
1784905740.805862,rear_speed_band,0.0,0
1784905740.805993,engine_torque,166,166
1784905740.805993,shift_cut_active,off,0
1784905740.805993,shift_blip_active,off,0
1784905740.810499,rpm,0,0
1784905740.810499,throttle_position,0,0
1784905740.814661,signal_12a_d1_bit2,1,1
1784905740.814661,abs_lamp,LIT,1
1784905740.824410,wheel_speed_rear,0.0,0
1784905740.824410,wheel_speed_front,0.0,0
1784905740.824410,rear_speed_band,0.0,0
1784905740.832835,engine_torque,166,166
1784905740.832835,shift_cut_active,off,0
1784905740.832835,shift_blip_active,off,0
1784905740.838358,gear_position,N,0
1784905740.838358,clutch,RELEASED,0
1784905740.838358,shift_failed,OK,0
1784905740.850523,rpm,0,0
1784905740.850523,throttle_position,0,0
1784905740.850615,kill_switch,RUN,1
1784905740.850615,time_bin_541_d3,0,0
1784905740.850615,engine_on_counter,0,0
1784905740.850615,engine_off_counter,24,24
1784905740.850668,wheel_speed_rear,0.0,0
1784905740.850668,wheel_speed_front,0.0,0
1784905740.850668,rear_speed_band,0.0,0
1784905740.850735,wheel_speed_rear,0.0,0
1784905740.850735,wheel_speed_front,0.0,0
1784905740.850735,rear_speed_band,0.0,0
1784905740.850771,engine_torque,166,166
1784905740.850771,shift_cut_active,off,0
1784905740.850771,shift_blip_active,off,0
1784905740.850806,wheel_speed_rear,0.0,0
1784905740.850806,wheel_speed_front,0.0,0
1784905740.850806,rear_speed_band,0.0,0
1784905740.855379,signal_12a_d1_bit2,1,1
1784905740.855379,abs_lamp,LIT,1
1784905740.855442,engine_torque,166,166
1784905740.855442,shift_cut_active,off,0
1784905740.855442,shift_blip_active,off,0
1784905740.859701,gear_position,N,0
1784905740.859701,clutch,RELEASED,0
1784905740.859701,shift_failed,OK,0
1784905740.865233,coolant_temp,23.700000000000003,237
1784905740.865233,fuel_injection_setpoint,0,0
1784905740.865233,side_stand,DOWN,0
1784905740.865331,wheel_speed_rear,0.0,0
1784905740.865331,wheel_speed_front,0.0,0
1784905740.865331,rear_speed_band,0.0,0
1784905740.865367,wheel_speed_rear,0.0,0
1784905740.865367,wheel_speed_front,0.0,0
1784905740.865367,rear_speed_band,0.0,0
1784905740.870088,engine_torque,166,166
1784905740.870088,shift_cut_active,off,0
1784905740.870088,shift_blip_active,off,0
1784905740.870143,gear_position,N,0
1784905740.870143,clutch,RELEASED,0
1784905740.870143,shift_failed,OK,0
1784905740.875132,wheel_speed_rear,0.0,0
1784905740.875132,wheel_speed_front,0.0,0
1784905740.875132,rear_speed_band,0.0,0
1784905740.885009,wheel_speed_rear,0.0,0
1784905740.885009,wheel_speed_front,0.0,0
1784905740.885009,rear_speed_band,0.0,0
1784905740.885070,engine_torque,166,166
1784905740.885070,shift_cut_active,off,0
1784905740.885070,shift_blip_active,off,0
1784905740.890417,gear_position,N,0
1784905740.890417,clutch,RELEASED,0
1784905740.890417,shift_failed,OK,0
1784905740.893925,rpm,0,0
1784905740.893925,throttle_position,0,0
1784905740.898214,wheel_speed_rear,0.0,0
1784905740.898214,wheel_speed_front,0.0,0
1784905740.898214,rear_speed_band,0.0,0
1784905740.904254,wheel_speed_rear,0.0,0
1784905740.904254,wheel_speed_front,0.0,0
1784905740.904254,rear_speed_band,0.0,0
1784905740.909708,engine_torque,166,166
1784905740.909708,shift_cut_active,off,0
1784905740.909708,shift_blip_active,off,0
1784905740.909763,gear_position,N,0
1784905740.909763,clutch,RELEASED,0
1784905740.909763,shift_failed,OK,0
1784905740.909800,rpm,0,0
1784905740.909800,throttle_position,0,0
1784905740.914448,kill_switch,RUN,1
1784905740.914448,time_bin_541_d3,0,0
1784905740.914448,engine_on_counter,0,0
1784905740.914448,engine_off_counter,24,24
1784905740.914577,wheel_speed_rear,0.0,0
1784905740.914577,wheel_speed_front,0.0,0
1784905740.914577,rear_speed_band,0.0,0
1784905740.938666,engine_torque,166,166
1784905740.938666,shift_cut_active,off,0
1784905740.938666,shift_blip_active,off,0
1784905740.938726,wheel_speed_rear,0.0,0
1784905740.938726,wheel_speed_front,0.0,0
1784905740.938726,rear_speed_band,0.0,0
1784905740.938762,engine_torque,166,166
1784905740.938762,shift_cut_active,off,0
1784905740.938762,shift_blip_active,off,0
1784905740.942599,wheel_speed_rear,0.0,0
1784905740.942599,wheel_speed_front,0.0,0
1784905740.942599,rear_speed_band,0.0,0
1784905740.942640,engine_torque,166,166
1784905740.942640,shift_cut_active,off,0
1784905740.942640,shift_blip_active,off,0
1784905740.945845,gear_position,N,0
1784905740.945845,clutch,RELEASED,0
1784905740.945845,shift_failed,OK,0
1784905740.959452,rpm,0,0
1784905740.959452,throttle_position,0,0
1784905740.959512,kill_switch,RUN,1
1784905740.959512,time_bin_541_d3,0,0
1784905740.959512,engine_on_counter,0,0
1784905740.959512,engine_off_counter,24,24
1784905740.959547,wheel_speed_rear,0.0,0
1784905740.959547,wheel_speed_front,0.0,0
1784905740.959547,rear_speed_band,0.0,0
1784905740.959581,wheel_speed_rear,0.0,0
1784905740.959581,wheel_speed_front,0.0,0
1784905740.959581,rear_speed_band,0.0,0
1784905740.963226,engine_torque,166,166
1784905740.963226,shift_cut_active,off,0
1784905740.963226,shift_blip_active,off,0
1784905740.963293,gear_position,N,0
1784905740.963293,clutch,RELEASED,0
1784905740.963293,shift_failed,OK,0
1784905740.967128,wheel_speed_rear,0.0,0
1784905740.967128,wheel_speed_front,0.0,0
1784905740.967128,rear_speed_band,0.0,0
1784905740.976207,engine_torque,166,166
1784905740.976207,shift_cut_active,off,0
1784905740.976207,shift_blip_active,off,0
1784905740.986528,gear_position,N,0
1784905740.986528,clutch,RELEASED,0
1784905740.986528,shift_failed,OK,0
1784905740.991084,rpm,0,0
1784905740.991084,throttle_position,0,0
1784905740.991140,kill_switch,RUN,1
1784905740.991140,time_bin_541_d3,0,0
1784905740.991140,engine_on_counter,0,0
1784905740.991140,engine_off_counter,24,24
1784905740.991181,wheel_speed_rear,0.0,0
1784905740.991181,wheel_speed_front,0.0,0
1784905740.991181,rear_speed_band,0.0,0
1784905741.002224,wheel_speed_rear,0.0,0
1784905741.002224,wheel_speed_front,0.0,0
1784905741.002224,rear_speed_band,0.0,0
1784905741.002285,gear_position,N,0
1784905741.002285,clutch,RELEASED,0
1784905741.002285,shift_failed,OK,0
1784905741.009424,wheel_speed_rear,0.0,0
1784905741.009424,wheel_speed_front,0.0,0
1784905741.009424,rear_speed_band,0.0,0
1784905741.009500,wheel_speed_rear,0.0,0
1784905741.009500,wheel_speed_front,0.0,0
1784905741.009500,rear_speed_band,0.0,0
1784905741.013043,signal_12a_d1_bit2,1,1
1784905741.013043,abs_lamp,LIT,1
1784905741.013110,engine_torque,166,166
1784905741.013110,shift_cut_active,off,0
1784905741.013110,shift_blip_active,off,0
1784905741.019473,gear_position,N,0
1784905741.019473,clutch,RELEASED,0
1784905741.019473,shift_failed,OK,0
1784905741.025519,kill_switch,RUN,1
1784905741.025519,time_bin_541_d3,0,0
1784905741.025519,engine_on_counter,0,0
1784905741.025519,engine_off_counter,24,24
1784905741.029784,wheel_speed_rear,0.0,0
1784905741.029784,wheel_speed_front,0.0,0
1784905741.029784,rear_speed_band,0.0,0
1784905741.029839,engine_torque,166,166
1784905741.029839,shift_cut_active,off,0
1784905741.029839,shift_blip_active,off,0
1784905741.029877,gear_position,N,0
1784905741.029877,clutch,RELEASED,0
1784905741.029877,shift_failed,OK,0
1784905741.033390,rpm,0,0
1784905741.033390,throttle_position,0,0
1784905741.043309,kill_switch,RUN,1
1784905741.043309,time_bin_541_d3,0,0
1784905741.043309,engine_on_counter,0,0
1784905741.043309,engine_off_counter,24,24
1784905741.060809,wheel_speed_rear,0.0,0
1784905741.060809,wheel_speed_front,0.0,0
1784905741.060809,rear_speed_band,0.0,0
1784905741.060883,engine_torque,166,166
1784905741.060883,shift_cut_active,off,0
1784905741.060883,shift_blip_active,off,0
1784905741.060920,wheel_speed_rear,0.0,0
1784905741.060920,wheel_speed_front,0.0,0
1784905741.060920,rear_speed_band,0.0,0
1784905741.060958,wheel_speed_rear,0.0,0
1784905741.060958,wheel_speed_front,0.0,0
1784905741.060958,rear_speed_band,0.0,0
1784905741.060995,engine_torque,166,166
1784905741.060995,shift_cut_active,off,0
1784905741.060995,shift_blip_active,off,0
1784905741.065188,gear_position,N,0
1784905741.065188,clutch,RELEASED,0
1784905741.065188,shift_failed,OK,0
1784905741.069967,rpm,0,0
1784905741.069967,throttle_position,0,0
1784905741.074611,kill_switch,RUN,1
1784905741.074611,time_bin_541_d3,0,0
1784905741.074611,engine_on_counter,0,0
1784905741.074611,engine_off_counter,25,25
1784905741.083179,wheel_speed_rear,0.0,0
1784905741.083179,wheel_speed_front,0.0,0
1784905741.083179,rear_speed_band,0.0,0
1784905741.097235,wheel_speed_rear,0.0,0
1784905741.097235,wheel_speed_front,0.0,0
1784905741.097235,rear_speed_band,0.0,0
1784905741.106061,engine_torque,166,166
1784905741.106061,shift_cut_active,off,0
1784905741.106061,shift_blip_active,off,0
1784905741.116394,gear_position,N,0
1784905741.116394,clutch,RELEASED,0
1784905741.116394,shift_failed,OK,0
1784905741.121514,rpm,0,0
1784905741.121514,throttle_position,0,0
1784905741.129765,kill_switch,RUN,1
1784905741.129765,time_bin_541_d3,0,0
1784905741.129765,engine_on_counter,0,0
1784905741.129765,engine_off_counter,25,25
1784905741.134959,wheel_speed_rear,0.0,0
1784905741.134959,wheel_speed_front,0.0,0
1784905741.134959,rear_speed_band,0.0,0
1784905741.140532,wheel_speed_rear,0.0,0
1784905741.140532,wheel_speed_front,0.0,0
1784905741.140532,rear_speed_band,0.0,0
1784905741.149279,signal_12a_d1_bit2,1,1
1784905741.149279,abs_lamp,LIT,1
1784905741.159911,engine_torque,166,166
1784905741.159911,shift_cut_active,off,0
1784905741.159911,shift_blip_active,off,0
1784905741.160017,gear_position,N,0
1784905741.160017,clutch,RELEASED,0
1784905741.160017,shift_failed,OK,0
1784905741.160061,coolant_temp,23.700000000000003,237
1784905741.160061,fuel_injection_setpoint,0,0
1784905741.160061,side_stand,DOWN,0
1784905741.164519,rpm,0,0
1784905741.164519,throttle_position,0,0
1784905741.174161,wheel_speed_rear,0.0,0
1784905741.174161,wheel_speed_front,0.0,0
1784905741.174161,rear_speed_band,0.0,0
1784905741.174249,engine_torque,166,166
1784905741.174249,shift_cut_active,off,0
1784905741.174249,shift_blip_active,off,0
1784905741.174287,gear_position,N,0
1784905741.174287,clutch,RELEASED,0
1784905741.174287,shift_failed,OK,0
1784905741.184848,rpm,0,0
1784905741.184848,throttle_position,0,0
1784905741.184923,kill_switch,RUN,1
1784905741.184923,time_bin_541_d3,0,0
1784905741.184923,engine_on_counter,0,0
1784905741.184923,engine_off_counter,25,25
1784905741.188705,wheel_speed_rear,0.0,0
1784905741.188705,wheel_speed_front,0.0,0
1784905741.188705,rear_speed_band,0.0,0
1784905741.188759,engine_torque,166,166
1784905741.188759,shift_cut_active,off,0
1784905741.188759,shift_blip_active,off,0
1784905741.193256,gear_position,N,0
1784905741.193256,clutch,RELEASED,0
1784905741.193256,shift_failed,OK,0
1784905741.202290,rpm,0,0
1784905741.202290,throttle_position,0,0
1784905741.211329,wheel_speed_rear,0.0,0
1784905741.211329,wheel_speed_front,0.0,0
1784905741.211329,rear_speed_band,0.0,0
1784905741.220676,wheel_speed_rear,0.0,0
1784905741.220676,wheel_speed_front,0.0,0
1784905741.220676,rear_speed_band,0.0,0
1784905741.225033,engine_torque,166,166
1784905741.225033,shift_cut_active,off,0
1784905741.225033,shift_blip_active,off,0
1784905741.229897,gear_position,N,0
1784905741.229897,clutch,RELEASED,0
1784905741.229897,shift_failed,OK,0
1784905741.234767,rpm,0,0
1784905741.234767,throttle_position,0,0
1784905741.234818,kill_switch,RUN,1
1784905741.234818,time_bin_541_d3,0,0
1784905741.234818,engine_on_counter,0,0
1784905741.234818,engine_off_counter,25,25
1784905741.240458,wheel_speed_rear,0.0,0
1784905741.240458,wheel_speed_front,0.0,0
1784905741.240458,rear_speed_band,0.0,0
1784905741.264212,wheel_speed_rear,0.0,0
1784905741.264212,wheel_speed_front,0.0,0
1784905741.264212,rear_speed_band,0.0,0
1784905741.264304,engine_torque,166,166
1784905741.264304,shift_cut_active,off,0
1784905741.264304,shift_blip_active,off,0
1784905741.269008,wheel_speed_rear,0.0,0
1784905741.269008,wheel_speed_front,0.0,0
1784905741.269008,rear_speed_band,0.0,0
1784905741.278669,signal_12a_d1_bit2,1,1
1784905741.278669,abs_lamp,LIT,1
1784905741.283141,engine_torque,166,166
1784905741.283141,shift_cut_active,off,0
1784905741.283141,shift_blip_active,off,0
1784905741.287714,gear_position,N,0
1784905741.287714,clutch,RELEASED,0
1784905741.287714,shift_failed,OK,0
1784905741.293274,coolant_temp,23.700000000000003,237
1784905741.293274,fuel_injection_setpoint,0,0
1784905741.293274,side_stand,DOWN,0
1784905741.297273,wheel_speed_rear,0.0,0
1784905741.297273,wheel_speed_front,0.0,0
1784905741.297273,rear_speed_band,0.0,0
1784905741.297314,wheel_speed_rear,0.0,0
1784905741.297314,wheel_speed_front,0.0,0
1784905741.297314,rear_speed_band,0.0,0
1784905741.305842,engine_torque,166,166
1784905741.305842,shift_cut_active,off,0
1784905741.305842,shift_blip_active,off,0
1784905741.309971,gear_position,N,0
1784905741.309971,clutch,RELEASED,0
1784905741.309971,shift_failed,OK,0
1784905741.323412,rpm,0,0
1784905741.323412,throttle_position,0,0
1784905741.323486,kill_switch,RUN,1
1784905741.323486,time_bin_541_d3,0,0
1784905741.323486,engine_on_counter,0,0
1784905741.323486,engine_off_counter,25,25
1784905741.327713,wheel_speed_rear,0.0,0
1784905741.327713,wheel_speed_front,0.0,0
1784905741.327713,rear_speed_band,0.0,0
1784905741.327797,wheel_speed_rear,0.0,0
1784905741.327797,wheel_speed_front,0.0,0
1784905741.327797,rear_speed_band,0.0,0
1784905741.327852,engine_torque,166,166
1784905741.327852,shift_cut_active,off,0
1784905741.327852,shift_blip_active,off,0
1784905741.331463,gear_position,N,0
1784905741.331463,clutch,RELEASED,0
1784905741.331463,shift_failed,OK,0
1784905741.340843,rpm,0,0
1784905741.340843,throttle_position,0,0
1784905741.344752,wheel_speed_rear,0.0,0
1784905741.344752,wheel_speed_front,0.0,0
1784905741.344752,rear_speed_band,0.0,0
1784905741.354477,wheel_speed_rear,0.0,0
1784905741.354477,wheel_speed_front,0.0,0
1784905741.354477,rear_speed_band,0.0,0
1784905741.362413,engine_torque,166,166
1784905741.362413,shift_cut_active,off,0
1784905741.362413,shift_blip_active,off,0
1784905741.366567,gear_position,N,0
1784905741.366567,clutch,RELEASED,0
1784905741.366567,shift_failed,OK,0
1784905741.366618,rpm,0,0
1784905741.366618,throttle_position,0,0
1784905741.366655,kill_switch,RUN,1
1784905741.366655,time_bin_541_d3,0,0
1784905741.366655,engine_on_counter,0,0
1784905741.366655,engine_off_counter,25,25
1784905741.366690,wheel_speed_rear,0.0,0
1784905741.366690,wheel_speed_front,0.0,0
1784905741.366690,rear_speed_band,0.0,0
1784905741.366762,wheel_speed_rear,0.0,0
1784905741.366762,wheel_speed_front,0.0,0
1784905741.366762,rear_speed_band,0.0,0
1784905741.366800,engine_torque,166,166
1784905741.366800,shift_cut_active,off,0
1784905741.366800,shift_blip_active,off,0
1784905741.377762,gear_position,N,0
1784905741.377762,clutch,RELEASED,0
1784905741.377762,shift_failed,OK,0
1784905741.377852,wheel_speed_rear,0.0,0
1784905741.377852,wheel_speed_front,0.0,0
1784905741.377852,rear_speed_band,0.0,0
1784905741.377892,engine_torque,166,166
1784905741.377892,shift_cut_active,off,0
1784905741.377892,shift_blip_active,off,0
1784905741.386101,wheel_speed_rear,0.0,0
1784905741.386101,wheel_speed_front,0.0,0
1784905741.386101,rear_speed_band,0.0,0
1784905741.393977,wheel_speed_rear,0.0,0
1784905741.393977,wheel_speed_front,0.0,0
1784905741.393977,rear_speed_band,0.0,0
1784905741.394040,engine_torque,166,166
1784905741.394040,shift_cut_active,off,0
1784905741.394040,shift_blip_active,off,0
1784905741.394075,wheel_speed_rear,0.0,0
1784905741.394075,wheel_speed_front,0.0,0
1784905741.394075,rear_speed_band,0.0,0
1784905741.399130,engine_torque,166,166
1784905741.399130,shift_cut_active,off,0
1784905741.399130,shift_blip_active,off,0
1784905741.399187,gear_position,N,0
1784905741.399187,clutch,RELEASED,0
1784905741.399187,shift_failed,OK,0
1784905741.403220,rpm,0,0
1784905741.403220,throttle_position,0,0
1784905741.407842,wheel_speed_rear,0.0,0
1784905741.407842,wheel_speed_front,0.0,0
1784905741.407842,rear_speed_band,0.0,0
1784905741.407886,wheel_speed_rear,0.0,0
1784905741.407886,wheel_speed_front,0.0,0
1784905741.407886,rear_speed_band,0.0,0
1784905741.407922,engine_torque,166,166
1784905741.407922,shift_cut_active,off,0
1784905741.407922,shift_blip_active,off,0
1784905741.411663,wheel_speed_rear,0.0,0
1784905741.411663,wheel_speed_front,0.0,0
1784905741.411663,rear_speed_band,0.0,0
1784905741.429209,wheel_speed_rear,0.0,0
1784905741.429209,wheel_speed_front,0.0,0
1784905741.429209,rear_speed_band,0.0,0
1784905741.438183,engine_torque,166,166
1784905741.438183,shift_cut_active,off,0
1784905741.438183,shift_blip_active,off,0
1784905741.447199,gear_position,N,0
1784905741.447199,clutch,RELEASED,0
1784905741.447199,shift_failed,OK,0
1784905741.451532,rpm,0,0
1784905741.451532,throttle_position,0,0
1784905741.457051,kill_switch,RUN,1
1784905741.457051,time_bin_541_d3,0,0
1784905741.457051,engine_on_counter,0,0
1784905741.457051,engine_off_counter,25,25
1784905741.461783,wheel_speed_rear,0.0,0
1784905741.461783,wheel_speed_front,0.0,0
1784905741.461783,rear_speed_band,0.0,0
1784905741.467268,signal_12a_d1_bit2,1,1
1784905741.467268,abs_lamp,LIT,1
1784905741.467317,engine_torque,166,166
1784905741.467317,shift_cut_active,off,0
1784905741.467317,shift_blip_active,off,0
1784905741.467362,gear_position,N,0
1784905741.467362,clutch,RELEASED,0
1784905741.467362,shift_failed,OK,0
1784905741.471804,coolant_temp,23.700000000000003,237
1784905741.471804,fuel_injection_setpoint,0,0
1784905741.471804,side_stand,DOWN,0
1784905741.483267,wheel_speed_rear,0.0,0
1784905741.483267,wheel_speed_front,0.0,0
1784905741.483267,rear_speed_band,0.0,0
1784905741.483301,kill_switch,RUN,1
1784905741.483301,time_bin_541_d3,0,0
1784905741.483301,engine_on_counter,0,0
1784905741.483301,engine_off_counter,25,25
1784905741.489189,wheel_speed_rear,0.0,0
1784905741.489189,wheel_speed_front,0.0,0
1784905741.489189,rear_speed_band,0.0,0
1784905741.496864,engine_torque,166,166
1784905741.496864,shift_cut_active,off,0
1784905741.496864,shift_blip_active,off,0
1784905741.508665,gear_position,N,0
1784905741.508665,clutch,RELEASED,0
1784905741.508665,shift_failed,OK,0
1784905741.508759,rpm,0,0
1784905741.508759,throttle_position,0,0
1784905741.508800,kill_switch,RUN,1
1784905741.508800,time_bin_541_d3,0,0
1784905741.508800,engine_on_counter,0,0
1784905741.508800,engine_off_counter,25,25
1784905741.508836,wheel_speed_rear,0.0,0
1784905741.508836,wheel_speed_front,0.0,0
1784905741.508836,rear_speed_band,0.0,0
1784905741.508874,engine_torque,166,166
1784905741.508874,shift_cut_active,off,0
1784905741.508874,shift_blip_active,off,0
1784905741.508909,wheel_speed_rear,0.0,0
1784905741.508909,wheel_speed_front,0.0,0
1784905741.508909,rear_speed_band,0.0,0
1784905741.523871,wheel_speed_rear,0.0,0
1784905741.523871,wheel_speed_front,0.0,0
1784905741.523871,rear_speed_band,0.0,0
1784905741.532299,engine_torque,166,166
1784905741.532299,shift_cut_active,off,0
1784905741.532299,shift_blip_active,off,0
1784905741.536905,wheel_speed_rear,0.0,0
1784905741.536905,wheel_speed_front,0.0,0
1784905741.536905,rear_speed_band,0.0,0
1784905741.547592,wheel_speed_rear,0.0,0
1784905741.547592,wheel_speed_front,0.0,0
1784905741.547592,rear_speed_band,0.0,0
1784905741.552094,signal_12a_d1_bit2,1,1
1784905741.552094,abs_lamp,LIT,1
1784905741.552157,engine_torque,166,166
1784905741.552157,shift_cut_active,off,0
1784905741.552157,shift_blip_active,off,0
1784905741.556109,gear_position,N,0
1784905741.556109,clutch,RELEASED,0
1784905741.556109,shift_failed,OK,0
1784905741.563761,rpm,0,0
1784905741.563761,throttle_position,0,0
1784905741.569601,wheel_speed_rear,0.0,0
1784905741.569601,wheel_speed_front,0.0,0
1784905741.569601,rear_speed_band,0.0,0
1784905741.573647,engine_torque,166,166
1784905741.573647,shift_cut_active,off,0
1784905741.573647,shift_blip_active,off,0
1784905741.583786,rpm,0,0
1784905741.583786,throttle_position,0,0
1784905741.589205,wheel_speed_rear,0.0,0
1784905741.589205,wheel_speed_front,0.0,0
1784905741.589205,rear_speed_band,0.0,0
1784905741.596927,wheel_speed_rear,0.0,0
1784905741.596927,wheel_speed_front,0.0,0
1784905741.596927,rear_speed_band,0.0,0
1784905741.607268,engine_torque,166,166
1784905741.607268,shift_cut_active,off,0
1784905741.607268,shift_blip_active,off,0
1784905741.612039,gear_position,N,0
1784905741.612039,clutch,RELEASED,0
1784905741.612039,shift_failed,OK,0
1784905741.612101,rpm,0,0
1784905741.612101,throttle_position,0,0
1784905741.616864,wheel_speed_rear,0.0,0
1784905741.616864,wheel_speed_front,0.0,0
1784905741.616864,rear_speed_band,0.0,0
1784905741.626486,engine_torque,166,166
1784905741.626486,shift_cut_active,off,0
1784905741.626486,shift_blip_active,off,0
1784905741.636221,rpm,0,0
1784905741.636221,throttle_position,0,0
1784905741.641110,wheel_speed_rear,0.0,0
1784905741.641110,wheel_speed_front,0.0,0
1784905741.641110,rear_speed_band,0.0,0
1784905741.641146,engine_torque,166,166
1784905741.641146,shift_cut_active,off,0
1784905741.641146,shift_blip_active,off,0
1784905741.641183,gear_position,N,0
1784905741.641183,clutch,RELEASED,0
1784905741.641183,shift_failed,OK,0
1784905741.641219,rpm,0,0
1784905741.641219,throttle_position,0,0
1784905741.641252,kill_switch,RUN,1
1784905741.641252,time_bin_541_d3,0,0
1784905741.641252,engine_on_counter,0,0
1784905741.641252,engine_off_counter,25,25
1784905741.646053,wheel_speed_rear,0.0,0
1784905741.646053,wheel_speed_front,0.0,0
1784905741.646053,rear_speed_band,0.0,0
1784905741.659808,wheel_speed_rear,0.0,0
1784905741.659808,wheel_speed_front,0.0,0
1784905741.659808,rear_speed_band,0.0,0
1784905741.664591,signal_12a_d1_bit2,1,1
1784905741.664591,abs_lamp,LIT,1
1784905741.664667,engine_torque,166,166
1784905741.664667,shift_cut_active,off,0
1784905741.664667,shift_blip_active,off,0
1784905741.675139,gear_position,N,0
1784905741.675139,clutch,RELEASED,0
1784905741.675139,shift_failed,OK,0
1784905741.675228,coolant_temp,23.700000000000003,237
1784905741.675228,fuel_injection_setpoint,0,0
1784905741.675228,side_stand,DOWN,0
1784905741.696736,rpm,0,0
1784905741.696736,throttle_position,0,0
1784905741.701150,wheel_speed_rear,0.0,0
1784905741.701150,wheel_speed_front,0.0,0
1784905741.701150,rear_speed_band,0.0,0
1784905741.710157,engine_torque,166,166
1784905741.710157,shift_cut_active,off,0
1784905741.710157,shift_blip_active,off,0
1784905741.719940,gear_position,N,0
1784905741.719940,clutch,RELEASED,0
1784905741.719940,shift_failed,OK,0
1784905741.726767,rpm,0,0
1784905741.726767,throttle_position,0,0
1784905741.726829,kill_switch,RUN,1
1784905741.726829,time_bin_541_d3,0,0
1784905741.726829,engine_on_counter,0,0
1784905741.726829,engine_off_counter,25,25
1784905741.731968,wheel_speed_rear,0.0,0
1784905741.731968,wheel_speed_front,0.0,0
1784905741.731968,rear_speed_band,0.0,0
1784905741.732035,engine_torque,166,166
1784905741.732035,shift_cut_active,off,0
1784905741.732035,shift_blip_active,off,0
1784905741.732074,rpm,0,0
1784905741.732074,throttle_position,0,0
1784905741.732110,signal_12a_d1_bit2,1,1
1784905741.732110,abs_lamp,LIT,1
1784905741.732142,wheel_speed_rear,0.0,0
1784905741.732142,wheel_speed_front,0.0,0
1784905741.732142,rear_speed_band,0.0,0
1784905741.732177,engine_torque,166,166
1784905741.732177,shift_cut_active,off,0
1784905741.732177,shift_blip_active,off,0
1784905741.736763,gear_position,N,0
1784905741.736763,clutch,RELEASED,0
1784905741.736763,shift_failed,OK,0
1784905741.751346,wheel_speed_rear,0.0,0
1784905741.751346,wheel_speed_front,0.0,0
1784905741.751346,rear_speed_band,0.0,0
1784905741.757390,engine_torque,166,166
1784905741.757390,shift_cut_active,off,0
1784905741.757390,shift_blip_active,off,0
1784905741.765861,gear_position,N,0
1784905741.765861,clutch,RELEASED,0
1784905741.765861,shift_failed,OK,0
1784905741.772011,rpm,0,0
1784905741.772011,throttle_position,0,0
1784905741.778182,wheel_speed_rear,0.0,0
1784905741.778182,wheel_speed_front,0.0,0
1784905741.778182,rear_speed_band,0.0,0
1784905741.778241,signal_12a_d1_bit2,1,1
1784905741.778241,abs_lamp,LIT,1
1784905741.778297,engine_torque,166,166
1784905741.778297,shift_cut_active,off,0
1784905741.778297,shift_blip_active,off,0
1784905741.778372,wheel_speed_rear,0.0,0
1784905741.778372,wheel_speed_front,0.0,0
1784905741.778372,rear_speed_band,0.0,0
1784905741.781679,engine_torque,166,166
1784905741.781679,shift_cut_active,off,0
1784905741.781679,shift_blip_active,off,0
1784905741.786912,gear_position,N,0
1784905741.786912,clutch,RELEASED,0
1784905741.786912,shift_failed,OK,0
1784905741.790858,rpm,0,0
1784905741.790858,throttle_position,0,0
1784905741.794862,kill_switch,RUN,1
1784905741.794862,time_bin_541_d3,0,0
1784905741.794862,engine_on_counter,0,0
1784905741.794862,engine_off_counter,25,25
1784905741.808776,wheel_speed_rear,0.0,0
1784905741.808776,wheel_speed_front,0.0,0
1784905741.808776,rear_speed_band,0.0,0
1784905741.808821,wheel_speed_rear,0.0,0
1784905741.808821,wheel_speed_front,0.0,0
1784905741.808821,rear_speed_band,0.0,0
1784905741.817579,engine_torque,166,166
1784905741.817579,shift_cut_active,off,0
1784905741.817579,shift_blip_active,off,0
1784905741.823410,gear_position,N,0
1784905741.823410,clutch,RELEASED,0
1784905741.823410,shift_failed,OK,0
1784905741.828335,wheel_speed_rear,0.0,0
1784905741.828335,wheel_speed_front,0.0,0
1784905741.828335,rear_speed_band,0.0,0
1784905741.832818,engine_torque,166,166
1784905741.832818,shift_cut_active,off,0
1784905741.832818,shift_blip_active,off,0
1784905741.842874,gear_position,N,0
1784905741.842874,clutch,RELEASED,0
1784905741.842874,shift_failed,OK,0
1784905741.847114,rpm,0,0
1784905741.847114,throttle_position,0,0
1784905741.852138,wheel_speed_rear,0.0,0
1784905741.852138,wheel_speed_front,0.0,0
1784905741.852138,rear_speed_band,0.0,0
1784905741.852212,wheel_speed_rear,0.0,0
1784905741.852212,wheel_speed_front,0.0,0
1784905741.852212,rear_speed_band,0.0,0
1784905741.856945,engine_torque,166,166
1784905741.856945,shift_cut_active,off,0
1784905741.856945,shift_blip_active,off,0
1784905741.857047,wheel_speed_rear,0.0,0
1784905741.857047,wheel_speed_front,0.0,0
1784905741.857047,rear_speed_band,0.0,0
1784905741.861773,wheel_speed_rear,0.0,0
1784905741.861773,wheel_speed_front,0.0,0
1784905741.861773,rear_speed_band,0.0,0
1784905741.866385,signal_12a_d1_bit2,1,1
1784905741.866385,abs_lamp,LIT,1
1784905741.879866,kill_switch,RUN,1
1784905741.879866,time_bin_541_d3,0,0
1784905741.879866,engine_on_counter,0,0
1784905741.879866,engine_off_counter,25,25
1784905741.879953,wheel_speed_rear,0.0,0
1784905741.879953,wheel_speed_front,0.0,0
1784905741.879953,rear_speed_band,0.0,0
1784905741.879988,engine_torque,166,166
1784905741.879988,shift_cut_active,off,0
1784905741.879988,shift_blip_active,off,0
1784905741.880023,gear_position,N,0
1784905741.880023,clutch,RELEASED,0
1784905741.880023,shift_failed,OK,0
1784905741.880058,rpm,0,0
1784905741.880058,throttle_position,0,0
1784905741.880092,wheel_speed_rear,0.0,0
1784905741.880092,wheel_speed_front,0.0,0
1784905741.880092,rear_speed_band,0.0,0
1784905741.880126,engine_torque,166,166
1784905741.880126,shift_cut_active,off,0
1784905741.880126,shift_blip_active,off,0
1784905741.880160,gear_position,N,0
1784905741.880160,clutch,RELEASED,0
1784905741.880160,shift_failed,OK,0
1784905741.880220,rpm,0,0
1784905741.880220,throttle_position,0,0
1784905741.880255,kill_switch,RUN,1
1784905741.880255,time_bin_541_d3,0,0
1784905741.880255,engine_on_counter,0,0
1784905741.880255,engine_off_counter,25,25
1784905741.888105,wheel_speed_rear,0.0,0
1784905741.888105,wheel_speed_front,0.0,0
1784905741.888105,rear_speed_band,0.0,0
1784905741.898371,signal_12a_d1_bit2,1,1
1784905741.898371,abs_lamp,LIT,1
1784905741.912492,wheel_speed_rear,0.0,0
1784905741.912492,wheel_speed_front,0.0,0
1784905741.912492,rear_speed_band,0.0,0
1784905741.917443,engine_torque,166,166
1784905741.917443,shift_cut_active,off,0
1784905741.917443,shift_blip_active,off,0
1784905741.921616,gear_position,N,0
1784905741.921616,clutch,RELEASED,0
1784905741.921616,shift_failed,OK,0
1784905741.928647,wheel_speed_rear,0.0,0
1784905741.928647,wheel_speed_front,0.0,0
1784905741.928647,rear_speed_band,0.0,0
1784905741.932335,wheel_speed_rear,0.0,0
1784905741.932335,wheel_speed_front,0.0,0
1784905741.932335,rear_speed_band,0.0,0
1784905741.932372,engine_torque,166,166
1784905741.932372,shift_cut_active,off,0
1784905741.932372,shift_blip_active,off,0
1784905741.932407,wheel_speed_rear,0.0,0
1784905741.932407,wheel_speed_front,0.0,0
1784905741.932407,rear_speed_band,0.0,0
1784905741.940641,coolant_temp,23.700000000000003,237
1784905741.940641,fuel_injection_setpoint,0,0
1784905741.940641,side_stand,DOWN,0
1784905741.945928,wheel_speed_rear,0.0,0
1784905741.945928,wheel_speed_front,0.0,0
1784905741.945928,rear_speed_band,0.0,0
1784905741.945991,wheel_speed_rear,0.0,0
1784905741.945991,wheel_speed_front,0.0,0
1784905741.945991,rear_speed_band,0.0,0
1784905741.946029,engine_torque,166,166
1784905741.946029,shift_cut_active,off,0
1784905741.946029,shift_blip_active,off,0
1784905741.950018,wheel_speed_rear,0.0,0
1784905741.950018,wheel_speed_front,0.0,0
1784905741.950018,rear_speed_band,0.0,0
1784905741.957956,engine_torque,166,166
1784905741.957956,shift_cut_active,off,0
1784905741.957956,shift_blip_active,off,0
1784905741.965762,gear_position,N,0
1784905741.965762,clutch,RELEASED,0
1784905741.965762,shift_failed,OK,0
1784905741.976941,rpm,0,0
1784905741.976941,throttle_position,0,0
1784905741.981095,kill_switch,RUN,1
1784905741.981095,time_bin_541_d3,0,0
1784905741.981095,engine_on_counter,0,0
1784905741.981095,engine_off_counter,25,25
1784905741.981160,wheel_speed_rear,0.0,0
1784905741.981160,wheel_speed_front,0.0,0
1784905741.981160,rear_speed_band,0.0,0
1784905741.989793,signal_12a_d1_bit2,1,1
1784905741.989793,abs_lamp,LIT,1
1784905741.989882,wheel_speed_rear,0.0,0
1784905741.989882,wheel_speed_front,0.0,0
1784905741.989882,rear_speed_band,0.0,0
1784905741.994197,engine_torque,166,166
1784905741.994197,shift_cut_active,off,0
1784905741.994197,shift_blip_active,off,0
1784905742.003249,gear_position,N,0
1784905742.003249,clutch,RELEASED,0
1784905742.003249,shift_failed,OK,0
1784905742.003318,rpm,0,0
1784905742.003318,throttle_position,0,0
1784905742.011971,wheel_speed_rear,0.0,0
1784905742.011971,wheel_speed_front,0.0,0
1784905742.011971,rear_speed_band,0.0,0
1784905742.023591,wheel_speed_rear,0.0,0
1784905742.023591,wheel_speed_front,0.0,0
1784905742.023591,rear_speed_band,0.0,0
1784905742.024231,engine_torque,166,166
1784905742.024231,shift_cut_active,off,0
1784905742.024231,shift_blip_active,off,0
1784905742.029090,gear_position,N,0
1784905742.029090,clutch,RELEASED,0
1784905742.029090,shift_failed,OK,0
1784905742.033624,rpm,0,0
1784905742.033624,throttle_position,0,0
1784905742.043109,kill_switch,RUN,1
1784905742.043109,time_bin_541_d3,0,0
1784905742.043109,engine_on_counter,0,0
1784905742.043109,engine_off_counter,25,25
1784905742.049160,wheel_speed_rear,0.0,0
1784905742.049160,wheel_speed_front,0.0,0
1784905742.049160,rear_speed_band,0.0,0
1784905742.052939,wheel_speed_rear,0.0,0
1784905742.052939,wheel_speed_front,0.0,0
1784905742.052939,rear_speed_band,0.0,0
1784905742.052977,signal_12a_d1_bit2,1,1
1784905742.052977,abs_lamp,LIT,1
1784905742.062036,engine_torque,166,166
1784905742.062036,shift_cut_active,off,0
1784905742.062036,shift_blip_active,off,0
1784905742.066556,kill_switch,RUN,1
1784905742.066556,time_bin_541_d3,0,0
1784905742.066556,engine_on_counter,0,0
1784905742.066556,engine_off_counter,25,25
1784905742.079364,wheel_speed_rear,0.0,0
1784905742.079364,wheel_speed_front,0.0,0
1784905742.079364,rear_speed_band,0.0,0
1784905742.084224,engine_torque,166,166
1784905742.084224,shift_cut_active,off,0
1784905742.084224,shift_blip_active,off,0
1784905742.084284,gear_position,N,0
1784905742.084284,clutch,RELEASED,0
1784905742.084284,shift_failed,OK,0
1784905742.084319,wheel_speed_rear,0.0,0
1784905742.084319,wheel_speed_front,0.0,0
1784905742.084319,rear_speed_band,0.0,0
1784905742.088368,wheel_speed_rear,0.0,0
1784905742.088368,wheel_speed_front,0.0,0
1784905742.088368,rear_speed_band,0.0,0
1784905742.089786,engine_torque,166,166
1784905742.089786,shift_cut_active,off,0
1784905742.089786,shift_blip_active,off,0
1784905742.104016,wheel_speed_rear,0.0,0
1784905742.104016,wheel_speed_front,0.0,0
1784905742.104016,rear_speed_band,0.0,0
1784905742.104104,engine_torque,166,166
1784905742.104104,shift_cut_active,off,0
1784905742.104104,shift_blip_active,off,0
1784905742.109455,gear_position,N,0
1784905742.109455,clutch,RELEASED,0
1784905742.109455,shift_failed,OK,0
1784905742.109520,rpm,0,0
1784905742.109520,throttle_position,0,0
1784905742.109558,kill_switch,RUN,1
1784905742.109558,time_bin_541_d3,0,0
1784905742.109558,engine_on_counter,0,0
1784905742.109558,engine_off_counter,26,26
1784905742.114607,wheel_speed_rear,0.0,0
1784905742.114607,wheel_speed_front,0.0,0
1784905742.114607,rear_speed_band,0.0,0
1784905742.114714,engine_torque,166,166
1784905742.114714,shift_cut_active,off,0
1784905742.114714,shift_blip_active,off,0
1784905742.119705,gear_position,N,0
1784905742.119705,clutch,RELEASED,0
1784905742.119705,shift_failed,OK,0
1784905742.119773,rpm,0,0
1784905742.119773,throttle_position,0,0
1784905742.124344,kill_switch,RUN,1
1784905742.124344,time_bin_541_d3,0,0
1784905742.124344,engine_on_counter,0,0
1784905742.124344,engine_off_counter,26,26
1784905742.128538,wheel_speed_rear,0.0,0
1784905742.128538,wheel_speed_front,0.0,0
1784905742.128538,rear_speed_band,0.0,0
1784905742.140078,wheel_speed_rear,0.0,0
1784905742.140078,wheel_speed_front,0.0,0
1784905742.140078,rear_speed_band,0.0,0
1784905742.140117,signal_12a_d1_bit2,1,1
1784905742.140117,abs_lamp,LIT,1
1784905742.144873,engine_torque,166,166
1784905742.144873,shift_cut_active,off,0
1784905742.144873,shift_blip_active,off,0
1784905742.144929,gear_position,N,0
1784905742.144929,clutch,RELEASED,0
1784905742.144929,shift_failed,OK,0
1784905742.148224,coolant_temp,23.700000000000003,237
1784905742.148224,fuel_injection_setpoint,0,0
1784905742.148224,side_stand,DOWN,0
1784905742.148298,rpm,0,0
1784905742.148298,throttle_position,0,0
1784905742.157544,wheel_speed_rear,0.0,0
1784905742.157544,wheel_speed_front,0.0,0
1784905742.157544,rear_speed_band,0.0,0
1784905742.166330,engine_torque,166,166
1784905742.166330,shift_cut_active,off,0
1784905742.166330,shift_blip_active,off,0
1784905742.166414,gear_position,N,0
1784905742.166414,clutch,RELEASED,0
1784905742.166414,shift_failed,OK,0
1784905742.166454,rpm,0,0
1784905742.166454,throttle_position,0,0
1784905742.170523,wheel_speed_rear,0.0,0
1784905742.170523,wheel_speed_front,0.0,0
1784905742.170523,rear_speed_band,0.0,0
1784905742.174770,engine_torque,166,166
1784905742.174770,shift_cut_active,off,0
1784905742.174770,shift_blip_active,off,0
1784905742.186797,gear_position,N,0
1784905742.186797,clutch,RELEASED,0
1784905742.186797,shift_failed,OK,0
1784905742.186896,rpm,0,0
1784905742.186896,throttle_position,0,0
1784905742.186931,kill_switch,RUN,1
1784905742.186931,time_bin_541_d3,0,0
1784905742.186931,engine_on_counter,0,0
1784905742.186931,engine_off_counter,26,26
1784905742.186968,wheel_speed_rear,0.0,0
1784905742.186968,wheel_speed_front,0.0,0
1784905742.186968,rear_speed_band,0.0,0
1784905742.187001,wheel_speed_rear,0.0,0
1784905742.187001,wheel_speed_front,0.0,0
1784905742.187001,rear_speed_band,0.0,0
1784905742.191698,engine_torque,166,166
1784905742.191698,shift_cut_active,off,0
1784905742.191698,shift_blip_active,off,0
1784905742.196607,gear_position,N,0
1784905742.196607,clutch,RELEASED,0
1784905742.196607,shift_failed,OK,0
1784905742.208052,rpm,0,0
1784905742.208052,throttle_position,0,0
1784905742.208131,kill_switch,RUN,1
1784905742.208131,time_bin_541_d3,0,0
1784905742.208131,engine_on_counter,0,0
1784905742.208131,engine_off_counter,26,26
1784905742.212731,engine_torque,166,166
1784905742.212731,shift_cut_active,off,0
1784905742.212731,shift_blip_active,off,0
1784905742.219289,rpm,0,0
1784905742.219289,throttle_position,0,0
1784905742.224837,kill_switch,RUN,1
1784905742.224837,time_bin_541_d3,0,0
1784905742.224837,engine_on_counter,0,0
1784905742.224837,engine_off_counter,26,26
1784905742.230724,wheel_speed_rear,0.0,0
1784905742.230724,wheel_speed_front,0.0,0
1784905742.230724,rear_speed_band,0.0,0
1784905742.230782,signal_12a_d1_bit2,1,1
1784905742.230782,abs_lamp,LIT,1
1784905742.230818,engine_torque,166,166
1784905742.230818,shift_cut_active,off,0
1784905742.230818,shift_blip_active,off,0
1784905742.230851,gear_position,N,0
1784905742.230851,clutch,RELEASED,0
1784905742.230851,shift_failed,OK,0
1784905742.230888,coolant_temp,23.700000000000003,237
1784905742.230888,fuel_injection_setpoint,0,0
1784905742.230888,side_stand,DOWN,0
1784905742.237767,kill_switch,RUN,1
1784905742.237767,time_bin_541_d3,0,0
1784905742.237767,engine_on_counter,0,0
1784905742.237767,engine_off_counter,26,26
1784905742.242049,wheel_speed_rear,0.0,0
1784905742.242049,wheel_speed_front,0.0,0
1784905742.242049,rear_speed_band,0.0,0
1784905742.242094,engine_torque,166,166
1784905742.242094,shift_cut_active,off,0
1784905742.242094,shift_blip_active,off,0
1784905742.252376,wheel_speed_rear,0.0,0
1784905742.252376,wheel_speed_front,0.0,0
1784905742.252376,rear_speed_band,0.0,0
1784905742.252436,engine_torque,166,166
1784905742.252436,shift_cut_active,off,0
1784905742.252436,shift_blip_active,off,0
1784905742.257612,gear_position,N,0
1784905742.257612,clutch,RELEASED,0
1784905742.257612,shift_failed,OK,0
1784905742.257659,rpm,0,0
1784905742.257659,throttle_position,0,0
1784905742.269174,wheel_speed_rear,0.0,0
1784905742.269174,wheel_speed_front,0.0,0
1784905742.269174,rear_speed_band,0.0,0
1784905742.269232,engine_torque,166,166
1784905742.269232,shift_cut_active,off,0
1784905742.269232,shift_blip_active,off,0
1784905742.269267,gear_position,N,0
1784905742.269267,clutch,RELEASED,0
1784905742.269267,shift_failed,OK,0
1784905742.269299,rpm,0,0
1784905742.269299,throttle_position,0,0
1784905742.277936,engine_torque,166,166
1784905742.277936,shift_cut_active,off,0
1784905742.277936,shift_blip_active,off,0
1784905742.277997,kill_switch,RUN,1
1784905742.277997,time_bin_541_d3,0,0
1784905742.277997,engine_on_counter,0,0
1784905742.277997,engine_off_counter,26,26
1784905742.278032,wheel_speed_rear,0.0,0
1784905742.278032,wheel_speed_front,0.0,0
1784905742.278032,rear_speed_band,0.0,0
1784905742.283978,signal_12a_d1_bit2,1,1
1784905742.283978,abs_lamp,LIT,1
1784905742.287588,engine_torque,166,166
1784905742.287588,shift_cut_active,off,0
1784905742.287588,shift_blip_active,off,0
1784905742.287670,gear_position,N,0
1784905742.287670,clutch,RELEASED,0
1784905742.287670,shift_failed,OK,0
1784905742.287711,coolant_temp,23.700000000000003,237
1784905742.287711,fuel_injection_setpoint,0,0
1784905742.287711,side_stand,DOWN,0
1784905742.292646,wheel_speed_rear,0.0,0
1784905742.292646,wheel_speed_front,0.0,0
1784905742.292646,rear_speed_band,0.0,0
1784905742.297908,engine_torque,166,166
1784905742.297908,shift_cut_active,off,0
1784905742.297908,shift_blip_active,off,0
1784905742.303107,gear_position,N,0
1784905742.303107,clutch,RELEASED,0
1784905742.303107,shift_failed,OK,0
1784905742.307632,rpm,0,0
1784905742.307632,throttle_position,0,0
1784905742.307711,kill_switch,RUN,1
1784905742.307711,time_bin_541_d3,0,0
1784905742.307711,engine_on_counter,0,0
1784905742.307711,engine_off_counter,26,26
1784905742.317886,wheel_speed_rear,0.0,0
1784905742.317886,wheel_speed_front,0.0,0
1784905742.317886,rear_speed_band,0.0,0
1784905742.328804,wheel_speed_rear,0.0,0
1784905742.328804,wheel_speed_front,0.0,0
1784905742.328804,rear_speed_band,0.0,0
1784905742.333152,engine_torque,166,166
1784905742.333152,shift_cut_active,off,0
1784905742.333152,shift_blip_active,off,0
1784905742.342446,gear_position,N,0
1784905742.342446,clutch,RELEASED,0
1784905742.342446,shift_failed,OK,0
1784905742.349810,rpm,0,0
1784905742.349810,throttle_position,0,0
1784905742.349901,kill_switch,RUN,1
1784905742.349901,time_bin_541_d3,0,0
1784905742.349901,engine_on_counter,0,0
1784905742.349901,engine_off_counter,26,26
1784905742.349943,wheel_speed_rear,0.0,0
1784905742.349943,wheel_speed_front,0.0,0
1784905742.349943,rear_speed_band,0.0,0
1784905742.349980,wheel_speed_rear,0.0,0
1784905742.349980,wheel_speed_front,0.0,0
1784905742.349980,rear_speed_band,0.0,0
1784905742.350012,engine_torque,166,166
1784905742.350012,shift_cut_active,off,0
1784905742.350012,shift_blip_active,off,0
1784905742.350048,gear_position,N,0
1784905742.350048,clutch,RELEASED,0
1784905742.350048,shift_failed,OK,0
1784905742.350083,rpm,0,0
1784905742.350083,throttle_position,0,0
1784905742.350117,kill_switch,RUN,1
1784905742.350117,time_bin_541_d3,0,0
1784905742.350117,engine_on_counter,0,0
1784905742.350117,engine_off_counter,26,26
1784905742.350153,wheel_speed_rear,0.0,0
1784905742.350153,wheel_speed_front,0.0,0
1784905742.350153,rear_speed_band,0.0,0
1784905742.357618,wheel_speed_rear,0.0,0
1784905742.357618,wheel_speed_front,0.0,0
1784905742.357618,rear_speed_band,0.0,0
1784905742.357744,engine_torque,166,166
1784905742.357744,shift_cut_active,off,0
1784905742.357744,shift_blip_active,off,0
1784905742.357789,gear_position,N,0
1784905742.357789,clutch,RELEASED,0
1784905742.357789,shift_failed,OK,0
1784905742.357822,rpm,0,0
1784905742.357822,throttle_position,0,0
1784905742.357859,wheel_speed_rear,0.0,0
1784905742.357859,wheel_speed_front,0.0,0
1784905742.357859,rear_speed_band,0.0,0
1784905742.360074,wheel_speed_rear,0.0,0
1784905742.360074,wheel_speed_front,0.0,0
1784905742.360074,rear_speed_band,0.0,0
1784905742.360122,signal_12a_d1_bit2,1,1
1784905742.360122,abs_lamp,LIT,1
1784905742.364411,engine_torque,166,166
1784905742.364411,shift_cut_active,off,0
1784905742.364411,shift_blip_active,off,0
1784905742.373726,gear_position,N,0
1784905742.373726,clutch,RELEASED,0
1784905742.373726,shift_failed,OK,0
1784905742.378448,coolant_temp,23.700000000000003,237
1784905742.378448,fuel_injection_setpoint,0,0
1784905742.378448,side_stand,DOWN,0
1784905742.390723,wheel_speed_rear,0.0,0
1784905742.390723,wheel_speed_front,0.0,0
1784905742.390723,rear_speed_band,0.0,0
1784905742.394206,engine_torque,166,166
1784905742.394206,shift_cut_active,off,0
1784905742.394206,shift_blip_active,off,0
1784905742.398161,gear_position,N,0
1784905742.398161,clutch,RELEASED,0
1784905742.398161,shift_failed,OK,0
1784905742.407155,rpm,0,0
1784905742.407155,throttle_position,0,0
1784905742.418093,wheel_speed_rear,0.0,0
1784905742.418093,wheel_speed_front,0.0,0
1784905742.418093,rear_speed_band,0.0,0
1784905742.418187,engine_torque,166,166
1784905742.418187,shift_cut_active,off,0
1784905742.418187,shift_blip_active,off,0
1784905742.418244,gear_position,N,0
1784905742.418244,clutch,RELEASED,0
1784905742.418244,shift_failed,OK,0
1784905742.418295,rpm,0,0
1784905742.418295,throttle_position,0,0
1784905742.426607,kill_switch,RUN,1
1784905742.426607,time_bin_541_d3,0,0
1784905742.426607,engine_on_counter,0,0
1784905742.426607,engine_off_counter,26,26
1784905742.435236,wheel_speed_rear,0.0,0
1784905742.435236,wheel_speed_front,0.0,0
1784905742.435236,rear_speed_band,0.0,0
1784905742.445973,signal_12a_d1_bit2,1,1
1784905742.445973,abs_lamp,LIT,1
1784905742.446079,wheel_speed_rear,0.0,0
1784905742.446079,wheel_speed_front,0.0,0
1784905742.446079,rear_speed_band,0.0,0
1784905742.450135,engine_torque,166,166
1784905742.450135,shift_cut_active,off,0
1784905742.450135,shift_blip_active,off,0
1784905742.455125,gear_position,N,0
1784905742.455125,clutch,RELEASED,0
1784905742.455125,shift_failed,OK,0
1784905742.455229,rpm,0,0
1784905742.455229,throttle_position,0,0
1784905742.464187,kill_switch,RUN,1
1784905742.464187,time_bin_541_d3,0,0
1784905742.464187,engine_on_counter,0,0
1784905742.464187,engine_off_counter,26,26
1784905742.470299,wheel_speed_rear,0.0,0
1784905742.470299,wheel_speed_front,0.0,0
1784905742.470299,rear_speed_band,0.0,0
1784905742.474785,wheel_speed_rear,0.0,0
1784905742.474785,wheel_speed_front,0.0,0
1784905742.474785,rear_speed_band,0.0,0
1784905742.474830,engine_torque,166,166
1784905742.474830,shift_cut_active,off,0
1784905742.474830,shift_blip_active,off,0
1784905742.479478,gear_position,N,0
1784905742.479478,clutch,RELEASED,0
1784905742.479478,shift_failed,OK,0
1784905742.489862,rpm,0,0
1784905742.489862,throttle_position,0,0
1784905742.495959,kill_switch,RUN,1
1784905742.495959,time_bin_541_d3,0,0
1784905742.495959,engine_on_counter,0,0
1784905742.495959,engine_off_counter,26,26
1784905742.496022,wheel_speed_rear,0.0,0
1784905742.496022,wheel_speed_front,0.0,0
1784905742.496022,rear_speed_band,0.0,0
1784905742.496094,wheel_speed_rear,0.0,0
1784905742.496094,wheel_speed_front,0.0,0
1784905742.496094,rear_speed_band,0.0,0
1784905742.496129,signal_12a_d1_bit2,1,1
1784905742.496129,abs_lamp,LIT,1
1784905742.496166,engine_torque,166,166
1784905742.496166,shift_cut_active,off,0
1784905742.496166,shift_blip_active,off,0
1784905742.496199,gear_position,N,0
1784905742.496199,clutch,RELEASED,0
1784905742.496199,shift_failed,OK,0
1784905742.500664,coolant_temp,23.700000000000003,237
1784905742.500664,fuel_injection_setpoint,0,0
1784905742.500664,side_stand,DOWN,0
1784905742.507393,rpm,0,0
1784905742.507393,throttle_position,0,0
1784905742.512189,wheel_speed_rear,0.0,0
1784905742.512189,wheel_speed_front,0.0,0
1784905742.512189,rear_speed_band,0.0,0
1784905742.512247,wheel_speed_rear,0.0,0
1784905742.512247,wheel_speed_front,0.0,0
1784905742.512247,rear_speed_band,0.0,0
1784905742.512283,engine_torque,166,166
1784905742.512283,shift_cut_active,off,0
1784905742.512283,shift_blip_active,off,0
1784905742.512318,gear_position,N,0
1784905742.512318,clutch,RELEASED,0
1784905742.512318,shift_failed,OK,0
1784905742.512352,kill_switch,RUN,1
1784905742.512352,time_bin_541_d3,0,0
1784905742.512352,engine_on_counter,0,0
1784905742.512352,engine_off_counter,26,26
1784905742.512384,wheel_speed_rear,0.0,0
1784905742.512384,wheel_speed_front,0.0,0
1784905742.512384,rear_speed_band,0.0,0
1784905742.518896,engine_torque,166,166
1784905742.518896,shift_cut_active,off,0
1784905742.518896,shift_blip_active,off,0
1784905742.518968,gear_position,N,0
1784905742.518968,clutch,RELEASED,0
1784905742.518968,shift_failed,OK,0
1784905742.525778,rpm,0,0
1784905742.525778,throttle_position,0,0
1784905742.526536,wheel_speed_rear,0.0,0
1784905742.526536,wheel_speed_front,0.0,0
1784905742.526536,rear_speed_band,0.0,0
1784905742.530683,signal_12a_d1_bit2,1,1
1784905742.530683,abs_lamp,LIT,1
1784905742.530734,wheel_speed_rear,0.0,0
1784905742.530734,wheel_speed_front,0.0,0
1784905742.530734,rear_speed_band,0.0,0
1784905742.533418,engine_torque,166,166
1784905742.533418,shift_cut_active,off,0
1784905742.533418,shift_blip_active,off,0
1784905742.538219,gear_position,N,0
1784905742.538219,clutch,RELEASED,0
1784905742.538219,shift_failed,OK,0
1784905742.538285,rpm,0,0
1784905742.538285,throttle_position,0,0
1784905742.538320,kill_switch,RUN,1
1784905742.538320,time_bin_541_d3,0,0
1784905742.538320,engine_on_counter,0,0
1784905742.538320,engine_off_counter,26,26
1784905742.543530,wheel_speed_rear,0.0,0
1784905742.543530,wheel_speed_front,0.0,0
1784905742.543530,rear_speed_band,0.0,0
1784905742.552885,wheel_speed_rear,0.0,0
1784905742.552885,wheel_speed_front,0.0,0
1784905742.552885,rear_speed_band,0.0,0
1784905742.557555,engine_torque,166,166
1784905742.557555,shift_cut_active,off,0
1784905742.557555,shift_blip_active,off,0
1784905742.562825,gear_position,N,0
1784905742.562825,clutch,RELEASED,0
1784905742.562825,shift_failed,OK,0
1784905742.567650,rpm,0,0
1784905742.567650,throttle_position,0,0
1784905742.567729,kill_switch,RUN,1
1784905742.567729,time_bin_541_d3,0,0
1784905742.567729,engine_on_counter,0,0
1784905742.567729,engine_off_counter,26,26
1784905742.567765,wheel_speed_rear,0.0,0
1784905742.567765,wheel_speed_front,0.0,0
1784905742.567765,rear_speed_band,0.0,0
1784905742.586583,wheel_speed_rear,0.0,0
1784905742.586583,wheel_speed_front,0.0,0
1784905742.586583,rear_speed_band,0.0,0
1784905742.591411,signal_12a_d1_bit2,1,1
1784905742.591411,abs_lamp,LIT,1
1784905742.596111,engine_torque,166,166
1784905742.596111,shift_cut_active,off,0
1784905742.596111,shift_blip_active,off,0
1784905742.604470,gear_position,N,0
1784905742.604470,clutch,RELEASED,0
1784905742.604470,shift_failed,OK,0
1784905742.613884,coolant_temp,23.700000000000003,237
1784905742.613884,fuel_injection_setpoint,0,0
1784905742.613884,side_stand,DOWN,0
1784905742.625897,rpm,0,0
1784905742.625897,throttle_position,0,0
1784905742.630415,kill_switch,RUN,1
1784905742.630415,time_bin_541_d3,0,0
1784905742.630415,engine_on_counter,0,0
1784905742.630415,engine_off_counter,26,26
1784905742.639495,wheel_speed_rear,0.0,0
1784905742.639495,wheel_speed_front,0.0,0
1784905742.639495,rear_speed_band,0.0,0
1784905742.650097,wheel_speed_rear,0.0,0
1784905742.650097,wheel_speed_front,0.0,0
1784905742.650097,rear_speed_band,0.0,0
1784905742.653867,engine_torque,166,166
1784905742.653867,shift_cut_active,off,0
1784905742.653867,shift_blip_active,off,0
1784905742.653927,gear_position,N,0
1784905742.653927,clutch,RELEASED,0
1784905742.653927,shift_failed,OK,0
1784905742.664424,rpm,0,0
1784905742.664424,throttle_position,0,0
1784905742.675727,wheel_speed_rear,0.0,0
1784905742.675727,wheel_speed_front,0.0,0
1784905742.675727,rear_speed_band,0.0,0
1784905742.688107,engine_torque,166,166
1784905742.688107,shift_cut_active,off,0
1784905742.688107,shift_blip_active,off,0
1784905742.698609,kill_switch,RUN,1
1784905742.698609,time_bin_541_d3,0,0
1784905742.698609,engine_on_counter,0,0
1784905742.698609,engine_off_counter,26,26
1784905742.698756,wheel_speed_rear,0.0,0
1784905742.698756,wheel_speed_front,0.0,0
1784905742.698756,rear_speed_band,0.0,0
1784905742.703290,engine_torque,166,166
1784905742.703290,shift_cut_active,off,0
1784905742.703290,shift_blip_active,off,0
1784905742.711870,gear_position,N,0
1784905742.711870,clutch,RELEASED,0
1784905742.711870,shift_failed,OK,0
1784905742.722769,rpm,0,0
1784905742.722769,throttle_position,0,0
1784905742.726918,kill_switch,RUN,1
1784905742.726918,time_bin_541_d3,0,0
1784905742.726918,engine_on_counter,0,0
1784905742.726918,engine_off_counter,26,26
1784905742.730603,wheel_speed_rear,0.0,0
1784905742.730603,wheel_speed_front,0.0,0
1784905742.730603,rear_speed_band,0.0,0
1784905742.746480,wheel_speed_rear,0.0,0
1784905742.746480,wheel_speed_front,0.0,0
1784905742.746480,rear_speed_band,0.0,0
1784905742.752326,engine_torque,166,166
1784905742.752326,shift_cut_active,off,0
1784905742.752326,shift_blip_active,off,0
1784905742.752394,gear_position,N,0
1784905742.752394,clutch,RELEASED,0
1784905742.752394,shift_failed,OK,0
1784905742.752434,rpm,0,0
1784905742.752434,throttle_position,0,0
1784905742.757376,wheel_speed_rear,0.0,0
1784905742.757376,wheel_speed_front,0.0,0
1784905742.757376,rear_speed_band,0.0,0
1784905742.762387,signal_12a_d1_bit2,1,1
1784905742.762387,abs_lamp,LIT,1
1784905742.766598,engine_torque,166,166
1784905742.766598,shift_cut_active,off,0
1784905742.766598,shift_blip_active,off,0
1784905742.780090,gear_position,N,0
1784905742.780090,clutch,RELEASED,0
1784905742.780090,shift_failed,OK,0
1784905742.782022,coolant_temp,23.700000000000003,237
1784905742.782022,fuel_injection_setpoint,0,0
1784905742.782022,side_stand,DOWN,0
1784905742.786017,rpm,0,0
1784905742.786017,throttle_position,0,0
1784905742.790204,kill_switch,RUN,1
1784905742.790204,time_bin_541_d3,0,0
1784905742.790204,engine_on_counter,0,0
1784905742.790204,engine_off_counter,26,26
1784905742.800254,wheel_speed_rear,0.0,0
1784905742.800254,wheel_speed_front,0.0,0
1784905742.800254,rear_speed_band,0.0,0
1784905742.804169,wheel_speed_rear,0.0,0
1784905742.804169,wheel_speed_front,0.0,0
1784905742.804169,rear_speed_band,0.0,0
1784905742.807996,engine_torque,166,166
1784905742.807996,shift_cut_active,off,0
1784905742.807996,shift_blip_active,off,0
1784905742.817095,gear_position,N,0
1784905742.817095,clutch,RELEASED,0
1784905742.817095,shift_failed,OK,0
1784905742.822540,rpm,0,0
1784905742.822540,throttle_position,0,0
1784905742.833951,kill_switch,RUN,1
1784905742.833951,time_bin_541_d3,0,0
1784905742.833951,engine_on_counter,0,0
1784905742.833951,engine_off_counter,26,26
1784905742.838246,wheel_speed_rear,0.0,0
1784905742.838246,wheel_speed_front,0.0,0
1784905742.838246,rear_speed_band,0.0,0
1784905742.838341,wheel_speed_rear,0.0,0
1784905742.838341,wheel_speed_front,0.0,0
1784905742.838341,rear_speed_band,0.0,0
1784905742.838376,engine_torque,166,166
1784905742.838376,shift_cut_active,off,0
1784905742.838376,shift_blip_active,off,0
1784905742.842632,gear_position,N,0
1784905742.842632,clutch,RELEASED,0
1784905742.842632,shift_failed,OK,0
1784905742.846940,rpm,0,0
1784905742.846940,throttle_position,0,0
1784905742.852070,kill_switch,RUN,1
1784905742.852070,time_bin_541_d3,0,0
1784905742.852070,engine_on_counter,0,0
1784905742.852070,engine_off_counter,26,26
1784905742.862467,wheel_speed_rear,0.0,0
1784905742.862467,wheel_speed_front,0.0,0
1784905742.862467,rear_speed_band,0.0,0
1784905742.867702,signal_12a_d1_bit2,1,1
1784905742.867702,abs_lamp,LIT,1
1784905742.873707,wheel_speed_rear,0.0,0
1784905742.873707,wheel_speed_front,0.0,0
1784905742.873707,rear_speed_band,0.0,0
1784905742.878907,engine_torque,166,166
1784905742.878907,shift_cut_active,off,0
1784905742.878907,shift_blip_active,off,0
1784905742.878982,gear_position,N,0
1784905742.878982,clutch,RELEASED,0
1784905742.878982,shift_failed,OK,0
1784905742.879021,rpm,0,0
1784905742.879021,throttle_position,0,0
1784905742.879058,kill_switch,RUN,1
1784905742.879058,time_bin_541_d3,0,0
1784905742.879058,engine_on_counter,0,0
1784905742.879058,engine_off_counter,26,26
1784905742.879095,wheel_speed_rear,0.0,0
1784905742.879095,wheel_speed_front,0.0,0
1784905742.879095,rear_speed_band,0.0,0
1784905742.888081,wheel_speed_rear,0.0,0
1784905742.888081,wheel_speed_front,0.0,0
1784905742.888081,rear_speed_band,0.0,0
1784905742.892590,engine_torque,166,166
1784905742.892590,shift_cut_active,off,0
1784905742.892590,shift_blip_active,off,0
1784905742.892651,rpm,0,0
1784905742.892651,throttle_position,0,0
1784905742.892684,wheel_speed_rear,0.0,0
1784905742.892684,wheel_speed_front,0.0,0
1784905742.892684,rear_speed_band,0.0,0
1784905742.903864,engine_torque,166,166
1784905742.903864,shift_cut_active,off,0
1784905742.903864,shift_blip_active,off,0
1784905742.903955,gear_position,N,0
1784905742.903955,clutch,RELEASED,0
1784905742.903955,shift_failed,OK,0
1784905742.903989,wheel_speed_rear,0.0,0
1784905742.903989,wheel_speed_front,0.0,0
1784905742.903989,rear_speed_band,0.0,0
1784905742.904028,engine_torque,166,166
1784905742.904028,shift_cut_active,off,0
1784905742.904028,shift_blip_active,off,0
1784905742.912409,rpm,0,0
1784905742.912409,throttle_position,0,0
1784905742.917076,wheel_speed_rear,0.0,0
1784905742.917076,wheel_speed_front,0.0,0
1784905742.917076,rear_speed_band,0.0,0
1784905742.917132,engine_torque,166,166
1784905742.917132,shift_cut_active,off,0
1784905742.917132,shift_blip_active,off,0
1784905742.927566,kill_switch,RUN,1
1784905742.927566,time_bin_541_d3,0,0
1784905742.927566,engine_on_counter,0,0
1784905742.927566,engine_off_counter,26,26
1784905742.938579,wheel_speed_rear,0.0,0
1784905742.938579,wheel_speed_front,0.0,0
1784905742.938579,rear_speed_band,0.0,0
1784905742.938647,engine_torque,166,166
1784905742.938647,shift_cut_active,off,0
1784905742.938647,shift_blip_active,off,0
1784905742.938686,kill_switch,RUN,1
1784905742.938686,time_bin_541_d3,0,0
1784905742.938686,engine_on_counter,0,0
1784905742.938686,engine_off_counter,26,26
1784905742.947853,wheel_speed_rear,0.0,0
1784905742.947853,wheel_speed_front,0.0,0
1784905742.947853,rear_speed_band,0.0,0
1784905742.952850,wheel_speed_rear,0.0,0
1784905742.952850,wheel_speed_front,0.0,0
1784905742.952850,rear_speed_band,0.0,0
1784905742.957247,wheel_speed_rear,0.0,0
1784905742.957247,wheel_speed_front,0.0,0
1784905742.957247,rear_speed_band,0.0,0
1784905742.966471,engine_torque,166,166
1784905742.966471,shift_cut_active,off,0
1784905742.966471,shift_blip_active,off,0
1784905742.971006,gear_position,N,0
1784905742.971006,clutch,RELEASED,0
1784905742.971006,shift_failed,OK,0
1784905742.975723,coolant_temp,23.700000000000003,237
1784905742.975723,fuel_injection_setpoint,0,0
1784905742.975723,side_stand,DOWN,0
1784905742.981049,wheel_speed_rear,0.0,0
1784905742.981049,wheel_speed_front,0.0,0
1784905742.981049,rear_speed_band,0.0,0
1784905742.985687,kill_switch,RUN,1
1784905742.985687,time_bin_541_d3,0,0
1784905742.985687,engine_on_counter,0,0
1784905742.985687,engine_off_counter,26,26
1784905742.997812,wheel_speed_rear,0.0,0
1784905742.997812,wheel_speed_front,0.0,0
1784905742.997812,rear_speed_band,0.0,0
1784905743.002757,engine_torque,166,166
1784905743.002757,shift_cut_active,off,0
1784905743.002757,shift_blip_active,off,0
1784905743.002826,gear_position,N,0
1784905743.002826,clutch,RELEASED,0
1784905743.002826,shift_failed,OK,0
1784905743.002862,kill_switch,RUN,1
1784905743.002862,time_bin_541_d3,0,0
1784905743.002862,engine_on_counter,0,0
1784905743.002862,engine_off_counter,26,26
1784905743.002899,wheel_speed_rear,0.0,0
1784905743.002899,wheel_speed_front,0.0,0
1784905743.002899,rear_speed_band,0.0,0
1784905743.002939,engine_torque,166,166
1784905743.002939,shift_cut_active,off,0
1784905743.002939,shift_blip_active,off,0
1784905743.002973,gear_position,N,0
1784905743.002973,clutch,RELEASED,0
1784905743.002973,shift_failed,OK,0
1784905743.012801,rpm,0,0
1784905743.012801,throttle_position,0,0
1784905743.012875,kill_switch,RUN,1
1784905743.012875,time_bin_541_d3,0,0
1784905743.012875,engine_on_counter,0,0
1784905743.012875,engine_off_counter,26,26
1784905743.031120,engine_torque,166,166
1784905743.031120,shift_cut_active,off,0
1784905743.031120,shift_blip_active,off,0
1784905743.036593,gear_position,N,0
1784905743.036593,clutch,RELEASED,0
1784905743.036593,shift_failed,OK,0
1784905743.049193,wheel_speed_rear,0.0,0
1784905743.049193,wheel_speed_front,0.0,0
1784905743.049193,rear_speed_band,0.0,0
1784905743.049286,signal_12a_d1_bit2,1,1
1784905743.049286,abs_lamp,LIT,1
1784905743.049326,engine_torque,166,166
1784905743.049326,shift_cut_active,off,0
1784905743.049326,shift_blip_active,off,0
1784905743.049362,rpm,0,0
1784905743.049362,throttle_position,0,0
1784905743.056644,kill_switch,RUN,1
1784905743.056644,time_bin_541_d3,0,0
1784905743.056644,engine_on_counter,0,0
1784905743.056644,engine_off_counter,26,26
1784905743.056792,wheel_speed_rear,0.0,0
1784905743.056792,wheel_speed_front,0.0,0
1784905743.056792,rear_speed_band,0.0,0
1784905743.063906,engine_torque,166,166
1784905743.063906,shift_cut_active,off,0
1784905743.063906,shift_blip_active,off,0
1784905743.068508,gear_position,N,0
1784905743.068508,clutch,RELEASED,0
1784905743.068508,shift_failed,OK,0
1784905743.077945,rpm,0,0
1784905743.077945,throttle_position,0,0
1784905743.087133,wheel_speed_rear,0.0,0
1784905743.087133,wheel_speed_front,0.0,0
1784905743.087133,rear_speed_band,0.0,0
1784905743.091717,engine_torque,166,166
1784905743.091717,shift_cut_active,off,0
1784905743.091717,shift_blip_active,off,0
1784905743.096546,gear_position,N,0
1784905743.096546,clutch,RELEASED,0
1784905743.096546,shift_failed,OK,0
1784905743.107799,rpm,0,0
1784905743.107799,throttle_position,0,0
1784905743.107897,kill_switch,RUN,1
1784905743.107897,time_bin_541_d3,0,0
1784905743.107897,engine_on_counter,0,0
1784905743.107897,engine_off_counter,27,27
1784905743.107935,wheel_speed_rear,0.0,0
1784905743.107935,wheel_speed_front,0.0,0
1784905743.107935,rear_speed_band,0.0,0
1784905743.108008,wheel_speed_rear,0.0,0
1784905743.108008,wheel_speed_front,0.0,0
1784905743.108008,rear_speed_band,0.0,0
1784905743.108040,engine_torque,166,166
1784905743.108040,shift_cut_active,off,0
1784905743.108040,shift_blip_active,off,0
1784905743.108071,gear_position,N,0
1784905743.108071,clutch,RELEASED,0
1784905743.108071,shift_failed,OK,0
1784905743.117002,wheel_speed_rear,0.0,0
1784905743.117002,wheel_speed_front,0.0,0
1784905743.117002,rear_speed_band,0.0,0
1784905743.124048,engine_torque,166,166
1784905743.124048,shift_cut_active,off,0
1784905743.124048,shift_blip_active,off,0
1784905743.124195,gear_position,N,0
1784905743.124195,clutch,RELEASED,0
1784905743.124195,shift_failed,OK,0
1784905743.129389,rpm,0,0
1784905743.129389,throttle_position,0,0
1784905743.133681,kill_switch,RUN,1
1784905743.133681,time_bin_541_d3,0,0
1784905743.133681,engine_on_counter,0,0
1784905743.133681,engine_off_counter,27,27
1784905743.133734,wheel_speed_rear,0.0,0
1784905743.133734,wheel_speed_front,0.0,0
1784905743.133734,rear_speed_band,0.0,0
1784905743.145024,wheel_speed_rear,0.0,0
1784905743.145024,wheel_speed_front,0.0,0
1784905743.145024,rear_speed_band,0.0,0
1784905743.149108,signal_12a_d1_bit2,1,1
1784905743.149108,abs_lamp,LIT,1
1784905743.149168,engine_torque,166,166
1784905743.149168,shift_cut_active,off,0
1784905743.149168,shift_blip_active,off,0
1784905743.149202,gear_position,N,0
1784905743.149202,clutch,RELEASED,0
1784905743.149202,shift_failed,OK,0
1784905743.154310,coolant_temp,23.700000000000003,237
1784905743.154310,fuel_injection_setpoint,0,0
1784905743.154310,side_stand,DOWN,0
1784905743.160904,wheel_speed_rear,0.0,0
1784905743.160904,wheel_speed_front,0.0,0
1784905743.160904,rear_speed_band,0.0,0
1784905743.165455,wheel_speed_rear,0.0,0
1784905743.165455,wheel_speed_front,0.0,0
1784905743.165455,rear_speed_band,0.0,0
1784905743.165498,engine_torque,166,166
1784905743.165498,shift_cut_active,off,0
1784905743.165498,shift_blip_active,off,0
1784905743.169675,gear_position,N,0
1784905743.169675,clutch,RELEASED,0
1784905743.169675,shift_failed,OK,0
1784905743.169732,rpm,0,0
1784905743.169732,throttle_position,0,0
1784905743.174422,kill_switch,RUN,1
1784905743.174422,time_bin_541_d3,0,0
1784905743.174422,engine_on_counter,0,0
1784905743.174422,engine_off_counter,27,27
1784905743.179225,wheel_speed_rear,0.0,0
1784905743.179225,wheel_speed_front,0.0,0
1784905743.179225,rear_speed_band,0.0,0
1784905743.183124,engine_torque,166,166
1784905743.183124,shift_cut_active,off,0
1784905743.183124,shift_blip_active,off,0
1784905743.187247,rpm,0,0
1784905743.187247,throttle_position,0,0
1784905743.194415,kill_switch,RUN,1
1784905743.194415,time_bin_541_d3,0,0
1784905743.194415,engine_on_counter,0,0
1784905743.194415,engine_off_counter,27,27
1784905743.194484,wheel_speed_rear,0.0,0
1784905743.194484,wheel_speed_front,0.0,0
1784905743.194484,rear_speed_band,0.0,0
1784905743.194524,engine_torque,166,166
1784905743.194524,shift_cut_active,off,0
1784905743.194524,shift_blip_active,off,0
1784905743.199801,rpm,0,0
1784905743.199801,throttle_position,0,0
1784905743.199878,wheel_speed_rear,0.0,0
1784905743.199878,wheel_speed_front,0.0,0
1784905743.199878,rear_speed_band,0.0,0
1784905743.199911,engine_torque,166,166
1784905743.199911,shift_cut_active,off,0
1784905743.199911,shift_blip_active,off,0
1784905743.199943,gear_position,N,0
1784905743.199943,clutch,RELEASED,0
1784905743.199943,shift_failed,OK,0
1784905743.199976,rpm,0,0
1784905743.199976,throttle_position,0,0
1784905743.205578,wheel_speed_rear,0.0,0
1784905743.205578,wheel_speed_front,0.0,0
1784905743.205578,rear_speed_band,0.0,0
1784905743.211345,engine_torque,166,166
1784905743.211345,shift_cut_active,off,0
1784905743.211345,shift_blip_active,off,0
1784905743.211401,wheel_speed_rear,0.0,0
1784905743.211401,wheel_speed_front,0.0,0
1784905743.211401,rear_speed_band,0.0,0
1784905743.215873,wheel_speed_rear,0.0,0
1784905743.215873,wheel_speed_front,0.0,0
1784905743.215873,rear_speed_band,0.0,0
1784905743.215912,engine_torque,166,166
1784905743.215912,shift_cut_active,off,0
1784905743.215912,shift_blip_active,off,0
1784905743.215945,gear_position,N,0
1784905743.215945,clutch,RELEASED,0
1784905743.215945,shift_failed,OK,0
1784905743.224629,rpm,0,0
1784905743.224629,throttle_position,0,0
1784905743.243074,kill_switch,RUN,1
1784905743.243074,time_bin_541_d3,0,0
1784905743.243074,engine_on_counter,0,0
1784905743.243074,engine_off_counter,27,27
1784905743.252612,wheel_speed_rear,0.0,0
1784905743.252612,wheel_speed_front,0.0,0
1784905743.252612,rear_speed_band,0.0,0
1784905743.259551,wheel_speed_rear,0.0,0
1784905743.259551,wheel_speed_front,0.0,0
1784905743.259551,rear_speed_band,0.0,0
1784905743.264133,rpm,0,0
1784905743.264133,throttle_position,0,0
1784905743.264194,wheel_speed_rear,0.0,0
1784905743.264194,wheel_speed_front,0.0,0
1784905743.264194,rear_speed_band,0.0,0
1784905743.268791,engine_torque,166,166
1784905743.268791,shift_cut_active,off,0
1784905743.268791,shift_blip_active,off,0
1784905743.274036,gear_position,N,0
1784905743.274036,clutch,RELEASED,0
1784905743.274036,shift_failed,OK,0
1784905743.278436,rpm,0,0
1784905743.278436,throttle_position,0,0
1784905743.287158,kill_switch,RUN,1
1784905743.287158,time_bin_541_d3,0,0
1784905743.287158,engine_on_counter,0,0
1784905743.287158,engine_off_counter,27,27
1784905743.290994,wheel_speed_rear,0.0,0
1784905743.290994,wheel_speed_front,0.0,0
1784905743.290994,rear_speed_band,0.0,0
1784905743.308010,wheel_speed_rear,0.0,0
1784905743.308010,wheel_speed_front,0.0,0
1784905743.308010,rear_speed_band,0.0,0
1784905743.308090,rpm,0,0
1784905743.308090,throttle_position,0,0
1784905743.308126,wheel_speed_rear,0.0,0
1784905743.308126,wheel_speed_front,0.0,0
1784905743.308126,rear_speed_band,0.0,0
1784905743.308163,signal_12a_d1_bit2,1,1
1784905743.308163,abs_lamp,LIT,1
1784905743.313493,engine_torque,166,166
1784905743.313493,shift_cut_active,off,0
1784905743.313493,shift_blip_active,off,0
1784905743.313571,wheel_speed_rear,0.0,0
1784905743.313571,wheel_speed_front,0.0,0
1784905743.313571,rear_speed_band,0.0,0
1784905743.313609,engine_torque,166,166
1784905743.313609,shift_cut_active,off,0
1784905743.313609,shift_blip_active,off,0
1784905743.313647,gear_position,N,0
1784905743.313647,clutch,RELEASED,0
1784905743.313647,shift_failed,OK,0
1784905743.319843,rpm,0,0
1784905743.319843,throttle_position,0,0
1784905743.319983,kill_switch,RUN,1
1784905743.319983,time_bin_541_d3,0,0
1784905743.319983,engine_on_counter,0,0
1784905743.319983,engine_off_counter,27,27
1784905743.324408,wheel_speed_rear,0.0,0
1784905743.324408,wheel_speed_front,0.0,0
1784905743.324408,rear_speed_band,0.0,0
1784905743.338226,wheel_speed_rear,0.0,0
1784905743.338226,wheel_speed_front,0.0,0
1784905743.338226,rear_speed_band,0.0,0
1784905743.346837,engine_torque,166,166
1784905743.346837,shift_cut_active,off,0
1784905743.346837,shift_blip_active,off,0
1784905743.346899,gear_position,N,0
1784905743.346899,clutch,RELEASED,0
1784905743.346899,shift_failed,OK,0
1784905743.350945,rpm,0,0
1784905743.350945,throttle_position,0,0
1784905743.364963,kill_switch,RUN,1
1784905743.364963,time_bin_541_d3,0,0
1784905743.364963,engine_on_counter,0,0
1784905743.364963,engine_off_counter,27,27
1784905743.370779,wheel_speed_rear,0.0,0
1784905743.370779,wheel_speed_front,0.0,0
1784905743.370779,rear_speed_band,0.0,0
1784905743.370876,signal_12a_d1_bit2,1,1
1784905743.370876,abs_lamp,LIT,1
1784905743.370911,wheel_speed_rear,0.0,0
1784905743.370911,wheel_speed_front,0.0,0
1784905743.370911,rear_speed_band,0.0,0
1784905743.370945,engine_torque,166,166
1784905743.370945,shift_cut_active,off,0
1784905743.370945,shift_blip_active,off,0
1784905743.370980,gear_position,N,0
1784905743.370980,clutch,RELEASED,0
1784905743.370980,shift_failed,OK,0
1784905743.371015,rpm,0,0
1784905743.371015,throttle_position,0,0
1784905743.371050,kill_switch,RUN,1
1784905743.371050,time_bin_541_d3,0,0
1784905743.371050,engine_on_counter,0,0
1784905743.371050,engine_off_counter,27,27
1784905743.371087,wheel_speed_rear,0.0,0
1784905743.371087,wheel_speed_front,0.0,0
1784905743.371087,rear_speed_band,0.0,0
1784905743.374945,wheel_speed_rear,0.0,0
1784905743.374945,wheel_speed_front,0.0,0
1784905743.374945,rear_speed_band,0.0,0
1784905743.379927,engine_torque,166,166
1784905743.379927,shift_cut_active,off,0
1784905743.379927,shift_blip_active,off,0
1784905743.384129,gear_position,N,0
1784905743.384129,clutch,RELEASED,0
1784905743.384129,shift_failed,OK,0
1784905743.392842,rpm,0,0
1784905743.392842,throttle_position,0,0
1784905743.397041,kill_switch,RUN,1
1784905743.397041,time_bin_541_d3,0,0
1784905743.397041,engine_on_counter,0,0
1784905743.397041,engine_off_counter,27,27
1784905743.406317,wheel_speed_rear,0.0,0
1784905743.406317,wheel_speed_front,0.0,0
1784905743.406317,rear_speed_band,0.0,0
1784905743.413128,wheel_speed_rear,0.0,0
1784905743.413128,wheel_speed_front,0.0,0
1784905743.413128,rear_speed_band,0.0,0
1784905743.413187,signal_12a_d1_bit2,1,1
1784905743.413187,abs_lamp,LIT,1
1784905743.417975,engine_torque,166,166
1784905743.417975,shift_cut_active,off,0
1784905743.417975,shift_blip_active,off,0
1784905743.428675,gear_position,N,0
1784905743.428675,clutch,RELEASED,0
1784905743.428675,shift_failed,OK,0
1784905743.428747,coolant_temp,23.700000000000003,237
1784905743.428747,fuel_injection_setpoint,0,0
1784905743.428747,side_stand,DOWN,0
1784905743.432933,rpm,0,0
1784905743.432933,throttle_position,0,0
1784905743.437749,kill_switch,RUN,1
1784905743.437749,time_bin_541_d3,0,0
1784905743.437749,engine_on_counter,0,0
1784905743.437749,engine_off_counter,27,27
1784905743.448006,wheel_speed_rear,0.0,0
1784905743.448006,wheel_speed_front,0.0,0
1784905743.448006,rear_speed_band,0.0,0
1784905743.454527,wheel_speed_rear,0.0,0
1784905743.454527,wheel_speed_front,0.0,0
1784905743.454527,rear_speed_band,0.0,0
1784905743.459897,engine_torque,166,166
1784905743.459897,shift_cut_active,off,0
1784905743.459897,shift_blip_active,off,0
1784905743.459944,gear_position,N,0
1784905743.459944,clutch,RELEASED,0
1784905743.459944,shift_failed,OK,0
1784905743.459978,rpm,0,0
1784905743.459978,throttle_position,0,0
1784905743.464499,kill_switch,RUN,1
1784905743.464499,time_bin_541_d3,0,0
1784905743.464499,engine_on_counter,0,0
1784905743.464499,engine_off_counter,27,27
1784905743.469444,wheel_speed_rear,0.0,0
1784905743.469444,wheel_speed_front,0.0,0
1784905743.469444,rear_speed_band,0.0,0
1784905743.469547,engine_torque,166,166
1784905743.469547,shift_cut_active,off,0
1784905743.469547,shift_blip_active,off,0
1784905743.474813,wheel_speed_rear,0.0,0
1784905743.474813,wheel_speed_front,0.0,0
1784905743.474813,rear_speed_band,0.0,0
1784905743.488163,engine_torque,166,166
1784905743.488163,shift_cut_active,off,0
1784905743.488163,shift_blip_active,off,0
1784905743.504968,wheel_speed_rear,0.0,0
1784905743.504968,wheel_speed_front,0.0,0
1784905743.504968,rear_speed_band,0.0,0
1784905743.505033,engine_torque,166,166
1784905743.505033,shift_cut_active,off,0
1784905743.505033,shift_blip_active,off,0
1784905743.509153,rpm,0,0
1784905743.509153,throttle_position,0,0
1784905743.515782,wheel_speed_rear,0.0,0
1784905743.515782,wheel_speed_front,0.0,0
1784905743.515782,rear_speed_band,0.0,0
1784905743.515872,gear_position,N,0
1784905743.515872,clutch,RELEASED,0
1784905743.515872,shift_failed,OK,0
1784905743.515911,wheel_speed_rear,0.0,0
1784905743.515911,wheel_speed_front,0.0,0
1784905743.515911,rear_speed_band,0.0,0
1784905743.515948,engine_torque,166,166
1784905743.515948,shift_cut_active,off,0
1784905743.515948,shift_blip_active,off,0
1784905743.515983,gear_position,N,0
1784905743.515983,clutch,RELEASED,0
1784905743.515983,shift_failed,OK,0
1784905743.520727,rpm,0,0
1784905743.520727,throttle_position,0,0
1784905743.520821,kill_switch,RUN,1
1784905743.520821,time_bin_541_d3,0,0
1784905743.520821,engine_on_counter,0,0
1784905743.520821,engine_off_counter,27,27
1784905743.520857,wheel_speed_rear,0.0,0
1784905743.520857,wheel_speed_front,0.0,0
1784905743.520857,rear_speed_band,0.0,0
1784905743.531009,wheel_speed_rear,0.0,0
1784905743.531009,wheel_speed_front,0.0,0
1784905743.531009,rear_speed_band,0.0,0
1784905743.531110,engine_torque,166,166
1784905743.531110,shift_cut_active,off,0
1784905743.531110,shift_blip_active,off,0
1784905743.537707,gear_position,N,0
1784905743.537707,clutch,RELEASED,0
1784905743.537707,shift_failed,OK,0
1784905743.546814,rpm,0,0
1784905743.546814,throttle_position,0,0
1784905743.550869,kill_switch,RUN,1
1784905743.550869,time_bin_541_d3,0,0
1784905743.550869,engine_on_counter,0,0
1784905743.550869,engine_off_counter,27,27
1784905743.560802,wheel_speed_rear,0.0,0
1784905743.560802,wheel_speed_front,0.0,0
1784905743.560802,rear_speed_band,0.0,0
1784905743.570689,wheel_speed_rear,0.0,0
1784905743.570689,wheel_speed_front,0.0,0
1784905743.570689,rear_speed_band,0.0,0
1784905743.575589,engine_torque,166,166
1784905743.575589,shift_cut_active,off,0
1784905743.575589,shift_blip_active,off,0
1784905743.584384,kill_switch,RUN,1
1784905743.584384,time_bin_541_d3,0,0
1784905743.584384,engine_on_counter,0,0
1784905743.584384,engine_off_counter,27,27
1784905743.598438,wheel_speed_rear,0.0,0
1784905743.598438,wheel_speed_front,0.0,0
1784905743.598438,rear_speed_band,0.0,0
1784905743.607657,engine_torque,166,166
1784905743.607657,shift_cut_active,off,0
1784905743.607657,shift_blip_active,off,0
1784905743.607740,gear_position,N,0
1784905743.607740,clutch,RELEASED,0
1784905743.607740,shift_failed,OK,0
1784905743.611494,rpm,0,0
1784905743.611494,throttle_position,0,0
1784905743.619855,kill_switch,RUN,1
1784905743.619855,time_bin_541_d3,0,0
1784905743.619855,engine_on_counter,0,0
1784905743.619855,engine_off_counter,27,27
1784905743.627131,wheel_speed_rear,0.0,0
1784905743.627131,wheel_speed_front,0.0,0
1784905743.627131,rear_speed_band,0.0,0
1784905743.627239,wheel_speed_rear,0.0,0
1784905743.627239,wheel_speed_front,0.0,0
1784905743.627239,rear_speed_band,0.0,0
1784905743.631898,signal_12a_d1_bit2,1,1
1784905743.631898,abs_lamp,LIT,1
1784905743.631948,engine_torque,166,166
1784905743.631948,shift_cut_active,off,0
1784905743.631948,shift_blip_active,off,0
1784905743.637385,gear_position,N,0
1784905743.637385,clutch,RELEASED,0
1784905743.637385,shift_failed,OK,0
1784905743.641964,coolant_temp,23.700000000000003,237
1784905743.641964,fuel_injection_setpoint,0,0
1784905743.641964,side_stand,DOWN,0
1784905743.642043,rpm,0,0
1784905743.642043,throttle_position,0,0
1784905743.646677,wheel_speed_rear,0.0,0
1784905743.646677,wheel_speed_front,0.0,0
1784905743.646677,rear_speed_band,0.0,0
1784905743.657285,engine_torque,166,166
1784905743.657285,shift_cut_active,off,0
1784905743.657285,shift_blip_active,off,0
1784905743.657361,gear_position,N,0
1784905743.657361,clutch,RELEASED,0
1784905743.657361,shift_failed,OK,0
1784905743.657401,rpm,0,0
1784905743.657401,throttle_position,0,0
1784905743.657437,wheel_speed_rear,0.0,0
1784905743.657437,wheel_speed_front,0.0,0
1784905743.657437,rear_speed_band,0.0,0
1784905743.666580,engine_torque,166,166
1784905743.666580,shift_cut_active,off,0
1784905743.666580,shift_blip_active,off,0
1784905743.679013,gear_position,N,0
1784905743.679013,clutch,RELEASED,0
1784905743.679013,shift_failed,OK,0
1784905743.694049,rpm,0,0
1784905743.694049,throttle_position,0,0
1784905743.699229,kill_switch,RUN,1
1784905743.699229,time_bin_541_d3,0,0
1784905743.699229,engine_on_counter,0,0
1784905743.699229,engine_off_counter,27,27
1784905743.709898,wheel_speed_rear,0.0,0
1784905743.709898,wheel_speed_front,0.0,0
1784905743.709898,rear_speed_band,0.0,0
1784905743.710012,engine_torque,166,166
1784905743.710012,shift_cut_active,off,0
1784905743.710012,shift_blip_active,off,0
1784905743.710050,gear_position,N,0
1784905743.710050,clutch,RELEASED,0
1784905743.710050,shift_failed,OK,0
1784905743.714460,rpm,0,0
1784905743.714460,throttle_position,0,0
1784905743.721111,kill_switch,RUN,1
1784905743.721111,time_bin_541_d3,0,0
1784905743.721111,engine_on_counter,0,0
1784905743.721111,engine_off_counter,27,27
1784905743.726360,wheel_speed_rear,0.0,0
1784905743.726360,wheel_speed_front,0.0,0
1784905743.726360,rear_speed_band,0.0,0
1784905743.731764,wheel_speed_rear,0.0,0
1784905743.731764,wheel_speed_front,0.0,0
1784905743.731764,rear_speed_band,0.0,0
1784905743.736402,engine_torque,166,166
1784905743.736402,shift_cut_active,off,0
1784905743.736402,shift_blip_active,off,0
1784905743.736465,gear_position,N,0
1784905743.736465,clutch,RELEASED,0
1784905743.736465,shift_failed,OK,0
1784905743.740956,rpm,0,0
1784905743.740956,throttle_position,0,0
1784905743.747004,wheel_speed_rear,0.0,0
1784905743.747004,wheel_speed_front,0.0,0
1784905743.747004,rear_speed_band,0.0,0
1784905743.751171,wheel_speed_rear,0.0,0
1784905743.751171,wheel_speed_front,0.0,0
1784905743.751171,rear_speed_band,0.0,0
1784905743.751238,wheel_speed_rear,0.0,0
1784905743.751238,wheel_speed_front,0.0,0
1784905743.751238,rear_speed_band,0.0,0
1784905743.760628,engine_torque,166,166
1784905743.760628,shift_cut_active,off,0
1784905743.760628,shift_blip_active,off,0
1784905743.764157,gear_position,N,0
1784905743.764157,clutch,RELEASED,0
1784905743.764157,shift_failed,OK,0
1784905743.764204,rpm,0,0
1784905743.764204,throttle_position,0,0
1784905743.780323,kill_switch,RUN,1
1784905743.780323,time_bin_541_d3,0,0
1784905743.780323,engine_on_counter,0,0
1784905743.780323,engine_off_counter,27,27
1784905743.784655,wheel_speed_rear,0.0,0
1784905743.784655,wheel_speed_front,0.0,0
1784905743.784655,rear_speed_band,0.0,0
1784905743.790468,wheel_speed_rear,0.0,0
1784905743.790468,wheel_speed_front,0.0,0
1784905743.790468,rear_speed_band,0.0,0
1784905743.790548,engine_torque,166,166
1784905743.790548,shift_cut_active,off,0
1784905743.790548,shift_blip_active,off,0
1784905743.790583,gear_position,N,0
1784905743.790583,clutch,RELEASED,0
1784905743.790583,shift_failed,OK,0
1784905743.794222,rpm,0,0
1784905743.794222,throttle_position,0,0
1784905743.799054,kill_switch,RUN,1
1784905743.799054,time_bin_541_d3,0,0
1784905743.799054,engine_on_counter,0,0
1784905743.799054,engine_off_counter,27,27
1784905743.811519,wheel_speed_rear,0.0,0
1784905743.811519,wheel_speed_front,0.0,0
1784905743.811519,rear_speed_band,0.0,0
1784905743.811633,signal_12a_d1_bit2,1,1
1784905743.811633,abs_lamp,LIT,1
1784905743.811703,wheel_speed_rear,0.0,0
1784905743.811703,wheel_speed_front,0.0,0
1784905743.811703,rear_speed_band,0.0,0
1784905743.811737,engine_torque,166,166
1784905743.811737,shift_cut_active,off,0
1784905743.811737,shift_blip_active,off,0
1784905743.811772,gear_position,N,0
1784905743.811772,clutch,RELEASED,0
1784905743.811772,shift_failed,OK,0
1784905743.816635,rpm,0,0
1784905743.816635,throttle_position,0,0
1784905743.824250,wheel_speed_rear,0.0,0
1784905743.824250,wheel_speed_front,0.0,0
1784905743.824250,rear_speed_band,0.0,0
1784905743.824415,wheel_speed_rear,0.0,0
1784905743.824415,wheel_speed_front,0.0,0
1784905743.824415,rear_speed_band,0.0,0
1784905743.828603,engine_torque,166,166
1784905743.828603,shift_cut_active,off,0
1784905743.828603,shift_blip_active,off,0
1784905743.832997,wheel_speed_rear,0.0,0
1784905743.832997,wheel_speed_front,0.0,0
1784905743.832997,rear_speed_band,0.0,0
1784905743.839018,wheel_speed_rear,0.0,0
1784905743.839018,wheel_speed_front,0.0,0
1784905743.839018,rear_speed_band,0.0,0
1784905743.844170,engine_torque,166,166
1784905743.844170,shift_cut_active,off,0
1784905743.844170,shift_blip_active,off,0
1784905743.844236,gear_position,N,0
1784905743.844236,clutch,RELEASED,0
1784905743.844236,shift_failed,OK,0
1784905743.844277,wheel_speed_rear,0.0,0
1784905743.844277,wheel_speed_front,0.0,0
1784905743.844277,rear_speed_band,0.0,0
1784905743.848876,engine_torque,166,166
1784905743.848876,shift_cut_active,off,0
1784905743.848876,shift_blip_active,off,0
1784905743.848918,gear_position,N,0
1784905743.848918,clutch,RELEASED,0
1784905743.848918,shift_failed,OK,0
1784905743.848955,rpm,0,0
1784905743.848955,throttle_position,0,0
1784905743.858393,wheel_speed_rear,0.0,0
1784905743.858393,wheel_speed_front,0.0,0
1784905743.858393,rear_speed_band,0.0,0
1784905743.870887,wheel_speed_rear,0.0,0
1784905743.870887,wheel_speed_front,0.0,0
1784905743.870887,rear_speed_band,0.0,0
1784905743.870966,engine_torque,166,166
1784905743.870966,shift_cut_active,off,0
1784905743.870966,shift_blip_active,off,0
1784905743.878173,gear_position,N,0
1784905743.878173,clutch,RELEASED,0
1784905743.878173,shift_failed,OK,0
1784905743.878233,rpm,0,0
1784905743.878233,throttle_position,0,0
1784905743.878269,kill_switch,RUN,1
1784905743.878269,time_bin_541_d3,0,0
1784905743.878269,engine_on_counter,0,0
1784905743.878269,engine_off_counter,27,27
1784905743.878306,wheel_speed_rear,0.0,0
1784905743.878306,wheel_speed_front,0.0,0
1784905743.878306,rear_speed_band,0.0,0
1784905743.882312,signal_12a_d1_bit2,1,1
1784905743.882312,abs_lamp,LIT,1
1784905743.882365,wheel_speed_rear,0.0,0
1784905743.882365,wheel_speed_front,0.0,0
1784905743.882365,rear_speed_band,0.0,0
1784905743.891126,engine_torque,166,166
1784905743.891126,shift_cut_active,off,0
1784905743.891126,shift_blip_active,off,0
1784905743.896060,gear_position,N,0
1784905743.896060,clutch,RELEASED,0
1784905743.896060,shift_failed,OK,0
1784905743.900492,rpm,0,0
1784905743.900492,throttle_position,0,0
1784905743.908829,kill_switch,RUN,1
1784905743.908829,time_bin_541_d3,0,0
1784905743.908829,engine_on_counter,0,0
1784905743.908829,engine_off_counter,27,27
1784905743.929168,wheel_speed_rear,0.0,0
1784905743.929168,wheel_speed_front,0.0,0
1784905743.929168,rear_speed_band,0.0,0
1784905743.929239,signal_12a_d1_bit2,1,1
1784905743.929239,abs_lamp,LIT,1
1784905743.929277,rpm,0,0
1784905743.929277,throttle_position,0,0
1784905743.929310,wheel_speed_rear,0.0,0
1784905743.929310,wheel_speed_front,0.0,0
1784905743.929310,rear_speed_band,0.0,0
1784905743.929344,engine_torque,166,166
1784905743.929344,shift_cut_active,off,0
1784905743.929344,shift_blip_active,off,0
1784905743.929377,gear_position,N,0
1784905743.929377,clutch,RELEASED,0
1784905743.929377,shift_failed,OK,0
1784905743.929409,rpm,0,0
1784905743.929409,throttle_position,0,0
1784905743.929480,kill_switch,RUN,1
1784905743.929480,time_bin_541_d3,0,0
1784905743.929480,engine_on_counter,0,0
1784905743.929480,engine_off_counter,27,27
1784905743.934201,wheel_speed_rear,0.0,0
1784905743.934201,wheel_speed_front,0.0,0
1784905743.934201,rear_speed_band,0.0,0
1784905743.934244,wheel_speed_rear,0.0,0
1784905743.934244,wheel_speed_front,0.0,0
1784905743.934244,rear_speed_band,0.0,0
1784905743.934279,engine_torque,166,166
1784905743.934279,shift_cut_active,off,0
1784905743.934279,shift_blip_active,off,0
1784905743.944380,gear_position,N,0
1784905743.944380,clutch,RELEASED,0
1784905743.944380,shift_failed,OK,0
1784905743.944464,rpm,0,0
1784905743.944464,throttle_position,0,0
1784905743.950918,kill_switch,RUN,1
1784905743.950918,time_bin_541_d3,0,0
1784905743.950918,engine_on_counter,0,0
1784905743.950918,engine_off_counter,27,27
1784905743.957191,wheel_speed_rear,0.0,0
1784905743.957191,wheel_speed_front,0.0,0
1784905743.957191,rear_speed_band,0.0,0
1784905743.957329,wheel_speed_rear,0.0,0
1784905743.957329,wheel_speed_front,0.0,0
1784905743.957329,rear_speed_band,0.0,0
1784905743.957378,engine_torque,166,166
1784905743.957378,shift_cut_active,off,0
1784905743.957378,shift_blip_active,off,0
1784905743.959849,gear_position,N,0
1784905743.959849,clutch,RELEASED,0
1784905743.959849,shift_failed,OK,0
1784905743.965783,rpm,0,0
1784905743.965783,throttle_position,0,0
1784905743.979803,wheel_speed_rear,0.0,0
1784905743.979803,wheel_speed_front,0.0,0
1784905743.979803,rear_speed_band,0.0,0
1784905743.979862,rpm,0,0
1784905743.979862,throttle_position,0,0
1784905743.990437,wheel_speed_rear,0.0,0
1784905743.990437,wheel_speed_front,0.0,0
1784905743.990437,rear_speed_band,0.0,0
1784905743.993270,signal_12a_d1_bit2,1,1
1784905743.993270,abs_lamp,LIT,1
1784905743.993356,engine_torque,166,166
1784905743.993356,shift_cut_active,off,0
1784905743.993356,shift_blip_active,off,0
1784905743.998391,gear_position,N,0
1784905743.998391,clutch,RELEASED,0
1784905743.998391,shift_failed,OK,0
1784905744.010170,coolant_temp,23.700000000000003,237
1784905744.010170,fuel_injection_setpoint,0,0
1784905744.010170,side_stand,DOWN,0
1784905744.014310,wheel_speed_rear,0.0,0
1784905744.014310,wheel_speed_front,0.0,0
1784905744.014310,rear_speed_band,0.0,0
1784905744.018571,engine_torque,166,166
1784905744.018571,shift_cut_active,off,0
1784905744.018571,shift_blip_active,off,0
1784905744.030784,gear_position,N,0
1784905744.030784,clutch,RELEASED,0
1784905744.030784,shift_failed,OK,0
1784905744.030844,rpm,0,0
1784905744.030844,throttle_position,0,0
1784905744.030914,kill_switch,RUN,1
1784905744.030914,time_bin_541_d3,0,0
1784905744.030914,engine_on_counter,0,0
1784905744.030914,engine_off_counter,28,28
1784905744.030948,wheel_speed_rear,0.0,0
1784905744.030948,wheel_speed_front,0.0,0
1784905744.030948,rear_speed_band,0.0,0
1784905744.031016,wheel_speed_rear,0.0,0
1784905744.031016,wheel_speed_front,0.0,0
1784905744.031016,rear_speed_band,0.0,0
1784905744.036704,engine_torque,166,166
1784905744.036704,shift_cut_active,off,0
1784905744.036704,shift_blip_active,off,0
1784905744.041737,gear_position,N,0
1784905744.041737,clutch,RELEASED,0
1784905744.041737,shift_failed,OK,0
1784905744.041789,rpm,0,0
1784905744.041789,throttle_position,0,0
1784905744.046820,kill_switch,RUN,1
1784905744.046820,time_bin_541_d3,0,0
1784905744.046820,engine_on_counter,0,0
1784905744.046820,engine_off_counter,28,28
1784905744.046890,wheel_speed_rear,0.0,0
1784905744.046890,wheel_speed_front,0.0,0
1784905744.046890,rear_speed_band,0.0,0
1784905744.046936,wheel_speed_rear,0.0,0
1784905744.046936,wheel_speed_front,0.0,0
1784905744.046936,rear_speed_band,0.0,0
1784905744.057739,engine_torque,166,166
1784905744.057739,shift_cut_active,off,0
1784905744.057739,shift_blip_active,off,0
1784905744.062397,gear_position,N,0
1784905744.062397,clutch,RELEASED,0
1784905744.062397,shift_failed,OK,0
1784905744.066774,rpm,0,0
1784905744.066774,throttle_position,0,0
1784905744.066847,kill_switch,RUN,1
1784905744.066847,time_bin_541_d3,0,0
1784905744.066847,engine_on_counter,0,0
1784905744.066847,engine_off_counter,28,28
1784905744.066882,wheel_speed_rear,0.0,0
1784905744.066882,wheel_speed_front,0.0,0
1784905744.066882,rear_speed_band,0.0,0
1784905744.082454,wheel_speed_rear,0.0,0
1784905744.082454,wheel_speed_front,0.0,0
1784905744.082454,rear_speed_band,0.0,0
1784905744.082527,engine_torque,166,166
1784905744.082527,shift_cut_active,off,0
1784905744.082527,shift_blip_active,off,0
1784905744.086961,gear_position,N,0
1784905744.086961,clutch,RELEASED,0
1784905744.086961,shift_failed,OK,0
1784905744.090874,rpm,0,0
1784905744.090874,throttle_position,0,0
1784905744.090920,kill_switch,RUN,1
1784905744.090920,time_bin_541_d3,0,0
1784905744.090920,engine_on_counter,0,0
1784905744.090920,engine_off_counter,28,28
1784905744.095367,wheel_speed_rear,0.0,0
1784905744.095367,wheel_speed_front,0.0,0
1784905744.095367,rear_speed_band,0.0,0
1784905744.110911,wheel_speed_rear,0.0,0
1784905744.110911,wheel_speed_front,0.0,0
1784905744.110911,rear_speed_band,0.0,0
1784905744.110960,engine_torque,166,166
1784905744.110960,shift_cut_active,off,0
1784905744.110960,shift_blip_active,off,0
1784905744.110996,gear_position,N,0
1784905744.110996,clutch,RELEASED,0
1784905744.110996,shift_failed,OK,0
1784905744.120223,wheel_speed_rear,0.0,0
1784905744.120223,wheel_speed_front,0.0,0
1784905744.120223,rear_speed_band,0.0,0
1784905744.127594,wheel_speed_rear,0.0,0
1784905744.127594,wheel_speed_front,0.0,0
1784905744.127594,rear_speed_band,0.0,0
1784905744.127666,engine_torque,166,166
1784905744.127666,shift_cut_active,off,0
1784905744.127666,shift_blip_active,off,0
1784905744.133060,gear_position,N,0
1784905744.133060,clutch,RELEASED,0
1784905744.133060,shift_failed,OK,0
1784905744.133105,wheel_speed_rear,0.0,0
1784905744.133105,wheel_speed_front,0.0,0
1784905744.133105,rear_speed_band,0.0,0
1784905744.133142,engine_torque,166,166
1784905744.133142,shift_cut_active,off,0
1784905744.133142,shift_blip_active,off,0
1784905744.133179,gear_position,N,0
1784905744.133179,clutch,RELEASED,0
1784905744.133179,shift_failed,OK,0
1784905744.133211,rpm,0,0
1784905744.133211,throttle_position,0,0
1784905744.133246,kill_switch,RUN,1
1784905744.133246,time_bin_541_d3,0,0
1784905744.133246,engine_on_counter,0,0
1784905744.133246,engine_off_counter,28,28
1784905744.133282,wheel_speed_rear,0.0,0
1784905744.133282,wheel_speed_front,0.0,0
1784905744.133282,rear_speed_band,0.0,0
1784905744.151634,signal_12a_d1_bit2,1,1
1784905744.151634,abs_lamp,LIT,1
1784905744.166757,wheel_speed_rear,0.0,0
1784905744.166757,wheel_speed_front,0.0,0
1784905744.166757,rear_speed_band,0.0,0
1784905744.170995,engine_torque,166,166
1784905744.170995,shift_cut_active,off,0
1784905744.170995,shift_blip_active,off,0
1784905744.180689,gear_position,N,0
1784905744.180689,clutch,RELEASED,0
1784905744.180689,shift_failed,OK,0
1784905744.184765,rpm,0,0
1784905744.184765,throttle_position,0,0
1784905744.191109,kill_switch,RUN,1
1784905744.191109,time_bin_541_d3,0,0
1784905744.191109,engine_on_counter,0,0
1784905744.191109,engine_off_counter,28,28
1784905744.195252,wheel_speed_rear,0.0,0
1784905744.195252,wheel_speed_front,0.0,0
1784905744.195252,rear_speed_band,0.0,0
1784905744.206934,wheel_speed_rear,0.0,0
1784905744.206934,wheel_speed_front,0.0,0
1784905744.206934,rear_speed_band,0.0,0
1784905744.211072,engine_torque,166,166
1784905744.211072,shift_cut_active,off,0
1784905744.211072,shift_blip_active,off,0
1784905744.211129,gear_position,N,0
1784905744.211129,clutch,RELEASED,0
1784905744.211129,shift_failed,OK,0
1784905744.220332,rpm,0,0
1784905744.220332,throttle_position,0,0
1784905744.225289,kill_switch,RUN,1
1784905744.225289,time_bin_541_d3,0,0
1784905744.225289,engine_on_counter,0,0
1784905744.225289,engine_off_counter,28,28
1784905744.232498,wheel_speed_rear,0.0,0
1784905744.232498,wheel_speed_front,0.0,0
1784905744.232498,rear_speed_band,0.0,0
1784905744.232592,wheel_speed_rear,0.0,0
1784905744.232592,wheel_speed_front,0.0,0
1784905744.232592,rear_speed_band,0.0,0
1784905744.232631,engine_torque,166,166
1784905744.232631,shift_cut_active,off,0
1784905744.232631,shift_blip_active,off,0
1784905744.232668,gear_position,N,0
1784905744.232668,clutch,RELEASED,0
1784905744.232668,shift_failed,OK,0
1784905744.232707,rpm,0,0
1784905744.232707,throttle_position,0,0
1784905744.232743,wheel_speed_rear,0.0,0
1784905744.232743,wheel_speed_front,0.0,0
1784905744.232743,rear_speed_band,0.0,0
1784905744.232779,engine_torque,166,166
1784905744.232779,shift_cut_active,off,0
1784905744.232779,shift_blip_active,off,0
1784905744.243574,gear_position,N,0
1784905744.243574,clutch,RELEASED,0
1784905744.243574,shift_failed,OK,0
1784905744.243665,rpm,0,0
1784905744.243665,throttle_position,0,0
1784905744.253220,kill_switch,RUN,1
1784905744.253220,time_bin_541_d3,0,0
1784905744.253220,engine_on_counter,0,0
1784905744.253220,engine_off_counter,28,28
1784905744.263177,wheel_speed_rear,0.0,0
1784905744.263177,wheel_speed_front,0.0,0
1784905744.263177,rear_speed_band,0.0,0
1784905744.268064,engine_torque,166,166
1784905744.268064,shift_cut_active,off,0
1784905744.268064,shift_blip_active,off,0
1784905744.268112,gear_position,N,0
1784905744.268112,clutch,RELEASED,0
1784905744.268112,shift_failed,OK,0
1784905744.268147,rpm,0,0
1784905744.268147,throttle_position,0,0
1784905744.278686,kill_switch,RUN,1
1784905744.278686,time_bin_541_d3,0,0
1784905744.278686,engine_on_counter,0,0
1784905744.278686,engine_off_counter,28,28
1784905744.278775,wheel_speed_rear,0.0,0
1784905744.278775,wheel_speed_front,0.0,0
1784905744.278775,rear_speed_band,0.0,0
1784905744.280133,signal_12a_d1_bit2,1,1
1784905744.280133,abs_lamp,LIT,1
1784905744.280204,wheel_speed_rear,0.0,0
1784905744.280204,wheel_speed_front,0.0,0
1784905744.280204,rear_speed_band,0.0,0
1784905744.285935,engine_torque,166,166
1784905744.285935,shift_cut_active,off,0
1784905744.285935,shift_blip_active,off,0
1784905744.286000,gear_position,N,0
1784905744.286000,clutch,RELEASED,0
1784905744.286000,shift_failed,OK,0
1784905744.296981,rpm,0,0
1784905744.296981,throttle_position,0,0
1784905744.306776,wheel_speed_rear,0.0,0
1784905744.306776,wheel_speed_front,0.0,0
1784905744.306776,rear_speed_band,0.0,0
1784905744.327509,wheel_speed_rear,0.0,0
1784905744.327509,wheel_speed_front,0.0,0
1784905744.327509,rear_speed_band,0.0,0
1784905744.335197,engine_torque,166,166
1784905744.335197,shift_cut_active,off,0
1784905744.335197,shift_blip_active,off,0
1784905744.335278,gear_position,N,0
1784905744.335278,clutch,RELEASED,0
1784905744.335278,shift_failed,OK,0
1784905744.335329,wheel_speed_rear,0.0,0
1784905744.335329,wheel_speed_front,0.0,0
1784905744.335329,rear_speed_band,0.0,0
1784905744.335512,wheel_speed_rear,0.0,0
1784905744.335512,wheel_speed_front,0.0,0
1784905744.335512,rear_speed_band,0.0,0
1784905744.340977,signal_12a_d1_bit2,1,1
1784905744.340977,abs_lamp,LIT,1
1784905744.345107,engine_torque,166,166
1784905744.345107,shift_cut_active,off,0
1784905744.345107,shift_blip_active,off,0
1784905744.348470,gear_position,N,0
1784905744.348470,clutch,RELEASED,0
1784905744.348470,shift_failed,OK,0
1784905744.357597,coolant_temp,23.700000000000003,237
1784905744.357597,fuel_injection_setpoint,0,0
1784905744.357597,side_stand,DOWN,0
1784905744.368411,wheel_speed_rear,0.0,0
1784905744.368411,wheel_speed_front,0.0,0
1784905744.368411,rear_speed_band,0.0,0
1784905744.372343,engine_torque,166,166
1784905744.372343,shift_cut_active,off,0
1784905744.372343,shift_blip_active,off,0
1784905744.382237,gear_position,N,0
1784905744.382237,clutch,RELEASED,0
1784905744.382237,shift_failed,OK,0
1784905744.382320,rpm,0,0
1784905744.382320,throttle_position,0,0
1784905744.389964,wheel_speed_rear,0.0,0
1784905744.389964,wheel_speed_front,0.0,0
1784905744.389964,rear_speed_band,0.0,0
1784905744.390093,wheel_speed_rear,0.0,0
1784905744.390093,wheel_speed_front,0.0,0
1784905744.390093,rear_speed_band,0.0,0
1784905744.390134,engine_torque,166,166
1784905744.390134,shift_cut_active,off,0
1784905744.390134,shift_blip_active,off,0
1784905744.394560,gear_position,N,0
1784905744.394560,clutch,RELEASED,0
1784905744.394560,shift_failed,OK,0
1784905744.394620,rpm,0,0
1784905744.394620,throttle_position,0,0
1784905744.394658,kill_switch,RUN,1
1784905744.394658,time_bin_541_d3,0,0
1784905744.394658,engine_on_counter,0,0
1784905744.394658,engine_off_counter,28,28
1784905744.394694,wheel_speed_rear,0.0,0
1784905744.394694,wheel_speed_front,0.0,0
1784905744.394694,rear_speed_band,0.0,0
1784905744.394786,signal_12a_d1_bit2,1,1
1784905744.394786,abs_lamp,LIT,1
1784905744.399593,wheel_speed_rear,0.0,0
1784905744.399593,wheel_speed_front,0.0,0
1784905744.399593,rear_speed_band,0.0,0
1784905744.405455,kill_switch,RUN,1
1784905744.405455,time_bin_541_d3,0,0
1784905744.405455,engine_on_counter,0,0
1784905744.405455,engine_off_counter,28,28
1784905744.409158,wheel_speed_rear,0.0,0
1784905744.409158,wheel_speed_front,0.0,0
1784905744.409158,rear_speed_band,0.0,0
1784905744.412923,gear_position,N,0
1784905744.412923,clutch,RELEASED,0
1784905744.412923,shift_failed,OK,0
1784905744.418720,wheel_speed_rear,0.0,0
1784905744.418720,wheel_speed_front,0.0,0
1784905744.418720,rear_speed_band,0.0,0
1784905744.424700,signal_12a_d1_bit2,1,1
1784905744.424700,abs_lamp,LIT,1
1784905744.431376,engine_torque,166,166
1784905744.431376,shift_cut_active,off,0
1784905744.431376,shift_blip_active,off,0
1784905744.437401,gear_position,N,0
1784905744.437401,clutch,RELEASED,0
1784905744.437401,shift_failed,OK,0
1784905744.437474,coolant_temp,23.700000000000003,237
1784905744.437474,fuel_injection_setpoint,0,0
1784905744.437474,side_stand,DOWN,0
1784905744.437516,kill_switch,RUN,1
1784905744.437516,time_bin_541_d3,0,0
1784905744.437516,engine_on_counter,0,0
1784905744.437516,engine_off_counter,28,28
1784905744.437553,wheel_speed_rear,0.0,0
1784905744.437553,wheel_speed_front,0.0,0
1784905744.437553,rear_speed_band,0.0,0
1784905744.446193,engine_torque,166,166
1784905744.446193,shift_cut_active,off,0
1784905744.446193,shift_blip_active,off,0
1784905744.457314,gear_position,N,0
1784905744.457314,clutch,RELEASED,0
1784905744.457314,shift_failed,OK,0
1784905744.461111,wheel_speed_rear,0.0,0
1784905744.461111,wheel_speed_front,0.0,0
1784905744.461111,rear_speed_band,0.0,0
1784905744.465186,engine_torque,166,166
1784905744.465186,shift_cut_active,off,0
1784905744.465186,shift_blip_active,off,0
1784905744.468844,gear_position,N,0
1784905744.468844,clutch,RELEASED,0
1784905744.468844,shift_failed,OK,0
1784905744.479311,rpm,0,0
1784905744.479311,throttle_position,0,0
1784905744.484942,kill_switch,RUN,1
1784905744.484942,time_bin_541_d3,0,0
1784905744.484942,engine_on_counter,0,0
1784905744.484942,engine_off_counter,28,28
1784905744.488642,wheel_speed_rear,0.0,0
1784905744.488642,wheel_speed_front,0.0,0
1784905744.488642,rear_speed_band,0.0,0
1784905744.498262,signal_12a_d1_bit2,1,1
1784905744.498262,abs_lamp,LIT,1
1784905744.507486,wheel_speed_rear,0.0,0
1784905744.507486,wheel_speed_front,0.0,0
1784905744.507486,rear_speed_band,0.0,0
1784905744.511653,engine_torque,166,166
1784905744.511653,shift_cut_active,off,0
1784905744.511653,shift_blip_active,off,0
1784905744.516974,gear_position,N,0
1784905744.516974,clutch,RELEASED,0
1784905744.516974,shift_failed,OK,0
1784905744.528234,rpm,0,0
1784905744.528234,throttle_position,0,0
1784905744.536841,wheel_speed_rear,0.0,0
1784905744.536841,wheel_speed_front,0.0,0
1784905744.536841,rear_speed_band,0.0,0
1784905744.542034,engine_torque,166,166
1784905744.542034,shift_cut_active,off,0
1784905744.542034,shift_blip_active,off,0
1784905744.542086,gear_position,N,0
1784905744.542086,clutch,RELEASED,0
1784905744.542086,shift_failed,OK,0
1784905744.546492,rpm,0,0
1784905744.546492,throttle_position,0,0
1784905744.552027,kill_switch,RUN,1
1784905744.552027,time_bin_541_d3,0,0
1784905744.552027,engine_on_counter,0,0
1784905744.552027,engine_off_counter,28,28
1784905744.552090,wheel_speed_rear,0.0,0
1784905744.552090,wheel_speed_front,0.0,0
1784905744.552090,rear_speed_band,0.0,0
1784905744.562261,wheel_speed_rear,0.0,0
1784905744.562261,wheel_speed_front,0.0,0
1784905744.562261,rear_speed_band,0.0,0
1784905744.565968,signal_12a_d1_bit2,1,1
1784905744.565968,abs_lamp,LIT,1
1784905744.570294,engine_torque,166,166
1784905744.570294,shift_cut_active,off,0
1784905744.570294,shift_blip_active,off,0
1784905744.574751,kill_switch,RUN,1
1784905744.574751,time_bin_541_d3,0,0
1784905744.574751,engine_on_counter,0,0
1784905744.574751,engine_off_counter,28,28
1784905744.584182,wheel_speed_rear,0.0,0
1784905744.584182,wheel_speed_front,0.0,0
1784905744.584182,rear_speed_band,0.0,0
1784905744.594956,engine_torque,166,166
1784905744.594956,shift_cut_active,off,0
1784905744.594956,shift_blip_active,off,0
1784905744.595044,wheel_speed_rear,0.0,0
1784905744.595044,wheel_speed_front,0.0,0
1784905744.595044,rear_speed_band,0.0,0
1784905744.599800,wheel_speed_rear,0.0,0
1784905744.599800,wheel_speed_front,0.0,0
1784905744.599800,rear_speed_band,0.0,0
1784905744.599853,engine_torque,166,166
1784905744.599853,shift_cut_active,off,0
1784905744.599853,shift_blip_active,off,0
1784905744.608512,gear_position,N,0
1784905744.608512,clutch,RELEASED,0
1784905744.608512,shift_failed,OK,0
1784905744.619220,rpm,0,0
1784905744.619220,throttle_position,0,0
1784905744.624531,kill_switch,RUN,1
1784905744.624531,time_bin_541_d3,0,0
1784905744.624531,engine_on_counter,0,0
1784905744.624531,engine_off_counter,28,28
1784905744.628095,wheel_speed_rear,0.0,0
1784905744.628095,wheel_speed_front,0.0,0
1784905744.628095,rear_speed_band,0.0,0
1784905744.628156,signal_12a_d1_bit2,1,1
1784905744.628156,abs_lamp,LIT,1
1784905744.639312,wheel_speed_rear,0.0,0
1784905744.639312,wheel_speed_front,0.0,0
1784905744.639312,rear_speed_band,0.0,0
1784905744.644700,wheel_speed_rear,0.0,0
1784905744.644700,wheel_speed_front,0.0,0
1784905744.644700,rear_speed_band,0.0,0
1784905744.644797,engine_torque,166,166
1784905744.644797,shift_cut_active,off,0
1784905744.644797,shift_blip_active,off,0
1784905744.648638,kill_switch,RUN,1
1784905744.648638,time_bin_541_d3,0,0
1784905744.648638,engine_on_counter,0,0
1784905744.648638,engine_off_counter,28,28
1784905744.652952,wheel_speed_rear,0.0,0
1784905744.652952,wheel_speed_front,0.0,0
1784905744.652952,rear_speed_band,0.0,0
1784905744.657652,signal_12a_d1_bit2,1,1
1784905744.657652,abs_lamp,LIT,1
1784905744.657698,engine_torque,166,166
1784905744.657698,shift_cut_active,off,0
1784905744.657698,shift_blip_active,off,0
1784905744.665378,gear_position,N,0
1784905744.665378,clutch,RELEASED,0
1784905744.665378,shift_failed,OK,0
1784905744.680234,coolant_temp,23.700000000000003,237
1784905744.680234,fuel_injection_setpoint,0,0
1784905744.680234,side_stand,DOWN,0
1784905744.699698,rpm,0,0
1784905744.699698,throttle_position,0,0
1784905744.703975,kill_switch,RUN,1
1784905744.703975,time_bin_541_d3,0,0
1784905744.703975,engine_on_counter,0,0
1784905744.703975,engine_off_counter,28,28
1784905744.713829,wheel_speed_rear,0.0,0
1784905744.713829,wheel_speed_front,0.0,0
1784905744.713829,rear_speed_band,0.0,0
1784905744.722660,wheel_speed_rear,0.0,0
1784905744.722660,wheel_speed_front,0.0,0
1784905744.722660,rear_speed_band,0.0,0
1784905744.730905,engine_torque,166,166
1784905744.730905,shift_cut_active,off,0
1784905744.730905,shift_blip_active,off,0
1784905744.742156,gear_position,N,0
1784905744.742156,clutch,RELEASED,0
1784905744.742156,shift_failed,OK,0
1784905744.750115,rpm,0,0
1784905744.750115,throttle_position,0,0
1784905744.750232,kill_switch,RUN,1
1784905744.750232,time_bin_541_d3,0,0
1784905744.750232,engine_on_counter,0,0
1784905744.750232,engine_off_counter,28,28
1784905744.750269,wheel_speed_rear,0.0,0
1784905744.750269,wheel_speed_front,0.0,0
1784905744.750269,rear_speed_band,0.0,0
1784905744.750302,wheel_speed_rear,0.0,0
1784905744.750302,wheel_speed_front,0.0,0
1784905744.750302,rear_speed_band,0.0,0
1784905744.754457,engine_torque,166,166
1784905744.754457,shift_cut_active,off,0
1784905744.754457,shift_blip_active,off,0
1784905744.754504,gear_position,N,0
1784905744.754504,clutch,RELEASED,0
1784905744.754504,shift_failed,OK,0
1784905744.754543,rpm,0,0
1784905744.754543,throttle_position,0,0
1784905744.754577,kill_switch,RUN,1
1784905744.754577,time_bin_541_d3,0,0
1784905744.754577,engine_on_counter,0,0
1784905744.754577,engine_off_counter,28,28
1784905744.754611,wheel_speed_rear,0.0,0
1784905744.754611,wheel_speed_front,0.0,0
1784905744.754611,rear_speed_band,0.0,0
1784905744.754642,wheel_speed_rear,0.0,0
1784905744.754642,wheel_speed_front,0.0,0
1784905744.754642,rear_speed_band,0.0,0
1784905744.754675,engine_torque,166,166
1784905744.754675,shift_cut_active,off,0
1784905744.754675,shift_blip_active,off,0
1784905744.764710,kill_switch,RUN,1
1784905744.764710,time_bin_541_d3,0,0
1784905744.764710,engine_on_counter,0,0
1784905744.764710,engine_off_counter,28,28
1784905744.764799,wheel_speed_rear,0.0,0
1784905744.764799,wheel_speed_front,0.0,0
1784905744.764799,rear_speed_band,0.0,0
1784905744.764833,rpm,0,0
1784905744.764833,throttle_position,0,0
1784905744.778056,wheel_speed_rear,0.0,0
1784905744.778056,wheel_speed_front,0.0,0
1784905744.778056,rear_speed_band,0.0,0
1784905744.778846,signal_12a_d1_bit2,1,1
1784905744.778846,abs_lamp,LIT,1
1784905744.787772,engine_torque,166,166
1784905744.787772,shift_cut_active,off,0
1784905744.787772,shift_blip_active,off,0
1784905744.798068,gear_position,N,0
1784905744.798068,clutch,RELEASED,0
1784905744.798068,shift_failed,OK,0
1784905744.809355,wheel_speed_rear,0.0,0
1784905744.809355,wheel_speed_front,0.0,0
1784905744.809355,rear_speed_band,0.0,0
1784905744.809400,engine_torque,166,166
1784905744.809400,shift_cut_active,off,0
1784905744.809400,shift_blip_active,off,0
1784905744.813354,rpm,0,0
1784905744.813354,throttle_position,0,0
1784905744.817837,wheel_speed_rear,0.0,0
1784905744.817837,wheel_speed_front,0.0,0
1784905744.817837,rear_speed_band,0.0,0
1784905744.826937,engine_torque,166,166
1784905744.826937,shift_cut_active,off,0
1784905744.826937,shift_blip_active,off,0
1784905744.831132,kill_switch,RUN,1
1784905744.831132,time_bin_541_d3,0,0
1784905744.831132,engine_on_counter,0,0
1784905744.831132,engine_off_counter,28,28
1784905744.831278,wheel_speed_rear,0.0,0
1784905744.831278,wheel_speed_front,0.0,0
1784905744.831278,rear_speed_band,0.0,0
1784905744.847089,wheel_speed_rear,0.0,0
1784905744.847089,wheel_speed_front,0.0,0
1784905744.847089,rear_speed_band,0.0,0
1784905744.847142,engine_torque,166,166
1784905744.847142,shift_cut_active,off,0
1784905744.847142,shift_blip_active,off,0
1784905744.847185,gear_position,N,0
1784905744.847185,clutch,RELEASED,0
1784905744.847185,shift_failed,OK,0
1784905744.847223,rpm,0,0
1784905744.847223,throttle_position,0,0
1784905744.847260,wheel_speed_rear,0.0,0
1784905744.847260,wheel_speed_front,0.0,0
1784905744.847260,rear_speed_band,0.0,0
1784905744.847333,wheel_speed_rear,0.0,0
1784905744.847333,wheel_speed_front,0.0,0
1784905744.847333,rear_speed_band,0.0,0
1784905744.847402,engine_torque,166,166
1784905744.847402,shift_cut_active,off,0
1784905744.847402,shift_blip_active,off,0
1784905744.857714,wheel_speed_rear,0.0,0
1784905744.857714,wheel_speed_front,0.0,0
1784905744.857714,rear_speed_band,0.0,0
1784905744.857763,engine_torque,166,166
1784905744.857763,shift_cut_active,off,0
1784905744.857763,shift_blip_active,off,0
1784905744.857800,gear_position,N,0
1784905744.857800,clutch,RELEASED,0
1784905744.857800,shift_failed,OK,0
1784905744.857835,rpm,0,0
1784905744.857835,throttle_position,0,0
1784905744.867775,kill_switch,RUN,1
1784905744.867775,time_bin_541_d3,0,0
1784905744.867775,engine_on_counter,0,0
1784905744.867775,engine_off_counter,28,28
1784905744.867826,wheel_speed_rear,0.0,0
1784905744.867826,wheel_speed_front,0.0,0
1784905744.867826,rear_speed_band,0.0,0
1784905744.867861,kill_switch,RUN,1
1784905744.867861,time_bin_541_d3,0,0
1784905744.867861,engine_on_counter,0,0
1784905744.867861,engine_off_counter,28,28
1784905744.867894,wheel_speed_rear,0.0,0
1784905744.867894,wheel_speed_front,0.0,0
1784905744.867894,rear_speed_band,0.0,0
1784905744.877037,engine_torque,166,166
1784905744.877037,shift_cut_active,off,0
1784905744.877037,shift_blip_active,off,0
1784905744.885959,gear_position,N,0
1784905744.885959,clutch,RELEASED,0
1784905744.885959,shift_failed,OK,0
1784905744.890786,rpm,0,0
1784905744.890786,throttle_position,0,0
1784905744.895316,wheel_speed_rear,0.0,0
1784905744.895316,wheel_speed_front,0.0,0
1784905744.895316,rear_speed_band,0.0,0
1784905744.902669,engine_torque,166,166
1784905744.902669,shift_cut_active,off,0
1784905744.902669,shift_blip_active,off,0
1784905744.902722,gear_position,N,0
1784905744.902722,clutch,RELEASED,0
1784905744.902722,shift_failed,OK,0
1784905744.906020,rpm,0,0
1784905744.906020,throttle_position,0,0
1784905744.910291,kill_switch,RUN,1
1784905744.910291,time_bin_541_d3,0,0
1784905744.910291,engine_on_counter,0,0
1784905744.910291,engine_off_counter,28,28
1784905744.915044,wheel_speed_rear,0.0,0
1784905744.915044,wheel_speed_front,0.0,0
1784905744.915044,rear_speed_band,0.0,0
1784905744.926316,wheel_speed_rear,0.0,0
1784905744.926316,wheel_speed_front,0.0,0
1784905744.926316,rear_speed_band,0.0,0
1784905744.926359,engine_torque,166,166
1784905744.926359,shift_cut_active,off,0
1784905744.926359,shift_blip_active,off,0
1784905744.930069,kill_switch,RUN,1
1784905744.930069,time_bin_541_d3,0,0
1784905744.930069,engine_on_counter,0,0
1784905744.930069,engine_off_counter,28,28
1784905744.930131,wheel_speed_rear,0.0,0
1784905744.930131,wheel_speed_front,0.0,0
1784905744.930131,rear_speed_band,0.0,0
1784905744.938601,engine_torque,166,166
1784905744.938601,shift_cut_active,off,0
1784905744.938601,shift_blip_active,off,0
1784905744.947462,rpm,0,0
1784905744.947462,throttle_position,0,0
1784905744.952774,wheel_speed_rear,0.0,0
1784905744.952774,wheel_speed_front,0.0,0
1784905744.952774,rear_speed_band,0.0,0
1784905744.952843,engine_torque,166,166
1784905744.952843,shift_cut_active,off,0
1784905744.952843,shift_blip_active,off,0
1784905744.952881,kill_switch,RUN,1
1784905744.952881,time_bin_541_d3,0,0
1784905744.952881,engine_on_counter,0,0
1784905744.952881,engine_off_counter,28,28
1784905744.952919,wheel_speed_rear,0.0,0
1784905744.952919,wheel_speed_front,0.0,0
1784905744.952919,rear_speed_band,0.0,0
1784905744.952956,engine_torque,166,166
1784905744.952956,shift_cut_active,off,0
1784905744.952956,shift_blip_active,off,0
1784905744.952991,gear_position,N,0
1784905744.952991,clutch,RELEASED,0
1784905744.952991,shift_failed,OK,0
1784905744.953025,rpm,0,0
1784905744.953025,throttle_position,0,0
1784905744.953061,kill_switch,RUN,1
1784905744.953061,time_bin_541_d3,0,0
1784905744.953061,engine_on_counter,0,0
1784905744.953061,engine_off_counter,28,28
1784905744.953097,wheel_speed_rear,0.0,0
1784905744.953097,wheel_speed_front,0.0,0
1784905744.953097,rear_speed_band,0.0,0
1784905744.961672,wheel_speed_rear,0.0,0
1784905744.961672,wheel_speed_front,0.0,0
1784905744.961672,rear_speed_band,0.0,0
1784905744.972235,engine_torque,166,166
1784905744.972235,shift_cut_active,off,0
1784905744.972235,shift_blip_active,off,0
1784905744.977959,gear_position,N,0
1784905744.977959,clutch,RELEASED,0
1784905744.977959,shift_failed,OK,0
1784905744.978031,rpm,0,0
1784905744.978031,throttle_position,0,0
1784905744.982571,kill_switch,RUN,1
1784905744.982571,time_bin_541_d3,0,0
1784905744.982571,engine_on_counter,0,0
1784905744.982571,engine_off_counter,28,28
1784905744.986495,wheel_speed_rear,0.0,0
1784905744.986495,wheel_speed_front,0.0,0
1784905744.986495,rear_speed_band,0.0,0
1784905744.995130,wheel_speed_rear,0.0,0
1784905744.995130,wheel_speed_front,0.0,0
1784905744.995130,rear_speed_band,0.0,0
1784905745.002295,signal_12a_d1_bit2,1,1
1784905745.002295,abs_lamp,LIT,1
1784905745.006932,engine_torque,166,166
1784905745.006932,shift_cut_active,off,0
1784905745.006932,shift_blip_active,off,0
1784905745.006990,gear_position,N,0
1784905745.006990,clutch,RELEASED,0
1784905745.006990,shift_failed,OK,0
1784905745.007026,coolant_temp,23.700000000000003,237
1784905745.007026,fuel_injection_setpoint,0,0
1784905745.007026,side_stand,DOWN,0
1784905745.007105,wheel_speed_rear,0.0,0
1784905745.007105,wheel_speed_front,0.0,0
1784905745.007105,rear_speed_band,0.0,0
1784905745.018855,engine_torque,166,166
1784905745.018855,shift_cut_active,off,0
1784905745.018855,shift_blip_active,off,0
1784905745.023540,gear_position,N,0
1784905745.023540,clutch,RELEASED,0
1784905745.023540,shift_failed,OK,0
1784905745.024872,rpm,0,0
1784905745.024872,throttle_position,0,0
1784905745.029889,wheel_speed_rear,0.0,0
1784905745.029889,wheel_speed_front,0.0,0
1784905745.029889,rear_speed_band,0.0,0
1784905745.029949,engine_torque,166,166
1784905745.029949,shift_cut_active,off,0
1784905745.029949,shift_blip_active,off,0
1784905745.030985,gear_position,N,0
1784905745.030985,clutch,RELEASED,0
1784905745.030985,shift_failed,OK,0
1784905745.040796,kill_switch,RUN,1
1784905745.040796,time_bin_541_d3,0,0
1784905745.040796,engine_on_counter,0,0
1784905745.040796,engine_off_counter,29,29
1784905745.040874,wheel_speed_rear,0.0,0
1784905745.040874,wheel_speed_front,0.0,0
1784905745.040874,rear_speed_band,0.0,0
1784905745.054180,engine_torque,166,166
1784905745.054180,shift_cut_active,off,0
1784905745.054180,shift_blip_active,off,0
1784905745.054259,gear_position,N,0
1784905745.054259,clutch,RELEASED,0
1784905745.054259,shift_failed,OK,0
1784905745.054296,rpm,0,0
1784905745.054296,throttle_position,0,0
1784905745.054331,kill_switch,RUN,1
1784905745.054331,time_bin_541_d3,0,0
1784905745.054331,engine_on_counter,0,0
1784905745.054331,engine_off_counter,29,29
1784905745.054366,wheel_speed_rear,0.0,0
1784905745.054366,wheel_speed_front,0.0,0
1784905745.054366,rear_speed_band,0.0,0
1784905745.059368,wheel_speed_rear,0.0,0
1784905745.059368,wheel_speed_front,0.0,0
1784905745.059368,rear_speed_band,0.0,0
1784905745.069645,engine_torque,166,166
1784905745.069645,shift_cut_active,off,0
1784905745.069645,shift_blip_active,off,0
1784905745.073715,gear_position,N,0
1784905745.073715,clutch,RELEASED,0
1784905745.073715,shift_failed,OK,0
1784905745.073786,rpm,0,0
1784905745.073786,throttle_position,0,0
1784905745.084445,kill_switch,RUN,1
1784905745.084445,time_bin_541_d3,0,0
1784905745.084445,engine_on_counter,0,0
1784905745.084445,engine_off_counter,29,29
1784905745.087514,wheel_speed_rear,0.0,0
1784905745.087514,wheel_speed_front,0.0,0
1784905745.087514,rear_speed_band,0.0,0
1784905745.106089,wheel_speed_rear,0.0,0
1784905745.106089,wheel_speed_front,0.0,0
1784905745.106089,rear_speed_band,0.0,0
1784905745.111187,signal_12a_d1_bit2,1,1
1784905745.111187,abs_lamp,LIT,1
1784905745.117765,engine_torque,166,166
1784905745.117765,shift_cut_active,off,0
1784905745.117765,shift_blip_active,off,0
1784905745.122204,gear_position,N,0
1784905745.122204,clutch,RELEASED,0
1784905745.122204,shift_failed,OK,0
1784905745.126795,rpm,0,0
1784905745.126795,throttle_position,0,0
1784905745.131318,kill_switch,RUN,1
1784905745.131318,time_bin_541_d3,0,0
1784905745.131318,engine_on_counter,0,0
1784905745.131318,engine_off_counter,29,29
1784905745.134344,wheel_speed_rear,0.0,0
1784905745.134344,wheel_speed_front,0.0,0
1784905745.134344,rear_speed_band,0.0,0
1784905745.143956,wheel_speed_rear,0.0,0
1784905745.143956,wheel_speed_front,0.0,0
1784905745.143956,rear_speed_band,0.0,0
1784905745.147852,engine_torque,166,166
1784905745.147852,shift_cut_active,off,0
1784905745.147852,shift_blip_active,off,0
1784905745.147910,gear_position,N,0
1784905745.147910,clutch,RELEASED,0
1784905745.147910,shift_failed,OK,0
1784905745.155330,rpm,0,0
1784905745.155330,throttle_position,0,0
1784905745.155399,wheel_speed_rear,0.0,0
1784905745.155399,wheel_speed_front,0.0,0
1784905745.155399,rear_speed_band,0.0,0
1784905745.155447,engine_torque,166,166
1784905745.155447,shift_cut_active,off,0
1784905745.155447,shift_blip_active,off,0
1784905745.155479,gear_position,N,0
1784905745.155479,clutch,RELEASED,0
1784905745.155479,shift_failed,OK,0
1784905745.157564,rpm,0,0
1784905745.157564,throttle_position,0,0
1784905745.157678,kill_switch,RUN,1
1784905745.157678,time_bin_541_d3,0,0
1784905745.157678,engine_on_counter,0,0
1784905745.157678,engine_off_counter,29,29
1784905745.160865,wheel_speed_rear,0.0,0
1784905745.160865,wheel_speed_front,0.0,0
1784905745.160865,rear_speed_band,0.0,0
1784905745.174514,wheel_speed_rear,0.0,0
1784905745.174514,wheel_speed_front,0.0,0
1784905745.174514,rear_speed_band,0.0,0
1784905745.174598,engine_torque,166,166
1784905745.174598,shift_cut_active,off,0
1784905745.174598,shift_blip_active,off,0
1784905745.180073,gear_position,N,0
1784905745.180073,clutch,RELEASED,0
1784905745.180073,shift_failed,OK,0
1784905745.185112,rpm,0,0
1784905745.185112,throttle_position,0,0
1784905745.185204,kill_switch,RUN,1
1784905745.185204,time_bin_541_d3,0,0
1784905745.185204,engine_on_counter,0,0
1784905745.185204,engine_off_counter,29,29
1784905745.185251,wheel_speed_rear,0.0,0
1784905745.185251,wheel_speed_front,0.0,0
1784905745.185251,rear_speed_band,0.0,0
1784905745.194063,wheel_speed_rear,0.0,0
1784905745.194063,wheel_speed_front,0.0,0
1784905745.194063,rear_speed_band,0.0,0
1784905745.205008,engine_torque,166,166
1784905745.205008,shift_cut_active,off,0
1784905745.205008,shift_blip_active,off,0
1784905745.205076,gear_position,N,0
1784905745.205076,clutch,RELEASED,0
1784905745.205076,shift_failed,OK,0
1784905745.209547,rpm,0,0
1784905745.209547,throttle_position,0,0
1784905745.209753,kill_switch,RUN,1
1784905745.209753,time_bin_541_d3,0,0
1784905745.209753,engine_on_counter,0,0
1784905745.209753,engine_off_counter,29,29
1784905745.209910,wheel_speed_rear,0.0,0
1784905745.209910,wheel_speed_front,0.0,0
1784905745.209910,rear_speed_band,0.0,0
1784905745.214751,wheel_speed_rear,0.0,0
1784905745.214751,wheel_speed_front,0.0,0
1784905745.214751,rear_speed_band,0.0,0
1784905745.220529,signal_12a_d1_bit2,1,1
1784905745.220529,abs_lamp,LIT,1
1784905745.220594,engine_torque,166,166
1784905745.220594,shift_cut_active,off,0
1784905745.220594,shift_blip_active,off,0
1784905745.225800,gear_position,N,0
1784905745.225800,clutch,RELEASED,0
1784905745.225800,shift_failed,OK,0
1784905745.225853,kill_switch,RUN,1
1784905745.225853,time_bin_541_d3,0,0
1784905745.225853,engine_on_counter,0,0
1784905745.225853,engine_off_counter,29,29
1784905745.231305,wheel_speed_rear,0.0,0
1784905745.231305,wheel_speed_front,0.0,0
1784905745.231305,rear_speed_band,0.0,0
1784905745.231367,engine_torque,166,166
1784905745.231367,shift_cut_active,off,0
1784905745.231367,shift_blip_active,off,0
1784905745.231404,gear_position,N,0
1784905745.231404,clutch,RELEASED,0
1784905745.231404,shift_failed,OK,0
1784905745.231443,rpm,0,0
1784905745.231443,throttle_position,0,0
1784905745.241738,kill_switch,RUN,1
1784905745.241738,time_bin_541_d3,0,0
1784905745.241738,engine_on_counter,0,0
1784905745.241738,engine_off_counter,29,29
1784905745.250477,wheel_speed_rear,0.0,0
1784905745.250477,wheel_speed_front,0.0,0
1784905745.250477,rear_speed_band,0.0,0
1784905745.257109,wheel_speed_rear,0.0,0
1784905745.257109,wheel_speed_front,0.0,0
1784905745.257109,rear_speed_band,0.0,0
1784905745.257234,engine_torque,166,166
1784905745.257234,shift_cut_active,off,0
1784905745.257234,shift_blip_active,off,0
1784905745.257283,gear_position,N,0
1784905745.257283,clutch,RELEASED,0
1784905745.257283,shift_failed,OK,0
1784905745.257321,rpm,0,0
1784905745.257321,throttle_position,0,0
1784905745.264722,kill_switch,RUN,1
1784905745.264722,time_bin_541_d3,0,0
1784905745.264722,engine_on_counter,0,0
1784905745.264722,engine_off_counter,29,29
1784905745.278113,wheel_speed_rear,0.0,0
1784905745.278113,wheel_speed_front,0.0,0
1784905745.278113,rear_speed_band,0.0,0
1784905745.278638,engine_torque,166,166
1784905745.278638,shift_cut_active,off,0
1784905745.278638,shift_blip_active,off,0
1784905745.290518,gear_position,N,0
1784905745.290518,clutch,RELEASED,0
1784905745.290518,shift_failed,OK,0
1784905745.295567,rpm,0,0
1784905745.295567,throttle_position,0,0
1784905745.295628,kill_switch,RUN,1
1784905745.295628,time_bin_541_d3,0,0
1784905745.295628,engine_on_counter,0,0
1784905745.295628,engine_off_counter,29,29
1784905745.295665,wheel_speed_rear,0.0,0
1784905745.295665,wheel_speed_front,0.0,0
1784905745.295665,rear_speed_band,0.0,0
1784905745.319245,wheel_speed_rear,0.0,0
1784905745.319245,wheel_speed_front,0.0,0
1784905745.319245,rear_speed_band,0.0,0
1784905745.323847,engine_torque,166,166
1784905745.323847,shift_cut_active,off,0
1784905745.323847,shift_blip_active,off,0
1784905745.328091,gear_position,N,0
1784905745.328091,clutch,RELEASED,0
1784905745.328091,shift_failed,OK,0
1784905745.337723,rpm,0,0
1784905745.337723,throttle_position,0,0
1784905745.346135,wheel_speed_rear,0.0,0
1784905745.346135,wheel_speed_front,0.0,0
1784905745.346135,rear_speed_band,0.0,0
1784905745.357124,signal_12a_d1_bit2,1,1
1784905745.357124,abs_lamp,LIT,1
1784905745.362075,engine_torque,166,166
1784905745.362075,shift_cut_active,off,0
1784905745.362075,shift_blip_active,off,0
1784905745.362145,wheel_speed_rear,0.0,0
1784905745.362145,wheel_speed_front,0.0,0
1784905745.362145,rear_speed_band,0.0,0
1784905745.362184,engine_torque,166,166
1784905745.362184,shift_cut_active,off,0
1784905745.362184,shift_blip_active,off,0
1784905745.362218,rpm,0,0
1784905745.362218,throttle_position,0,0
1784905745.371326,wheel_speed_rear,0.0,0
1784905745.371326,wheel_speed_front,0.0,0
1784905745.371326,rear_speed_band,0.0,0
1784905745.380966,wheel_speed_rear,0.0,0
1784905745.380966,wheel_speed_front,0.0,0
1784905745.380966,rear_speed_band,0.0,0
1784905745.386561,engine_torque,166,166
1784905745.386561,shift_cut_active,off,0
1784905745.386561,shift_blip_active,off,0
1784905745.391128,gear_position,N,0
1784905745.391128,clutch,RELEASED,0
1784905745.391128,shift_failed,OK,0
1784905745.391204,wheel_speed_rear,0.0,0
1784905745.391204,wheel_speed_front,0.0,0
1784905745.391204,rear_speed_band,0.0,0
1784905745.391241,engine_torque,166,166
1784905745.391241,shift_cut_active,off,0
1784905745.391241,shift_blip_active,off,0
1784905745.401327,gear_position,N,0
1784905745.401327,clutch,RELEASED,0
1784905745.401327,shift_failed,OK,0
1784905745.405997,rpm,0,0
1784905745.405997,throttle_position,0,0
1784905745.411893,kill_switch,RUN,1
1784905745.411893,time_bin_541_d3,0,0
1784905745.411893,engine_on_counter,0,0
1784905745.411893,engine_off_counter,29,29
1784905745.411970,wheel_speed_rear,0.0,0
1784905745.411970,wheel_speed_front,0.0,0
1784905745.411970,rear_speed_band,0.0,0
1784905745.416099,wheel_speed_rear,0.0,0
1784905745.416099,wheel_speed_front,0.0,0
1784905745.416099,rear_speed_band,0.0,0
1784905745.425348,engine_torque,166,166
1784905745.425348,shift_cut_active,off,0
1784905745.425348,shift_blip_active,off,0
1784905745.435405,gear_position,N,0
1784905745.435405,clutch,RELEASED,0
1784905745.435405,shift_failed,OK,0
1784905745.435493,rpm,0,0
1784905745.435493,throttle_position,0,0
1784905745.444411,kill_switch,RUN,1
1784905745.444411,time_bin_541_d3,0,0
1784905745.444411,engine_on_counter,0,0
1784905745.444411,engine_off_counter,29,29
1784905745.453136,wheel_speed_rear,0.0,0
1784905745.453136,wheel_speed_front,0.0,0
1784905745.453136,rear_speed_band,0.0,0
1784905745.458495,wheel_speed_rear,0.0,0
1784905745.458495,wheel_speed_front,0.0,0
1784905745.458495,rear_speed_band,0.0,0
1784905745.462717,signal_12a_d1_bit2,1,1
1784905745.462717,abs_lamp,LIT,1
1784905745.462773,engine_torque,166,166
1784905745.462773,shift_cut_active,off,0
1784905745.462773,shift_blip_active,off,0
1784905745.471717,gear_position,N,0
1784905745.471717,clutch,RELEASED,0
1784905745.471717,shift_failed,OK,0
1784905745.476784,coolant_temp,23.700000000000003,237
1784905745.476784,fuel_injection_setpoint,0,0
1784905745.476784,side_stand,DOWN,0
1784905745.496289,rpm,0,0
1784905745.496289,throttle_position,0,0
1784905745.506327,wheel_speed_rear,0.0,0
1784905745.506327,wheel_speed_front,0.0,0
1784905745.506327,rear_speed_band,0.0,0
1784905745.510261,engine_torque,166,166
1784905745.510261,shift_cut_active,off,0
1784905745.510261,shift_blip_active,off,0
1784905745.510324,gear_position,N,0
1784905745.510324,clutch,RELEASED,0
1784905745.510324,shift_failed,OK,0
1784905745.516778,rpm,0,0
1784905745.516778,throttle_position,0,0
1784905745.516907,kill_switch,RUN,1
1784905745.516907,time_bin_541_d3,0,0
1784905745.516907,engine_on_counter,0,0
1784905745.516907,engine_off_counter,29,29
1784905745.516945,wheel_speed_rear,0.0,0
1784905745.516945,wheel_speed_front,0.0,0
1784905745.516945,rear_speed_band,0.0,0
1784905745.531097,wheel_speed_rear,0.0,0
1784905745.531097,wheel_speed_front,0.0,0
1784905745.531097,rear_speed_band,0.0,0
1784905745.535138,engine_torque,166,166
1784905745.535138,shift_cut_active,off,0
1784905745.535138,shift_blip_active,off,0
1784905745.535246,gear_position,N,0
1784905745.535246,clutch,RELEASED,0
1784905745.535246,shift_failed,OK,0
1784905745.539521,rpm,0,0
1784905745.539521,throttle_position,0,0
1784905745.549713,kill_switch,RUN,1
1784905745.549713,time_bin_541_d3,0,0
1784905745.549713,engine_on_counter,0,0
1784905745.549713,engine_off_counter,29,29
1784905745.549787,wheel_speed_rear,0.0,0
1784905745.549787,wheel_speed_front,0.0,0
1784905745.549787,rear_speed_band,0.0,0
1784905745.553616,signal_12a_d1_bit2,1,1
1784905745.553616,abs_lamp,LIT,1
1784905745.565369,wheel_speed_rear,0.0,0
1784905745.565369,wheel_speed_front,0.0,0
1784905745.565369,rear_speed_band,0.0,0
1784905745.565451,engine_torque,166,166
1784905745.565451,shift_cut_active,off,0
1784905745.565451,shift_blip_active,off,0
1784905745.565500,gear_position,N,0
1784905745.565500,clutch,RELEASED,0
1784905745.565500,shift_failed,OK,0
1784905745.565540,rpm,0,0
1784905745.565540,throttle_position,0,0
1784905745.565575,kill_switch,RUN,1
1784905745.565575,time_bin_541_d3,0,0
1784905745.565575,engine_on_counter,0,0
1784905745.565575,engine_off_counter,29,29
1784905745.565607,wheel_speed_rear,0.0,0
1784905745.565607,wheel_speed_front,0.0,0
1784905745.565607,rear_speed_band,0.0,0
1784905745.570179,engine_torque,166,166
1784905745.570179,shift_cut_active,off,0
1784905745.570179,shift_blip_active,off,0
1784905745.574592,rpm,0,0
1784905745.574592,throttle_position,0,0
1784905745.580615,wheel_speed_rear,0.0,0
1784905745.580615,wheel_speed_front,0.0,0
1784905745.580615,rear_speed_band,0.0,0
1784905745.592019,signal_12a_d1_bit2,1,1
1784905745.592019,abs_lamp,LIT,1
1784905745.596326,engine_torque,166,166
1784905745.596326,shift_cut_active,off,0
1784905745.596326,shift_blip_active,off,0
1784905745.596389,gear_position,N,0
1784905745.596389,clutch,RELEASED,0
1784905745.596389,shift_failed,OK,0
1784905745.596427,kill_switch,RUN,1
1784905745.596427,time_bin_541_d3,0,0
1784905745.596427,engine_on_counter,0,0
1784905745.596427,engine_off_counter,29,29
1784905745.596463,wheel_speed_rear,0.0,0
1784905745.596463,wheel_speed_front,0.0,0
1784905745.596463,rear_speed_band,0.0,0
1784905745.605771,engine_torque,166,166
1784905745.605771,shift_cut_active,off,0
1784905745.605771,shift_blip_active,off,0
1784905745.619602,wheel_speed_rear,0.0,0
1784905745.619602,wheel_speed_front,0.0,0
1784905745.619602,rear_speed_band,0.0,0
1784905745.628100,rpm,0,0
1784905745.628100,throttle_position,0,0
1784905745.632847,signal_12a_d1_bit2,1,1
1784905745.632847,abs_lamp,LIT,1
1784905745.639243,engine_torque,166,166
1784905745.639243,shift_cut_active,off,0
1784905745.639243,shift_blip_active,off,0
1784905745.639316,gear_position,N,0
1784905745.639316,clutch,RELEASED,0
1784905745.639316,shift_failed,OK,0
1784905745.639354,kill_switch,RUN,1
1784905745.639354,time_bin_541_d3,0,0
1784905745.639354,engine_on_counter,0,0
1784905745.639354,engine_off_counter,29,29
1784905745.643597,wheel_speed_rear,0.0,0
1784905745.643597,wheel_speed_front,0.0,0
1784905745.643597,rear_speed_band,0.0,0
1784905745.647643,wheel_speed_rear,0.0,0
1784905745.647643,wheel_speed_front,0.0,0
1784905745.647643,rear_speed_band,0.0,0
1784905745.652038,engine_torque,166,166
1784905745.652038,shift_cut_active,off,0
1784905745.652038,shift_blip_active,off,0
1784905745.656657,wheel_speed_rear,0.0,0
1784905745.656657,wheel_speed_front,0.0,0
1784905745.656657,rear_speed_band,0.0,0
1784905745.656782,signal_12a_d1_bit2,1,1
1784905745.656782,abs_lamp,LIT,1
1784905745.668916,engine_torque,166,166
1784905745.668916,shift_cut_active,off,0
1784905745.668916,shift_blip_active,off,0
1784905745.669010,gear_position,N,0
1784905745.669010,clutch,RELEASED,0
1784905745.669010,shift_failed,OK,0
1784905745.669046,kill_switch,RUN,1
1784905745.669046,time_bin_541_d3,0,0
1784905745.669046,engine_on_counter,0,0
1784905745.669046,engine_off_counter,29,29
1784905745.669079,wheel_speed_rear,0.0,0
1784905745.669079,wheel_speed_front,0.0,0
1784905745.669079,rear_speed_band,0.0,0
1784905745.669132,engine_torque,166,166
1784905745.669132,shift_cut_active,off,0
1784905745.669132,shift_blip_active,off,0
1784905745.669178,gear_position,N,0
1784905745.669178,clutch,RELEASED,0
1784905745.669178,shift_failed,OK,0
1784905745.678344,rpm,0,0
1784905745.678344,throttle_position,0,0
1784905745.702470,kill_switch,RUN,1
1784905745.702470,time_bin_541_d3,0,0
1784905745.702470,engine_on_counter,0,0
1784905745.702470,engine_off_counter,29,29
1784905745.711392,wheel_speed_rear,0.0,0
1784905745.711392,wheel_speed_front,0.0,0
1784905745.711392,rear_speed_band,0.0,0
1784905745.717514,engine_torque,166,166
1784905745.717514,shift_cut_active,off,0
1784905745.717514,shift_blip_active,off,0
1784905745.723062,gear_position,N,0
1784905745.723062,clutch,RELEASED,0
1784905745.723062,shift_failed,OK,0
1784905745.727069,engine_torque,166,166
1784905745.727069,shift_cut_active,off,0
1784905745.727069,shift_blip_active,off,0
1784905745.734604,rpm,0,0
1784905745.734604,throttle_position,0,0
1784905745.745906,wheel_speed_rear,0.0,0
1784905745.745906,wheel_speed_front,0.0,0
1784905745.745906,rear_speed_band,0.0,0
1784905745.750673,wheel_speed_rear,0.0,0
1784905745.750673,wheel_speed_front,0.0,0
1784905745.750673,rear_speed_band,0.0,0
1784905745.750709,rpm,0,0
1784905745.750709,throttle_position,0,0
1784905745.750746,wheel_speed_rear,0.0,0
1784905745.750746,wheel_speed_front,0.0,0
1784905745.750746,rear_speed_band,0.0,0
1784905745.750781,engine_torque,166,166
1784905745.750781,shift_cut_active,off,0
1784905745.750781,shift_blip_active,off,0
1784905745.750815,kill_switch,RUN,1
1784905745.750815,time_bin_541_d3,0,0
1784905745.750815,engine_on_counter,0,0
1784905745.750815,engine_off_counter,29,29
1784905745.754998,wheel_speed_rear,0.0,0
1784905745.754998,wheel_speed_front,0.0,0
1784905745.754998,rear_speed_band,0.0,0
1784905745.759803,engine_torque,166,166
1784905745.759803,shift_cut_active,off,0
1784905745.759803,shift_blip_active,off,0
1784905745.778807,gear_position,N,0
1784905745.778807,clutch,RELEASED,0
1784905745.778807,shift_failed,OK,0
1784905745.778905,rpm,0,0
1784905745.778905,throttle_position,0,0
1784905745.779022,kill_switch,RUN,1
1784905745.779022,time_bin_541_d3,0,0
1784905745.779022,engine_on_counter,0,0
1784905745.779022,engine_off_counter,29,29
1784905745.779055,wheel_speed_rear,0.0,0
1784905745.779055,wheel_speed_front,0.0,0
1784905745.779055,rear_speed_band,0.0,0
1784905745.779087,engine_torque,166,166
1784905745.779087,shift_cut_active,off,0
1784905745.779087,shift_blip_active,off,0
1784905745.779119,gear_position,N,0
1784905745.779119,clutch,RELEASED,0
1784905745.779119,shift_failed,OK,0
1784905745.782702,rpm,0,0
1784905745.782702,throttle_position,0,0
1784905745.782765,kill_switch,RUN,1
1784905745.782765,time_bin_541_d3,0,0
1784905745.782765,engine_on_counter,0,0
1784905745.782765,engine_off_counter,29,29
1784905745.792081,wheel_speed_rear,0.0,0
1784905745.792081,wheel_speed_front,0.0,0
1784905745.792081,rear_speed_band,0.0,0
1784905745.796655,engine_torque,166,166
1784905745.796655,shift_cut_active,off,0
1784905745.796655,shift_blip_active,off,0
1784905745.807754,gear_position,N,0
1784905745.807754,clutch,RELEASED,0
1784905745.807754,shift_failed,OK,0
1784905745.807830,rpm,0,0
1784905745.807830,throttle_position,0,0
1784905745.821559,wheel_speed_rear,0.0,0
1784905745.821559,wheel_speed_front,0.0,0
1784905745.821559,rear_speed_band,0.0,0
1784905745.821644,engine_torque,166,166
1784905745.821644,shift_cut_active,off,0
1784905745.821644,shift_blip_active,off,0
1784905745.830291,gear_position,N,0
1784905745.830291,clutch,RELEASED,0
1784905745.830291,shift_failed,OK,0
1784905745.834947,rpm,0,0
1784905745.834947,throttle_position,0,0
1784905745.840180,kill_switch,RUN,1
1784905745.840180,time_bin_541_d3,0,0
1784905745.840180,engine_on_counter,0,0
1784905745.840180,engine_off_counter,29,29
1784905745.844807,wheel_speed_rear,0.0,0
1784905745.844807,wheel_speed_front,0.0,0
1784905745.844807,rear_speed_band,0.0,0
1784905745.858993,wheel_speed_rear,0.0,0
1784905745.858993,wheel_speed_front,0.0,0
1784905745.858993,rear_speed_band,0.0,0
1784905745.863072,signal_12a_d1_bit2,1,1
1784905745.863072,abs_lamp,LIT,1
1784905745.874423,engine_torque,166,166
1784905745.874423,shift_cut_active,off,0
1784905745.874423,shift_blip_active,off,0
1784905745.874508,gear_position,N,0
1784905745.874508,clutch,RELEASED,0
1784905745.874508,shift_failed,OK,0
1784905745.874546,coolant_temp,23.700000000000003,237
1784905745.874546,fuel_injection_setpoint,0,0
1784905745.874546,side_stand,DOWN,0
1784905745.874581,wheel_speed_rear,0.0,0
1784905745.874581,wheel_speed_front,0.0,0
1784905745.874581,rear_speed_band,0.0,0
1784905745.874613,engine_torque,166,166
1784905745.874613,shift_cut_active,off,0
1784905745.874613,shift_blip_active,off,0
1784905745.874645,gear_position,N,0
1784905745.874645,clutch,RELEASED,0
1784905745.874645,shift_failed,OK,0
1784905745.874681,wheel_speed_rear,0.0,0
1784905745.874681,wheel_speed_front,0.0,0
1784905745.874681,rear_speed_band,0.0,0
1784905745.885677,engine_torque,166,166
1784905745.885677,shift_cut_active,off,0
1784905745.885677,shift_blip_active,off,0
1784905745.885769,gear_position,N,0
1784905745.885769,clutch,RELEASED,0
1784905745.885769,shift_failed,OK,0
1784905745.885807,rpm,0,0
1784905745.885807,throttle_position,0,0
1784905745.885845,kill_switch,RUN,1
1784905745.885845,time_bin_541_d3,0,0
1784905745.885845,engine_on_counter,0,0
1784905745.885845,engine_off_counter,29,29
1784905745.901273,wheel_speed_rear,0.0,0
1784905745.901273,wheel_speed_front,0.0,0
1784905745.901273,rear_speed_band,0.0,0
1784905745.905410,engine_torque,166,166
1784905745.905410,shift_cut_active,off,0
1784905745.905410,shift_blip_active,off,0
1784905745.905483,gear_position,N,0
1784905745.905483,clutch,RELEASED,0
1784905745.905483,shift_failed,OK,0
1784905745.909260,rpm,0,0
1784905745.909260,throttle_position,0,0
1784905745.913507,kill_switch,RUN,1
1784905745.913507,time_bin_541_d3,0,0
1784905745.913507,engine_on_counter,0,0
1784905745.913507,engine_off_counter,29,29
1784905745.928775,wheel_speed_rear,0.0,0
1784905745.928775,wheel_speed_front,0.0,0
1784905745.928775,rear_speed_band,0.0,0
1784905745.928856,engine_torque,166,166
1784905745.928856,shift_cut_active,off,0
1784905745.928856,shift_blip_active,off,0
1784905745.928895,gear_position,N,0
1784905745.928895,clutch,RELEASED,0
1784905745.928895,shift_failed,OK,0
1784905745.937935,rpm,0,0
1784905745.937935,throttle_position,0,0
1784905745.942296,kill_switch,RUN,1
1784905745.942296,time_bin_541_d3,0,0
1784905745.942296,engine_on_counter,0,0
1784905745.942296,engine_off_counter,29,29
1784905745.946835,wheel_speed_rear,0.0,0
1784905745.946835,wheel_speed_front,0.0,0
1784905745.946835,rear_speed_band,0.0,0
1784905745.957857,wheel_speed_rear,0.0,0
1784905745.957857,wheel_speed_front,0.0,0
1784905745.957857,rear_speed_band,0.0,0
1784905745.963394,wheel_speed_rear,0.0,0
1784905745.963394,wheel_speed_front,0.0,0
1784905745.963394,rear_speed_band,0.0,0
1784905745.970305,wheel_speed_rear,0.0,0
1784905745.970305,wheel_speed_front,0.0,0
1784905745.970305,rear_speed_band,0.0,0
1784905745.970372,engine_torque,166,166
1784905745.970372,shift_cut_active,off,0
1784905745.970372,shift_blip_active,off,0
1784905745.970410,wheel_speed_rear,0.0,0
1784905745.970410,wheel_speed_front,0.0,0
1784905745.970410,rear_speed_band,0.0,0
1784905745.974146,wheel_speed_rear,0.0,0
1784905745.974146,wheel_speed_front,0.0,0
1784905745.974146,rear_speed_band,0.0,0
1784905745.974183,engine_torque,166,166
1784905745.974183,shift_cut_active,off,0
1784905745.974183,shift_blip_active,off,0
1784905745.974216,wheel_speed_rear,0.0,0
1784905745.974216,wheel_speed_front,0.0,0
1784905745.974216,rear_speed_band,0.0,0
1784905745.974252,engine_torque,166,166
1784905745.974252,shift_cut_active,off,0
1784905745.974252,shift_blip_active,off,0
1784905745.974287,gear_position,N,0
1784905745.974287,clutch,RELEASED,0
1784905745.974287,shift_failed,OK,0
1784905745.983756,rpm,0,0
1784905745.983756,throttle_position,0,0
1784905745.988091,kill_switch,RUN,1
1784905745.988091,time_bin_541_d3,0,0
1784905745.988091,engine_on_counter,0,0
1784905745.988091,engine_off_counter,29,29
1784905745.992596,wheel_speed_rear,0.0,0
1784905745.992596,wheel_speed_front,0.0,0
1784905745.992596,rear_speed_band,0.0,0
1784905746.002585,wheel_speed_rear,0.0,0
1784905746.002585,wheel_speed_front,0.0,0
1784905746.002585,rear_speed_band,0.0,0
1784905746.007441,engine_torque,166,166
1784905746.007441,shift_cut_active,off,0
1784905746.007441,shift_blip_active,off,0
1784905746.011886,gear_position,N,0
1784905746.011886,clutch,RELEASED,0
1784905746.011886,shift_failed,OK,0
1784905746.016329,rpm,0,0
1784905746.016329,throttle_position,0,0
1784905746.016384,kill_switch,RUN,1
1784905746.016384,time_bin_541_d3,0,0
1784905746.016384,engine_on_counter,0,0
1784905746.016384,engine_off_counter,29,29
1784905746.016419,wheel_speed_rear,0.0,0
1784905746.016419,wheel_speed_front,0.0,0
1784905746.016419,rear_speed_band,0.0,0
1784905746.029805,wheel_speed_rear,0.0,0
1784905746.029805,wheel_speed_front,0.0,0
1784905746.029805,rear_speed_band,0.0,0
1784905746.029840,signal_12a_d1_bit2,1,1
1784905746.029840,abs_lamp,LIT,1
1784905746.032139,engine_torque,166,166
1784905746.032139,shift_cut_active,off,0
1784905746.032139,shift_blip_active,off,0
1784905746.040158,gear_position,N,0
1784905746.040158,clutch,RELEASED,0
1784905746.040158,shift_failed,OK,0
1784905746.049564,coolant_temp,23.700000000000003,237
1784905746.049564,fuel_injection_setpoint,0,0
1784905746.049564,side_stand,DOWN,0
1784905746.058842,wheel_speed_rear,0.0,0
1784905746.058842,wheel_speed_front,0.0,0
1784905746.058842,rear_speed_band,0.0,0
1784905746.067690,engine_torque,166,166
1784905746.067690,shift_cut_active,off,0
1784905746.067690,shift_blip_active,off,0
1784905746.073444,gear_position,N,0
1784905746.073444,clutch,RELEASED,0
1784905746.073444,shift_failed,OK,0
1784905746.078655,wheel_speed_rear,0.0,0
1784905746.078655,wheel_speed_front,0.0,0
1784905746.078655,rear_speed_band,0.0,0
1784905746.078714,wheel_speed_rear,0.0,0
1784905746.078714,wheel_speed_front,0.0,0
1784905746.078714,rear_speed_band,0.0,0
1784905746.078752,engine_torque,166,166
1784905746.078752,shift_cut_active,off,0
1784905746.078752,shift_blip_active,off,0
1784905746.083949,gear_position,N,0
1784905746.083949,clutch,RELEASED,0
1784905746.083949,shift_failed,OK,0
1784905746.092793,rpm,0,0
1784905746.092793,throttle_position,0,0
1784905746.092866,signal_12a_d1_bit2,1,1
1784905746.092866,abs_lamp,LIT,1
1784905746.103249,wheel_speed_rear,0.0,0
1784905746.103249,wheel_speed_front,0.0,0
1784905746.103249,rear_speed_band,0.0,0
1784905746.106807,engine_torque,166,166
1784905746.106807,shift_cut_active,off,0
1784905746.106807,shift_blip_active,off,0
1784905746.121677,wheel_speed_rear,0.0,0
1784905746.121677,wheel_speed_front,0.0,0
1784905746.121677,rear_speed_band,0.0,0
1784905746.131642,engine_torque,166,166
1784905746.131642,shift_cut_active,off,0
1784905746.131642,shift_blip_active,off,0
1784905746.131743,gear_position,N,0
1784905746.131743,clutch,RELEASED,0
1784905746.131743,shift_failed,OK,0
1784905746.136406,rpm,0,0
1784905746.136406,throttle_position,0,0
1784905746.142963,kill_switch,RUN,1
1784905746.142963,time_bin_541_d3,0,0
1784905746.142963,engine_on_counter,0,0
1784905746.142963,engine_off_counter,30,30
1784905746.146880,wheel_speed_rear,0.0,0
1784905746.146880,wheel_speed_front,0.0,0
1784905746.146880,rear_speed_band,0.0,0
1784905746.151927,wheel_speed_rear,0.0,0
1784905746.151927,wheel_speed_front,0.0,0
1784905746.151927,rear_speed_band,0.0,0
1784905746.156881,signal_12a_d1_bit2,1,1
1784905746.156881,abs_lamp,LIT,1
1784905746.156997,engine_torque,166,166
1784905746.156997,shift_cut_active,off,0
1784905746.156997,shift_blip_active,off,0
1784905746.161101,gear_position,N,0
1784905746.161101,clutch,RELEASED,0
1784905746.161101,shift_failed,OK,0
1784905746.167273,coolant_temp,23.700000000000003,237
1784905746.167273,fuel_injection_setpoint,0,0
1784905746.167273,side_stand,DOWN,0
1784905746.172028,wheel_speed_rear,0.0,0
1784905746.172028,wheel_speed_front,0.0,0
1784905746.172028,rear_speed_band,0.0,0
1784905746.172087,engine_torque,166,166
1784905746.172087,shift_cut_active,off,0
1784905746.172087,shift_blip_active,off,0
1784905746.172121,gear_position,N,0
1784905746.172121,clutch,RELEASED,0
1784905746.172121,shift_failed,OK,0
1784905746.178926,rpm,0,0
1784905746.178926,throttle_position,0,0
1784905746.179023,wheel_speed_rear,0.0,0
1784905746.179023,wheel_speed_front,0.0,0
1784905746.179023,rear_speed_band,0.0,0
1784905746.179058,engine_torque,166,166
1784905746.179058,shift_cut_active,off,0
1784905746.179058,shift_blip_active,off,0
1784905746.179089,gear_position,N,0
1784905746.179089,clutch,RELEASED,0
1784905746.179089,shift_failed,OK,0
1784905746.187502,rpm,0,0
1784905746.187502,throttle_position,0,0
1784905746.191857,signal_12a_d1_bit2,1,1
1784905746.191857,abs_lamp,LIT,1
1784905746.201905,wheel_speed_rear,0.0,0
1784905746.201905,wheel_speed_front,0.0,0
1784905746.201905,rear_speed_band,0.0,0
1784905746.206829,engine_torque,166,166
1784905746.206829,shift_cut_active,off,0
1784905746.206829,shift_blip_active,off,0
1784905746.206917,rpm,0,0
1784905746.206917,throttle_position,0,0
1784905746.216928,wheel_speed_rear,0.0,0
1784905746.216928,wheel_speed_front,0.0,0
1784905746.216928,rear_speed_band,0.0,0
1784905746.221400,engine_torque,166,166
1784905746.221400,shift_cut_active,off,0
1784905746.221400,shift_blip_active,off,0
1784905746.225074,gear_position,N,0
1784905746.225074,clutch,RELEASED,0
1784905746.225074,shift_failed,OK,0
1784905746.229470,rpm,0,0
1784905746.229470,throttle_position,0,0
1784905746.234300,kill_switch,RUN,1
1784905746.234300,time_bin_541_d3,0,0
1784905746.234300,engine_on_counter,0,0
1784905746.234300,engine_off_counter,30,30
1784905746.244562,wheel_speed_rear,0.0,0
1784905746.244562,wheel_speed_front,0.0,0
1784905746.244562,rear_speed_band,0.0,0
1784905746.249632,wheel_speed_rear,0.0,0
1784905746.249632,wheel_speed_front,0.0,0
1784905746.249632,rear_speed_band,0.0,0
1784905746.249669,signal_12a_d1_bit2,1,1
1784905746.249669,abs_lamp,LIT,1
1784905746.253577,engine_torque,166,166
1784905746.253577,shift_cut_active,off,0
1784905746.253577,shift_blip_active,off,0
1784905746.263272,gear_position,N,0
1784905746.263272,clutch,RELEASED,0
1784905746.263272,shift_failed,OK,0
1784905746.267391,coolant_temp,23.700000000000003,237
1784905746.267391,fuel_injection_setpoint,0,0
1784905746.267391,side_stand,DOWN,0
1784905746.282920,wheel_speed_rear,0.0,0
1784905746.282920,wheel_speed_front,0.0,0
1784905746.282920,rear_speed_band,0.0,0
1784905746.282980,engine_torque,166,166
1784905746.282980,shift_cut_active,off,0
1784905746.282980,shift_blip_active,off,0
1784905746.283020,gear_position,N,0
1784905746.283020,clutch,RELEASED,0
1784905746.283020,shift_failed,OK,0
1784905746.287460,rpm,0,0
1784905746.287460,throttle_position,0,0
1784905746.296158,kill_switch,RUN,1
1784905746.296158,time_bin_541_d3,0,0
1784905746.296158,engine_on_counter,0,0
1784905746.296158,engine_off_counter,30,30
1784905746.304757,wheel_speed_rear,0.0,0
1784905746.304757,wheel_speed_front,0.0,0
1784905746.304757,rear_speed_band,0.0,0
1784905746.310950,engine_torque,166,166
1784905746.310950,shift_cut_active,off,0
1784905746.310950,shift_blip_active,off,0
1784905746.317132,gear_position,N,0
1784905746.317132,clutch,RELEASED,0
1784905746.317132,shift_failed,OK,0
1784905746.317247,rpm,0,0
1784905746.317247,throttle_position,0,0
1784905746.321536,kill_switch,RUN,1
1784905746.321536,time_bin_541_d3,0,0
1784905746.321536,engine_on_counter,0,0
1784905746.321536,engine_off_counter,30,30
1784905746.321630,wheel_speed_rear,0.0,0
1784905746.321630,wheel_speed_front,0.0,0
1784905746.321630,rear_speed_band,0.0,0
1784905746.325052,engine_torque,166,166
1784905746.325052,shift_cut_active,off,0
1784905746.325052,shift_blip_active,off,0
1784905746.336746,kill_switch,RUN,1
1784905746.336746,time_bin_541_d3,0,0
1784905746.336746,engine_on_counter,0,0
1784905746.336746,engine_off_counter,30,30
1784905746.343657,engine_torque,166,166
1784905746.343657,shift_cut_active,off,0
1784905746.343657,shift_blip_active,off,0
1784905746.347938,gear_position,N,0
1784905746.347938,clutch,RELEASED,0
1784905746.347938,shift_failed,OK,0
1784905746.348044,rpm,0,0
1784905746.348044,throttle_position,0,0
1784905746.348086,kill_switch,RUN,1
1784905746.348086,time_bin_541_d3,0,0
1784905746.348086,engine_on_counter,0,0
1784905746.348086,engine_off_counter,30,30
1784905746.348119,wheel_speed_rear,0.0,0
1784905746.348119,wheel_speed_front,0.0,0
1784905746.348119,rear_speed_band,0.0,0
1784905746.348152,engine_torque,166,166
1784905746.348152,shift_cut_active,off,0
1784905746.348152,shift_blip_active,off,0
1784905746.352805,gear_position,N,0
1784905746.352805,clutch,RELEASED,0
1784905746.352805,shift_failed,OK,0
1784905746.358442,wheel_speed_rear,0.0,0
1784905746.358442,wheel_speed_front,0.0,0
1784905746.358442,rear_speed_band,0.0,0
1784905746.358516,wheel_speed_rear,0.0,0
1784905746.358516,wheel_speed_front,0.0,0
1784905746.358516,rear_speed_band,0.0,0
1784905746.358549,engine_torque,166,166
1784905746.358549,shift_cut_active,off,0
1784905746.358549,shift_blip_active,off,0
1784905746.362427,wheel_speed_rear,0.0,0
1784905746.362427,wheel_speed_front,0.0,0
1784905746.362427,rear_speed_band,0.0,0
1784905746.371932,wheel_speed_rear,0.0,0
1784905746.371932,wheel_speed_front,0.0,0
1784905746.371932,rear_speed_band,0.0,0
1784905746.384969,engine_torque,166,166
1784905746.384969,shift_cut_active,off,0
1784905746.384969,shift_blip_active,off,0
1784905746.385109,gear_position,N,0
1784905746.385109,clutch,RELEASED,0
1784905746.385109,shift_failed,OK,0
1784905746.385149,wheel_speed_rear,0.0,0
1784905746.385149,wheel_speed_front,0.0,0
1784905746.385149,rear_speed_band,0.0,0
1784905746.385220,engine_torque,166,166
1784905746.385220,shift_cut_active,off,0
1784905746.385220,shift_blip_active,off,0
1784905746.385297,gear_position,N,0
1784905746.385297,clutch,RELEASED,0
1784905746.385297,shift_failed,OK,0
1784905746.385380,rpm,0,0
1784905746.385380,throttle_position,0,0
1784905746.391122,kill_switch,RUN,1
1784905746.391122,time_bin_541_d3,0,0
1784905746.391122,engine_on_counter,0,0
1784905746.391122,engine_off_counter,30,30
1784905746.398768,wheel_speed_rear,0.0,0
1784905746.398768,wheel_speed_front,0.0,0
1784905746.398768,rear_speed_band,0.0,0
1784905746.408585,wheel_speed_rear,0.0,0
1784905746.408585,wheel_speed_front,0.0,0
1784905746.408585,rear_speed_band,0.0,0
1784905746.408622,engine_torque,166,166
1784905746.408622,shift_cut_active,off,0
1784905746.408622,shift_blip_active,off,0
1784905746.417953,gear_position,N,0
1784905746.417953,clutch,RELEASED,0
1784905746.417953,shift_failed,OK,0
1784905746.423438,rpm,0,0
1784905746.423438,throttle_position,0,0
1784905746.428857,kill_switch,RUN,1
1784905746.428857,time_bin_541_d3,0,0
1784905746.428857,engine_on_counter,0,0
1784905746.428857,engine_off_counter,30,30
1784905746.432057,wheel_speed_rear,0.0,0
1784905746.432057,wheel_speed_front,0.0,0
1784905746.432057,rear_speed_band,0.0,0
1784905746.442658,wheel_speed_rear,0.0,0
1784905746.442658,wheel_speed_front,0.0,0
1784905746.442658,rear_speed_band,0.0,0
1784905746.442713,signal_12a_d1_bit2,1,1
1784905746.442713,abs_lamp,LIT,1
1784905746.447215,engine_torque,166,166
1784905746.447215,shift_cut_active,off,0
1784905746.447215,shift_blip_active,off,0
1784905746.447285,gear_position,N,0
1784905746.447285,clutch,RELEASED,0
1784905746.447285,shift_failed,OK,0
1784905746.451613,kill_switch,RUN,1
1784905746.451613,time_bin_541_d3,0,0
1784905746.451613,engine_on_counter,0,0
1784905746.451613,engine_off_counter,30,30
1784905746.456336,wheel_speed_rear,0.0,0
1784905746.456336,wheel_speed_front,0.0,0
1784905746.456336,rear_speed_band,0.0,0
1784905746.464950,engine_torque,166,166
1784905746.464950,shift_cut_active,off,0
1784905746.464950,shift_blip_active,off,0
1784905746.469811,gear_position,N,0
1784905746.469811,clutch,RELEASED,0
1784905746.469811,shift_failed,OK,0
1784905746.473910,rpm,0,0
1784905746.473910,throttle_position,0,0
1784905746.486453,wheel_speed_rear,0.0,0
1784905746.486453,wheel_speed_front,0.0,0
1784905746.486453,rear_speed_band,0.0,0
1784905746.486538,wheel_speed_rear,0.0,0
1784905746.486538,wheel_speed_front,0.0,0
1784905746.486538,rear_speed_band,0.0,0
1784905746.486576,engine_torque,166,166
1784905746.486576,shift_cut_active,off,0
1784905746.486576,shift_blip_active,off,0
1784905746.486611,gear_position,N,0
1784905746.486611,clutch,RELEASED,0
1784905746.486611,shift_failed,OK,0
1784905746.486647,rpm,0,0
1784905746.486647,throttle_position,0,0
1784905746.495282,wheel_speed_rear,0.0,0
1784905746.495282,wheel_speed_front,0.0,0
1784905746.495282,rear_speed_band,0.0,0
1784905746.504362,engine_torque,166,166
1784905746.504362,shift_cut_active,off,0
1784905746.504362,shift_blip_active,off,0
1784905746.509309,gear_position,N,0
1784905746.509309,clutch,RELEASED,0
1784905746.509309,shift_failed,OK,0
1784905746.512313,rpm,0,0
1784905746.512313,throttle_position,0,0
1784905746.521019,engine_torque,166,166
1784905746.521019,shift_cut_active,off,0
1784905746.521019,shift_blip_active,off,0
1784905746.529857,gear_position,N,0
1784905746.529857,clutch,RELEASED,0
1784905746.529857,shift_failed,OK,0
1784905746.533978,wheel_speed_rear,0.0,0
1784905746.533978,wheel_speed_front,0.0,0
1784905746.533978,rear_speed_band,0.0,0
1784905746.540441,wheel_speed_rear,0.0,0
1784905746.540441,wheel_speed_front,0.0,0
1784905746.540441,rear_speed_band,0.0,0
1784905746.544692,signal_12a_d1_bit2,1,1
1784905746.544692,abs_lamp,LIT,1
1784905746.553256,engine_torque,166,166
1784905746.553256,shift_cut_active,off,0
1784905746.553256,shift_blip_active,off,0
1784905746.557845,gear_position,N,0
1784905746.557845,clutch,RELEASED,0
1784905746.557845,shift_failed,OK,0
1784905746.576483,wheel_speed_rear,0.0,0
1784905746.576483,wheel_speed_front,0.0,0
1784905746.576483,rear_speed_band,0.0,0
1784905746.581872,engine_torque,166,166
1784905746.581872,shift_cut_active,off,0
1784905746.581872,shift_blip_active,off,0
1784905746.586682,gear_position,N,0
1784905746.586682,clutch,RELEASED,0
1784905746.586682,shift_failed,OK,0
1784905746.586753,rpm,0,0
1784905746.586753,throttle_position,0,0
1784905746.586791,wheel_speed_rear,0.0,0
1784905746.586791,wheel_speed_front,0.0,0
1784905746.586791,rear_speed_band,0.0,0
1784905746.586829,wheel_speed_rear,0.0,0
1784905746.586829,wheel_speed_front,0.0,0
1784905746.586829,rear_speed_band,0.0,0
1784905746.596529,engine_torque,166,166
1784905746.596529,shift_cut_active,off,0
1784905746.596529,shift_blip_active,off,0
1784905746.606496,gear_position,N,0
1784905746.606496,clutch,RELEASED,0
1784905746.606496,shift_failed,OK,0
1784905746.606574,wheel_speed_rear,0.0,0
1784905746.606574,wheel_speed_front,0.0,0
1784905746.606574,rear_speed_band,0.0,0
1784905746.610589,engine_torque,166,166
1784905746.610589,shift_cut_active,off,0
1784905746.610589,shift_blip_active,off,0
1784905746.614780,gear_position,N,0
1784905746.614780,clutch,RELEASED,0
1784905746.614780,shift_failed,OK,0
1784905746.624518,rpm,0,0
1784905746.624518,throttle_position,0,0
1784905746.632854,kill_switch,RUN,1
1784905746.632854,time_bin_541_d3,0,0
1784905746.632854,engine_on_counter,0,0
1784905746.632854,engine_off_counter,30,30
1784905746.642537,wheel_speed_rear,0.0,0
1784905746.642537,wheel_speed_front,0.0,0
1784905746.642537,rear_speed_band,0.0,0
1784905746.657478,wheel_speed_rear,0.0,0
1784905746.657478,wheel_speed_front,0.0,0
1784905746.657478,rear_speed_band,0.0,0
1784905746.657522,engine_torque,166,166
1784905746.657522,shift_cut_active,off,0
1784905746.657522,shift_blip_active,off,0
1784905746.662627,gear_position,N,0
1784905746.662627,clutch,RELEASED,0
1784905746.662627,shift_failed,OK,0
1784905746.667262,rpm,0,0
1784905746.667262,throttle_position,0,0
1784905746.667306,wheel_speed_rear,0.0,0
1784905746.667306,wheel_speed_front,0.0,0
1784905746.667306,rear_speed_band,0.0,0
1784905746.667354,wheel_speed_rear,0.0,0
1784905746.667354,wheel_speed_front,0.0,0
1784905746.667354,rear_speed_band,0.0,0
1784905746.671730,signal_12a_d1_bit2,1,1
1784905746.671730,abs_lamp,LIT,1
1784905746.677108,engine_torque,166,166
1784905746.677108,shift_cut_active,off,0
1784905746.677108,shift_blip_active,off,0
1784905746.681557,gear_position,N,0
1784905746.681557,clutch,RELEASED,0
1784905746.681557,shift_failed,OK,0
1784905746.693470,coolant_temp,23.700000000000003,237
1784905746.693470,fuel_injection_setpoint,0,0
1784905746.693470,side_stand,DOWN,0
1784905746.720413,rpm,0,0
1784905746.720413,throttle_position,0,0
1784905746.725079,wheel_speed_rear,0.0,0
1784905746.725079,wheel_speed_front,0.0,0
1784905746.725079,rear_speed_band,0.0,0
1784905746.735274,engine_torque,166,166
1784905746.735274,shift_cut_active,off,0
1784905746.735274,shift_blip_active,off,0
1784905746.735357,gear_position,N,0
1784905746.735357,clutch,RELEASED,0
1784905746.735357,shift_failed,OK,0
1784905746.735429,rpm,0,0
1784905746.735429,throttle_position,0,0
1784905746.746468,kill_switch,RUN,1
1784905746.746468,time_bin_541_d3,0,0
1784905746.746468,engine_on_counter,0,0
1784905746.746468,engine_off_counter,30,30
1784905746.746486,wheel_speed_rear,0.0,0
1784905746.746486,wheel_speed_front,0.0,0
1784905746.746486,rear_speed_band,0.0,0
1784905746.746506,engine_torque,166,166
1784905746.746506,shift_cut_active,off,0
1784905746.746506,shift_blip_active,off,0
1784905746.746523,gear_position,N,0
1784905746.746523,clutch,RELEASED,0
1784905746.746523,shift_failed,OK,0
1784905746.749945,kill_switch,RUN,1
1784905746.749945,time_bin_541_d3,0,0
1784905746.749945,engine_on_counter,0,0
1784905746.749945,engine_off_counter,30,30
1784905746.754898,wheel_speed_rear,0.0,0
1784905746.754898,wheel_speed_front,0.0,0
1784905746.754898,rear_speed_band,0.0,0
1784905746.760227,wheel_speed_rear,0.0,0
1784905746.760227,wheel_speed_front,0.0,0
1784905746.760227,rear_speed_band,0.0,0
1784905746.764796,engine_torque,166,166
1784905746.764796,shift_cut_active,off,0
1784905746.764796,shift_blip_active,off,0
1784905746.769971,gear_position,N,0
1784905746.769971,clutch,RELEASED,0
1784905746.769971,shift_failed,OK,0
1784905746.770040,rpm,0,0
1784905746.770040,throttle_position,0,0
1784905746.779663,kill_switch,RUN,1
1784905746.779663,time_bin_541_d3,0,0
1784905746.779663,engine_on_counter,0,0
1784905746.779663,engine_off_counter,30,30
1784905746.798356,engine_torque,166,166
1784905746.798356,shift_cut_active,off,0
1784905746.798356,shift_blip_active,off,0
1784905746.798452,wheel_speed_rear,0.0,0
1784905746.798452,wheel_speed_front,0.0,0
1784905746.798452,rear_speed_band,0.0,0
1784905746.798492,signal_12a_d1_bit2,1,1
1784905746.798492,abs_lamp,LIT,1
1784905746.798528,engine_torque,166,166
1784905746.798528,shift_cut_active,off,0
1784905746.798528,shift_blip_active,off,0
1784905746.798565,gear_position,N,0
1784905746.798565,clutch,RELEASED,0
1784905746.798565,shift_failed,OK,0
1784905746.807872,coolant_temp,23.700000000000003,237
1784905746.807872,fuel_injection_setpoint,0,0
1784905746.807872,side_stand,DOWN,0
1784905746.823308,rpm,0,0
1784905746.823308,throttle_position,0,0
1784905746.832199,wheel_speed_rear,0.0,0
1784905746.832199,wheel_speed_front,0.0,0
1784905746.832199,rear_speed_band,0.0,0
1784905746.835725,engine_torque,166,166
1784905746.835725,shift_cut_active,off,0
1784905746.835725,shift_blip_active,off,0
1784905746.847183,gear_position,N,0
1784905746.847183,clutch,RELEASED,0
1784905746.847183,shift_failed,OK,0
1784905746.853654,rpm,0,0
1784905746.853654,throttle_position,0,0
1784905746.858278,wheel_speed_rear,0.0,0
1784905746.858278,wheel_speed_front,0.0,0
1784905746.858278,rear_speed_band,0.0,0
1784905746.858321,engine_torque,166,166
1784905746.858321,shift_cut_active,off,0
1784905746.858321,shift_blip_active,off,0
1784905746.858355,gear_position,N,0
1784905746.858355,clutch,RELEASED,0
1784905746.858355,shift_failed,OK,0
1784905746.858391,wheel_speed_rear,0.0,0
1784905746.858391,wheel_speed_front,0.0,0
1784905746.858391,rear_speed_band,0.0,0
1784905746.861888,engine_torque,166,166
1784905746.861888,shift_cut_active,off,0
1784905746.861888,shift_blip_active,off,0
1784905746.865423,rpm,0,0
1784905746.865423,throttle_position,0,0
1784905746.874278,engine_torque,166,166
1784905746.874278,shift_cut_active,off,0
1784905746.874278,shift_blip_active,off,0
1784905746.884106,wheel_speed_rear,0.0,0
1784905746.884106,wheel_speed_front,0.0,0
1784905746.884106,rear_speed_band,0.0,0
1784905746.891883,wheel_speed_rear,0.0,0
1784905746.891883,wheel_speed_front,0.0,0
1784905746.891883,rear_speed_band,0.0,0
1784905746.897926,signal_12a_d1_bit2,1,1
1784905746.897926,abs_lamp,LIT,1
1784905746.897986,engine_torque,166,166
1784905746.897986,shift_cut_active,off,0
1784905746.897986,shift_blip_active,off,0
1784905746.898022,gear_position,N,0
1784905746.898022,clutch,RELEASED,0
1784905746.898022,shift_failed,OK,0
1784905746.898058,coolant_temp,23.700000000000003,237
1784905746.898058,fuel_injection_setpoint,0,0
1784905746.898058,side_stand,DOWN,0
1784905746.898093,wheel_speed_rear,0.0,0
1784905746.898093,wheel_speed_front,0.0,0
1784905746.898093,rear_speed_band,0.0,0
1784905746.898128,engine_torque,166,166
1784905746.898128,shift_cut_active,off,0
1784905746.898128,shift_blip_active,off,0
1784905746.901401,gear_position,N,0
1784905746.901401,clutch,RELEASED,0
1784905746.901401,shift_failed,OK,0
1784905746.901446,rpm,0,0
1784905746.901446,throttle_position,0,0
1784905746.909788,wheel_speed_rear,0.0,0
1784905746.909788,wheel_speed_front,0.0,0
1784905746.909788,rear_speed_band,0.0,0
1784905746.919064,engine_torque,166,166
1784905746.919064,shift_cut_active,off,0
1784905746.919064,shift_blip_active,off,0
1784905746.923959,wheel_speed_rear,0.0,0
1784905746.923959,wheel_speed_front,0.0,0
1784905746.923959,rear_speed_band,0.0,0
1784905746.928663,wheel_speed_rear,0.0,0
1784905746.928663,wheel_speed_front,0.0,0
1784905746.928663,rear_speed_band,0.0,0
1784905746.928722,engine_torque,166,166
1784905746.928722,shift_cut_active,off,0
1784905746.928722,shift_blip_active,off,0
1784905746.928759,gear_position,N,0
1784905746.928759,clutch,RELEASED,0
1784905746.928759,shift_failed,OK,0
1784905746.928792,rpm,0,0
1784905746.928792,throttle_position,0,0
1784905746.948454,wheel_speed_rear,0.0,0
1784905746.948454,wheel_speed_front,0.0,0
1784905746.948454,rear_speed_band,0.0,0
1784905746.948499,engine_torque,166,166
1784905746.948499,shift_cut_active,off,0
1784905746.948499,shift_blip_active,off,0
1784905746.948533,gear_position,N,0
1784905746.948533,clutch,RELEASED,0
1784905746.948533,shift_failed,OK,0
1784905746.958055,rpm,0,0
1784905746.958055,throttle_position,0,0
1784905746.968666,kill_switch,RUN,1
1784905746.968666,time_bin_541_d3,0,0
1784905746.968666,engine_on_counter,0,0
1784905746.968666,engine_off_counter,30,30
1784905746.972748,engine_torque,166,166
1784905746.972748,shift_cut_active,off,0
1784905746.972748,shift_blip_active,off,0
1784905746.972816,wheel_speed_rear,0.0,0
1784905746.972816,wheel_speed_front,0.0,0
1784905746.972816,rear_speed_band,0.0,0
1784905746.982497,engine_torque,166,166
1784905746.982497,shift_cut_active,off,0
1784905746.982497,shift_blip_active,off,0
1784905746.994697,wheel_speed_rear,0.0,0
1784905746.994697,wheel_speed_front,0.0,0
1784905746.994697,rear_speed_band,0.0,0
1784905746.998958,engine_torque,166,166
1784905746.998958,shift_cut_active,off,0
1784905746.998958,shift_blip_active,off,0
1784905746.999015,gear_position,N,0
1784905746.999015,clutch,RELEASED,0
1784905746.999015,shift_failed,OK,0
1784905746.999054,rpm,0,0
1784905746.999054,throttle_position,0,0
1784905746.999089,wheel_speed_rear,0.0,0
1784905746.999089,wheel_speed_front,0.0,0
1784905746.999089,rear_speed_band,0.0,0
1784905746.999160,wheel_speed_rear,0.0,0
1784905746.999160,wheel_speed_front,0.0,0
1784905746.999160,rear_speed_band,0.0,0
1784905746.999195,engine_torque,166,166
1784905746.999195,shift_cut_active,off,0
1784905746.999195,shift_blip_active,off,0
1784905747.003568,gear_position,N,0
1784905747.003568,clutch,RELEASED,0
1784905747.003568,shift_failed,OK,0
1784905747.008477,rpm,0,0
1784905747.008477,throttle_position,0,0
1784905747.012176,kill_switch,RUN,1
1784905747.012176,time_bin_541_d3,0,0
1784905747.012176,engine_on_counter,0,0
1784905747.012176,engine_off_counter,30,30
1784905747.016457,wheel_speed_rear,0.0,0
1784905747.016457,wheel_speed_front,0.0,0
1784905747.016457,rear_speed_band,0.0,0
1784905747.032203,wheel_speed_rear,0.0,0
1784905747.032203,wheel_speed_front,0.0,0
1784905747.032203,rear_speed_band,0.0,0
1784905747.032253,engine_torque,166,166
1784905747.032253,shift_cut_active,off,0
1784905747.032253,shift_blip_active,off,0
1784905747.036811,gear_position,N,0
1784905747.036811,clutch,RELEASED,0
1784905747.036811,shift_failed,OK,0
1784905747.048192,wheel_speed_rear,0.0,0
1784905747.048192,wheel_speed_front,0.0,0
1784905747.048192,rear_speed_band,0.0,0
1784905747.053131,engine_torque,166,166
1784905747.053131,shift_cut_active,off,0
1784905747.053131,shift_blip_active,off,0
1784905747.053205,gear_position,N,0
1784905747.053205,clutch,RELEASED,0
1784905747.053205,shift_failed,OK,0
1784905747.053243,coolant_temp,23.700000000000003,237
1784905747.053243,fuel_injection_setpoint,0,0
1784905747.053243,side_stand,DOWN,0
1784905747.053310,rpm,0,0
1784905747.053310,throttle_position,0,0
1784905747.053345,wheel_speed_rear,0.0,0
1784905747.053345,wheel_speed_front,0.0,0
1784905747.053345,rear_speed_band,0.0,0
1784905747.057488,engine_torque,166,166
1784905747.057488,shift_cut_active,off,0
1784905747.057488,shift_blip_active,off,0
1784905747.066424,wheel_speed_rear,0.0,0
1784905747.066424,wheel_speed_front,0.0,0
1784905747.066424,rear_speed_band,0.0,0
1784905747.070606,wheel_speed_rear,0.0,0
1784905747.070606,wheel_speed_front,0.0,0
1784905747.070606,rear_speed_band,0.0,0
1784905747.080557,engine_torque,166,166
1784905747.080557,shift_cut_active,off,0
1784905747.080557,shift_blip_active,off,0
1784905747.089626,wheel_speed_rear,0.0,0
1784905747.089626,wheel_speed_front,0.0,0
1784905747.089626,rear_speed_band,0.0,0
1784905747.099165,engine_torque,166,166
1784905747.099165,shift_cut_active,off,0
1784905747.099165,shift_blip_active,off,0
1784905747.099257,gear_position,N,0
1784905747.099257,clutch,RELEASED,0
1784905747.099257,shift_failed,OK,0
1784905747.099303,rpm,0,0
1784905747.099303,throttle_position,0,0
1784905747.104148,kill_switch,RUN,1
1784905747.104148,time_bin_541_d3,0,0
1784905747.104148,engine_on_counter,0,0
1784905747.104148,engine_off_counter,31,31
1784905747.104212,wheel_speed_rear,0.0,0
1784905747.104212,wheel_speed_front,0.0,0
1784905747.104212,rear_speed_band,0.0,0
1784905747.104322,wheel_speed_rear,0.0,0
1784905747.104322,wheel_speed_front,0.0,0
1784905747.104322,rear_speed_band,0.0,0
1784905747.104358,engine_torque,166,166
1784905747.104358,shift_cut_active,off,0
1784905747.104358,shift_blip_active,off,0
1784905747.109561,gear_position,N,0
1784905747.109561,clutch,RELEASED,0
1784905747.109561,shift_failed,OK,0
1784905747.110539,wheel_speed_rear,0.0,0
1784905747.110539,wheel_speed_front,0.0,0
1784905747.110539,rear_speed_band,0.0,0
1784905747.110800,wheel_speed_rear,0.0,0
1784905747.110800,wheel_speed_front,0.0,0
1784905747.110800,rear_speed_band,0.0,0
1784905747.110843,signal_12a_d1_bit2,1,1
1784905747.110843,abs_lamp,LIT,1
1784905747.113156,engine_torque,166,166
1784905747.113156,shift_cut_active,off,0
1784905747.113156,shift_blip_active,off,0
1784905747.118359,gear_position,N,0
1784905747.118359,clutch,RELEASED,0
1784905747.118359,shift_failed,OK,0
1784905747.118414,coolant_temp,23.700000000000003,237
1784905747.118414,fuel_injection_setpoint,0,0
1784905747.118414,side_stand,DOWN,0
1784905747.127928,rpm,0,0
1784905747.127928,throttle_position,0,0
1784905747.132327,kill_switch,RUN,1
1784905747.132327,time_bin_541_d3,0,0
1784905747.132327,engine_on_counter,0,0
1784905747.132327,engine_off_counter,31,31
1784905747.132383,wheel_speed_rear,0.0,0
1784905747.132383,wheel_speed_front,0.0,0
1784905747.132383,rear_speed_band,0.0,0
1784905747.132420,engine_torque,166,166
1784905747.132420,shift_cut_active,off,0
1784905747.132420,shift_blip_active,off,0
1784905747.137222,gear_position,N,0
1784905747.137222,clutch,RELEASED,0
1784905747.137222,shift_failed,OK,0
1784905747.142937,wheel_speed_rear,0.0,0
1784905747.142937,wheel_speed_front,0.0,0
1784905747.142937,rear_speed_band,0.0,0
1784905747.151321,engine_torque,166,166
1784905747.151321,shift_cut_active,off,0
1784905747.151321,shift_blip_active,off,0
1784905747.155289,gear_position,N,0
1784905747.155289,clutch,RELEASED,0
1784905747.155289,shift_failed,OK,0
1784905747.155354,rpm,0,0
1784905747.155354,throttle_position,0,0
1784905747.155389,kill_switch,RUN,1
1784905747.155389,time_bin_541_d3,0,0
1784905747.155389,engine_on_counter,0,0
1784905747.155389,engine_off_counter,31,31
1784905747.155421,wheel_speed_rear,0.0,0
1784905747.155421,wheel_speed_front,0.0,0
1784905747.155421,rear_speed_band,0.0,0
1784905747.155544,wheel_speed_rear,0.0,0
1784905747.155544,wheel_speed_front,0.0,0
1784905747.155544,rear_speed_band,0.0,0
1784905747.157578,engine_torque,166,166
1784905747.157578,shift_cut_active,off,0
1784905747.157578,shift_blip_active,off,0
1784905747.159722,gear_position,N,0
1784905747.159722,clutch,RELEASED,0
1784905747.159722,shift_failed,OK,0
1784905747.169462,kill_switch,RUN,1
1784905747.169462,time_bin_541_d3,0,0
1784905747.169462,engine_on_counter,0,0
1784905747.169462,engine_off_counter,31,31
1784905747.184096,wheel_speed_rear,0.0,0
1784905747.184096,wheel_speed_front,0.0,0
1784905747.184096,rear_speed_band,0.0,0
1784905747.187485,engine_torque,166,166
1784905747.187485,shift_cut_active,off,0
1784905747.187485,shift_blip_active,off,0
1784905747.187548,kill_switch,RUN,1
1784905747.187548,time_bin_541_d3,0,0
1784905747.187548,engine_on_counter,0,0
1784905747.187548,engine_off_counter,31,31
1784905747.199222,engine_torque,166,166
1784905747.199222,shift_cut_active,off,0
1784905747.199222,shift_blip_active,off,0
1784905747.204768,gear_position,N,0
1784905747.204768,clutch,RELEASED,0
1784905747.204768,shift_failed,OK,0
1784905747.204828,coolant_temp,23.700000000000003,237
1784905747.204828,fuel_injection_setpoint,0,0
1784905747.204828,side_stand,DOWN,0
1784905747.204898,rpm,0,0
1784905747.204898,throttle_position,0,0
1784905747.204935,kill_switch,RUN,1
1784905747.204935,time_bin_541_d3,0,0
1784905747.204935,engine_on_counter,0,0
1784905747.204935,engine_off_counter,31,31
1784905747.208337,wheel_speed_rear,0.0,0
1784905747.208337,wheel_speed_front,0.0,0
1784905747.208337,rear_speed_band,0.0,0
1784905747.208434,wheel_speed_rear,0.0,0
1784905747.208434,wheel_speed_front,0.0,0
1784905747.208434,rear_speed_band,0.0,0
1784905747.220232,engine_torque,166,166
1784905747.220232,shift_cut_active,off,0
1784905747.220232,shift_blip_active,off,0
1784905747.220315,gear_position,N,0
1784905747.220315,clutch,RELEASED,0
1784905747.220315,shift_failed,OK,0
1784905747.229250,wheel_speed_rear,0.0,0
1784905747.229250,wheel_speed_front,0.0,0
1784905747.229250,rear_speed_band,0.0,0
1784905747.229289,engine_torque,166,166
1784905747.229289,shift_cut_active,off,0
1784905747.229289,shift_blip_active,off,0
1784905747.233831,gear_position,N,0
1784905747.233831,clutch,RELEASED,0
1784905747.233831,shift_failed,OK,0
1784905747.233876,wheel_speed_rear,0.0,0
1784905747.233876,wheel_speed_front,0.0,0
1784905747.233876,rear_speed_band,0.0,0
1784905747.238427,engine_torque,166,166
1784905747.238427,shift_cut_active,off,0
1784905747.238427,shift_blip_active,off,0
1784905747.248617,gear_position,N,0
1784905747.248617,clutch,RELEASED,0
1784905747.248617,shift_failed,OK,0
1784905747.248698,rpm,0,0
1784905747.248698,throttle_position,0,0
1784905747.258945,kill_switch,RUN,1
1784905747.258945,time_bin_541_d3,0,0
1784905747.258945,engine_on_counter,0,0
1784905747.258945,engine_off_counter,31,31
1784905747.259005,wheel_speed_rear,0.0,0
1784905747.259005,wheel_speed_front,0.0,0
1784905747.259005,rear_speed_band,0.0,0
1784905747.268141,wheel_speed_rear,0.0,0
1784905747.268141,wheel_speed_front,0.0,0
1784905747.268141,rear_speed_band,0.0,0
1784905747.278510,engine_torque,166,166
1784905747.278510,shift_cut_active,off,0
1784905747.278510,shift_blip_active,off,0
1784905747.278574,gear_position,N,0
1784905747.278574,clutch,RELEASED,0
1784905747.278574,shift_failed,OK,0
1784905747.287045,wheel_speed_rear,0.0,0
1784905747.287045,wheel_speed_front,0.0,0
1784905747.287045,rear_speed_band,0.0,0
1784905747.291005,signal_12a_d1_bit2,1,1
1784905747.291005,abs_lamp,LIT,1
1784905747.302601,engine_torque,166,166
1784905747.302601,shift_cut_active,off,0
1784905747.302601,shift_blip_active,off,0
1784905747.307094,gear_position,N,0
1784905747.307094,clutch,RELEASED,0
1784905747.307094,shift_failed,OK,0
1784905747.307180,rpm,0,0
1784905747.307180,throttle_position,0,0
1784905747.307215,kill_switch,RUN,1
1784905747.307215,time_bin_541_d3,0,0
1784905747.307215,engine_on_counter,0,0
1784905747.307215,engine_off_counter,31,31
1784905747.307251,wheel_speed_rear,0.0,0
1784905747.307251,wheel_speed_front,0.0,0
1784905747.307251,rear_speed_band,0.0,0
1784905747.307322,wheel_speed_rear,0.0,0
1784905747.307322,wheel_speed_front,0.0,0
1784905747.307322,rear_speed_band,0.0,0
1784905747.311594,engine_torque,166,166
1784905747.311594,shift_cut_active,off,0
1784905747.311594,shift_blip_active,off,0
1784905747.316186,gear_position,N,0
1784905747.316186,clutch,RELEASED,0
1784905747.316186,shift_failed,OK,0
1784905747.316263,rpm,0,0
1784905747.316263,throttle_position,0,0
1784905747.326967,kill_switch,RUN,1
1784905747.326967,time_bin_541_d3,0,0
1784905747.326967,engine_on_counter,0,0
1784905747.326967,engine_off_counter,31,31
1784905747.331186,wheel_speed_rear,0.0,0
1784905747.331186,wheel_speed_front,0.0,0
1784905747.331186,rear_speed_band,0.0,0
1784905747.344217,wheel_speed_rear,0.0,0
1784905747.344217,wheel_speed_front,0.0,0
1784905747.344217,rear_speed_band,0.0,0
1784905747.355191,engine_torque,166,166
1784905747.355191,shift_cut_active,off,0
1784905747.355191,shift_blip_active,off,0
1784905747.355259,gear_position,N,0
1784905747.355259,clutch,RELEASED,0
1784905747.355259,shift_failed,OK,0
1784905747.360880,rpm,0,0
1784905747.360880,throttle_position,0,0
1784905747.360944,kill_switch,RUN,1
1784905747.360944,time_bin_541_d3,0,0
1784905747.360944,engine_on_counter,0,0
1784905747.360944,engine_off_counter,31,31
1784905747.364088,wheel_speed_rear,0.0,0
1784905747.364088,wheel_speed_front,0.0,0
1784905747.364088,rear_speed_band,0.0,0
1784905747.373458,wheel_speed_rear,0.0,0
1784905747.373458,wheel_speed_front,0.0,0
1784905747.373458,rear_speed_band,0.0,0
1784905747.378048,engine_torque,166,166
1784905747.378048,shift_cut_active,off,0
1784905747.378048,shift_blip_active,off,0
1784905747.386822,gear_position,N,0
1784905747.386822,clutch,RELEASED,0
1784905747.386822,shift_failed,OK,0
1784905747.397044,rpm,0,0
1784905747.397044,throttle_position,0,0
1784905747.400950,kill_switch,RUN,1
1784905747.400950,time_bin_541_d3,0,0
1784905747.400950,engine_on_counter,0,0
1784905747.400950,engine_off_counter,31,31
1784905747.406121,wheel_speed_rear,0.0,0
1784905747.406121,wheel_speed_front,0.0,0
1784905747.406121,rear_speed_band,0.0,0
1784905747.406265,wheel_speed_rear,0.0,0
1784905747.406265,wheel_speed_front,0.0,0
1784905747.406265,rear_speed_band,0.0,0
1784905747.409896,engine_torque,166,166
1784905747.409896,shift_cut_active,off,0
1784905747.409896,shift_blip_active,off,0
1784905747.421140,gear_position,N,0
1784905747.421140,clutch,RELEASED,0
1784905747.421140,shift_failed,OK,0
1784905747.425501,rpm,0,0
1784905747.425501,throttle_position,0,0
1784905747.425556,kill_switch,RUN,1
1784905747.425556,time_bin_541_d3,0,0
1784905747.425556,engine_on_counter,0,0
1784905747.425556,engine_off_counter,31,31
1784905747.425594,wheel_speed_rear,0.0,0
1784905747.425594,wheel_speed_front,0.0,0
1784905747.425594,rear_speed_band,0.0,0
1784905747.434465,signal_12a_d1_bit2,1,1
1784905747.434465,abs_lamp,LIT,1
1784905747.443630,engine_torque,166,166
1784905747.443630,shift_cut_active,off,0
1784905747.443630,shift_blip_active,off,0
1784905747.449912,gear_position,N,0
1784905747.449912,clutch,RELEASED,0
1784905747.449912,shift_failed,OK,0
1784905747.454390,wheel_speed_rear,0.0,0
1784905747.454390,wheel_speed_front,0.0,0
1784905747.454390,rear_speed_band,0.0,0
1784905747.461648,engine_torque,166,166
1784905747.461648,shift_cut_active,off,0
1784905747.461648,shift_blip_active,off,0
1784905747.465694,gear_position,N,0
1784905747.465694,clutch,RELEASED,0
1784905747.465694,shift_failed,OK,0
1784905747.465738,rpm,0,0
1784905747.465738,throttle_position,0,0
1784905747.470440,kill_switch,RUN,1
1784905747.470440,time_bin_541_d3,0,0
1784905747.470440,engine_on_counter,0,0
1784905747.470440,engine_off_counter,31,31
1784905747.479859,wheel_speed_rear,0.0,0
1784905747.479859,wheel_speed_front,0.0,0
1784905747.479859,rear_speed_band,0.0,0
1784905747.491202,wheel_speed_rear,0.0,0
1784905747.491202,wheel_speed_front,0.0,0
1784905747.491202,rear_speed_band,0.0,0
1784905747.496110,engine_torque,166,166
1784905747.496110,shift_cut_active,off,0
1784905747.496110,shift_blip_active,off,0
1784905747.496170,gear_position,N,0
1784905747.496170,clutch,RELEASED,0
1784905747.496170,shift_failed,OK,0
1784905747.496208,rpm,0,0
1784905747.496208,throttle_position,0,0
1784905747.499469,kill_switch,RUN,1
1784905747.499469,time_bin_541_d3,0,0
1784905747.499469,engine_on_counter,0,0
1784905747.499469,engine_off_counter,31,31
1784905747.506306,wheel_speed_rear,0.0,0
1784905747.506306,wheel_speed_front,0.0,0
1784905747.506306,rear_speed_band,0.0,0
1784905747.510950,signal_12a_d1_bit2,1,1
1784905747.510950,abs_lamp,LIT,1
1784905747.510984,wheel_speed_rear,0.0,0
1784905747.510984,wheel_speed_front,0.0,0
1784905747.510984,rear_speed_band,0.0,0
1784905747.511020,engine_torque,166,166
1784905747.511020,shift_cut_active,off,0
1784905747.511020,shift_blip_active,off,0
1784905747.511056,gear_position,N,0
1784905747.511056,clutch,RELEASED,0
1784905747.511056,shift_failed,OK,0
1784905747.511091,rpm,0,0
1784905747.511091,throttle_position,0,0
1784905747.516182,kill_switch,RUN,1
1784905747.516182,time_bin_541_d3,0,0
1784905747.516182,engine_on_counter,0,0
1784905747.516182,engine_off_counter,31,31
1784905747.525882,wheel_speed_rear,0.0,0
1784905747.525882,wheel_speed_front,0.0,0
1784905747.525882,rear_speed_band,0.0,0
1784905747.530299,engine_torque,166,166
1784905747.530299,shift_cut_active,off,0
1784905747.530299,shift_blip_active,off,0
1784905747.532664,rpm,0,0
1784905747.532664,throttle_position,0,0
1784905747.538104,wheel_speed_rear,0.0,0
1784905747.538104,wheel_speed_front,0.0,0
1784905747.538104,rear_speed_band,0.0,0
1784905747.538178,signal_12a_d1_bit2,1,1
1784905747.538178,abs_lamp,LIT,1
1784905747.541478,coolant_temp,23.700000000000003,237
1784905747.541478,fuel_injection_setpoint,0,0
1784905747.541478,side_stand,DOWN,0
1784905747.545472,wheel_speed_rear,0.0,0
1784905747.545472,wheel_speed_front,0.0,0
1784905747.545472,rear_speed_band,0.0,0
1784905747.552394,engine_torque,166,166
1784905747.552394,shift_cut_active,off,0
1784905747.552394,shift_blip_active,off,0
1784905747.557196,gear_position,N,0
1784905747.557196,clutch,RELEASED,0
1784905747.557196,shift_failed,OK,0
1784905747.557245,rpm,0,0
1784905747.557245,throttle_position,0,0
1784905747.557318,kill_switch,RUN,1
1784905747.557318,time_bin_541_d3,0,0
1784905747.557318,engine_on_counter,0,0
1784905747.557318,engine_off_counter,31,31
1784905747.562126,wheel_speed_rear,0.0,0
1784905747.562126,wheel_speed_front,0.0,0
1784905747.562126,rear_speed_band,0.0,0
1784905747.569999,wheel_speed_rear,0.0,0
1784905747.569999,wheel_speed_front,0.0,0
1784905747.569999,rear_speed_band,0.0,0
1784905747.577169,engine_torque,166,166
1784905747.577169,shift_cut_active,off,0
1784905747.577169,shift_blip_active,off,0
1784905747.581004,gear_position,N,0
1784905747.581004,clutch,RELEASED,0
1784905747.581004,shift_failed,OK,0
1784905747.581085,rpm,0,0
1784905747.581085,throttle_position,0,0
1784905747.585877,kill_switch,RUN,1
1784905747.585877,time_bin_541_d3,0,0
1784905747.585877,engine_on_counter,0,0
1784905747.585877,engine_off_counter,31,31
1784905747.589773,wheel_speed_rear,0.0,0
1784905747.589773,wheel_speed_front,0.0,0
1784905747.589773,rear_speed_band,0.0,0
1784905747.604070,wheel_speed_rear,0.0,0
1784905747.604070,wheel_speed_front,0.0,0
1784905747.604070,rear_speed_band,0.0,0
1784905747.617348,engine_torque,166,166
1784905747.617348,shift_cut_active,off,0
1784905747.617348,shift_blip_active,off,0
1784905747.617463,gear_position,N,0
1784905747.617463,clutch,RELEASED,0
1784905747.617463,shift_failed,OK,0
1784905747.617507,rpm,0,0
1784905747.617507,throttle_position,0,0
1784905747.623501,engine_torque,166,166
1784905747.623501,shift_cut_active,off,0
1784905747.623501,shift_blip_active,off,0
1784905747.623619,gear_position,N,0
1784905747.623619,clutch,RELEASED,0
1784905747.623619,shift_failed,OK,0
1784905747.623660,wheel_speed_rear,0.0,0
1784905747.623660,wheel_speed_front,0.0,0
1784905747.623660,rear_speed_band,0.0,0
1784905747.623697,signal_12a_d1_bit2,1,1
1784905747.623697,abs_lamp,LIT,1
1784905747.626991,engine_torque,166,166
1784905747.626991,shift_cut_active,off,0
1784905747.626991,shift_blip_active,off,0
1784905747.631849,wheel_speed_rear,0.0,0
1784905747.631849,wheel_speed_front,0.0,0
1784905747.631849,rear_speed_band,0.0,0
1784905747.637113,engine_torque,166,166
1784905747.637113,shift_cut_active,off,0
1784905747.637113,shift_blip_active,off,0
1784905747.646773,gear_position,N,0
1784905747.646773,clutch,RELEASED,0
1784905747.646773,shift_failed,OK,0
1784905747.651242,rpm,0,0
1784905747.651242,throttle_position,0,0
1784905747.664787,kill_switch,RUN,1
1784905747.664787,time_bin_541_d3,0,0
1784905747.664787,engine_on_counter,0,0
1784905747.664787,engine_off_counter,31,31
1784905747.670938,wheel_speed_rear,0.0,0
1784905747.670938,wheel_speed_front,0.0,0
1784905747.670938,rear_speed_band,0.0,0
1784905747.671001,engine_torque,166,166
1784905747.671001,shift_cut_active,off,0
1784905747.671001,shift_blip_active,off,0
1784905747.679892,gear_position,N,0
1784905747.679892,clutch,RELEASED,0
1784905747.679892,shift_failed,OK,0
1784905747.691557,rpm,0,0
1784905747.691557,throttle_position,0,0
1784905747.702105,kill_switch,RUN,1
1784905747.702105,time_bin_541_d3,0,0
1784905747.702105,engine_on_counter,0,0
1784905747.702105,engine_off_counter,31,31
1784905747.711358,wheel_speed_rear,0.0,0
1784905747.711358,wheel_speed_front,0.0,0
1784905747.711358,rear_speed_band,0.0,0
1784905747.717467,engine_torque,166,166
1784905747.717467,shift_cut_active,off,0
1784905747.717467,shift_blip_active,off,0
1784905747.717535,kill_switch,RUN,1
1784905747.717535,time_bin_541_d3,0,0
1784905747.717535,engine_on_counter,0,0
1784905747.717535,engine_off_counter,31,31
1784905747.730063,wheel_speed_rear,0.0,0
1784905747.730063,wheel_speed_front,0.0,0
1784905747.730063,rear_speed_band,0.0,0
1784905747.734770,engine_torque,166,166
1784905747.734770,shift_cut_active,off,0
1784905747.734770,shift_blip_active,off,0
1784905747.746271,gear_position,N,0
1784905747.746271,clutch,RELEASED,0
1784905747.746271,shift_failed,OK,0
1784905747.746365,rpm,0,0
1784905747.746365,throttle_position,0,0
1784905747.746404,wheel_speed_rear,0.0,0
1784905747.746404,wheel_speed_front,0.0,0
1784905747.746404,rear_speed_band,0.0,0
1784905747.754752,signal_12a_d1_bit2,1,1
1784905747.754752,abs_lamp,LIT,1
1784905747.767491,engine_torque,166,166
1784905747.767491,shift_cut_active,off,0
1784905747.767491,shift_blip_active,off,0
1784905747.767592,gear_position,N,0
1784905747.767592,clutch,RELEASED,0
1784905747.767592,shift_failed,OK,0
1784905747.767630,coolant_temp,23.700000000000003,237
1784905747.767630,fuel_injection_setpoint,0,0
1784905747.767630,side_stand,DOWN,0
1784905747.772160,wheel_speed_rear,0.0,0
1784905747.772160,wheel_speed_front,0.0,0
1784905747.772160,rear_speed_band,0.0,0
1784905747.779115,engine_torque,166,166
1784905747.779115,shift_cut_active,off,0
1784905747.779115,shift_blip_active,off,0
1784905747.781922,gear_position,N,0
1784905747.781922,clutch,RELEASED,0
1784905747.781922,shift_failed,OK,0
1784905747.790090,rpm,0,0
1784905747.790090,throttle_position,0,0
1784905747.805062,kill_switch,RUN,1
1784905747.805062,time_bin_541_d3,0,0
1784905747.805062,engine_on_counter,0,0
1784905747.805062,engine_off_counter,31,31
1784905747.817242,wheel_speed_rear,0.0,0
1784905747.817242,wheel_speed_front,0.0,0
1784905747.817242,rear_speed_band,0.0,0
1784905747.817392,wheel_speed_rear,0.0,0
1784905747.817392,wheel_speed_front,0.0,0
1784905747.817392,rear_speed_band,0.0,0
1784905747.817409,engine_torque,166,166
1784905747.817409,shift_cut_active,off,0
1784905747.817409,shift_blip_active,off,0
1784905747.817426,gear_position,N,0
1784905747.817426,clutch,RELEASED,0
1784905747.817426,shift_failed,OK,0
1784905747.817457,rpm,0,0
1784905747.817457,throttle_position,0,0
1784905747.821223,kill_switch,RUN,1
1784905747.821223,time_bin_541_d3,0,0
1784905747.821223,engine_on_counter,0,0
1784905747.821223,engine_off_counter,31,31
1784905747.826052,wheel_speed_rear,0.0,0
1784905747.826052,wheel_speed_front,0.0,0
1784905747.826052,rear_speed_band,0.0,0
1784905747.835228,wheel_speed_rear,0.0,0
1784905747.835228,wheel_speed_front,0.0,0
1784905747.835228,rear_speed_band,0.0,0
1784905747.839321,engine_torque,166,166
1784905747.839321,shift_cut_active,off,0
1784905747.839321,shift_blip_active,off,0
1784905747.848127,gear_position,N,0
1784905747.848127,clutch,RELEASED,0
1784905747.848127,shift_failed,OK,0
1784905747.855696,rpm,0,0
1784905747.855696,throttle_position,0,0
1784905747.855839,kill_switch,RUN,1
1784905747.855839,time_bin_541_d3,0,0
1784905747.855839,engine_on_counter,0,0
1784905747.855839,engine_off_counter,31,31
1784905747.863896,wheel_speed_rear,0.0,0
1784905747.863896,wheel_speed_front,0.0,0
1784905747.863896,rear_speed_band,0.0,0
1784905747.873374,wheel_speed_rear,0.0,0
1784905747.873374,wheel_speed_front,0.0,0
1784905747.873374,rear_speed_band,0.0,0
1784905747.879012,engine_torque,166,166
1784905747.879012,shift_cut_active,off,0
1784905747.879012,shift_blip_active,off,0
1784905747.879073,wheel_speed_rear,0.0,0
1784905747.879073,wheel_speed_front,0.0,0
1784905747.879073,rear_speed_band,0.0,0
1784905747.883368,wheel_speed_rear,0.0,0
1784905747.883368,wheel_speed_front,0.0,0
1784905747.883368,rear_speed_band,0.0,0
1784905747.887393,signal_12a_d1_bit2,1,1
1784905747.887393,abs_lamp,LIT,1
1784905747.891438,engine_torque,166,166
1784905747.891438,shift_cut_active,off,0
1784905747.891438,shift_blip_active,off,0
1784905747.901957,gear_position,N,0
1784905747.901957,clutch,RELEASED,0
1784905747.901957,shift_failed,OK,0
1784905747.912198,wheel_speed_rear,0.0,0
1784905747.912198,wheel_speed_front,0.0,0
1784905747.912198,rear_speed_band,0.0,0
1784905747.912296,engine_torque,166,166
1784905747.912296,shift_cut_active,off,0
1784905747.912296,shift_blip_active,off,0
1784905747.918603,gear_position,N,0
1784905747.918603,clutch,RELEASED,0
1784905747.918603,shift_failed,OK,0
1784905747.918678,rpm,0,0
1784905747.918678,throttle_position,0,0
1784905747.926878,kill_switch,RUN,1
1784905747.926878,time_bin_541_d3,0,0
1784905747.926878,engine_on_counter,0,0
1784905747.926878,engine_off_counter,31,31
1784905747.936912,wheel_speed_rear,0.0,0
1784905747.936912,wheel_speed_front,0.0,0
1784905747.936912,rear_speed_band,0.0,0
1784905747.941554,wheel_speed_rear,0.0,0
1784905747.941554,wheel_speed_front,0.0,0
1784905747.941554,rear_speed_band,0.0,0
1784905747.952432,engine_torque,166,166
1784905747.952432,shift_cut_active,off,0
1784905747.952432,shift_blip_active,off,0
1784905747.957999,gear_position,N,0
1784905747.957999,clutch,RELEASED,0
1784905747.957999,shift_failed,OK,0
1784905747.958057,rpm,0,0
1784905747.958057,throttle_position,0,0
1784905747.958094,wheel_speed_rear,0.0,0
1784905747.958094,wheel_speed_front,0.0,0
1784905747.958094,rear_speed_band,0.0,0
1784905747.962688,engine_torque,166,166
1784905747.962688,shift_cut_active,off,0
1784905747.962688,shift_blip_active,off,0
1784905747.962748,gear_position,N,0
1784905747.962748,clutch,RELEASED,0
1784905747.962748,shift_failed,OK,0
1784905747.967162,wheel_speed_rear,0.0,0
1784905747.967162,wheel_speed_front,0.0,0
1784905747.967162,rear_speed_band,0.0,0
1784905747.967200,engine_torque,166,166
1784905747.967200,shift_cut_active,off,0
1784905747.967200,shift_blip_active,off,0
1784905747.979755,wheel_speed_rear,0.0,0
1784905747.979755,wheel_speed_front,0.0,0
1784905747.979755,rear_speed_band,0.0,0
1784905747.979849,engine_torque,166,166
1784905747.979849,shift_cut_active,off,0
1784905747.979849,shift_blip_active,off,0
1784905747.983624,wheel_speed_rear,0.0,0
1784905747.983624,wheel_speed_front,0.0,0
1784905747.983624,rear_speed_band,0.0,0
1784905747.983680,engine_torque,166,166
1784905747.983680,shift_cut_active,off,0
1784905747.983680,shift_blip_active,off,0
1784905747.992331,gear_position,N,0
1784905747.992331,clutch,RELEASED,0
1784905747.992331,shift_failed,OK,0
1784905747.996869,rpm,0,0
1784905747.996869,throttle_position,0,0
1784905748.008516,wheel_speed_rear,0.0,0
1784905748.008516,wheel_speed_front,0.0,0
1784905748.008516,rear_speed_band,0.0,0
1784905748.008606,engine_torque,166,166
1784905748.008606,shift_cut_active,off,0
1784905748.008606,shift_blip_active,off,0
1784905748.014865,gear_position,N,0
1784905748.014865,clutch,RELEASED,0
1784905748.014865,shift_failed,OK,0
1784905748.021059,wheel_speed_rear,0.0,0
1784905748.021059,wheel_speed_front,0.0,0
1784905748.021059,rear_speed_band,0.0,0
1784905748.021125,wheel_speed_rear,0.0,0
1784905748.021125,wheel_speed_front,0.0,0
1784905748.021125,rear_speed_band,0.0,0
1784905748.021162,engine_torque,166,166
1784905748.021162,shift_cut_active,off,0
1784905748.021162,shift_blip_active,off,0
1784905748.021202,gear_position,N,0
1784905748.021202,clutch,RELEASED,0
1784905748.021202,shift_failed,OK,0
1784905748.030130,rpm,0,0
1784905748.030130,throttle_position,0,0
1784905748.045700,wheel_speed_rear,0.0,0
1784905748.045700,wheel_speed_front,0.0,0
1784905748.045700,rear_speed_band,0.0,0
1784905748.054670,engine_torque,166,166
1784905748.054670,shift_cut_active,off,0
1784905748.054670,shift_blip_active,off,0
1784905748.059413,gear_position,N,0
1784905748.059413,clutch,RELEASED,0
1784905748.059413,shift_failed,OK,0
1784905748.074486,rpm,0,0
1784905748.074486,throttle_position,0,0
1784905748.074585,kill_switch,RUN,1
1784905748.074585,time_bin_541_d3,0,0
1784905748.074585,engine_on_counter,0,0
1784905748.074585,engine_off_counter,31,31
1784905748.074624,wheel_speed_rear,0.0,0
1784905748.074624,wheel_speed_front,0.0,0
1784905748.074624,rear_speed_band,0.0,0
1784905748.074663,engine_torque,166,166
1784905748.074663,shift_cut_active,off,0
1784905748.074663,shift_blip_active,off,0
1784905748.074697,wheel_speed_rear,0.0,0
1784905748.074697,wheel_speed_front,0.0,0
1784905748.074697,rear_speed_band,0.0,0
1784905748.074734,engine_torque,166,166
1784905748.074734,shift_cut_active,off,0
1784905748.074734,shift_blip_active,off,0
1784905748.074776,gear_position,N,0
1784905748.074776,clutch,RELEASED,0
1784905748.074776,shift_failed,OK,0
1784905748.078645,rpm,0,0
1784905748.078645,throttle_position,0,0
1784905748.078769,kill_switch,RUN,1
1784905748.078769,time_bin_541_d3,0,0
1784905748.078769,engine_on_counter,0,0
1784905748.078769,engine_off_counter,32,32
1784905748.078805,wheel_speed_rear,0.0,0
1784905748.078805,wheel_speed_front,0.0,0
1784905748.078805,rear_speed_band,0.0,0
1784905748.083835,wheel_speed_rear,0.0,0
1784905748.083835,wheel_speed_front,0.0,0
1784905748.083835,rear_speed_band,0.0,0
1784905748.090945,engine_torque,166,166
1784905748.090945,shift_cut_active,off,0
1784905748.090945,shift_blip_active,off,0
1784905748.091078,gear_position,N,0
1784905748.091078,clutch,RELEASED,0
1784905748.091078,shift_failed,OK,0
1784905748.093399,rpm,0,0
1784905748.093399,throttle_position,0,0
1784905748.093473,kill_switch,RUN,1
1784905748.093473,time_bin_541_d3,0,0
1784905748.093473,engine_on_counter,0,0
1784905748.093473,engine_off_counter,32,32
1784905748.093559,wheel_speed_rear,0.0,0
1784905748.093559,wheel_speed_front,0.0,0
1784905748.093559,rear_speed_band,0.0,0
1784905748.093603,engine_torque,166,166
1784905748.093603,shift_cut_active,off,0
1784905748.093603,shift_blip_active,off,0
1784905748.102029,wheel_speed_rear,0.0,0
1784905748.102029,wheel_speed_front,0.0,0
1784905748.102029,rear_speed_band,0.0,0
1784905748.115701,wheel_speed_rear,0.0,0
1784905748.115701,wheel_speed_front,0.0,0
1784905748.115701,rear_speed_band,0.0,0
1784905748.126000,engine_torque,166,166
1784905748.126000,shift_cut_active,off,0
1784905748.126000,shift_blip_active,off,0
1784905748.126058,gear_position,N,0
1784905748.126058,clutch,RELEASED,0
1784905748.126058,shift_failed,OK,0
1784905748.126088,rpm,0,0
1784905748.126088,throttle_position,0,0
1784905748.126121,wheel_speed_rear,0.0,0
1784905748.126121,wheel_speed_front,0.0,0
1784905748.126121,rear_speed_band,0.0,0
1784905748.135293,signal_12a_d1_bit2,1,1
1784905748.135293,abs_lamp,LIT,1
1784905748.144765,engine_torque,166,166
1784905748.144765,shift_cut_active,off,0
1784905748.144765,shift_blip_active,off,0
1784905748.148424,wheel_speed_rear,0.0,0
1784905748.148424,wheel_speed_front,0.0,0
1784905748.148424,rear_speed_band,0.0,0
1784905748.157970,engine_torque,166,166
1784905748.157970,shift_cut_active,off,0
1784905748.157970,shift_blip_active,off,0
1784905748.166879,gear_position,N,0
1784905748.166879,clutch,RELEASED,0
1784905748.166879,shift_failed,OK,0
1784905748.166975,rpm,0,0
1784905748.166975,throttle_position,0,0
1784905748.180176,kill_switch,RUN,1
1784905748.180176,time_bin_541_d3,0,0
1784905748.180176,engine_on_counter,0,0
1784905748.180176,engine_off_counter,32,32
1784905748.180216,wheel_speed_rear,0.0,0
1784905748.180216,wheel_speed_front,0.0,0
1784905748.180216,rear_speed_band,0.0,0
1784905748.184674,engine_torque,166,166
1784905748.184674,shift_cut_active,off,0
1784905748.184674,shift_blip_active,off,0
1784905748.189817,gear_position,N,0
1784905748.189817,clutch,RELEASED,0
1784905748.189817,shift_failed,OK,0
1784905748.193887,kill_switch,RUN,1
1784905748.193887,time_bin_541_d3,0,0
1784905748.193887,engine_on_counter,0,0
1784905748.193887,engine_off_counter,32,32
1784905748.193953,wheel_speed_rear,0.0,0
1784905748.193953,wheel_speed_front,0.0,0
1784905748.193953,rear_speed_band,0.0,0
1784905748.193987,engine_torque,166,166
1784905748.193987,shift_cut_active,off,0
1784905748.193987,shift_blip_active,off,0
1784905748.199670,gear_position,N,0
1784905748.199670,clutch,RELEASED,0
1784905748.199670,shift_failed,OK,0
1784905748.204156,rpm,0,0
1784905748.204156,throttle_position,0,0
1784905748.213192,wheel_speed_rear,0.0,0
1784905748.213192,wheel_speed_front,0.0,0
1784905748.213192,rear_speed_band,0.0,0
1784905748.216751,engine_torque,166,166
1784905748.216751,shift_cut_active,off,0
1784905748.216751,shift_blip_active,off,0
1784905748.227354,gear_position,N,0
1784905748.227354,clutch,RELEASED,0
1784905748.227354,shift_failed,OK,0
1784905748.227431,rpm,0,0
1784905748.227431,throttle_position,0,0
1784905748.227465,kill_switch,RUN,1
1784905748.227465,time_bin_541_d3,0,0
1784905748.227465,engine_on_counter,0,0
1784905748.227465,engine_off_counter,32,32
1784905748.227497,wheel_speed_rear,0.0,0
1784905748.227497,wheel_speed_front,0.0,0
1784905748.227497,rear_speed_band,0.0,0
1784905748.227530,wheel_speed_rear,0.0,0
1784905748.227530,wheel_speed_front,0.0,0
1784905748.227530,rear_speed_band,0.0,0
1784905748.238579,engine_torque,166,166
1784905748.238579,shift_cut_active,off,0
1784905748.238579,shift_blip_active,off,0
1784905748.243841,rpm,0,0
1784905748.243841,throttle_position,0,0
1784905748.243924,wheel_speed_rear,0.0,0
1784905748.243924,wheel_speed_front,0.0,0
1784905748.243924,rear_speed_band,0.0,0
1784905748.248087,engine_torque,166,166
1784905748.248087,shift_cut_active,off,0
1784905748.248087,shift_blip_active,off,0
1784905748.248131,gear_position,N,0
1784905748.248131,clutch,RELEASED,0
1784905748.248131,shift_failed,OK,0
1784905748.248166,rpm,0,0
1784905748.248166,throttle_position,0,0
1784905748.252678,kill_switch,RUN,1
1784905748.252678,time_bin_541_d3,0,0
1784905748.252678,engine_on_counter,0,0
1784905748.252678,engine_off_counter,32,32
1784905748.261535,wheel_speed_rear,0.0,0
1784905748.261535,wheel_speed_front,0.0,0
1784905748.261535,rear_speed_band,0.0,0
1784905748.266649,wheel_speed_rear,0.0,0
1784905748.266649,wheel_speed_front,0.0,0
1784905748.266649,rear_speed_band,0.0,0
1784905748.273645,engine_torque,166,166
1784905748.273645,shift_cut_active,off,0
1784905748.273645,shift_blip_active,off,0
1784905748.279135,kill_switch,RUN,1
1784905748.279135,time_bin_541_d3,0,0
1784905748.279135,engine_on_counter,0,0
1784905748.279135,engine_off_counter,32,32
1784905748.279312,engine_torque,166,166
1784905748.279312,shift_cut_active,off,0
1784905748.279312,shift_blip_active,off,0
1784905748.282752,rpm,0,0
1784905748.282752,throttle_position,0,0
1784905748.287179,wheel_speed_rear,0.0,0
1784905748.287179,wheel_speed_front,0.0,0
1784905748.287179,rear_speed_band,0.0,0
1784905748.291300,engine_torque,166,166
1784905748.291300,shift_cut_active,off,0
1784905748.291300,shift_blip_active,off,0
1784905748.299659,gear_position,N,0
1784905748.299659,clutch,RELEASED,0
1784905748.299659,shift_failed,OK,0
1784905748.308875,rpm,0,0
1784905748.308875,throttle_position,0,0
1784905748.313849,kill_switch,RUN,1
1784905748.313849,time_bin_541_d3,0,0
1784905748.313849,engine_on_counter,0,0
1784905748.313849,engine_off_counter,32,32
1784905748.326317,wheel_speed_rear,0.0,0
1784905748.326317,wheel_speed_front,0.0,0
1784905748.326317,rear_speed_band,0.0,0
1784905748.331195,wheel_speed_rear,0.0,0
1784905748.331195,wheel_speed_front,0.0,0
1784905748.331195,rear_speed_band,0.0,0
1784905748.331290,signal_12a_d1_bit2,1,1
1784905748.331290,abs_lamp,LIT,1
1784905748.331322,engine_torque,166,166
1784905748.331322,shift_cut_active,off,0
1784905748.331322,shift_blip_active,off,0
1784905748.331354,gear_position,N,0
1784905748.331354,clutch,RELEASED,0
1784905748.331354,shift_failed,OK,0
1784905748.331384,coolant_temp,23.700000000000003,237
1784905748.331384,fuel_injection_setpoint,0,0
1784905748.331384,side_stand,DOWN,0
1784905748.331465,rpm,0,0
1784905748.331465,throttle_position,0,0
1784905748.335130,kill_switch,RUN,1
1784905748.335130,time_bin_541_d3,0,0
1784905748.335130,engine_on_counter,0,0
1784905748.335130,engine_off_counter,32,32
1784905748.339864,wheel_speed_rear,0.0,0
1784905748.339864,wheel_speed_front,0.0,0
1784905748.339864,rear_speed_band,0.0,0
1784905748.356788,wheel_speed_rear,0.0,0
1784905748.356788,wheel_speed_front,0.0,0
1784905748.356788,rear_speed_band,0.0,0
1784905748.359457,engine_torque,166,166
1784905748.359457,shift_cut_active,off,0
1784905748.359457,shift_blip_active,off,0
1784905748.372646,gear_position,N,0
1784905748.372646,clutch,RELEASED,0
1784905748.372646,shift_failed,OK,0
1784905748.372812,rpm,0,0
1784905748.372812,throttle_position,0,0
1784905748.378852,wheel_speed_rear,0.0,0
1784905748.378852,wheel_speed_front,0.0,0
1784905748.378852,rear_speed_band,0.0,0
1784905748.379009,wheel_speed_rear,0.0,0
1784905748.379009,wheel_speed_front,0.0,0
1784905748.379009,rear_speed_band,0.0,0
1784905748.384612,engine_torque,166,166
1784905748.384612,shift_cut_active,off,0
1784905748.384612,shift_blip_active,off,0
1784905748.384752,gear_position,N,0
1784905748.384752,clutch,RELEASED,0
1784905748.384752,shift_failed,OK,0
1784905748.384819,rpm,0,0
1784905748.384819,throttle_position,0,0
1784905748.384873,wheel_speed_rear,0.0,0
1784905748.384873,wheel_speed_front,0.0,0
1784905748.384873,rear_speed_band,0.0,0
1784905748.384924,engine_torque,166,166
1784905748.384924,shift_cut_active,off,0
1784905748.384924,shift_blip_active,off,0
1784905748.393738,gear_position,N,0
1784905748.393738,clutch,RELEASED,0
1784905748.393738,shift_failed,OK,0
1784905748.402824,wheel_speed_rear,0.0,0
1784905748.402824,wheel_speed_front,0.0,0
1784905748.402824,rear_speed_band,0.0,0
1784905748.408113,engine_torque,166,166
1784905748.408113,shift_cut_active,off,0
1784905748.408113,shift_blip_active,off,0
1784905748.412739,rpm,0,0
1784905748.412739,throttle_position,0,0
1784905748.416971,kill_switch,RUN,1
1784905748.416971,time_bin_541_d3,0,0
1784905748.416971,engine_on_counter,0,0
1784905748.416971,engine_off_counter,32,32
1784905748.428107,wheel_speed_rear,0.0,0
1784905748.428107,wheel_speed_front,0.0,0
1784905748.428107,rear_speed_band,0.0,0
1784905748.433366,signal_12a_d1_bit2,1,1
1784905748.433366,abs_lamp,LIT,1
1784905748.433474,engine_torque,166,166
1784905748.433474,shift_cut_active,off,0
1784905748.433474,shift_blip_active,off,0
1784905748.433558,gear_position,N,0
1784905748.433558,clutch,RELEASED,0
1784905748.433558,shift_failed,OK,0
1784905748.433639,coolant_temp,23.700000000000003,237
1784905748.433639,fuel_injection_setpoint,0,0
1784905748.433639,side_stand,DOWN,0
1784905748.438881,rpm,0,0
1784905748.438881,throttle_position,0,0
1784905748.448643,wheel_speed_rear,0.0,0
1784905748.448643,wheel_speed_front,0.0,0
1784905748.448643,rear_speed_band,0.0,0
1784905748.452598,engine_torque,166,166
1784905748.452598,shift_cut_active,off,0
1784905748.452598,shift_blip_active,off,0
1784905748.457412,gear_position,N,0
1784905748.457412,clutch,RELEASED,0
1784905748.457412,shift_failed,OK,0
1784905748.465868,rpm,0,0
1784905748.465868,throttle_position,0,0
1784905748.474915,wheel_speed_rear,0.0,0
1784905748.474915,wheel_speed_front,0.0,0
1784905748.474915,rear_speed_band,0.0,0
1784905748.475034,engine_torque,166,166
1784905748.475034,shift_cut_active,off,0
1784905748.475034,shift_blip_active,off,0
1784905748.485149,gear_position,N,0
1784905748.485149,clutch,RELEASED,0
1784905748.485149,shift_failed,OK,0
1784905748.485293,rpm,0,0
1784905748.485293,throttle_position,0,0
1784905748.485517,kill_switch,RUN,1
1784905748.485517,time_bin_541_d3,0,0
1784905748.485517,engine_on_counter,0,0
1784905748.485517,engine_off_counter,32,32
1784905748.490825,wheel_speed_rear,0.0,0
1784905748.490825,wheel_speed_front,0.0,0
1784905748.490825,rear_speed_band,0.0,0
1784905748.504282,wheel_speed_rear,0.0,0
1784905748.504282,wheel_speed_front,0.0,0
1784905748.504282,rear_speed_band,0.0,0
1784905748.511145,engine_torque,166,166
1784905748.511145,shift_cut_active,off,0
1784905748.511145,shift_blip_active,off,0
1784905748.520743,gear_position,N,0
1784905748.520743,clutch,RELEASED,0
1784905748.520743,shift_failed,OK,0
1784905748.530988,rpm,0,0
1784905748.530988,throttle_position,0,0
1784905748.536008,kill_switch,RUN,1
1784905748.536008,time_bin_541_d3,0,0
1784905748.536008,engine_on_counter,0,0
1784905748.536008,engine_off_counter,32,32
1784905748.536075,wheel_speed_rear,0.0,0
1784905748.536075,wheel_speed_front,0.0,0
1784905748.536075,rear_speed_band,0.0,0
1784905748.536093,engine_torque,166,166
1784905748.536093,shift_cut_active,off,0
1784905748.536093,shift_blip_active,off,0
1784905748.536109,gear_position,N,0
1784905748.536109,clutch,RELEASED,0
1784905748.536109,shift_failed,OK,0
1784905748.540436,rpm,0,0
1784905748.540436,throttle_position,0,0
1784905748.545252,kill_switch,RUN,1
1784905748.545252,time_bin_541_d3,0,0
1784905748.545252,engine_on_counter,0,0
1784905748.545252,engine_off_counter,32,32
1784905748.557160,wheel_speed_rear,0.0,0
1784905748.557160,wheel_speed_front,0.0,0
1784905748.557160,rear_speed_band,0.0,0
1784905748.557308,signal_12a_d1_bit2,1,1
1784905748.557308,abs_lamp,LIT,1
1784905748.560671,engine_torque,166,166
1784905748.560671,shift_cut_active,off,0
1784905748.560671,shift_blip_active,off,0
1784905748.570339,gear_position,N,0
1784905748.570339,clutch,RELEASED,0
1784905748.570339,shift_failed,OK,0
1784905748.573776,coolant_temp,23.700000000000003,237
1784905748.573776,fuel_injection_setpoint,0,0
1784905748.573776,side_stand,DOWN,0
1784905748.586133,wheel_speed_rear,0.0,0
1784905748.586133,wheel_speed_front,0.0,0
1784905748.586133,rear_speed_band,0.0,0
1784905748.586282,engine_torque,166,166
1784905748.586282,shift_cut_active,off,0
1784905748.586282,shift_blip_active,off,0
1784905748.586353,wheel_speed_rear,0.0,0
1784905748.586353,wheel_speed_front,0.0,0
1784905748.586353,rear_speed_band,0.0,0
1784905748.586415,engine_torque,166,166
1784905748.586415,shift_cut_active,off,0
1784905748.586415,shift_blip_active,off,0
1784905748.590794,gear_position,N,0
1784905748.590794,clutch,RELEASED,0
1784905748.590794,shift_failed,OK,0
1784905748.599412,rpm,0,0
1784905748.599412,throttle_position,0,0
1784905748.610708,kill_switch,RUN,1
1784905748.610708,time_bin_541_d3,0,0
1784905748.610708,engine_on_counter,0,0
1784905748.610708,engine_off_counter,32,32
1784905748.616282,wheel_speed_rear,0.0,0
1784905748.616282,wheel_speed_front,0.0,0
1784905748.616282,rear_speed_band,0.0,0
1784905748.616419,signal_12a_d1_bit2,1,1
1784905748.616419,abs_lamp,LIT,1
1784905748.625642,wheel_speed_rear,0.0,0
1784905748.625642,wheel_speed_front,0.0,0
1784905748.625642,rear_speed_band,0.0,0
1784905748.625707,engine_torque,166,166
1784905748.625707,shift_cut_active,off,0
1784905748.625707,shift_blip_active,off,0
1784905748.625741,gear_position,N,0
1784905748.625741,clutch,RELEASED,0
1784905748.625741,shift_failed,OK,0
1784905748.638296,rpm,0,0
1784905748.638296,throttle_position,0,0
1784905748.638390,wheel_speed_rear,0.0,0
1784905748.638390,wheel_speed_front,0.0,0
1784905748.638390,rear_speed_band,0.0,0
1784905748.638492,wheel_speed_rear,0.0,0
1784905748.638492,wheel_speed_front,0.0,0
1784905748.638492,rear_speed_band,0.0,0
1784905748.638555,engine_torque,166,166
1784905748.638555,shift_cut_active,off,0
1784905748.638555,shift_blip_active,off,0
1784905748.638615,gear_position,N,0
1784905748.638615,clutch,RELEASED,0
1784905748.638615,shift_failed,OK,0
1784905748.638675,rpm,0,0
1784905748.638675,throttle_position,0,0
1784905748.638734,wheel_speed_rear,0.0,0
1784905748.638734,wheel_speed_front,0.0,0
1784905748.638734,rear_speed_band,0.0,0
1784905748.638795,signal_12a_d1_bit2,1,1
1784905748.638795,abs_lamp,LIT,1
1784905748.638854,engine_torque,166,166
1784905748.638854,shift_cut_active,off,0
1784905748.638854,shift_blip_active,off,0
1784905748.647577,gear_position,N,0
1784905748.647577,clutch,RELEASED,0
1784905748.647577,shift_failed,OK,0
1784905748.647651,coolant_temp,23.700000000000003,237
1784905748.647651,fuel_injection_setpoint,0,0
1784905748.647651,side_stand,DOWN,0
1784905748.657800,wheel_speed_rear,0.0,0
1784905748.657800,wheel_speed_front,0.0,0
1784905748.657800,rear_speed_band,0.0,0
1784905748.657932,wheel_speed_rear,0.0,0
1784905748.657932,wheel_speed_front,0.0,0
1784905748.657932,rear_speed_band,0.0,0
1784905748.661099,engine_torque,166,166
1784905748.661099,shift_cut_active,off,0
1784905748.661099,shift_blip_active,off,0
1784905748.671752,gear_position,N,0
1784905748.671752,clutch,RELEASED,0
1784905748.671752,shift_failed,OK,0
1784905748.689778,wheel_speed_rear,0.0,0
1784905748.689778,wheel_speed_front,0.0,0
1784905748.689778,rear_speed_band,0.0,0
1784905748.698456,engine_torque,166,166
1784905748.698456,shift_cut_active,off,0
1784905748.698456,shift_blip_active,off,0
1784905748.708308,gear_position,N,0
1784905748.708308,clutch,RELEASED,0
1784905748.708308,shift_failed,OK,0
1784905748.712026,rpm,0,0
1784905748.712026,throttle_position,0,0
1784905748.715557,kill_switch,RUN,1
1784905748.715557,time_bin_541_d3,0,0
1784905748.715557,engine_on_counter,0,0
1784905748.715557,engine_off_counter,32,32
1784905748.725509,wheel_speed_rear,0.0,0
1784905748.725509,wheel_speed_front,0.0,0
1784905748.725509,rear_speed_band,0.0,0
1784905748.730417,wheel_speed_rear,0.0,0
1784905748.730417,wheel_speed_front,0.0,0
1784905748.730417,rear_speed_band,0.0,0
1784905748.740170,engine_torque,166,166
1784905748.740170,shift_cut_active,off,0
1784905748.740170,shift_blip_active,off,0
1784905748.740253,gear_position,N,0
1784905748.740253,clutch,RELEASED,0
1784905748.740253,shift_failed,OK,0
1784905748.746116,rpm,0,0
1784905748.746116,throttle_position,0,0
1784905748.751151,wheel_speed_rear,0.0,0
1784905748.751151,wheel_speed_front,0.0,0
1784905748.751151,rear_speed_band,0.0,0
1784905748.751209,wheel_speed_rear,0.0,0
1784905748.751209,wheel_speed_front,0.0,0
1784905748.751209,rear_speed_band,0.0,0
1784905748.751245,engine_torque,166,166
1784905748.751245,shift_cut_active,off,0
1784905748.751245,shift_blip_active,off,0
1784905748.751312,wheel_speed_rear,0.0,0
1784905748.751312,wheel_speed_front,0.0,0
1784905748.751312,rear_speed_band,0.0,0
1784905748.756696,signal_12a_d1_bit2,1,1
1784905748.756696,abs_lamp,LIT,1
1784905748.765133,engine_torque,166,166
1784905748.765133,shift_cut_active,off,0
1784905748.765133,shift_blip_active,off,0
1784905748.778713,gear_position,N,0
1784905748.778713,clutch,RELEASED,0
1784905748.778713,shift_failed,OK,0
1784905748.783140,wheel_speed_rear,0.0,0
1784905748.783140,wheel_speed_front,0.0,0
1784905748.783140,rear_speed_band,0.0,0
1784905748.793368,engine_torque,166,166
1784905748.793368,shift_cut_active,off,0
1784905748.793368,shift_blip_active,off,0
1784905748.793477,wheel_speed_rear,0.0,0
1784905748.793477,wheel_speed_front,0.0,0
1784905748.793477,rear_speed_band,0.0,0
1784905748.793538,wheel_speed_rear,0.0,0
1784905748.793538,wheel_speed_front,0.0,0
1784905748.793538,rear_speed_band,0.0,0
1784905748.803747,engine_torque,166,166
1784905748.803747,shift_cut_active,off,0
1784905748.803747,shift_blip_active,off,0
1784905748.803833,gear_position,N,0
1784905748.803833,clutch,RELEASED,0
1784905748.803833,shift_failed,OK,0
1784905748.803876,rpm,0,0
1784905748.803876,throttle_position,0,0
1784905748.808185,kill_switch,RUN,1
1784905748.808185,time_bin_541_d3,0,0
1784905748.808185,engine_on_counter,0,0
1784905748.808185,engine_off_counter,32,32
1784905748.808274,wheel_speed_rear,0.0,0
1784905748.808274,wheel_speed_front,0.0,0
1784905748.808274,rear_speed_band,0.0,0
1784905748.817213,wheel_speed_rear,0.0,0
1784905748.817213,wheel_speed_front,0.0,0
1784905748.817213,rear_speed_band,0.0,0
1784905748.824046,engine_torque,166,166
1784905748.824046,shift_cut_active,off,0
1784905748.824046,shift_blip_active,off,0
1784905748.826541,gear_position,N,0
1784905748.826541,clutch,RELEASED,0
1784905748.826541,shift_failed,OK,0
1784905748.831140,kill_switch,RUN,1
1784905748.831140,time_bin_541_d3,0,0
1784905748.831140,engine_on_counter,0,0
1784905748.831140,engine_off_counter,32,32
1784905748.837747,engine_torque,166,166
1784905748.837747,shift_cut_active,off,0
1784905748.837747,shift_blip_active,off,0
1784905748.843732,rpm,0,0
1784905748.843732,throttle_position,0,0
1784905748.843798,wheel_speed_rear,0.0,0
1784905748.843798,wheel_speed_front,0.0,0
1784905748.843798,rear_speed_band,0.0,0
1784905748.847933,signal_12a_d1_bit2,1,1
1784905748.847933,abs_lamp,LIT,1
1784905748.847997,engine_torque,166,166
1784905748.847997,shift_cut_active,off,0
1784905748.847997,shift_blip_active,off,0
1784905748.848035,gear_position,N,0
1784905748.848035,clutch,RELEASED,0
1784905748.848035,shift_failed,OK,0
1784905748.857465,wheel_speed_rear,0.0,0
1784905748.857465,wheel_speed_front,0.0,0
1784905748.857465,rear_speed_band,0.0,0
1784905748.862404,engine_torque,166,166
1784905748.862404,shift_cut_active,off,0
1784905748.862404,shift_blip_active,off,0
1784905748.862465,gear_position,N,0
1784905748.862465,clutch,RELEASED,0
1784905748.862465,shift_failed,OK,0
1784905748.871526,rpm,0,0
1784905748.871526,throttle_position,0,0
1784905748.875708,kill_switch,RUN,1
1784905748.875708,time_bin_541_d3,0,0
1784905748.875708,engine_on_counter,0,0
1784905748.875708,engine_off_counter,32,32
1784905748.882285,wheel_speed_rear,0.0,0
1784905748.882285,wheel_speed_front,0.0,0
1784905748.882285,rear_speed_band,0.0,0
1784905748.886097,engine_torque,166,166
1784905748.886097,shift_cut_active,off,0
1784905748.886097,shift_blip_active,off,0
1784905748.891259,gear_position,N,0
1784905748.891259,clutch,RELEASED,0
1784905748.891259,shift_failed,OK,0
1784905748.895240,rpm,0,0
1784905748.895240,throttle_position,0,0
1784905748.903946,kill_switch,RUN,1
1784905748.903946,time_bin_541_d3,0,0
1784905748.903946,engine_on_counter,0,0
1784905748.903946,engine_off_counter,32,32
1784905748.915046,wheel_speed_rear,0.0,0
1784905748.915046,wheel_speed_front,0.0,0
1784905748.915046,rear_speed_band,0.0,0
1784905748.919392,signal_12a_d1_bit2,1,1
1784905748.919392,abs_lamp,LIT,1
1784905748.928905,wheel_speed_rear,0.0,0
1784905748.928905,wheel_speed_front,0.0,0
1784905748.928905,rear_speed_band,0.0,0
1784905748.933004,engine_torque,166,166
1784905748.933004,shift_cut_active,off,0
1784905748.933004,shift_blip_active,off,0
1784905748.933051,gear_position,N,0
1784905748.933051,clutch,RELEASED,0
1784905748.933051,shift_failed,OK,0
1784905748.944715,rpm,0,0
1784905748.944715,throttle_position,0,0
1784905748.944807,kill_switch,RUN,1
1784905748.944807,time_bin_541_d3,0,0
1784905748.944807,engine_on_counter,0,0
1784905748.944807,engine_off_counter,32,32
1784905748.948850,wheel_speed_rear,0.0,0
1784905748.948850,wheel_speed_front,0.0,0
1784905748.948850,rear_speed_band,0.0,0
1784905748.949001,wheel_speed_rear,0.0,0
1784905748.949001,wheel_speed_front,0.0,0
1784905748.949001,rear_speed_band,0.0,0
1784905748.949033,engine_torque,166,166
1784905748.949033,shift_cut_active,off,0
1784905748.949033,shift_blip_active,off,0
1784905748.949065,wheel_speed_rear,0.0,0
1784905748.949065,wheel_speed_front,0.0,0
1784905748.949065,rear_speed_band,0.0,0
1784905748.949099,coolant_temp,23.700000000000003,237
1784905748.949099,fuel_injection_setpoint,0,0
1784905748.949099,side_stand,DOWN,0
1784905748.949131,rpm,0,0
1784905748.949131,throttle_position,0,0
1784905748.949163,engine_torque,166,166
1784905748.949163,shift_cut_active,off,0
1784905748.949163,shift_blip_active,off,0
1784905748.953093,gear_position,N,0
1784905748.953093,clutch,RELEASED,0
1784905748.953093,shift_failed,OK,0
1784905748.961867,wheel_speed_rear,0.0,0
1784905748.961867,wheel_speed_front,0.0,0
1784905748.961867,rear_speed_band,0.0,0
1784905748.970173,engine_torque,166,166
1784905748.970173,shift_cut_active,off,0
1784905748.970173,shift_blip_active,off,0
1784905748.978075,kill_switch,RUN,1
1784905748.978075,time_bin_541_d3,0,0
1784905748.978075,engine_on_counter,0,0
1784905748.978075,engine_off_counter,32,32
1784905748.986120,wheel_speed_rear,0.0,0
1784905748.986120,wheel_speed_front,0.0,0
1784905748.986120,rear_speed_band,0.0,0
1784905749.001024,wheel_speed_rear,0.0,0
1784905749.001024,wheel_speed_front,0.0,0
1784905749.001024,rear_speed_band,0.0,0
1784905749.010515,engine_torque,166,166
1784905749.010515,shift_cut_active,off,0
1784905749.010515,shift_blip_active,off,0
1784905749.014076,gear_position,N,0
1784905749.014076,clutch,RELEASED,0
1784905749.014076,shift_failed,OK,0
1784905749.023179,rpm,0,0
1784905749.023179,throttle_position,0,0
1784905749.034051,kill_switch,RUN,1
1784905749.034051,time_bin_541_d3,0,0
1784905749.034051,engine_on_counter,0,0
1784905749.034051,engine_off_counter,32,32
1784905749.045232,wheel_speed_rear,0.0,0
1784905749.045232,wheel_speed_front,0.0,0
1784905749.045232,rear_speed_band,0.0,0
1784905749.045369,engine_torque,166,166
1784905749.045369,shift_cut_active,off,0
1784905749.045369,shift_blip_active,off,0
1784905749.045408,wheel_speed_rear,0.0,0
1784905749.045408,wheel_speed_front,0.0,0
1784905749.045408,rear_speed_band,0.0,0
1784905749.045445,signal_12a_d1_bit2,1,1
1784905749.045445,abs_lamp,LIT,1
1784905749.049323,engine_torque,166,166
1784905749.049323,shift_cut_active,off,0
1784905749.049323,shift_blip_active,off,0
1784905749.060844,gear_position,N,0
1784905749.060844,clutch,RELEASED,0
1784905749.060844,shift_failed,OK,0
1784905749.064479,wheel_speed_rear,0.0,0
1784905749.064479,wheel_speed_front,0.0,0
1784905749.064479,rear_speed_band,0.0,0
1784905749.076245,engine_torque,166,166
1784905749.076245,shift_cut_active,off,0
1784905749.076245,shift_blip_active,off,0
1784905749.076337,gear_position,N,0
1784905749.076337,clutch,RELEASED,0
1784905749.076337,shift_failed,OK,0
1784905749.076373,rpm,0,0
1784905749.076373,throttle_position,0,0
1784905749.079654,kill_switch,RUN,1
1784905749.079654,time_bin_541_d3,0,0
1784905749.079654,engine_on_counter,0,0
1784905749.079654,engine_off_counter,33,33
1784905749.087531,wheel_speed_rear,0.0,0
1784905749.087531,wheel_speed_front,0.0,0
1784905749.087531,rear_speed_band,0.0,0
1784905749.098684,wheel_speed_rear,0.0,0
1784905749.098684,wheel_speed_front,0.0,0
1784905749.098684,rear_speed_band,0.0,0
1784905749.098769,engine_torque,166,166
1784905749.098769,shift_cut_active,off,0
1784905749.098769,shift_blip_active,off,0
1784905749.102796,gear_position,N,0
1784905749.102796,clutch,RELEASED,0
1784905749.102796,shift_failed,OK,0
1784905749.114110,rpm,0,0
1784905749.114110,throttle_position,0,0
1784905749.119065,kill_switch,RUN,1
1784905749.119065,time_bin_541_d3,0,0
1784905749.119065,engine_on_counter,0,0
1784905749.119065,engine_off_counter,33,33
1784905749.119137,wheel_speed_rear,0.0,0
1784905749.119137,wheel_speed_front,0.0,0
1784905749.119137,rear_speed_band,0.0,0
1784905749.119214,wheel_speed_rear,0.0,0
1784905749.119214,wheel_speed_front,0.0,0
1784905749.119214,rear_speed_band,0.0,0
1784905749.119248,engine_torque,166,166
1784905749.119248,shift_cut_active,off,0
1784905749.119248,shift_blip_active,off,0
1784905749.127878,gear_position,N,0
1784905749.127878,clutch,RELEASED,0
1784905749.127878,shift_failed,OK,0
1784905749.137491,rpm,0,0
1784905749.137491,throttle_position,0,0
1784905749.141522,kill_switch,RUN,1
1784905749.141522,time_bin_541_d3,0,0
1784905749.141522,engine_on_counter,0,0
1784905749.141522,engine_off_counter,33,33
1784905749.147416,wheel_speed_rear,0.0,0
1784905749.147416,wheel_speed_front,0.0,0
1784905749.147416,rear_speed_band,0.0,0
1784905749.152095,engine_torque,166,166
1784905749.152095,shift_cut_active,off,0
1784905749.152095,shift_blip_active,off,0
1784905749.157444,gear_position,N,0
1784905749.157444,clutch,RELEASED,0
1784905749.157444,shift_failed,OK,0
1784905749.157517,kill_switch,RUN,1
1784905749.157517,time_bin_541_d3,0,0
1784905749.157517,engine_on_counter,0,0
1784905749.157517,engine_off_counter,33,33
1784905749.157555,wheel_speed_rear,0.0,0
1784905749.157555,wheel_speed_front,0.0,0
1784905749.157555,rear_speed_band,0.0,0
1784905749.167593,signal_12a_d1_bit2,1,1
1784905749.167593,abs_lamp,LIT,1
1784905749.177059,engine_torque,166,166
1784905749.177059,shift_cut_active,off,0
1784905749.177059,shift_blip_active,off,0
1784905749.185610,coolant_temp,23.700000000000003,237
1784905749.185610,fuel_injection_setpoint,0,0
1784905749.185610,side_stand,DOWN,0
1784905749.189919,engine_torque,166,166
1784905749.189919,shift_cut_active,off,0
1784905749.189919,shift_blip_active,off,0
1784905749.201480,gear_position,N,0
1784905749.201480,clutch,RELEASED,0
1784905749.201480,shift_failed,OK,0
1784905749.209277,rpm,0,0
1784905749.209277,throttle_position,0,0
1784905749.218910,wheel_speed_rear,0.0,0
1784905749.218910,wheel_speed_front,0.0,0
1784905749.218910,rear_speed_band,0.0,0
1784905749.223461,engine_torque,166,166
1784905749.223461,shift_cut_active,off,0
1784905749.223461,shift_blip_active,off,0
1784905749.228055,gear_position,N,0
1784905749.228055,clutch,RELEASED,0
1784905749.228055,shift_failed,OK,0
1784905749.228123,rpm,0,0
1784905749.228123,throttle_position,0,0
1784905749.237037,kill_switch,RUN,1
1784905749.237037,time_bin_541_d3,0,0
1784905749.237037,engine_on_counter,0,0
1784905749.237037,engine_off_counter,33,33
1784905749.253002,wheel_speed_rear,0.0,0
1784905749.253002,wheel_speed_front,0.0,0
1784905749.253002,rear_speed_band,0.0,0
1784905749.253060,engine_torque,166,166
1784905749.253060,shift_cut_active,off,0
1784905749.253060,shift_blip_active,off,0
1784905749.253096,gear_position,N,0
1784905749.253096,clutch,RELEASED,0
1784905749.253096,shift_failed,OK,0
1784905749.253131,rpm,0,0
1784905749.253131,throttle_position,0,0
1784905749.253165,kill_switch,RUN,1
1784905749.253165,time_bin_541_d3,0,0
1784905749.253165,engine_on_counter,0,0
1784905749.253165,engine_off_counter,33,33
1784905749.253200,wheel_speed_rear,0.0,0
1784905749.253200,wheel_speed_front,0.0,0
1784905749.253200,rear_speed_band,0.0,0
1784905749.266756,wheel_speed_rear,0.0,0
1784905749.266756,wheel_speed_front,0.0,0
1784905749.266756,rear_speed_band,0.0,0
1784905749.272608,engine_torque,166,166
1784905749.272608,shift_cut_active,off,0
1784905749.272608,shift_blip_active,off,0
1784905749.281171,gear_position,N,0
1784905749.281171,clutch,RELEASED,0
1784905749.281171,shift_failed,OK,0
1784905749.291074,rpm,0,0
1784905749.291074,throttle_position,0,0
1784905749.291144,wheel_speed_rear,0.0,0
1784905749.291144,wheel_speed_front,0.0,0
1784905749.291144,rear_speed_band,0.0,0
1784905749.291182,signal_12a_d1_bit2,1,1
1784905749.291182,abs_lamp,LIT,1
1784905749.303317,wheel_speed_rear,0.0,0
1784905749.303317,wheel_speed_front,0.0,0
1784905749.303317,rear_speed_band,0.0,0
1784905749.303418,wheel_speed_rear,0.0,0
1784905749.303418,wheel_speed_front,0.0,0
1784905749.303418,rear_speed_band,0.0,0
1784905749.307614,engine_torque,166,166
1784905749.307614,shift_cut_active,off,0
1784905749.307614,shift_blip_active,off,0
1784905749.315435,wheel_speed_rear,0.0,0
1784905749.315435,wheel_speed_front,0.0,0
1784905749.315435,rear_speed_band,0.0,0
1784905749.324394,engine_torque,166,166
1784905749.324394,shift_cut_active,off,0
1784905749.324394,shift_blip_active,off,0
1784905749.333500,kill_switch,RUN,1
1784905749.333500,time_bin_541_d3,0,0
1784905749.333500,engine_on_counter,0,0
1784905749.333500,engine_off_counter,33,33
1784905749.343148,signal_12a_d1_bit2,1,1
1784905749.343148,abs_lamp,LIT,1
1784905749.352996,wheel_speed_rear,0.0,0
1784905749.352996,wheel_speed_front,0.0,0
1784905749.352996,rear_speed_band,0.0,0
1784905749.359018,engine_torque,166,166
1784905749.359018,shift_cut_active,off,0
1784905749.359018,shift_blip_active,off,0
1784905749.359083,gear_position,N,0
1784905749.359083,clutch,RELEASED,0
1784905749.359083,shift_failed,OK,0
1784905749.359118,rpm,0,0
1784905749.359118,throttle_position,0,0
1784905749.359154,kill_switch,RUN,1
1784905749.359154,time_bin_541_d3,0,0
1784905749.359154,engine_on_counter,0,0
1784905749.359154,engine_off_counter,33,33
1784905749.359223,wheel_speed_rear,0.0,0
1784905749.359223,wheel_speed_front,0.0,0
1784905749.359223,rear_speed_band,0.0,0
1784905749.359259,engine_torque,166,166
1784905749.359259,shift_cut_active,off,0
1784905749.359259,shift_blip_active,off,0
1784905749.359295,gear_position,N,0
1784905749.359295,clutch,RELEASED,0
1784905749.359295,shift_failed,OK,0
1784905749.359330,rpm,0,0
1784905749.359330,throttle_position,0,0
1784905749.363205,kill_switch,RUN,1
1784905749.363205,time_bin_541_d3,0,0
1784905749.363205,engine_on_counter,0,0
1784905749.363205,engine_off_counter,33,33
1784905749.363265,wheel_speed_rear,0.0,0
1784905749.363265,wheel_speed_front,0.0,0
1784905749.363265,rear_speed_band,0.0,0
1784905749.363301,wheel_speed_rear,0.0,0
1784905749.363301,wheel_speed_front,0.0,0
1784905749.363301,rear_speed_band,0.0,0
1784905749.363335,engine_torque,166,166
1784905749.363335,shift_cut_active,off,0
1784905749.363335,shift_blip_active,off,0
1784905749.367602,gear_position,N,0
1784905749.367602,clutch,RELEASED,0
1784905749.367602,shift_failed,OK,0
1784905749.374424,wheel_speed_rear,0.0,0
1784905749.374424,wheel_speed_front,0.0,0
1784905749.374424,rear_speed_band,0.0,0
1784905749.378614,engine_torque,166,166
1784905749.378614,shift_cut_active,off,0
1784905749.378614,shift_blip_active,off,0
1784905749.378676,gear_position,N,0
1784905749.378676,clutch,RELEASED,0
1784905749.378676,shift_failed,OK,0
1784905749.378711,rpm,0,0
1784905749.378711,throttle_position,0,0
1784905749.387746,kill_switch,RUN,1
1784905749.387746,time_bin_541_d3,0,0
1784905749.387746,engine_on_counter,0,0
1784905749.387746,engine_off_counter,33,33
1784905749.387803,wheel_speed_rear,0.0,0
1784905749.387803,wheel_speed_front,0.0,0
1784905749.387803,rear_speed_band,0.0,0
1784905749.403943,wheel_speed_rear,0.0,0
1784905749.403943,wheel_speed_front,0.0,0
1784905749.403943,rear_speed_band,0.0,0
1784905749.408247,rpm,0,0
1784905749.408247,throttle_position,0,0
1784905749.408289,wheel_speed_rear,0.0,0
1784905749.408289,wheel_speed_front,0.0,0
1784905749.408289,rear_speed_band,0.0,0
1784905749.408323,engine_torque,166,166
1784905749.408323,shift_cut_active,off,0
1784905749.408323,shift_blip_active,off,0
1784905749.412276,gear_position,N,0
1784905749.412276,clutch,RELEASED,0
1784905749.412276,shift_failed,OK,0
1784905749.416634,rpm,0,0
1784905749.416634,throttle_position,0,0
1784905749.416685,kill_switch,RUN,1
1784905749.416685,time_bin_541_d3,0,0
1784905749.416685,engine_on_counter,0,0
1784905749.416685,engine_off_counter,33,33
1784905749.423581,wheel_speed_rear,0.0,0
1784905749.423581,wheel_speed_front,0.0,0
1784905749.423581,rear_speed_band,0.0,0
1784905749.436488,engine_torque,166,166
1784905749.436488,shift_cut_active,off,0
1784905749.436488,shift_blip_active,off,0
1784905749.436582,wheel_speed_rear,0.0,0
1784905749.436582,wheel_speed_front,0.0,0
1784905749.436582,rear_speed_band,0.0,0
1784905749.445544,signal_12a_d1_bit2,1,1
1784905749.445544,abs_lamp,LIT,1
1784905749.456533,gear_position,N,0
1784905749.456533,clutch,RELEASED,0
1784905749.456533,shift_failed,OK,0
1784905749.456667,wheel_speed_rear,0.0,0
1784905749.456667,wheel_speed_front,0.0,0
1784905749.456667,rear_speed_band,0.0,0
1784905749.456717,engine_torque,166,166
1784905749.456717,shift_cut_active,off,0
1784905749.456717,shift_blip_active,off,0
1784905749.456754,gear_position,N,0
1784905749.456754,clutch,RELEASED,0
1784905749.456754,shift_failed,OK,0
1784905749.464647,wheel_speed_rear,0.0,0
1784905749.464647,wheel_speed_front,0.0,0
1784905749.464647,rear_speed_band,0.0,0
1784905749.468606,wheel_speed_rear,0.0,0
1784905749.468606,wheel_speed_front,0.0,0
1784905749.468606,rear_speed_band,0.0,0
1784905749.477927,engine_torque,166,166
1784905749.477927,shift_cut_active,off,0
1784905749.477927,shift_blip_active,off,0
1784905749.482454,gear_position,N,0
1784905749.482454,clutch,RELEASED,0
1784905749.482454,shift_failed,OK,0
1784905749.491616,wheel_speed_rear,0.0,0
1784905749.491616,wheel_speed_front,0.0,0
1784905749.491616,rear_speed_band,0.0,0
1784905749.500802,engine_torque,166,166
1784905749.500802,shift_cut_active,off,0
1784905749.500802,shift_blip_active,off,0
1784905749.508706,gear_position,N,0
1784905749.508706,clutch,RELEASED,0
1784905749.508706,shift_failed,OK,0
1784905749.508790,rpm,0,0
1784905749.508790,throttle_position,0,0
1784905749.513187,kill_switch,RUN,1
1784905749.513187,time_bin_541_d3,0,0
1784905749.513187,engine_on_counter,0,0
1784905749.513187,engine_off_counter,33,33
1784905749.513247,wheel_speed_rear,0.0,0
1784905749.513247,wheel_speed_front,0.0,0
1784905749.513247,rear_speed_band,0.0,0
1784905749.513353,wheel_speed_rear,0.0,0
1784905749.513353,wheel_speed_front,0.0,0
1784905749.513353,rear_speed_band,0.0,0
1784905749.513390,engine_torque,166,166
1784905749.513390,shift_cut_active,off,0
1784905749.513390,shift_blip_active,off,0
1784905749.513425,gear_position,N,0
1784905749.513425,clutch,RELEASED,0
1784905749.513425,shift_failed,OK,0
1784905749.518398,rpm,0,0
1784905749.518398,throttle_position,0,0
1784905749.525227,wheel_speed_rear,0.0,0
1784905749.525227,wheel_speed_front,0.0,0
1784905749.525227,rear_speed_band,0.0,0
1784905749.530474,signal_12a_d1_bit2,1,1
1784905749.530474,abs_lamp,LIT,1
1784905749.530530,engine_torque,166,166
1784905749.530530,shift_cut_active,off,0
1784905749.530530,shift_blip_active,off,0
1784905749.530566,wheel_speed_rear,0.0,0
1784905749.530566,wheel_speed_front,0.0,0
1784905749.530566,rear_speed_band,0.0,0
1784905749.530600,wheel_speed_rear,0.0,0
1784905749.530600,wheel_speed_front,0.0,0
1784905749.530600,rear_speed_band,0.0,0
1784905749.532888,engine_torque,166,166
1784905749.532888,shift_cut_active,off,0
1784905749.532888,shift_blip_active,off,0
1784905749.542626,gear_position,N,0
1784905749.542626,clutch,RELEASED,0
1784905749.542626,shift_failed,OK,0
1784905749.554869,kill_switch,RUN,1
1784905749.554869,time_bin_541_d3,0,0
1784905749.554869,engine_on_counter,0,0
1784905749.554869,engine_off_counter,33,33
1784905749.559589,engine_torque,166,166
1784905749.559589,shift_cut_active,off,0
1784905749.559589,shift_blip_active,off,0
1784905749.559645,signal_12a_d1_bit2,1,1
1784905749.559645,abs_lamp,LIT,1
1784905749.559683,wheel_speed_rear,0.0,0
1784905749.559683,wheel_speed_front,0.0,0
1784905749.559683,rear_speed_band,0.0,0
1784905749.559716,engine_torque,166,166
1784905749.559716,shift_cut_active,off,0
1784905749.559716,shift_blip_active,off,0
1784905749.559749,gear_position,N,0
1784905749.559749,clutch,RELEASED,0
1784905749.559749,shift_failed,OK,0
1784905749.563953,rpm,0,0
1784905749.563953,throttle_position,0,0
1784905749.568436,kill_switch,RUN,1
1784905749.568436,time_bin_541_d3,0,0
1784905749.568436,engine_on_counter,0,0
1784905749.568436,engine_off_counter,33,33
1784905749.579405,wheel_speed_rear,0.0,0
1784905749.579405,wheel_speed_front,0.0,0
1784905749.579405,rear_speed_band,0.0,0
1784905749.579605,wheel_speed_rear,0.0,0
1784905749.579605,wheel_speed_front,0.0,0
1784905749.579605,rear_speed_band,0.0,0
1784905749.583584,engine_torque,166,166
1784905749.583584,shift_cut_active,off,0
1784905749.583584,shift_blip_active,off,0
1784905749.590399,gear_position,N,0
1784905749.590399,clutch,RELEASED,0
1784905749.590399,shift_failed,OK,0
1784905749.590490,rpm,0,0
1784905749.590490,throttle_position,0,0
1784905749.594204,kill_switch,RUN,1
1784905749.594204,time_bin_541_d3,0,0
1784905749.594204,engine_on_counter,0,0
1784905749.594204,engine_off_counter,33,33
1784905749.594267,wheel_speed_rear,0.0,0
1784905749.594267,wheel_speed_front,0.0,0
1784905749.594267,rear_speed_band,0.0,0
1784905749.606236,wheel_speed_rear,0.0,0
1784905749.606236,wheel_speed_front,0.0,0
1784905749.606236,rear_speed_band,0.0,0
1784905749.614451,signal_12a_d1_bit2,1,1
1784905749.614451,abs_lamp,LIT,1
1784905749.614514,engine_torque,166,166
1784905749.614514,shift_cut_active,off,0
1784905749.614514,shift_blip_active,off,0
1784905749.618757,gear_position,N,0
1784905749.618757,clutch,RELEASED,0
1784905749.618757,shift_failed,OK,0
1784905749.618854,coolant_temp,23.700000000000003,237
1784905749.618854,fuel_injection_setpoint,0,0
1784905749.618854,side_stand,DOWN,0
1784905749.618929,rpm,0,0
1784905749.618929,throttle_position,0,0
1784905749.624100,kill_switch,RUN,1
1784905749.624100,time_bin_541_d3,0,0
1784905749.624100,engine_on_counter,0,0
1784905749.624100,engine_off_counter,33,33
1784905749.627956,wheel_speed_rear,0.0,0
1784905749.627956,wheel_speed_front,0.0,0
1784905749.627956,rear_speed_band,0.0,0
1784905749.636897,engine_torque,166,166
1784905749.636897,shift_cut_active,off,0
1784905749.636897,shift_blip_active,off,0
1784905749.646493,gear_position,N,0
1784905749.646493,clutch,RELEASED,0
1784905749.646493,shift_failed,OK,0
1784905749.646550,rpm,0,0
1784905749.646550,throttle_position,0,0
1784905749.657383,kill_switch,RUN,1
1784905749.657383,time_bin_541_d3,0,0
1784905749.657383,engine_on_counter,0,0
1784905749.657383,engine_off_counter,33,33
1784905749.662533,wheel_speed_rear,0.0,0
1784905749.662533,wheel_speed_front,0.0,0
1784905749.662533,rear_speed_band,0.0,0
1784905749.662641,wheel_speed_rear,0.0,0
1784905749.662641,wheel_speed_front,0.0,0
1784905749.662641,rear_speed_band,0.0,0
1784905749.671993,engine_torque,166,166
1784905749.671993,shift_cut_active,off,0
1784905749.671993,shift_blip_active,off,0
1784905749.672052,gear_position,N,0
1784905749.672052,clutch,RELEASED,0
1784905749.672052,shift_failed,OK,0
1784905749.680046,wheel_speed_rear,0.0,0
1784905749.680046,wheel_speed_front,0.0,0
1784905749.680046,rear_speed_band,0.0,0
1784905749.694235,engine_torque,166,166
1784905749.694235,shift_cut_active,off,0
1784905749.694235,shift_blip_active,off,0
1784905749.698191,gear_position,N,0
1784905749.698191,clutch,RELEASED,0
1784905749.698191,shift_failed,OK,0
1784905749.705745,rpm,0,0
1784905749.705745,throttle_position,0,0
1784905749.716011,kill_switch,RUN,1
1784905749.716011,time_bin_541_d3,0,0
1784905749.716011,engine_on_counter,0,0
1784905749.716011,engine_off_counter,33,33
1784905749.726006,wheel_speed_rear,0.0,0
1784905749.726006,wheel_speed_front,0.0,0
1784905749.726006,rear_speed_band,0.0,0
1784905749.736115,engine_torque,166,166
1784905749.736115,shift_cut_active,off,0
1784905749.736115,shift_blip_active,off,0
1784905749.740727,wheel_speed_rear,0.0,0
1784905749.740727,wheel_speed_front,0.0,0
1784905749.740727,rear_speed_band,0.0,0
1784905749.740796,engine_torque,166,166
1784905749.740796,shift_cut_active,off,0
1784905749.740796,shift_blip_active,off,0
1784905749.745113,wheel_speed_rear,0.0,0
1784905749.745113,wheel_speed_front,0.0,0
1784905749.745113,rear_speed_band,0.0,0
1784905749.750853,engine_torque,166,166
1784905749.750853,shift_cut_active,off,0
1784905749.750853,shift_blip_active,off,0
1784905749.750967,gear_position,N,0
1784905749.750967,clutch,RELEASED,0
1784905749.750967,shift_failed,OK,0
1784905749.761852,rpm,0,0
1784905749.761852,throttle_position,0,0
1784905749.761966,kill_switch,RUN,1
1784905749.761966,time_bin_541_d3,0,0
1784905749.761966,engine_on_counter,0,0
1784905749.761966,engine_off_counter,33,33
1784905749.766433,wheel_speed_rear,0.0,0
1784905749.766433,wheel_speed_front,0.0,0
1784905749.766433,rear_speed_band,0.0,0
1784905749.780229,wheel_speed_rear,0.0,0
1784905749.780229,wheel_speed_front,0.0,0
1784905749.780229,rear_speed_band,0.0,0
1784905749.789952,engine_torque,166,166
1784905749.789952,shift_cut_active,off,0
1784905749.789952,shift_blip_active,off,0
1784905749.793175,gear_position,N,0
1784905749.793175,clutch,RELEASED,0
1784905749.793175,shift_failed,OK,0
1784905749.798211,rpm,0,0
1784905749.798211,throttle_position,0,0
1784905749.805742,kill_switch,RUN,1
1784905749.805742,time_bin_541_d3,0,0
1784905749.805742,engine_on_counter,0,0
1784905749.805742,engine_off_counter,33,33
1784905749.809512,wheel_speed_rear,0.0,0
1784905749.809512,wheel_speed_front,0.0,0
1784905749.809512,rear_speed_band,0.0,0
1784905749.816599,signal_12a_d1_bit2,1,1
1784905749.816599,abs_lamp,LIT,1
1784905749.816735,wheel_speed_rear,0.0,0
1784905749.816735,wheel_speed_front,0.0,0
1784905749.816735,rear_speed_band,0.0,0
1784905749.816771,engine_torque,166,166
1784905749.816771,shift_cut_active,off,0
1784905749.816771,shift_blip_active,off,0
1784905749.826378,gear_position,N,0
1784905749.826378,clutch,RELEASED,0
1784905749.826378,shift_failed,OK,0
1784905749.826467,rpm,0,0
1784905749.826467,throttle_position,0,0
1784905749.836094,kill_switch,RUN,1
1784905749.836094,time_bin_541_d3,0,0
1784905749.836094,engine_on_counter,0,0
1784905749.836094,engine_off_counter,33,33
1784905749.840230,wheel_speed_rear,0.0,0
1784905749.840230,wheel_speed_front,0.0,0
1784905749.840230,rear_speed_band,0.0,0
1784905749.851973,wheel_speed_rear,0.0,0
1784905749.851973,wheel_speed_front,0.0,0
1784905749.851973,rear_speed_band,0.0,0
1784905749.852007,engine_torque,166,166
1784905749.852007,shift_cut_active,off,0
1784905749.852007,shift_blip_active,off,0
1784905749.852064,gear_position,N,0
1784905749.852064,clutch,RELEASED,0
1784905749.852064,shift_failed,OK,0
1784905749.852105,rpm,0,0
1784905749.852105,throttle_position,0,0
1784905749.856462,kill_switch,RUN,1
1784905749.856462,time_bin_541_d3,0,0
1784905749.856462,engine_on_counter,0,0
1784905749.856462,engine_off_counter,33,33
1784905749.862669,wheel_speed_rear,0.0,0
1784905749.862669,wheel_speed_front,0.0,0
1784905749.862669,rear_speed_band,0.0,0
1784905749.867687,signal_12a_d1_bit2,1,1
1784905749.867687,abs_lamp,LIT,1
1784905749.867743,engine_torque,166,166
1784905749.867743,shift_cut_active,off,0
1784905749.867743,shift_blip_active,off,0
1784905749.867779,gear_position,N,0
1784905749.867779,clutch,RELEASED,0
1784905749.867779,shift_failed,OK,0
1784905749.867814,coolant_temp,23.700000000000003,237
1784905749.867814,fuel_injection_setpoint,0,0
1784905749.867814,side_stand,DOWN,0
1784905749.872843,wheel_speed_rear,0.0,0
1784905749.872843,wheel_speed_front,0.0,0
1784905749.872843,rear_speed_band,0.0,0
1784905749.877636,engine_torque,166,166
1784905749.877636,shift_cut_active,off,0
1784905749.877636,shift_blip_active,off,0
1784905749.881895,gear_position,N,0
1784905749.881895,clutch,RELEASED,0
1784905749.881895,shift_failed,OK,0
1784905749.886452,rpm,0,0
1784905749.886452,throttle_position,0,0
1784905749.901363,kill_switch,RUN,1
1784905749.901363,time_bin_541_d3,0,0
1784905749.901363,engine_on_counter,0,0
1784905749.901363,engine_off_counter,33,33
1784905749.905923,wheel_speed_rear,0.0,0
1784905749.905923,wheel_speed_front,0.0,0
1784905749.905923,rear_speed_band,0.0,0
1784905749.906027,wheel_speed_rear,0.0,0
1784905749.906027,wheel_speed_front,0.0,0
1784905749.906027,rear_speed_band,0.0,0
1784905749.916250,engine_torque,166,166
1784905749.916250,shift_cut_active,off,0
1784905749.916250,shift_blip_active,off,0
1784905749.921088,gear_position,N,0
1784905749.921088,clutch,RELEASED,0
1784905749.921088,shift_failed,OK,0
1784905749.921166,kill_switch,RUN,1
1784905749.921166,time_bin_541_d3,0,0
1784905749.921166,engine_on_counter,0,0
1784905749.921166,engine_off_counter,33,33
1784905749.932331,wheel_speed_rear,0.0,0
1784905749.932331,wheel_speed_front,0.0,0
1784905749.932331,rear_speed_band,0.0,0
1784905749.938419,engine_torque,166,166
1784905749.938419,shift_cut_active,off,0
1784905749.938419,shift_blip_active,off,0
1784905749.938485,gear_position,N,0
1784905749.938485,clutch,RELEASED,0
1784905749.938485,shift_failed,OK,0
1784905749.938523,rpm,0,0
1784905749.938523,throttle_position,0,0
1784905749.950288,wheel_speed_rear,0.0,0
1784905749.950288,wheel_speed_front,0.0,0
1784905749.950288,rear_speed_band,0.0,0
1784905749.960059,wheel_speed_rear,0.0,0
1784905749.960059,wheel_speed_front,0.0,0
1784905749.960059,rear_speed_band,0.0,0
1784905749.965903,engine_torque,166,166
1784905749.965903,shift_cut_active,off,0
1784905749.965903,shift_blip_active,off,0
1784905749.965980,kill_switch,RUN,1
1784905749.965980,time_bin_541_d3,0,0
1784905749.965980,engine_on_counter,0,0
1784905749.965980,engine_off_counter,33,33
1784905749.966019,wheel_speed_rear,0.0,0
1784905749.966019,wheel_speed_front,0.0,0
1784905749.966019,rear_speed_band,0.0,0
1784905749.966057,signal_12a_d1_bit2,1,1
1784905749.966057,abs_lamp,LIT,1
1784905749.966096,wheel_speed_rear,0.0,0
1784905749.966096,wheel_speed_front,0.0,0
1784905749.966096,rear_speed_band,0.0,0
1784905749.966132,engine_torque,166,166
1784905749.966132,shift_cut_active,off,0
1784905749.966132,shift_blip_active,off,0
1784905749.978837,wheel_speed_rear,0.0,0
1784905749.978837,wheel_speed_front,0.0,0
1784905749.978837,rear_speed_band,0.0,0
1784905749.978937,wheel_speed_rear,0.0,0
1784905749.978937,wheel_speed_front,0.0,0
1784905749.978937,rear_speed_band,0.0,0
1784905749.978978,engine_torque,166,166
1784905749.978978,shift_cut_active,off,0
1784905749.978978,shift_blip_active,off,0
1784905749.982951,gear_position,N,0
1784905749.982951,clutch,RELEASED,0
1784905749.982951,shift_failed,OK,0
1784905749.987384,kill_switch,RUN,1
1784905749.987384,time_bin_541_d3,0,0
1784905749.987384,engine_on_counter,0,0
1784905749.987384,engine_off_counter,33,33
1784905749.987453,wheel_speed_rear,0.0,0
1784905749.987453,wheel_speed_front,0.0,0
1784905749.987453,rear_speed_band,0.0,0
1784905749.991241,wheel_speed_rear,0.0,0
1784905749.991241,wheel_speed_front,0.0,0
1784905749.991241,rear_speed_band,0.0,0
1784905749.995688,engine_torque,166,166
1784905749.995688,shift_cut_active,off,0
1784905749.995688,shift_blip_active,off,0
1784905750.002811,kill_switch,RUN,1
1784905750.002811,time_bin_541_d3,0,0
1784905750.002811,engine_on_counter,0,0
1784905750.002811,engine_off_counter,33,33
1784905750.023122,wheel_speed_rear,0.0,0
1784905750.023122,wheel_speed_front,0.0,0
1784905750.023122,rear_speed_band,0.0,0
1784905750.024476,engine_torque,166,166
1784905750.024476,shift_cut_active,off,0
1784905750.024476,shift_blip_active,off,0
1784905750.029672,gear_position,N,0
1784905750.029672,clutch,RELEASED,0
1784905750.029672,shift_failed,OK,0
1784905750.030019,wheel_speed_rear,0.0,0
1784905750.030019,wheel_speed_front,0.0,0
1784905750.030019,rear_speed_band,0.0,0
1784905750.030064,wheel_speed_rear,0.0,0
1784905750.030064,wheel_speed_front,0.0,0
1784905750.030064,rear_speed_band,0.0,0
1784905750.031980,engine_torque,166,166
1784905750.031980,shift_cut_active,off,0
1784905750.031980,shift_blip_active,off,0
1784905750.041178,gear_position,N,0
1784905750.041178,clutch,RELEASED,0
1784905750.041178,shift_failed,OK,0
1784905750.052048,wheel_speed_rear,0.0,0
1784905750.052048,wheel_speed_front,0.0,0
1784905750.052048,rear_speed_band,0.0,0
1784905750.057562,engine_torque,166,166
1784905750.057562,shift_cut_active,off,0
1784905750.057562,shift_blip_active,off,0
1784905750.057642,gear_position,N,0
1784905750.057642,clutch,RELEASED,0
1784905750.057642,shift_failed,OK,0
1784905750.057681,rpm,0,0
1784905750.057681,throttle_position,0,0
1784905750.057757,kill_switch,RUN,1
1784905750.057757,time_bin_541_d3,0,0
1784905750.057757,engine_on_counter,0,0
1784905750.057757,engine_off_counter,34,34
1784905750.072717,wheel_speed_rear,0.0,0
1784905750.072717,wheel_speed_front,0.0,0
1784905750.072717,rear_speed_band,0.0,0
1784905750.072815,wheel_speed_rear,0.0,0
1784905750.072815,wheel_speed_front,0.0,0
1784905750.072815,rear_speed_band,0.0,0
1784905750.072892,engine_torque,166,166
1784905750.072892,shift_cut_active,off,0
1784905750.072892,shift_blip_active,off,0
1784905750.072939,gear_position,N,0
1784905750.072939,clutch,RELEASED,0
1784905750.072939,shift_failed,OK,0
1784905750.072984,wheel_speed_rear,0.0,0
1784905750.072984,wheel_speed_front,0.0,0
1784905750.072984,rear_speed_band,0.0,0
1784905750.073018,engine_torque,166,166
1784905750.073018,shift_cut_active,off,0
1784905750.073018,shift_blip_active,off,0
1784905750.073052,gear_position,N,0
1784905750.073052,clutch,RELEASED,0
1784905750.073052,shift_failed,OK,0
1784905750.073161,rpm,0,0
1784905750.073161,throttle_position,0,0
1784905750.073198,kill_switch,RUN,1
1784905750.073198,time_bin_541_d3,0,0
1784905750.073198,engine_on_counter,0,0
1784905750.073198,engine_off_counter,34,34
1784905750.073257,wheel_speed_rear,0.0,0
1784905750.073257,wheel_speed_front,0.0,0
1784905750.073257,rear_speed_band,0.0,0
1784905750.092688,wheel_speed_rear,0.0,0
1784905750.092688,wheel_speed_front,0.0,0
1784905750.092688,rear_speed_band,0.0,0
1784905750.101865,engine_torque,166,166
1784905750.101865,shift_cut_active,off,0
1784905750.101865,shift_blip_active,off,0
1784905750.106506,gear_position,N,0
1784905750.106506,clutch,RELEASED,0
1784905750.106506,shift_failed,OK,0
1784905750.111291,rpm,0,0
1784905750.111291,throttle_position,0,0
1784905750.111352,kill_switch,RUN,1
1784905750.111352,time_bin_541_d3,0,0
1784905750.111352,engine_on_counter,0,0
1784905750.111352,engine_off_counter,34,34
1784905750.115886,wheel_speed_rear,0.0,0
1784905750.115886,wheel_speed_front,0.0,0
1784905750.115886,rear_speed_band,0.0,0
1784905750.131709,wheel_speed_rear,0.0,0
1784905750.131709,wheel_speed_front,0.0,0
1784905750.131709,rear_speed_band,0.0,0
1784905750.131790,signal_12a_d1_bit2,1,1
1784905750.131790,abs_lamp,LIT,1
1784905750.131827,engine_torque,166,166
1784905750.131827,shift_cut_active,off,0
1784905750.131827,shift_blip_active,off,0
1784905750.131863,kill_switch,RUN,1
1784905750.131863,time_bin_541_d3,0,0
1784905750.131863,engine_on_counter,0,0
1784905750.131863,engine_off_counter,34,34
1784905750.136589,wheel_speed_rear,0.0,0
1784905750.136589,wheel_speed_front,0.0,0
1784905750.136589,rear_speed_band,0.0,0
1784905750.136664,wheel_speed_rear,0.0,0
1784905750.136664,wheel_speed_front,0.0,0
1784905750.136664,rear_speed_band,0.0,0
1784905750.136710,engine_torque,166,166
1784905750.136710,shift_cut_active,off,0
1784905750.136710,shift_blip_active,off,0
1784905750.145450,gear_position,N,0
1784905750.145450,clutch,RELEASED,0
1784905750.145450,shift_failed,OK,0
1784905750.149458,rpm,0,0
1784905750.149458,throttle_position,0,0
1784905750.149503,wheel_speed_rear,0.0,0
1784905750.149503,wheel_speed_front,0.0,0
1784905750.149503,rear_speed_band,0.0,0
1784905750.158815,wheel_speed_rear,0.0,0
1784905750.158815,wheel_speed_front,0.0,0
1784905750.158815,rear_speed_band,0.0,0
1784905750.164075,engine_torque,166,166
1784905750.164075,shift_cut_active,off,0
1784905750.164075,shift_blip_active,off,0
1784905750.170495,gear_position,N,0
1784905750.170495,clutch,RELEASED,0
1784905750.170495,shift_failed,OK,0
1784905750.175165,wheel_speed_rear,0.0,0
1784905750.175165,wheel_speed_front,0.0,0
1784905750.175165,rear_speed_band,0.0,0
1784905750.175213,wheel_speed_rear,0.0,0
1784905750.175213,wheel_speed_front,0.0,0
1784905750.175213,rear_speed_band,0.0,0
1784905750.175253,engine_torque,166,166
1784905750.175253,shift_cut_active,off,0
1784905750.175253,shift_blip_active,off,0
1784905750.175287,gear_position,N,0
1784905750.175287,clutch,RELEASED,0
1784905750.175287,shift_failed,OK,0
1784905750.187307,wheel_speed_rear,0.0,0
1784905750.187307,wheel_speed_front,0.0,0
1784905750.187307,rear_speed_band,0.0,0
1784905750.187342,engine_torque,166,166
1784905750.187342,shift_cut_active,off,0
1784905750.187342,shift_blip_active,off,0
1784905750.187380,gear_position,N,0
1784905750.187380,clutch,RELEASED,0
1784905750.187380,shift_failed,OK,0
1784905750.187415,rpm,0,0
1784905750.187415,throttle_position,0,0
1784905750.192844,kill_switch,RUN,1
1784905750.192844,time_bin_541_d3,0,0
1784905750.192844,engine_on_counter,0,0
1784905750.192844,engine_off_counter,34,34
1784905750.198161,wheel_speed_rear,0.0,0
1784905750.198161,wheel_speed_front,0.0,0
1784905750.198161,rear_speed_band,0.0,0
1784905750.198280,wheel_speed_rear,0.0,0
1784905750.198280,wheel_speed_front,0.0,0
1784905750.198280,rear_speed_band,0.0,0
1784905750.206274,signal_12a_d1_bit2,1,1
1784905750.206274,abs_lamp,LIT,1
1784905750.212318,engine_torque,166,166
1784905750.212318,shift_cut_active,off,0
1784905750.212318,shift_blip_active,off,0
1784905750.212373,gear_position,N,0
1784905750.212373,clutch,RELEASED,0
1784905750.212373,shift_failed,OK,0
1784905750.212411,coolant_temp,23.700000000000003,237
1784905750.212411,fuel_injection_setpoint,0,0
1784905750.212411,side_stand,DOWN,0
1784905750.217000,wheel_speed_rear,0.0,0
1784905750.217000,wheel_speed_front,0.0,0
1784905750.217000,rear_speed_band,0.0,0
1784905750.227374,engine_torque,166,166
1784905750.227374,shift_cut_active,off,0
1784905750.227374,shift_blip_active,off,0
1784905750.227448,gear_position,N,0
1784905750.227448,clutch,RELEASED,0
1784905750.227448,shift_failed,OK,0
1784905750.227484,wheel_speed_rear,0.0,0
1784905750.227484,wheel_speed_front,0.0,0
1784905750.227484,rear_speed_band,0.0,0
1784905750.227516,engine_torque,166,166
1784905750.227516,shift_cut_active,off,0
1784905750.227516,shift_blip_active,off,0
1784905750.236561,gear_position,N,0
1784905750.236561,clutch,RELEASED,0
1784905750.236561,shift_failed,OK,0
1784905750.236623,rpm,0,0
1784905750.236623,throttle_position,0,0
1784905750.240469,kill_switch,RUN,1
1784905750.240469,time_bin_541_d3,0,0
1784905750.240469,engine_on_counter,0,0
1784905750.240469,engine_off_counter,34,34
1784905750.243918,wheel_speed_rear,0.0,0
1784905750.243918,wheel_speed_front,0.0,0
1784905750.243918,rear_speed_band,0.0,0
1784905750.252607,wheel_speed_rear,0.0,0
1784905750.252607,wheel_speed_front,0.0,0
1784905750.252607,rear_speed_band,0.0,0
1784905750.257507,engine_torque,166,166
1784905750.257507,shift_cut_active,off,0
1784905750.257507,shift_blip_active,off,0
1784905750.257562,gear_position,N,0
1784905750.257562,clutch,RELEASED,0
1784905750.257562,shift_failed,OK,0
1784905750.266833,rpm,0,0
1784905750.266833,throttle_position,0,0
1784905750.279186,kill_switch,RUN,1
1784905750.279186,time_bin_541_d3,0,0
1784905750.279186,engine_on_counter,0,0
1784905750.279186,engine_off_counter,34,34
1784905750.279255,wheel_speed_rear,0.0,0
1784905750.279255,wheel_speed_front,0.0,0
1784905750.279255,rear_speed_band,0.0,0
1784905750.283560,wheel_speed_rear,0.0,0
1784905750.283560,wheel_speed_front,0.0,0
1784905750.283560,rear_speed_band,0.0,0
1784905750.287305,engine_torque,166,166
1784905750.287305,shift_cut_active,off,0
1784905750.287305,shift_blip_active,off,0
1784905750.287365,gear_position,N,0
1784905750.287365,clutch,RELEASED,0
1784905750.287365,shift_failed,OK,0
1784905750.297165,rpm,0,0
1784905750.297165,throttle_position,0,0
1784905750.307421,kill_switch,RUN,1
1784905750.307421,time_bin_541_d3,0,0
1784905750.307421,engine_on_counter,0,0
1784905750.307421,engine_off_counter,34,34
1784905750.312667,wheel_speed_rear,0.0,0
1784905750.312667,wheel_speed_front,0.0,0
1784905750.312667,rear_speed_band,0.0,0
1784905750.318877,wheel_speed_rear,0.0,0
1784905750.318877,wheel_speed_front,0.0,0
1784905750.318877,rear_speed_band,0.0,0
1784905750.319001,signal_12a_d1_bit2,1,1
1784905750.319001,abs_lamp,LIT,1
1784905750.319044,engine_torque,166,166
1784905750.319044,shift_cut_active,off,0
1784905750.319044,shift_blip_active,off,0
1784905750.324386,gear_position,N,0
1784905750.324386,clutch,RELEASED,0
1784905750.324386,shift_failed,OK,0
1784905750.327986,coolant_temp,23.700000000000003,237
1784905750.327986,fuel_injection_setpoint,0,0
1784905750.327986,side_stand,DOWN,0
1784905750.337056,wheel_speed_rear,0.0,0
1784905750.337056,wheel_speed_front,0.0,0
1784905750.337056,rear_speed_band,0.0,0
1784905750.337118,engine_torque,166,166
1784905750.337118,shift_cut_active,off,0
1784905750.337118,shift_blip_active,off,0
1784905750.346638,gear_position,N,0
1784905750.346638,clutch,RELEASED,0
1784905750.346638,shift_failed,OK,0
1784905750.351250,wheel_speed_rear,0.0,0
1784905750.351250,wheel_speed_front,0.0,0
1784905750.351250,rear_speed_band,0.0,0
1784905750.351286,engine_torque,166,166
1784905750.351286,shift_cut_active,off,0
1784905750.351286,shift_blip_active,off,0
1784905750.357111,gear_position,N,0
1784905750.357111,clutch,RELEASED,0
1784905750.357111,shift_failed,OK,0
1784905750.367295,rpm,0,0
1784905750.367295,throttle_position,0,0
1784905750.367385,kill_switch,RUN,1
1784905750.367385,time_bin_541_d3,0,0
1784905750.367385,engine_on_counter,0,0
1784905750.367385,engine_off_counter,34,34
1784905750.375051,wheel_speed_rear,0.0,0
1784905750.375051,wheel_speed_front,0.0,0
1784905750.375051,rear_speed_band,0.0,0
1784905750.379945,signal_12a_d1_bit2,1,1
1784905750.379945,abs_lamp,LIT,1
1784905750.380015,wheel_speed_rear,0.0,0
1784905750.380015,wheel_speed_front,0.0,0
1784905750.380015,rear_speed_band,0.0,0
1784905750.380052,engine_torque,166,166
1784905750.380052,shift_cut_active,off,0
1784905750.380052,shift_blip_active,off,0
1784905750.380087,gear_position,N,0
1784905750.380087,clutch,RELEASED,0
1784905750.380087,shift_failed,OK,0
1784905750.390918,wheel_speed_rear,0.0,0
1784905750.390918,wheel_speed_front,0.0,0
1784905750.390918,rear_speed_band,0.0,0
1784905750.393363,engine_torque,166,166
1784905750.393363,shift_cut_active,off,0
1784905750.393363,shift_blip_active,off,0
1784905750.400550,gear_position,N,0
1784905750.400550,clutch,RELEASED,0
1784905750.400550,shift_failed,OK,0
1784905750.411517,rpm,0,0
1784905750.411517,throttle_position,0,0
1784905750.416125,kill_switch,RUN,1
1784905750.416125,time_bin_541_d3,0,0
1784905750.416125,engine_on_counter,0,0
1784905750.416125,engine_off_counter,34,34
1784905750.416186,wheel_speed_rear,0.0,0
1784905750.416186,wheel_speed_front,0.0,0
1784905750.416186,rear_speed_band,0.0,0
1784905750.416224,wheel_speed_rear,0.0,0
1784905750.416224,wheel_speed_front,0.0,0
1784905750.416224,rear_speed_band,0.0,0
1784905750.427716,signal_12a_d1_bit2,1,1
1784905750.427716,abs_lamp,LIT,1
1784905750.432091,engine_torque,166,166
1784905750.432091,shift_cut_active,off,0
1784905750.432091,shift_blip_active,off,0
1784905750.432143,gear_position,N,0
1784905750.432143,clutch,RELEASED,0
1784905750.432143,shift_failed,OK,0
1784905750.439604,coolant_temp,23.700000000000003,237
1784905750.439604,fuel_injection_setpoint,0,0
1784905750.439604,side_stand,DOWN,0
1784905750.439716,rpm,0,0
1784905750.439716,throttle_position,0,0
1784905750.450245,kill_switch,RUN,1
1784905750.450245,time_bin_541_d3,0,0
1784905750.450245,engine_on_counter,0,0
1784905750.450245,engine_off_counter,34,34
1784905750.450334,wheel_speed_rear,0.0,0
1784905750.450334,wheel_speed_front,0.0,0
1784905750.450334,rear_speed_band,0.0,0
1784905750.450376,wheel_speed_rear,0.0,0
1784905750.450376,wheel_speed_front,0.0,0
1784905750.450376,rear_speed_band,0.0,0
1784905750.450416,engine_torque,166,166
1784905750.450416,shift_cut_active,off,0
1784905750.450416,shift_blip_active,off,0
1784905750.450452,gear_position,N,0
1784905750.450452,clutch,RELEASED,0
1784905750.450452,shift_failed,OK,0
1784905750.450521,rpm,0,0
1784905750.450521,throttle_position,0,0
1784905750.458990,wheel_speed_rear,0.0,0
1784905750.458990,wheel_speed_front,0.0,0
1784905750.458990,rear_speed_band,0.0,0
1784905750.465182,engine_torque,166,166
1784905750.465182,shift_cut_active,off,0
1784905750.465182,shift_blip_active,off,0
1784905750.486922,gear_position,N,0
1784905750.486922,clutch,RELEASED,0
1784905750.486922,shift_failed,OK,0
1784905750.487022,rpm,0,0
1784905750.487022,throttle_position,0,0
1784905750.487060,kill_switch,RUN,1
1784905750.487060,time_bin_541_d3,0,0
1784905750.487060,engine_on_counter,0,0
1784905750.487060,engine_off_counter,34,34
1784905750.487094,wheel_speed_rear,0.0,0
1784905750.487094,wheel_speed_front,0.0,0
1784905750.487094,rear_speed_band,0.0,0
1784905750.487167,wheel_speed_rear,0.0,0
1784905750.487167,wheel_speed_front,0.0,0
1784905750.487167,rear_speed_band,0.0,0
1784905750.487202,engine_torque,166,166
1784905750.487202,shift_cut_active,off,0
1784905750.487202,shift_blip_active,off,0
1784905750.487251,gear_position,N,0
1784905750.487251,clutch,RELEASED,0
1784905750.487251,shift_failed,OK,0
1784905750.487287,rpm,0,0
1784905750.487287,throttle_position,0,0
1784905750.487359,wheel_speed_rear,0.0,0
1784905750.487359,wheel_speed_front,0.0,0
1784905750.487359,rear_speed_band,0.0,0
1784905750.487391,engine_torque,166,166
1784905750.487391,shift_cut_active,off,0
1784905750.487391,shift_blip_active,off,0
1784905750.495049,gear_position,N,0
1784905750.495049,clutch,RELEASED,0
1784905750.495049,shift_failed,OK,0
1784905750.495114,rpm,0,0
1784905750.495114,throttle_position,0,0
1784905750.495150,kill_switch,RUN,1
1784905750.495150,time_bin_541_d3,0,0
1784905750.495150,engine_on_counter,0,0
1784905750.495150,engine_off_counter,34,34
1784905750.495186,wheel_speed_rear,0.0,0
1784905750.495186,wheel_speed_front,0.0,0
1784905750.495186,rear_speed_band,0.0,0
1784905750.495222,signal_12a_d1_bit2,1,1
1784905750.495222,abs_lamp,LIT,1
1784905750.495256,wheel_speed_rear,0.0,0
1784905750.495256,wheel_speed_front,0.0,0
1784905750.495256,rear_speed_band,0.0,0
1784905750.504656,wheel_speed_rear,0.0,0
1784905750.504656,wheel_speed_front,0.0,0
1784905750.504656,rear_speed_band,0.0,0
1784905750.509670,engine_torque,166,166
1784905750.509670,shift_cut_active,off,0
1784905750.509670,shift_blip_active,off,0
1784905750.509721,gear_position,N,0
1784905750.509721,clutch,RELEASED,0
1784905750.509721,shift_failed,OK,0
1784905750.519153,rpm,0,0
1784905750.519153,throttle_position,0,0
1784905750.533720,kill_switch,RUN,1
1784905750.533720,time_bin_541_d3,0,0
1784905750.533720,engine_on_counter,0,0
1784905750.533720,engine_off_counter,34,34
1784905750.533778,wheel_speed_rear,0.0,0
1784905750.533778,wheel_speed_front,0.0,0
1784905750.533778,rear_speed_band,0.0,0
1784905750.539095,engine_torque,166,166
1784905750.539095,shift_cut_active,off,0
1784905750.539095,shift_blip_active,off,0
1784905750.539167,gear_position,N,0
1784905750.539167,clutch,RELEASED,0
1784905750.539167,shift_failed,OK,0
1784905750.539204,rpm,0,0
1784905750.539204,throttle_position,0,0
1784905750.539238,wheel_speed_rear,0.0,0
1784905750.539238,wheel_speed_front,0.0,0
1784905750.539238,rear_speed_band,0.0,0
1784905750.539278,engine_torque,166,166
1784905750.539278,shift_cut_active,off,0
1784905750.539278,shift_blip_active,off,0
1784905750.539313,gear_position,N,0
1784905750.539313,clutch,RELEASED,0
1784905750.539313,shift_failed,OK,0
1784905750.539352,rpm,0,0
1784905750.539352,throttle_position,0,0
1784905750.545543,kill_switch,RUN,1
1784905750.545543,time_bin_541_d3,0,0
1784905750.545543,engine_on_counter,0,0
1784905750.545543,engine_off_counter,34,34
1784905750.550559,wheel_speed_rear,0.0,0
1784905750.550559,wheel_speed_front,0.0,0
1784905750.550559,rear_speed_band,0.0,0
1784905750.550602,engine_torque,166,166
1784905750.550602,shift_cut_active,off,0
1784905750.550602,shift_blip_active,off,0
1784905750.550636,gear_position,N,0
1784905750.550636,clutch,RELEASED,0
1784905750.550636,shift_failed,OK,0
1784905750.554227,rpm,0,0
1784905750.554227,throttle_position,0,0
1784905750.564100,kill_switch,RUN,1
1784905750.564100,time_bin_541_d3,0,0
1784905750.564100,engine_on_counter,0,0
1784905750.564100,engine_off_counter,34,34
1784905750.564188,wheel_speed_rear,0.0,0
1784905750.564188,wheel_speed_front,0.0,0
1784905750.564188,rear_speed_band,0.0,0
1784905750.573679,wheel_speed_rear,0.0,0
1784905750.573679,wheel_speed_front,0.0,0
1784905750.573679,rear_speed_band,0.0,0
1784905750.579138,signal_12a_d1_bit2,1,1
1784905750.579138,abs_lamp,LIT,1
1784905750.583692,engine_torque,166,166
1784905750.583692,shift_cut_active,off,0
1784905750.583692,shift_blip_active,off,0
1784905750.583749,gear_position,N,0
1784905750.583749,clutch,RELEASED,0
1784905750.583749,shift_failed,OK,0
1784905750.596283,wheel_speed_rear,0.0,0
1784905750.596283,wheel_speed_front,0.0,0
1784905750.596283,rear_speed_band,0.0,0
1784905750.596363,wheel_speed_rear,0.0,0
1784905750.596363,wheel_speed_front,0.0,0
1784905750.596363,rear_speed_band,0.0,0
1784905750.596397,engine_torque,166,166
1784905750.596397,shift_cut_active,off,0
1784905750.596397,shift_blip_active,off,0
1784905750.596431,gear_position,N,0
1784905750.596431,clutch,RELEASED,0
1784905750.596431,shift_failed,OK,0
1784905750.600578,wheel_speed_rear,0.0,0
1784905750.600578,wheel_speed_front,0.0,0
1784905750.600578,rear_speed_band,0.0,0
1784905754.669291,engine_torque,166,166
1784905754.669291,shift_cut_active,off,0
1784905754.669291,shift_blip_active,off,0
1784905754.676364,gear_position,N,0
1784905754.676364,clutch,RELEASED,0
1784905754.676364,shift_failed,OK,0
1784905754.676430,rpm,0,0
1784905754.676430,throttle_position,0,0
1784905754.676472,kill_switch,RUN,1
1784905754.676472,time_bin_541_d3,0,0
1784905754.676472,engine_on_counter,0,0
1784905754.676472,engine_off_counter,34,34
1784905754.676508,wheel_speed_rear,0.0,0
1784905754.676508,wheel_speed_front,0.0,0
1784905754.676508,rear_speed_band,0.0,0
1784905754.676564,wheel_speed_rear,0.0,0
1784905754.676564,wheel_speed_front,0.0,0
1784905754.676564,rear_speed_band,0.0,0
1784905754.676620,engine_torque,166,166
1784905754.676620,shift_cut_active,off,0
1784905754.676620,shift_blip_active,off,0
1784905754.676666,gear_position,N,0
1784905754.676666,clutch,RELEASED,0
1784905754.676666,shift_failed,OK,0
1784905754.676718,rpm,0,0
1784905754.676718,throttle_position,0,0
1784905754.676772,kill_switch,RUN,1
1784905754.676772,time_bin_541_d3,0,0
1784905754.676772,engine_on_counter,0,0
1784905754.676772,engine_off_counter,34,34
1784905754.676813,wheel_speed_rear,0.0,0
1784905754.676813,wheel_speed_front,0.0,0
1784905754.676813,rear_speed_band,0.0,0
1784905754.676917,wheel_speed_rear,0.0,0
1784905754.676917,wheel_speed_front,0.0,0
1784905754.676917,rear_speed_band,0.0,0
1784905754.676951,engine_torque,166,166
1784905754.676951,shift_cut_active,off,0
1784905754.676951,shift_blip_active,off,0
1784905754.676981,gear_position,N,0
1784905754.676981,clutch,RELEASED,0
1784905754.676981,shift_failed,OK,0
1784905754.677012,rpm,0,0
1784905754.677012,throttle_position,0,0
1784905754.677047,kill_switch,RUN,1
1784905754.677047,time_bin_541_d3,0,0
1784905754.677047,engine_on_counter,0,0
1784905754.677047,engine_off_counter,34,34
1784905754.677079,wheel_speed_rear,0.0,0
1784905754.677079,wheel_speed_front,0.0,0
1784905754.677079,rear_speed_band,0.0,0
1784905754.677144,wheel_speed_rear,0.0,0
1784905754.677144,wheel_speed_front,0.0,0
1784905754.677144,rear_speed_band,0.0,0
1784905754.677187,signal_12a_d1_bit2,1,1
1784905754.677187,abs_lamp,LIT,1
1784905754.677219,engine_torque,166,166
1784905754.677219,shift_cut_active,off,0
1784905754.677219,shift_blip_active,off,0
1784905754.677252,gear_position,N,0
1784905754.677252,clutch,RELEASED,0
1784905754.677252,shift_failed,OK,0
1784905754.677286,coolant_temp,23.700000000000003,237
1784905754.677286,fuel_injection_setpoint,0,0
1784905754.677286,side_stand,DOWN,0
1784905754.677353,rpm,0,0
1784905754.677353,throttle_position,0,0
1784905754.677387,kill_switch,RUN,1
1784905754.677387,time_bin_541_d3,0,0
1784905754.677387,engine_on_counter,0,0
1784905754.677387,engine_off_counter,34,34
1784905754.677420,wheel_speed_rear,0.0,0
1784905754.677420,wheel_speed_front,0.0,0
1784905754.677420,rear_speed_band,0.0,0
1784905754.677487,wheel_speed_rear,0.0,0
1784905754.677487,wheel_speed_front,0.0,0
1784905754.677487,rear_speed_band,0.0,0
1784905754.677521,engine_torque,166,166
1784905754.677521,shift_cut_active,off,0
1784905754.677521,shift_blip_active,off,0
1784905754.677554,gear_position,N,0
1784905754.677554,clutch,RELEASED,0
1784905754.677554,shift_failed,OK,0
1784905754.677625,rpm,0,0
1784905754.677625,throttle_position,0,0
1784905754.677659,kill_switch,RUN,1
1784905754.677659,time_bin_541_d3,0,0
1784905754.677659,engine_on_counter,0,0
1784905754.677659,engine_off_counter,34,34
1784905754.677694,wheel_speed_rear,0.0,0
1784905754.677694,wheel_speed_front,0.0,0
1784905754.677694,rear_speed_band,0.0,0
1784905754.677728,wheel_speed_rear,0.0,0
1784905754.677728,wheel_speed_front,0.0,0
1784905754.677728,rear_speed_band,0.0,0
1784905754.677765,engine_torque,166,166
1784905754.677765,shift_cut_active,off,0
1784905754.677765,shift_blip_active,off,0
1784905754.683795,gear_position,N,0
1784905754.683795,clutch,RELEASED,0
1784905754.683795,shift_failed,OK,0
1784905754.683865,rpm,0,0
1784905754.683865,throttle_position,0,0
1784905754.683900,kill_switch,RUN,1
1784905754.683900,time_bin_541_d3,0,0
1784905754.683900,engine_on_counter,0,0
1784905754.683900,engine_off_counter,34,34
1784905754.683976,wheel_speed_rear,0.0,0
1784905754.683976,wheel_speed_front,0.0,0
1784905754.683976,rear_speed_band,0.0,0
1784905754.684053,signal_12a_d1_bit2,1,1
1784905754.684053,abs_lamp,LIT,1
1784905754.684122,wheel_speed_rear,0.0,0
1784905754.684122,wheel_speed_front,0.0,0
1784905754.684122,rear_speed_band,0.0,0
1784905754.684155,engine_torque,166,166
1784905754.684155,shift_cut_active,off,0
1784905754.684155,shift_blip_active,off,0
1784905754.684190,gear_position,N,0
1784905754.684190,clutch,RELEASED,0
1784905754.684190,shift_failed,OK,0
1784905754.684225,rpm,0,0
1784905754.684225,throttle_position,0,0
1784905754.684258,kill_switch,RUN,1
1784905754.684258,time_bin_541_d3,0,0
1784905754.684258,engine_on_counter,0,0
1784905754.684258,engine_off_counter,34,34
1784905754.684291,wheel_speed_rear,0.0,0
1784905754.684291,wheel_speed_front,0.0,0
1784905754.684291,rear_speed_band,0.0,0
1784905754.684387,wheel_speed_rear,0.0,0
1784905754.684387,wheel_speed_front,0.0,0
1784905754.684387,rear_speed_band,0.0,0
1784905754.684418,engine_torque,166,166
1784905754.684418,shift_cut_active,off,0
1784905754.684418,shift_blip_active,off,0
1784905754.684448,gear_position,N,0
1784905754.684448,clutch,RELEASED,0
1784905754.684448,shift_failed,OK,0
1784905754.684479,wheel_speed_rear,0.0,0
1784905754.684479,wheel_speed_front,0.0,0
1784905754.684479,rear_speed_band,0.0,0
1784905754.684509,signal_12a_d1_bit2,1,1
1784905754.684509,abs_lamp,LIT,1
1784905754.684541,engine_torque,166,166
1784905754.684541,shift_cut_active,off,0
1784905754.684541,shift_blip_active,off,0
1784905754.684572,gear_position,N,0
1784905754.684572,clutch,RELEASED,0
1784905754.684572,shift_failed,OK,0
1784905754.684602,coolant_temp,23.700000000000003,237
1784905754.684602,fuel_injection_setpoint,0,0
1784905754.684602,side_stand,DOWN,0
1784905754.684664,rpm,0,0
1784905754.684664,throttle_position,0,0
1784905754.684694,wheel_speed_rear,0.0,0
1784905754.684694,wheel_speed_front,0.0,0
1784905754.684694,rear_speed_band,0.0,0
1784905754.684726,engine_torque,166,166
1784905754.684726,shift_cut_active,off,0
1784905754.684726,shift_blip_active,off,0
1784905754.684757,wheel_speed_rear,0.0,0
1784905754.684757,wheel_speed_front,0.0,0
1784905754.684757,rear_speed_band,0.0,0
1784905754.684787,wheel_speed_rear,0.0,0
1784905754.684787,wheel_speed_front,0.0,0
1784905754.684787,rear_speed_band,0.0,0
1784905754.684818,engine_torque,166,166
1784905754.684818,shift_cut_active,off,0
1784905754.684818,shift_blip_active,off,0
1784905754.684849,gear_position,N,0
1784905754.684849,clutch,RELEASED,0
1784905754.684849,shift_failed,OK,0
1784905754.684880,rpm,0,0
1784905754.684880,throttle_position,0,0
1784905754.684969,kill_switch,RUN,1
1784905754.684969,time_bin_541_d3,0,0
1784905754.684969,engine_on_counter,0,0
1784905754.684969,engine_off_counter,34,34
1784905754.685029,wheel_speed_rear,0.0,0
1784905754.685029,wheel_speed_front,0.0,0
1784905754.685029,rear_speed_band,0.0,0
1784905754.685144,signal_12a_d1_bit2,1,1
1784905754.685144,abs_lamp,LIT,1
1784905754.685237,wheel_speed_rear,0.0,0
1784905754.685237,wheel_speed_front,0.0,0
1784905754.685237,rear_speed_band,0.0,0
1784905754.685270,engine_torque,166,166
1784905754.685270,shift_cut_active,off,0
1784905754.685270,shift_blip_active,off,0
1784905754.685301,gear_position,N,0
1784905754.685301,clutch,RELEASED,0
1784905754.685301,shift_failed,OK,0
1784905754.685335,rpm,0,0
1784905754.685335,throttle_position,0,0
1784905754.685367,kill_switch,RUN,1
1784905754.685367,time_bin_541_d3,0,0
1784905754.685367,engine_on_counter,0,0
1784905754.685367,engine_off_counter,34,34
1784905754.685398,wheel_speed_rear,0.0,0
1784905754.685398,wheel_speed_front,0.0,0
1784905754.685398,rear_speed_band,0.0,0
1784905754.685500,wheel_speed_rear,0.0,0
1784905754.685500,wheel_speed_front,0.0,0
1784905754.685500,rear_speed_band,0.0,0
1784905754.685535,engine_torque,166,166
1784905754.685535,shift_cut_active,off,0
1784905754.685535,shift_blip_active,off,0
1784905754.685569,gear_position,N,0
1784905754.685569,clutch,RELEASED,0
1784905754.685569,shift_failed,OK,0
1784905754.685603,rpm,0,0
1784905754.685603,throttle_position,0,0
1784905754.685638,kill_switch,RUN,1
1784905754.685638,time_bin_541_d3,0,0
1784905754.685638,engine_on_counter,0,0
1784905754.685638,engine_off_counter,34,34
1784905754.685669,wheel_speed_rear,0.0,0
1784905754.685669,wheel_speed_front,0.0,0
1784905754.685669,rear_speed_band,0.0,0
1784905754.685733,wheel_speed_rear,0.0,0
1784905754.685733,wheel_speed_front,0.0,0
1784905754.685733,rear_speed_band,0.0,0
1784905754.685763,signal_12a_d1_bit2,1,1
1784905754.685763,abs_lamp,LIT,1
1784905754.685794,engine_torque,166,166
1784905754.685794,shift_cut_active,off,0
1784905754.685794,shift_blip_active,off,0
1784905754.685829,gear_position,N,0
1784905754.685829,clutch,RELEASED,0
1784905754.685829,shift_failed,OK,0
1784905754.685863,coolant_temp,23.700000000000003,237
1784905754.685863,fuel_injection_setpoint,0,0
1784905754.685863,side_stand,DOWN,0
1784905754.685930,rpm,0,0
1784905754.685930,throttle_position,0,0
1784905754.685963,kill_switch,RUN,1
1784905754.685963,time_bin_541_d3,0,0
1784905754.685963,engine_on_counter,0,0
1784905754.685963,engine_off_counter,34,34
1784905754.685997,wheel_speed_rear,0.0,0
1784905754.685997,wheel_speed_front,0.0,0
1784905754.685997,rear_speed_band,0.0,0
1784905754.686065,wheel_speed_rear,0.0,0
1784905754.686065,wheel_speed_front,0.0,0
1784905754.686065,rear_speed_band,0.0,0
1784905754.686097,engine_torque,166,166
1784905754.686097,shift_cut_active,off,0
1784905754.686097,shift_blip_active,off,0
1784905754.686131,gear_position,N,0
1784905754.686131,clutch,RELEASED,0
1784905754.686131,shift_failed,OK,0
1784905754.686199,rpm,0,0
1784905754.686199,throttle_position,0,0
1784905754.686233,kill_switch,RUN,1
1784905754.686233,time_bin_541_d3,0,0
1784905754.686233,engine_on_counter,0,0
1784905754.686233,engine_off_counter,34,34
1784905754.686266,wheel_speed_rear,0.0,0
1784905754.686266,wheel_speed_front,0.0,0
1784905754.686266,rear_speed_band,0.0,0
1784905754.686334,wheel_speed_rear,0.0,0
1784905754.686334,wheel_speed_front,0.0,0
1784905754.686334,rear_speed_band,0.0,0
1784905754.686368,engine_torque,166,166
1784905754.686368,shift_cut_active,off,0
1784905754.686368,shift_blip_active,off,0
1784905754.686403,gear_position,N,0
1784905754.686403,clutch,RELEASED,0
1784905754.686403,shift_failed,OK,0
1784905754.686436,rpm,0,0
1784905754.686436,throttle_position,0,0
1784905754.686470,kill_switch,RUN,1
1784905754.686470,time_bin_541_d3,0,0
1784905754.686470,engine_on_counter,0,0
1784905754.686470,engine_off_counter,34,34
1784905754.686503,wheel_speed_rear,0.0,0
1784905754.686503,wheel_speed_front,0.0,0
1784905754.686503,rear_speed_band,0.0,0
1784905754.686570,signal_12a_d1_bit2,1,1
1784905754.686570,abs_lamp,LIT,1
1784905754.688189,wheel_speed_rear,0.0,0
1784905754.688189,wheel_speed_front,0.0,0
1784905754.688189,rear_speed_band,0.0,0
1784905754.688225,engine_torque,166,166
1784905754.688225,shift_cut_active,off,0
1784905754.688225,shift_blip_active,off,0
1784905754.688257,gear_position,N,0
1784905754.688257,clutch,RELEASED,0
1784905754.688257,shift_failed,OK,0
1784905754.688289,rpm,0,0
1784905754.688289,throttle_position,0,0
1784905754.688323,kill_switch,RUN,1
1784905754.688323,time_bin_541_d3,0,0
1784905754.688323,engine_on_counter,0,0
1784905754.688323,engine_off_counter,34,34
1784905754.688357,wheel_speed_rear,0.0,0
1784905754.688357,wheel_speed_front,0.0,0
1784905754.688357,rear_speed_band,0.0,0
1784905754.688457,wheel_speed_rear,0.0,0
1784905754.688457,wheel_speed_front,0.0,0
1784905754.688457,rear_speed_band,0.0,0
1784905754.688504,engine_torque,166,166
1784905754.688504,shift_cut_active,off,0
1784905754.688504,shift_blip_active,off,0
1784905754.688538,gear_position,N,0
1784905754.688538,clutch,RELEASED,0
1784905754.688538,shift_failed,OK,0
1784905754.688572,rpm,0,0
1784905754.688572,throttle_position,0,0
1784905754.688606,kill_switch,RUN,1
1784905754.688606,time_bin_541_d3,0,0
1784905754.688606,engine_on_counter,0,0
1784905754.688606,engine_off_counter,34,34
1784905754.688640,wheel_speed_rear,0.0,0
1784905754.688640,wheel_speed_front,0.0,0
1784905754.688640,rear_speed_band,0.0,0
1784905754.688707,wheel_speed_rear,0.0,0
1784905754.688707,wheel_speed_front,0.0,0
1784905754.688707,rear_speed_band,0.0,0
1784905754.688738,signal_12a_d1_bit2,1,1
1784905754.688738,abs_lamp,LIT,1
1784905754.688770,engine_torque,166,166
1784905754.688770,shift_cut_active,off,0
1784905754.688770,shift_blip_active,off,0
1784905754.688802,gear_position,N,0
1784905754.688802,clutch,RELEASED,0
1784905754.688802,shift_failed,OK,0
1784905754.688833,coolant_temp,23.700000000000003,237
1784905754.688833,fuel_injection_setpoint,0,0
1784905754.688833,side_stand,DOWN,0
1784905754.695477,rpm,0,0
1784905754.695477,throttle_position,0,0
1784905754.695514,kill_switch,RUN,1
1784905754.695514,time_bin_541_d3,0,0
1784905754.695514,engine_on_counter,0,0
1784905754.695514,engine_off_counter,34,34
1784905754.695542,wheel_speed_rear,0.0,0
1784905754.695542,wheel_speed_front,0.0,0
1784905754.695542,rear_speed_band,0.0,0
1784905754.695594,wheel_speed_rear,0.0,0
1784905754.695594,wheel_speed_front,0.0,0
1784905754.695594,rear_speed_band,0.0,0
1784905754.695622,engine_torque,166,166
1784905754.695622,shift_cut_active,off,0
1784905754.695622,shift_blip_active,off,0
1784905754.695648,gear_position,N,0
1784905754.695648,clutch,RELEASED,0
1784905754.695648,shift_failed,OK,0
1784905754.695706,rpm,0,0
1784905754.695706,throttle_position,0,0
1784905754.695732,kill_switch,RUN,1
1784905754.695732,time_bin_541_d3,0,0
1784905754.695732,engine_on_counter,0,0
1784905754.695732,engine_off_counter,35,35
1784905754.695759,wheel_speed_rear,0.0,0
1784905754.695759,wheel_speed_front,0.0,0
1784905754.695759,rear_speed_band,0.0,0
1784905754.695810,wheel_speed_rear,0.0,0
1784905754.695810,wheel_speed_front,0.0,0
1784905754.695810,rear_speed_band,0.0,0
1784905754.695836,engine_torque,166,166
1784905754.695836,shift_cut_active,off,0
1784905754.695836,shift_blip_active,off,0
1784905754.695861,gear_position,N,0
1784905754.695861,clutch,RELEASED,0
1784905754.695861,shift_failed,OK,0
1784905754.695886,rpm,0,0
1784905754.695886,throttle_position,0,0
