timestamp,signal,value,raw
1782238140.276230,gear_position,N,0
1782238140.276230,shift_lever_displaced,REST,0
1782238140.276230,shift_lever_failed,OK,0
1782238140.276338,rpm,0,0
1782238140.276338,throttle_position,0,0
1782238140.276545,kill_switch,RUN,1
1782238140.276545,engine_on_counter,0,0
1782238140.277309,gear_position,N,0
1782238140.277309,shift_lever_displaced,REST,0
1782238140.277309,shift_lever_failed,OK,0
1782238140.277461,rpm,0,0
1782238140.277461,throttle_position,0,0
1782238140.278782,kill_switch,RUN,1
1782238140.278782,engine_on_counter,0,0
1782238140.284851,gear_position,N,0
1782238140.284851,shift_lever_displaced,REST,0
1782238140.284851,shift_lever_failed,OK,0
1782238140.284936,rpm,0,0
1782238140.284936,throttle_position,0,0
1782238140.285846,kill_switch,RUN,1
1782238140.285846,engine_on_counter,0,0
1782238140.287256,gear_position,N,0
1782238140.287256,shift_lever_displaced,REST,0
1782238140.287256,shift_lever_failed,OK,0
1782238140.287313,rpm,0,0
1782238140.287313,throttle_position,0,0
1782238140.290646,kill_switch,RUN,1
1782238140.290646,engine_on_counter,0,0
1782238140.296538,gear_position,N,0
1782238140.296538,shift_lever_displaced,REST,0
1782238140.296538,shift_lever_failed,OK,0
1782238140.296577,coolant_temp,73.8,738
1782238140.296577,warmup_index,0,0
1782238140.296577,side_stand,UP,1
1782238140.301540,rpm,0,0
1782238140.301540,throttle_position,0,0
1782238140.301613,kill_switch,RUN,1
1782238140.301613,engine_on_counter,0,0
1782238140.319662,gear_position,N,0
1782238140.319662,shift_lever_displaced,REST,0
1782238140.319662,shift_lever_failed,OK,0
1782238140.319703,rpm,0,0
1782238140.319703,throttle_position,0,0
1782238140.328045,kill_switch,RUN,1
1782238140.328045,engine_on_counter,0,0
1782238140.347691,gear_position,N,0
1782238140.347691,shift_lever_displaced,REST,0
1782238140.347691,shift_lever_failed,OK,0
1782238140.347745,rpm,0,0
1782238140.347745,throttle_position,0,0
1782238140.347851,kill_switch,RUN,1
1782238140.347851,engine_on_counter,0,0
1782238140.361446,gear_position,N,0
1782238140.361446,shift_lever_displaced,REST,0
1782238140.361446,shift_lever_failed,OK,0
1782238140.361496,rpm,0,0
1782238140.361496,throttle_position,0,0
1782238140.361644,kill_switch,RUN,1
1782238140.361644,engine_on_counter,0,0
1782238140.371693,gear_position,N,0
1782238140.371693,shift_lever_displaced,REST,0
1782238140.371693,shift_lever_failed,OK,0
1782238140.371745,rpm,0,0
1782238140.371745,throttle_position,0,0
1782238140.388170,kill_switch,RUN,1
1782238140.388170,engine_on_counter,0,0
1782238140.401287,gear_position,N,0
1782238140.401287,shift_lever_displaced,REST,0
1782238140.401287,shift_lever_failed,OK,0
1782238140.401380,coolant_temp,73.8,738
1782238140.401380,warmup_index,0,0
1782238140.401380,side_stand,UP,1
1782238140.401505,rpm,0,0
1782238140.401505,throttle_position,0,0
1782238140.401631,kill_switch,RUN,1
1782238140.401631,engine_on_counter,0,0
1782238140.411577,gear_position,N,0
1782238140.411577,shift_lever_displaced,REST,0
1782238140.411577,shift_lever_failed,OK,0
1782238140.411633,rpm,0,0
1782238140.411633,throttle_position,0,0
1782238140.427866,kill_switch,RUN,1
1782238140.427866,engine_on_counter,0,0
1782238140.441599,gear_position,N,0
1782238140.441599,shift_lever_displaced,REST,0
1782238140.441599,shift_lever_failed,OK,0
1782238140.441668,rpm,0,0
1782238140.441668,throttle_position,0,0
1782238140.441806,kill_switch,RUN,1
1782238140.441806,engine_on_counter,0,0
1782238140.453278,gear_position,N,0
1782238140.453278,shift_lever_displaced,REST,0
1782238140.453278,shift_lever_failed,OK,0
1782238140.453345,rpm,0,0
1782238140.453345,throttle_position,0,0
1782238140.469482,kill_switch,RUN,1
1782238140.469482,engine_on_counter,0,0
1782238140.469794,gear_position,N,0
1782238140.469794,shift_lever_displaced,REST,0
1782238140.469794,shift_lever_failed,OK,0
1782238140.487746,rpm,0,0
1782238140.487746,throttle_position,0,0
1782238140.488063,kill_switch,RUN,1
1782238140.488063,engine_on_counter,0,0
1782238140.499651,gear_position,N,0
1782238140.499651,shift_lever_displaced,REST,0
1782238140.499651,shift_lever_failed,OK,0
1782238140.499758,coolant_temp,73.7,737
1782238140.499758,warmup_index,0,0
1782238140.499758,side_stand,UP,1
1782238140.499971,rpm,0,0
1782238140.499971,throttle_position,0,0
1782238140.509490,kill_switch,RUN,1
1782238140.509490,engine_on_counter,0,0
1782238140.510022,gear_position,N,0
1782238140.510022,shift_lever_displaced,REST,0
1782238140.510022,shift_lever_failed,OK,0
1782238140.522168,rpm,0,0
1782238140.522168,throttle_position,0,0
1782238140.522474,kill_switch,RUN,1
1782238140.522474,engine_on_counter,0,0
1782238140.544184,gear_position,N,0
1782238140.544184,shift_lever_displaced,REST,0
1782238140.544184,shift_lever_failed,OK,0
1782238140.544323,rpm,0,0
1782238140.544323,throttle_position,0,0
1782238140.551244,kill_switch,RUN,1
1782238140.551244,engine_on_counter,0,0
1782238140.551620,gear_position,N,0
1782238140.551620,shift_lever_displaced,REST,0
1782238140.551620,shift_lever_failed,OK,0
1782238140.551709,rpm,0,0
1782238140.551709,throttle_position,0,0
1782238140.568252,kill_switch,RUN,1
1782238140.568252,engine_on_counter,0,0
1782238140.581559,gear_position,N,0
1782238140.581559,shift_lever_displaced,REST,0
1782238140.581559,shift_lever_failed,OK,0
1782238140.581757,rpm,0,0
1782238140.581757,throttle_position,0,0
1782238140.583181,kill_switch,RUN,1
1782238140.583181,engine_on_counter,0,0
1782238140.591588,gear_position,N,0
1782238140.591588,shift_lever_displaced,REST,0
1782238140.591588,shift_lever_failed,OK,0
1782238140.591711,coolant_temp,73.7,737
1782238140.591711,warmup_index,0,0
1782238140.591711,side_stand,UP,1
1782238140.591926,rpm,0,0
1782238140.591926,throttle_position,0,0
1782238140.608079,kill_switch,RUN,1
1782238140.608079,engine_on_counter,0,0
1782238140.621684,gear_position,N,0
1782238140.621684,shift_lever_displaced,REST,0
1782238140.621684,shift_lever_failed,OK,0
1782238140.621886,rpm,0,0
1782238140.621886,throttle_position,0,0
1782238140.622277,kill_switch,RUN,1
1782238140.622277,engine_on_counter,0,0
1782238140.632233,gear_position,N,0
1782238140.632233,shift_lever_displaced,REST,0
1782238140.632233,shift_lever_failed,OK,0
1782238140.632473,rpm,0,0
1782238140.632473,throttle_position,0,0
1782238140.650041,kill_switch,RUN,1
1782238140.650041,engine_on_counter,0,0
1782238140.650637,gear_position,N,0
1782238140.650637,shift_lever_displaced,REST,0
1782238140.650637,shift_lever_failed,OK,0
1782238140.667893,rpm,0,0
1782238140.667893,throttle_position,0,0
1782238140.668692,kill_switch,RUN,1
1782238140.668692,engine_on_counter,0,0
1782238140.681361,gear_position,N,0
1782238140.681361,shift_lever_displaced,REST,0
1782238140.681361,shift_lever_failed,OK,0
1782238140.681526,rpm,0,0
1782238140.681526,throttle_position,0,0
1782238140.683328,kill_switch,RUN,1
1782238140.683328,engine_on_counter,0,0
1782238140.689162,gear_position,N,0
1782238140.689162,shift_lever_displaced,REST,0
1782238140.689162,shift_lever_failed,OK,0
1782238140.689337,coolant_temp,73.7,737
1782238140.689337,warmup_index,0,0
1782238140.689337,side_stand,UP,1
1782238140.703544,rpm,0,0
1782238140.703544,throttle_position,0,0
1782238140.704024,kill_switch,RUN,1
1782238140.704024,engine_on_counter,0,0
1782238140.721490,gear_position,N,0
1782238140.721490,shift_lever_displaced,REST,0
1782238140.721490,shift_lever_failed,OK,0
1782238140.721596,rpm,0,0
1782238140.721596,throttle_position,0,0
1782238140.721807,kill_switch,RUN,1
1782238140.721807,engine_on_counter,0,0
1782238140.730775,gear_position,N,0
1782238140.730775,shift_lever_displaced,REST,0
1782238140.730775,shift_lever_failed,OK,0
1782238140.748003,rpm,0,0
1782238140.748003,throttle_position,0,0
1782238140.749743,kill_switch,RUN,1
1782238140.749743,engine_on_counter,0,0
1782238140.761437,gear_position,N,0
1782238140.761437,shift_lever_displaced,REST,0
1782238140.761437,shift_lever_failed,OK,0
1782238140.761689,rpm,0,0
1782238140.761689,throttle_position,0,0
1782238140.762441,kill_switch,RUN,1
1782238140.762441,engine_on_counter,0,0
1782238140.772091,gear_position,N,0
1782238140.772091,shift_lever_displaced,REST,0
1782238140.772091,shift_lever_failed,OK,0
1782238140.772329,rpm,0,0
1782238140.772329,throttle_position,0,0
1782238140.796213,kill_switch,RUN,1
1782238140.796213,engine_on_counter,0,0
1782238140.796578,gear_position,N,0
1782238140.796578,shift_lever_displaced,REST,0
1782238140.796578,shift_lever_failed,OK,0
1782238140.799539,coolant_temp,73.8,738
1782238140.799539,warmup_index,0,0
1782238140.799539,side_stand,UP,1
1782238140.799791,rpm,0,0
1782238140.799791,throttle_position,0,0
1782238140.808057,kill_switch,RUN,1
1782238140.808057,engine_on_counter,0,0
1782238140.821765,gear_position,N,0
1782238140.821765,shift_lever_displaced,REST,0
1782238140.821765,shift_lever_failed,OK,0
1782238140.821902,rpm,0,0
1782238140.821902,throttle_position,0,0
1782238140.822115,kill_switch,RUN,1
1782238140.822115,engine_on_counter,0,0
1782238140.839831,gear_position,N,0
1782238140.839831,shift_lever_displaced,REST,0
1782238140.839831,shift_lever_failed,OK,0
1782238140.839920,rpm,0,0
1782238140.839920,throttle_position,0,0
1782238140.851307,kill_switch,RUN,1
1782238140.851307,engine_on_counter,0,0
1782238140.851746,gear_position,N,0
1782238140.851746,shift_lever_displaced,REST,0
1782238140.851746,shift_lever_failed,OK,0
1782238140.851851,rpm,0,0
1782238140.851851,throttle_position,0,0
1782238140.868542,kill_switch,RUN,1
1782238140.868542,engine_on_counter,0,0
1782238140.881303,gear_position,N,0
1782238140.881303,shift_lever_displaced,REST,0
1782238140.881303,shift_lever_failed,OK,0
1782238140.881558,rpm,0,0
1782238140.881558,throttle_position,0,0
1782238140.883612,kill_switch,RUN,1
1782238140.883612,engine_on_counter,0,0
1782238140.890267,gear_position,N,0
1782238140.890267,shift_lever_displaced,REST,0
1782238140.890267,shift_lever_failed,OK,0
1782238140.890514,coolant_temp,73.8,738
1782238140.890514,warmup_index,0,0
1782238140.890514,side_stand,UP,1
1782238140.907720,rpm,0,0
1782238140.907720,throttle_position,0,0
1782238140.908014,kill_switch,RUN,1
1782238140.908014,engine_on_counter,0,0
1782238140.921616,gear_position,N,0
1782238140.921616,shift_lever_displaced,REST,0
1782238140.921616,shift_lever_failed,OK,0
1782238140.921716,rpm,0,0
1782238140.921716,throttle_position,0,0
1782238140.921931,kill_switch,RUN,1
1782238140.921931,engine_on_counter,0,0
1782238140.932688,gear_position,N,0
1782238140.932688,shift_lever_displaced,REST,0
1782238140.932688,shift_lever_failed,OK,0
1782238140.932930,rpm,0,0
1782238140.932930,throttle_position,0,0
1782238140.950851,kill_switch,RUN,1
1782238140.950851,engine_on_counter,0,0
1782238140.951418,gear_position,N,0
1782238140.951418,shift_lever_displaced,REST,0
1782238140.951418,shift_lever_failed,OK,0
1782238140.961683,rpm,0,0
1782238140.961683,throttle_position,0,0
1782238140.962396,kill_switch,RUN,1
1782238140.962396,engine_on_counter,0,0
1782238140.979727,gear_position,N,0
1782238140.979727,shift_lever_displaced,REST,0
1782238140.979727,shift_lever_failed,OK,0
1782238140.979833,rpm,0,0
1782238140.979833,throttle_position,0,0
1782238140.988467,kill_switch,RUN,1
1782238140.988467,engine_on_counter,0,0
1782238140.988913,gear_position,N,0
1782238140.988913,shift_lever_displaced,REST,0
1782238140.988913,shift_lever_failed,OK,0
1782238140.989048,coolant_temp,73.8,738
1782238140.989048,warmup_index,0,0
1782238140.989048,side_stand,UP,1
1782238141.003570,rpm,0,0
1782238141.003570,throttle_position,0,0
1782238141.003859,kill_switch,RUN,1
1782238141.003859,engine_on_counter,0,0
1782238141.021533,gear_position,N,0
1782238141.021533,shift_lever_displaced,REST,0
1782238141.021533,shift_lever_failed,OK,0
1782238141.021642,rpm,0,0
1782238141.021642,throttle_position,0,0
1782238141.021835,kill_switch,RUN,1
1782238141.021835,engine_on_counter,0,0
1782238141.048232,gear_position,N,0
1782238141.048232,shift_lever_displaced,REST,0
1782238141.048232,shift_lever_failed,OK,0
1782238141.048429,rpm,0,0
1782238141.048429,throttle_position,0,0
1782238141.048635,kill_switch,RUN,1
1782238141.048635,engine_on_counter,0,0
1782238141.061289,gear_position,N,0
1782238141.061289,shift_lever_displaced,REST,0
1782238141.061289,shift_lever_failed,OK,0
1782238141.061379,rpm,0,0
1782238141.061379,throttle_position,0,0
1782238141.061645,kill_switch,RUN,1
1782238141.061645,engine_on_counter,0,0
1782238141.071774,gear_position,N,0
1782238141.071774,shift_lever_displaced,REST,0
1782238141.071774,shift_lever_failed,OK,0
1782238141.071880,rpm,0,0
1782238141.071880,throttle_position,0,0
1782238141.090250,kill_switch,RUN,1
1782238141.090250,engine_on_counter,0,0
1782238141.092059,gear_position,N,0
1782238141.092059,shift_lever_displaced,REST,0
1782238141.092059,shift_lever_failed,OK,0
1782238141.103779,coolant_temp,73.8,738
1782238141.103779,warmup_index,0,0
1782238141.103779,side_stand,UP,1
1782238141.104086,rpm,0,0
1782238141.104086,throttle_position,0,0
1782238141.104236,kill_switch,RUN,1
1782238141.104236,engine_on_counter,0,0
1782238141.111536,gear_position,N,0
1782238141.111536,shift_lever_displaced,REST,0
1782238141.111536,shift_lever_failed,OK,0
1782238141.111597,rpm,0,0
1782238141.111597,throttle_position,0,0
1782238141.127824,kill_switch,RUN,1
1782238141.127824,engine_on_counter,0,0
1782238141.141464,gear_position,N,0
1782238141.141464,shift_lever_displaced,REST,0
1782238141.141464,shift_lever_failed,OK,0
1782238141.141533,rpm,0,0
1782238141.141533,throttle_position,0,0
1782238141.141669,kill_switch,RUN,1
1782238141.141669,engine_on_counter,0,0
1782238141.159712,gear_position,N,0
1782238141.159712,shift_lever_displaced,REST,0
1782238141.159712,shift_lever_failed,OK,0
1782238141.159789,rpm,0,0
1782238141.159789,throttle_position,0,0
1782238141.171199,kill_switch,RUN,1
1782238141.171199,engine_on_counter,0,0
1782238141.171510,gear_position,N,0
1782238141.171510,shift_lever_displaced,REST,0
1782238141.171510,shift_lever_failed,OK,0
1782238141.171587,rpm,0,0
1782238141.171587,throttle_position,0,0
1782238141.188007,kill_switch,RUN,1
1782238141.188007,engine_on_counter,0,0
1782238141.199601,gear_position,N,0
1782238141.199601,shift_lever_displaced,REST,0
1782238141.199601,shift_lever_failed,OK,0
1782238141.199706,coolant_temp,73.8,738
1782238141.199706,warmup_index,0,0
1782238141.199706,side_stand,UP,1
1782238141.199916,rpm,0,0
1782238141.199916,throttle_position,0,0
1782238141.209542,kill_switch,RUN,1
1782238141.209542,engine_on_counter,0,0
1782238141.210083,gear_position,N,0
1782238141.210083,shift_lever_displaced,REST,0
1782238141.210083,shift_lever_failed,OK,0
1782238141.222014,rpm,0,0
1782238141.222014,throttle_position,0,0
1782238141.222278,kill_switch,RUN,1
1782238141.222278,engine_on_counter,0,0
1782238141.241596,gear_position,N,0
1782238141.241596,shift_lever_displaced,REST,0
1782238141.241596,shift_lever_failed,OK,0
1782238141.241771,rpm,0,0
1782238141.241771,throttle_position,0,0
1782238141.242122,kill_switch,RUN,1
1782238141.242122,engine_on_counter,0,0
1782238141.253973,gear_position,N,0
1782238141.253973,shift_lever_displaced,REST,0
1782238141.253973,shift_lever_failed,OK,0
1782238141.254090,rpm,0,0
1782238141.254090,throttle_position,0,0
1782238141.268491,kill_switch,RUN,1
1782238141.268491,engine_on_counter,0,0
1782238141.281358,gear_position,N,0
1782238141.281358,shift_lever_displaced,REST,0
1782238141.281358,shift_lever_failed,OK,0
1782238141.284241,rpm,0,0
1782238141.284241,throttle_position,0,0
1782238141.284593,kill_switch,RUN,1
1782238141.284593,engine_on_counter,0,0
1782238141.291439,gear_position,N,0
1782238141.291439,shift_lever_displaced,REST,0
1782238141.291439,shift_lever_failed,OK,0
1782238141.291558,coolant_temp,73.8,738
1782238141.291558,warmup_index,0,0
1782238141.291558,side_stand,UP,1
1782238141.291795,rpm,0,0
1782238141.291795,throttle_position,0,0
1782238141.308373,kill_switch,RUN,1
1782238141.308373,engine_on_counter,0,0
1782238141.321811,gear_position,N,0
1782238141.321811,shift_lever_displaced,REST,0
1782238141.321811,shift_lever_failed,OK,0
1782238141.321960,rpm,0,0
1782238141.321960,throttle_position,0,0
1782238141.322238,kill_switch,RUN,1
1782238141.322238,engine_on_counter,0,0
1782238141.332148,gear_position,N,0
1782238141.332148,shift_lever_displaced,REST,0
1782238141.332148,shift_lever_failed,OK,0
1782238141.332388,rpm,0,0
1782238141.332388,throttle_position,0,0
1782238141.350852,kill_switch,RUN,1
1782238141.350852,engine_on_counter,0,0
1782238141.351319,gear_position,N,0
1782238141.351319,shift_lever_displaced,REST,0
1782238141.351319,shift_lever_failed,OK,0
1782238141.367885,rpm,0,0
1782238141.367885,throttle_position,0,0
1782238141.368672,kill_switch,RUN,1
1782238141.368672,engine_on_counter,0,0
1782238141.381574,gear_position,N,0
1782238141.381574,shift_lever_displaced,REST,0
1782238141.381574,shift_lever_failed,OK,0
1782238141.385618,rpm,0,0
1782238141.385618,throttle_position,0,0
1782238141.385917,kill_switch,RUN,1
1782238141.385917,engine_on_counter,0,0
1782238141.389986,gear_position,N,0
1782238141.389986,shift_lever_displaced,REST,0
1782238141.389986,shift_lever_failed,OK,0
1782238141.390076,coolant_temp,73.8,738
1782238141.390076,warmup_index,0,0
1782238141.390076,side_stand,UP,1
1782238141.407853,rpm,0,0
1782238141.407853,throttle_position,0,0
1782238141.408070,kill_switch,RUN,1
1782238141.408070,engine_on_counter,0,0
1782238141.421555,gear_position,N,0
1782238141.421555,shift_lever_displaced,REST,0
1782238141.421555,shift_lever_failed,OK,0
1782238141.421660,rpm,0,0
1782238141.421660,throttle_position,0,0
1782238141.421866,kill_switch,RUN,1
1782238141.421866,engine_on_counter,0,0
1782238141.430368,gear_position,N,0
1782238141.430368,shift_lever_displaced,REST,0
1782238141.430368,shift_lever_failed,OK,0
1782238141.448120,rpm,0,0
1782238141.448120,throttle_position,0,0
1782238141.451621,kill_switch,RUN,1
1782238141.451621,engine_on_counter,0,0
1782238141.461570,gear_position,N,0
1782238141.461570,shift_lever_displaced,REST,0
1782238141.461570,shift_lever_failed,OK,0
1782238141.461846,rpm,0,0
1782238141.461846,throttle_position,0,0
1782238141.462576,kill_switch,RUN,1
1782238141.462576,engine_on_counter,0,0
1782238141.479890,gear_position,N,0
1782238141.479890,shift_lever_displaced,REST,0
1782238141.479890,shift_lever_failed,OK,0
1782238141.480033,rpm,0,0
1782238141.480033,throttle_position,0,0
1782238141.488362,kill_switch,RUN,1
1782238141.488362,engine_on_counter,0,0
1782238141.488851,gear_position,N,0
1782238141.488851,shift_lever_displaced,REST,0
1782238141.488851,shift_lever_failed,OK,0
1782238141.501414,coolant_temp,73.8,738
1782238141.501414,warmup_index,0,0
1782238141.501414,side_stand,UP,1
1782238141.501964,rpm,0,0
1782238141.501964,throttle_position,0,0
1782238141.502322,kill_switch,RUN,1
1782238141.502322,engine_on_counter,0,0
1782238141.520022,gear_position,N,0
1782238141.520022,shift_lever_displaced,REST,0
1782238141.520022,shift_lever_failed,OK,0
1782238141.520169,rpm,0,0
1782238141.520169,throttle_position,0,0
1782238141.528242,kill_switch,RUN,1
1782238141.528242,engine_on_counter,0,0
1782238141.548302,gear_position,N,0
1782238141.548302,shift_lever_displaced,REST,0
1782238141.548302,shift_lever_failed,OK,0
1782238141.552095,rpm,0,0
1782238141.552095,throttle_position,0,0
1782238141.552469,kill_switch,RUN,1
1782238141.552469,engine_on_counter,0,0
1782238141.561511,gear_position,N,0
1782238141.561511,shift_lever_displaced,REST,0
1782238141.561511,shift_lever_failed,OK,0
1782238141.561691,rpm,0,0
1782238141.561691,throttle_position,0,0
1782238141.562221,kill_switch,RUN,1
1782238141.562221,engine_on_counter,0,0
1782238141.571857,gear_position,N,0
1782238141.571857,shift_lever_displaced,REST,0
1782238141.571857,shift_lever_failed,OK,0
1782238141.572032,rpm,0,0
1782238141.572032,throttle_position,0,0
1782238141.588304,kill_switch,RUN,1
1782238141.588304,engine_on_counter,0,0
1782238141.601243,gear_position,N,0
1782238141.601243,shift_lever_displaced,REST,0
1782238141.601243,shift_lever_failed,OK,0
1782238141.601407,coolant_temp,73.7,737
1782238141.601407,warmup_index,0,0
1782238141.601407,side_stand,UP,1
1782238141.601660,rpm,0,0
1782238141.601660,throttle_position,0,0
1782238141.601897,kill_switch,RUN,1
1782238141.601897,engine_on_counter,0,0
1782238141.612110,gear_position,N,0
1782238141.612110,shift_lever_displaced,REST,0
1782238141.612110,shift_lever_failed,OK,0
1782238141.612284,rpm,0,0
1782238141.612284,throttle_position,0,0
1782238141.628235,kill_switch,RUN,1
1782238141.628235,engine_on_counter,0,0
1782238141.641594,gear_position,N,0
1782238141.641594,shift_lever_displaced,REST,0
1782238141.641594,shift_lever_failed,OK,0
1782238141.641833,rpm,0,0
1782238141.641833,throttle_position,0,0
1782238141.642314,kill_switch,RUN,1
1782238141.642314,engine_on_counter,0,0
1782238141.653563,gear_position,N,0
1782238141.653563,shift_lever_displaced,REST,0
1782238141.653563,shift_lever_failed,OK,0
1782238141.653682,rpm,0,0
1782238141.653682,throttle_position,0,0
1782238141.669887,kill_switch,RUN,1
1782238141.669887,engine_on_counter,0,0
1782238141.670859,gear_position,N,0
1782238141.670859,shift_lever_displaced,REST,0
1782238141.670859,shift_lever_failed,OK,0
1782238141.687941,rpm,0,0
1782238141.687941,throttle_position,0,0
1782238141.688431,kill_switch,RUN,1
1782238141.688431,engine_on_counter,0,0
1782238141.699958,gear_position,N,0
1782238141.699958,shift_lever_displaced,REST,0
1782238141.699958,shift_lever_failed,OK,0
1782238141.700207,coolant_temp,73.7,737
1782238141.700207,warmup_index,0,0
1782238141.700207,side_stand,UP,1
1782238141.700998,rpm,0,0
1782238141.700998,throttle_position,0,0
1782238141.709714,kill_switch,RUN,1
1782238141.709714,engine_on_counter,0,0
1782238141.710663,gear_position,N,0
1782238141.710663,shift_lever_displaced,REST,0
1782238141.710663,shift_lever_failed,OK,0
1782238141.721856,rpm,0,0
1782238141.721856,throttle_position,0,0
1782238141.722158,kill_switch,RUN,1
1782238141.722158,engine_on_counter,0,0
1782238141.740351,gear_position,N,0
1782238141.740351,shift_lever_displaced,REST,0
1782238141.740351,shift_lever_failed,OK,0
1782238141.740595,rpm,0,0
1782238141.740595,throttle_position,0,0
1782238141.752541,kill_switch,RUN,1
1782238141.752541,engine_on_counter,0,0
1782238141.753095,gear_position,N,0
1782238141.753095,shift_lever_displaced,REST,0
1782238141.753095,shift_lever_failed,OK,0
1782238141.753201,rpm,0,0
1782238141.753201,throttle_position,0,0
1782238141.768676,kill_switch,RUN,1
1782238141.768676,engine_on_counter,0,0
1782238141.781708,gear_position,N,0
1782238141.781708,shift_lever_displaced,REST,0
1782238141.781708,shift_lever_failed,OK,0
1782238141.785624,rpm,0,0
1782238141.785624,throttle_position,0,0
1782238141.786114,kill_switch,RUN,1
1782238141.786114,engine_on_counter,0,0
1782238141.789877,gear_position,N,0
1782238141.789877,shift_lever_displaced,REST,0
1782238141.789877,shift_lever_failed,OK,0
1782238141.789976,coolant_temp,73.7,737
1782238141.789976,warmup_index,0,0
1782238141.789976,side_stand,UP,1
1782238141.807835,rpm,0,0
1782238141.807835,throttle_position,0,0
1782238141.808405,kill_switch,RUN,1
1782238141.808405,engine_on_counter,0,0
1782238141.821683,gear_position,N,0
1782238141.821683,shift_lever_displaced,REST,0
1782238141.821683,shift_lever_failed,OK,0
1782238141.821806,rpm,0,0
1782238141.821806,throttle_position,0,0
1782238141.822044,kill_switch,RUN,1
1782238141.822044,engine_on_counter,0,0
1782238141.831948,gear_position,N,0
1782238141.831948,shift_lever_displaced,REST,0
1782238141.831948,shift_lever_failed,OK,0
1782238141.832122,rpm,0,0
1782238141.832122,throttle_position,0,0
1782238141.852516,kill_switch,RUN,1
1782238141.852516,engine_on_counter,0,0
1782238141.853077,gear_position,N,0
1782238141.853077,shift_lever_displaced,REST,0
1782238141.853077,shift_lever_failed,OK,0
1782238141.868158,rpm,0,0
1782238141.868158,throttle_position,0,0
1782238141.869007,kill_switch,RUN,1
1782238141.869007,engine_on_counter,0,0
1782238141.880123,gear_position,N,0
1782238141.880123,shift_lever_displaced,REST,0
1782238141.880123,shift_lever_failed,OK,0
1782238141.880374,rpm,0,0
1782238141.880374,throttle_position,0,0
1782238141.888574,kill_switch,RUN,1
1782238141.888574,engine_on_counter,0,0
1782238141.889027,gear_position,N,0
1782238141.889027,shift_lever_displaced,REST,0
1782238141.889027,shift_lever_failed,OK,0
1782238141.889131,coolant_temp,73.7,737
1782238141.889131,warmup_index,0,0
1782238141.889131,side_stand,UP,1
1782238141.903558,rpm,0,0
1782238141.903558,throttle_position,0,0
1782238141.903914,kill_switch,RUN,1
1782238141.903914,engine_on_counter,0,0
1782238141.921679,gear_position,N,0
1782238141.921679,shift_lever_displaced,REST,0
1782238141.921679,shift_lever_failed,OK,0
1782238141.921800,rpm,0,0
1782238141.921800,throttle_position,0,0
1782238141.922041,kill_switch,RUN,1
1782238141.922041,engine_on_counter,0,0
1782238141.930927,gear_position,N,0
1782238141.930927,shift_lever_displaced,REST,0
1782238141.930927,shift_lever_failed,OK,0
1782238141.951523,rpm,0,0
1782238141.951523,throttle_position,0,0
1782238141.951783,kill_switch,RUN,1
1782238141.951783,engine_on_counter,0,0
1782238141.961469,gear_position,N,0
1782238141.961469,shift_lever_displaced,REST,0
1782238141.961469,shift_lever_failed,OK,0
1782238141.961589,rpm,0,0
1782238141.961589,throttle_position,0,0
1782238141.961923,kill_switch,RUN,1
1782238141.961923,engine_on_counter,0,0
1782238141.971888,gear_position,N,0
1782238141.971888,shift_lever_displaced,REST,0
1782238141.971888,shift_lever_failed,OK,0
1782238141.972013,rpm,0,0
1782238141.972013,throttle_position,0,0
1782238141.988505,kill_switch,RUN,1
1782238141.988505,engine_on_counter,0,0
1782238141.988936,gear_position,N,0
1782238141.988936,shift_lever_displaced,REST,0
1782238141.988936,shift_lever_failed,OK,0
1782238142.001608,coolant_temp,73.7,737
1782238142.001608,warmup_index,0,0
1782238142.001608,side_stand,UP,1
1782238142.002070,rpm,0,0
1782238142.002070,throttle_position,0,0
1782238142.002360,kill_switch,RUN,1
1782238142.002360,engine_on_counter,0,0
1782238142.020003,gear_position,N,0
1782238142.020003,shift_lever_displaced,REST,0
1782238142.020003,shift_lever_failed,OK,0
1782238142.020107,rpm,0,0
1782238142.020107,throttle_position,0,0
1782238142.028031,kill_switch,RUN,1
1782238142.028031,engine_on_counter,0,0
1782238142.041701,gear_position,N,0
1782238142.041701,shift_lever_displaced,REST,0
1782238142.041701,shift_lever_failed,OK,0
1782238142.041946,rpm,0,0
1782238142.041946,throttle_position,0,0
1782238142.042482,kill_switch,RUN,1
1782238142.042482,engine_on_counter,0,0
1782238142.059923,gear_position,N,0
1782238142.059923,shift_lever_displaced,REST,0
1782238142.059923,shift_lever_failed,OK,0
1782238142.060046,rpm,0,0
1782238142.060046,throttle_position,0,0
1782238142.071284,kill_switch,RUN,1
1782238142.071284,engine_on_counter,0,0
1782238142.072311,gear_position,N,0
1782238142.072311,shift_lever_displaced,REST,0
1782238142.072311,shift_lever_failed,OK,0
1782238142.072549,rpm,0,0
1782238142.072549,throttle_position,0,0
1782238142.088750,kill_switch,RUN,1
1782238142.088750,engine_on_counter,0,0
1782238142.099743,gear_position,N,0
1782238142.099743,shift_lever_displaced,REST,0
1782238142.099743,shift_lever_failed,OK,0
1782238142.100027,coolant_temp,73.7,737
1782238142.100027,warmup_index,0,0
1782238142.100027,side_stand,UP,1
1782238142.100508,rpm,0,0
1782238142.100508,throttle_position,0,0
1782238142.109619,kill_switch,RUN,1
1782238142.109619,engine_on_counter,0,0
1782238142.110472,gear_position,N,0
1782238142.110472,shift_lever_displaced,REST,0
1782238142.110472,shift_lever_failed,OK,0
1782238142.121985,rpm,0,0
1782238142.121985,throttle_position,0,0
1782238142.122337,kill_switch,RUN,1
1782238142.122337,engine_on_counter,0,0
1782238142.141639,gear_position,N,0
1782238142.141639,shift_lever_displaced,REST,0
1782238142.141639,shift_lever_failed,OK,0
1782238142.141831,rpm,0,0
1782238142.141831,throttle_position,0,0
1782238142.142192,kill_switch,RUN,1
1782238142.142192,engine_on_counter,0,0
1782238142.154096,gear_position,N,0
1782238142.154096,shift_lever_displaced,REST,0
1782238142.154096,shift_lever_failed,OK,0
1782238142.154205,rpm,0,0
1782238142.154205,throttle_position,0,0
1782238142.169731,kill_switch,RUN,1
1782238142.169731,engine_on_counter,0,0
1782238142.170145,gear_position,N,0
1782238142.170145,shift_lever_displaced,REST,0
1782238142.170145,shift_lever_failed,OK,0
1782238142.184454,rpm,0,0
1782238142.184454,throttle_position,0,0
1782238142.184767,kill_switch,RUN,1
1782238142.184767,engine_on_counter,0,0
1782238142.191351,gear_position,N,0
1782238142.191351,shift_lever_displaced,REST,0
1782238142.191351,shift_lever_failed,OK,0
1782238142.191454,coolant_temp,73.7,737
1782238142.191454,warmup_index,0,0
1782238142.191454,side_stand,UP,1
1782238142.191661,rpm,0,0
1782238142.191661,throttle_position,0,0
1782238142.208411,kill_switch,RUN,1
1782238142.208411,engine_on_counter,0,0
1782238142.221768,gear_position,N,0
1782238142.221768,shift_lever_displaced,REST,0
1782238142.221768,shift_lever_failed,OK,0
1782238142.221925,rpm,0,0
1782238142.221925,throttle_position,0,0
1782238142.222176,kill_switch,RUN,1
1782238142.222176,engine_on_counter,0,0
1782238142.239839,gear_position,N,0
1782238142.239839,shift_lever_displaced,REST,0
1782238142.239839,shift_lever_failed,OK,0
1782238142.239935,rpm,0,0
1782238142.239935,throttle_position,0,0
1782238142.253441,kill_switch,RUN,1
1782238142.253441,engine_on_counter,0,0
1782238142.254019,gear_position,N,0
1782238142.254019,shift_lever_displaced,REST,0
1782238142.254019,shift_lever_failed,OK,0
1782238142.267851,rpm,0,0
1782238142.267851,throttle_position,0,0
1782238142.268198,kill_switch,RUN,1
1782238142.268198,engine_on_counter,0,0
1782238142.281314,gear_position,N,0
1782238142.281314,shift_lever_displaced,REST,0
1782238142.281314,shift_lever_failed,OK,0
1782238142.281416,rpm,0,0
1782238142.281416,throttle_position,0,0
1782238142.284561,kill_switch,RUN,1
1782238142.284561,engine_on_counter,0,0
1782238142.290043,gear_position,N,0
1782238142.290043,shift_lever_displaced,REST,0
1782238142.290043,shift_lever_failed,OK,0
1782238142.290142,coolant_temp,73.7,737
1782238142.290142,warmup_index,0,0
1782238142.290142,side_stand,UP,1
1782238142.308103,rpm,0,0
1782238142.308103,throttle_position,0,0
1782238142.308495,kill_switch,RUN,1
1782238142.308495,engine_on_counter,0,0
1782238142.321643,gear_position,N,0
1782238142.321643,shift_lever_displaced,REST,0
1782238142.321643,shift_lever_failed,OK,0
1782238142.321747,rpm,0,0
1782238142.321747,throttle_position,0,0
1782238142.321956,kill_switch,RUN,1
1782238142.321956,engine_on_counter,0,0
1782238142.330102,gear_position,N,0
1782238142.330102,shift_lever_displaced,REST,0
1782238142.330102,shift_lever_failed,OK,0
1782238142.348096,rpm,0,0
1782238142.348096,throttle_position,0,0
1782238142.351970,kill_switch,RUN,1
1782238142.351970,engine_on_counter,0,0
1782238142.361445,gear_position,N,0
1782238142.361445,shift_lever_displaced,REST,0
1782238142.361445,shift_lever_failed,OK,0
1782238142.361607,rpm,0,0
1782238142.361607,throttle_position,0,0
1782238142.362027,kill_switch,RUN,1
1782238142.362027,engine_on_counter,0,0
1782238142.380122,gear_position,N,0
1782238142.380122,shift_lever_displaced,REST,0
1782238142.380122,shift_lever_failed,OK,0
1782238142.380361,rpm,0,0
1782238142.380361,throttle_position,0,0
1782238142.388635,kill_switch,RUN,1
1782238142.388635,engine_on_counter,0,0
1782238142.388991,gear_position,N,0
1782238142.388991,shift_lever_displaced,REST,0
1782238142.388991,shift_lever_failed,OK,0
1782238142.389078,coolant_temp,73.7,737
1782238142.389078,warmup_index,0,0
1782238142.389078,side_stand,UP,1
1782238142.401497,rpm,0,0
1782238142.401497,throttle_position,0,0
1782238142.401669,kill_switch,RUN,1
1782238142.401669,engine_on_counter,0,0
1782238142.419840,gear_position,N,0
1782238142.419840,shift_lever_displaced,REST,0
1782238142.419840,shift_lever_failed,OK,0
1782238142.419941,rpm,0,0
1782238142.419941,throttle_position,0,0
1782238142.428125,kill_switch,RUN,1
1782238142.428125,engine_on_counter,0,0
1782238142.447910,gear_position,N,0
1782238142.447910,shift_lever_displaced,REST,0
1782238142.447910,shift_lever_failed,OK,0
1782238142.448295,rpm,0,0
1782238142.448295,throttle_position,0,0
1782238142.453047,kill_switch,RUN,1
1782238142.453047,engine_on_counter,0,0
1782238142.461313,gear_position,N,0
1782238142.461313,shift_lever_displaced,REST,0
1782238142.461313,shift_lever_failed,OK,0
1782238142.461422,rpm,0,0
1782238142.461422,throttle_position,0,0
1782238142.461736,kill_switch,RUN,1
1782238142.461736,engine_on_counter,0,0
1782238142.471847,gear_position,N,0
1782238142.471847,shift_lever_displaced,REST,0
1782238142.471847,shift_lever_failed,OK,0
1782238142.471985,rpm,0,0
1782238142.471985,throttle_position,0,0
1782238142.488311,kill_switch,RUN,1
1782238142.488311,engine_on_counter,0,0
1782238142.501090,gear_position,N,0
1782238142.501090,shift_lever_displaced,REST,0
1782238142.501090,shift_lever_failed,OK,0
1782238142.501300,coolant_temp,73.7,737
1782238142.501300,warmup_index,0,0
1782238142.501300,side_stand,UP,1
1782238142.501656,rpm,0,0
1782238142.501656,throttle_position,0,0
1782238142.502004,kill_switch,RUN,1
1782238142.502004,engine_on_counter,0,0
1782238142.511712,gear_position,N,0
1782238142.511712,shift_lever_displaced,REST,0
1782238142.511712,shift_lever_failed,OK,0
1782238142.511834,rpm,0,0
1782238142.511834,throttle_position,0,0
1782238142.528260,kill_switch,RUN,1
1782238142.528260,engine_on_counter,0,0
1782238142.541679,gear_position,N,0
1782238142.541679,shift_lever_displaced,REST,0
1782238142.541679,shift_lever_failed,OK,0
1782238142.541914,rpm,0,0
1782238142.541914,throttle_position,0,0
1782238142.542434,kill_switch,RUN,1
1782238142.542434,engine_on_counter,0,0
1782238142.553401,gear_position,N,0
1782238142.553401,shift_lever_displaced,REST,0
1782238142.553401,shift_lever_failed,OK,0
1782238142.553498,rpm,0,0
1782238142.553498,throttle_position,0,0
1782238142.569953,kill_switch,RUN,1
1782238142.569953,engine_on_counter,0,0
1782238142.570650,gear_position,N,0
1782238142.570650,shift_lever_displaced,REST,0
1782238142.570650,shift_lever_failed,OK,0
1782238142.587888,rpm,0,0
1782238142.587888,throttle_position,0,0
1782238142.588250,kill_switch,RUN,1
1782238142.588250,engine_on_counter,0,0
1782238142.599799,gear_position,N,0
1782238142.599799,shift_lever_displaced,REST,0
1782238142.599799,shift_lever_failed,OK,0
1782238142.600036,coolant_temp,73.7,737
1782238142.600036,warmup_index,0,0
1782238142.600036,side_stand,UP,1
1782238142.600524,rpm,0,0
1782238142.600524,throttle_position,0,0
1782238142.609640,kill_switch,RUN,1
1782238142.609640,engine_on_counter,0,0
1782238142.610839,gear_position,N,0
1782238142.610839,shift_lever_displaced,REST,0
1782238142.610839,shift_lever_failed,OK,0
1782238142.621952,rpm,0,0
1782238142.621952,throttle_position,0,0
1782238142.622189,kill_switch,RUN,1
1782238142.622189,engine_on_counter,0,0
1782238142.640162,gear_position,N,0
1782238142.640162,shift_lever_displaced,REST,0
1782238142.640162,shift_lever_failed,OK,0
1782238142.640398,rpm,0,0
1782238142.640398,throttle_position,0,0
1782238142.652383,kill_switch,RUN,1
1782238142.652383,engine_on_counter,0,0
1782238142.653340,gear_position,N,0
1782238142.653340,shift_lever_displaced,REST,0
1782238142.653340,shift_lever_failed,OK,0
1782238142.653479,rpm,0,0
1782238142.653479,throttle_position,0,0
1782238142.668818,kill_switch,RUN,1
1782238142.668818,engine_on_counter,0,0
1782238142.681412,gear_position,N,0
1782238142.681412,shift_lever_displaced,REST,0
1782238142.681412,shift_lever_failed,OK,0
1782238142.686164,rpm,0,0
1782238142.686164,throttle_position,0,0
1782238142.686484,kill_switch,RUN,1
1782238142.686484,engine_on_counter,0,0
1782238142.691379,gear_position,N,0
1782238142.691379,shift_lever_displaced,REST,0
1782238142.691379,shift_lever_failed,OK,0
1782238142.691483,coolant_temp,73.7,737
1782238142.691483,warmup_index,0,0
1782238142.691483,side_stand,UP,1
1782238142.691689,rpm,0,0
1782238142.691689,throttle_position,0,0
1782238142.708159,kill_switch,RUN,1
1782238142.708159,engine_on_counter,0,0
1782238142.721635,gear_position,N,0
1782238142.721635,shift_lever_displaced,REST,0
1782238142.721635,shift_lever_failed,OK,0
1782238142.721762,rpm,0,0
1782238142.721762,throttle_position,0,0
1782238142.721999,kill_switch,RUN,1
1782238142.721999,engine_on_counter,0,0
1782238142.731893,gear_position,N,0
1782238142.731893,shift_lever_displaced,REST,0
1782238142.731893,shift_lever_failed,OK,0
1782238142.732075,rpm,0,0
1782238142.732075,throttle_position,0,0
1782238142.752138,kill_switch,RUN,1
1782238142.752138,engine_on_counter,0,0
1782238142.752578,gear_position,N,0
1782238142.752578,shift_lever_displaced,REST,0
1782238142.752578,shift_lever_failed,OK,0
1782238142.767994,rpm,0,0
1782238142.767994,throttle_position,0,0
1782238142.768746,kill_switch,RUN,1
1782238142.768746,engine_on_counter,0,0
1782238142.781337,gear_position,N,0
1782238142.781337,shift_lever_displaced,REST,0
1782238142.781337,shift_lever_failed,OK,0
1782238142.785470,rpm,0,0
1782238142.785470,throttle_position,0,0
1782238142.785810,kill_switch,RUN,1
1782238142.785810,engine_on_counter,0,0
1782238142.788942,gear_position,N,0
1782238142.788942,shift_lever_displaced,REST,0
1782238142.788942,shift_lever_failed,OK,0
1782238142.789030,coolant_temp,73.7,737
1782238142.789030,warmup_index,0,0
1782238142.789030,side_stand,UP,1
1782238142.801214,rpm,0,0
1782238142.801214,throttle_position,0,0
1782238142.801656,kill_switch,RUN,1
1782238142.801656,engine_on_counter,0,0
1782238142.811650,gear_position,N,0
1782238142.811650,shift_lever_displaced,REST,0
1782238142.811650,shift_lever_failed,OK,0
1782238142.811756,rpm,0,0
1782238142.811756,throttle_position,0,0
1782238142.822109,kill_switch,RUN,1
1782238142.822109,engine_on_counter,0,0
1782238142.841620,gear_position,N,0
1782238142.841620,shift_lever_displaced,REST,0
1782238142.841620,shift_lever_failed,OK,0
1782238142.841863,rpm,0,0
1782238142.841863,throttle_position,0,0
1782238142.842359,kill_switch,RUN,1
1782238142.842359,engine_on_counter,0,0
1782238142.853474,gear_position,N,0
1782238142.853474,shift_lever_displaced,REST,0
1782238142.853474,shift_lever_failed,OK,0
1782238142.853589,rpm,0,0
1782238142.853589,throttle_position,0,0
1782238142.869889,kill_switch,RUN,1
1782238142.869889,engine_on_counter,0,0
1782238142.870859,gear_position,N,0
1782238142.870859,shift_lever_displaced,REST,0
1782238142.870859,shift_lever_failed,OK,0
1782238142.887930,rpm,0,0
1782238142.887930,throttle_position,0,0
1782238142.888296,kill_switch,RUN,1
1782238142.888296,engine_on_counter,0,0
1782238142.891320,gear_position,N,0
1782238142.891320,shift_lever_displaced,REST,0
1782238142.891320,shift_lever_failed,OK,0
1782238142.891458,coolant_temp,73.7,737
1782238142.891458,warmup_index,0,0
1782238142.891458,side_stand,UP,1
1782238142.891733,rpm,0,0
1782238142.891733,throttle_position,0,0
1782238142.908319,kill_switch,RUN,1
1782238142.908319,engine_on_counter,0,0
1782238142.921676,gear_position,N,0
1782238142.921676,shift_lever_displaced,REST,0
1782238142.921676,shift_lever_failed,OK,0
1782238142.921828,rpm,0,0
1782238142.921828,throttle_position,0,0
1782238142.922065,kill_switch,RUN,1
1782238142.922065,engine_on_counter,0,0
1782238142.940302,gear_position,N,0
1782238142.940302,shift_lever_displaced,REST,0
1782238142.940302,shift_lever_failed,OK,0
1782238142.940541,rpm,0,0
1782238142.940541,throttle_position,0,0
1782238142.951860,kill_switch,RUN,1
1782238142.951860,engine_on_counter,0,0
1782238142.952665,gear_position,N,0
1782238142.952665,shift_lever_displaced,REST,0
1782238142.952665,shift_lever_failed,OK,0
1782238142.952803,rpm,0,0
1782238142.952803,throttle_position,0,0
1782238142.968821,kill_switch,RUN,1
1782238142.968821,engine_on_counter,0,0
1782238142.981264,gear_position,N,0
1782238142.981264,shift_lever_displaced,REST,0
1782238142.981264,shift_lever_failed,OK,0
1782238142.981631,rpm,0,0
1782238142.981631,throttle_position,0,0
1782238142.985640,kill_switch,RUN,1
1782238142.985640,engine_on_counter,0,0
1782238142.989962,gear_position,N,0
1782238142.989962,shift_lever_displaced,REST,0
1782238142.989962,shift_lever_failed,OK,0
1782238142.990063,coolant_temp,73.7,737
1782238142.990063,warmup_index,0,0
1782238142.990063,side_stand,UP,1
1782238143.007902,rpm,0,0
1782238143.007902,throttle_position,0,0
1782238143.008231,kill_switch,RUN,1
1782238143.008231,engine_on_counter,0,0
1782238143.021642,gear_position,N,0
1782238143.021642,shift_lever_displaced,REST,0
1782238143.021642,shift_lever_failed,OK,0
1782238143.021780,rpm,0,0
1782238143.021780,throttle_position,0,0
1782238143.022053,kill_switch,RUN,1
1782238143.022053,engine_on_counter,0,0
1782238143.032482,gear_position,N,0
1782238143.032482,shift_lever_displaced,REST,0
1782238143.032482,shift_lever_failed,OK,0
1782238143.032727,rpm,0,0
1782238143.032727,throttle_position,0,0
1782238143.051681,kill_switch,RUN,1
1782238143.051681,engine_on_counter,0,0
1782238143.052212,gear_position,N,0
1782238143.052212,shift_lever_displaced,REST,0
1782238143.052212,shift_lever_failed,OK,0
1782238143.061482,rpm,0,0
1782238143.061482,throttle_position,0,0
1782238143.061913,kill_switch,RUN,1
1782238143.061913,engine_on_counter,0,0
1782238143.079993,gear_position,N,0
1782238143.079993,shift_lever_displaced,REST,0
1782238143.079993,shift_lever_failed,OK,0
1782238143.080233,rpm,0,0
1782238143.080233,throttle_position,0,0
1782238143.088661,kill_switch,RUN,1
1782238143.088661,engine_on_counter,0,0
1782238143.089081,gear_position,N,0
1782238143.089081,shift_lever_displaced,REST,0
1782238143.089081,shift_lever_failed,OK,0
1782238143.089184,coolant_temp,73.60000000000001,736
1782238143.089184,warmup_index,0,0
1782238143.089184,side_stand,UP,1
1782238143.103533,rpm,0,0
1782238143.103533,throttle_position,0,0
1782238143.103889,kill_switch,RUN,1
1782238143.103889,engine_on_counter,0,0
1782238143.121641,gear_position,N,0
1782238143.121641,shift_lever_displaced,REST,0
1782238143.121641,shift_lever_failed,OK,0
1782238143.121778,rpm,0,0
1782238143.121778,throttle_position,0,0
1782238143.122048,kill_switch,RUN,1
1782238143.122048,engine_on_counter,0,0
1782238143.147892,gear_position,N,0
1782238143.147892,shift_lever_displaced,REST,0
1782238143.147892,shift_lever_failed,OK,0
1782238143.151305,rpm,0,0
1782238143.151305,throttle_position,0,0
1782238143.151696,kill_switch,RUN,1
1782238143.151696,engine_on_counter,0,0
1782238143.161261,gear_position,N,0
1782238143.161261,shift_lever_displaced,REST,0
1782238143.161261,shift_lever_failed,OK,0
1782238143.161404,rpm,0,0
1782238143.161404,throttle_position,0,0
1782238143.161825,kill_switch,RUN,1
1782238143.161825,engine_on_counter,0,0
1782238143.172167,gear_position,N,0
1782238143.172167,shift_lever_displaced,REST,0
1782238143.172167,shift_lever_failed,OK,0
1782238143.172412,rpm,0,0
1782238143.172412,throttle_position,0,0
1782238143.188552,kill_switch,RUN,1
1782238143.188552,engine_on_counter,0,0
1782238143.188968,gear_position,N,0
1782238143.188968,shift_lever_displaced,REST,0
1782238143.188968,shift_lever_failed,OK,0
1782238143.201163,coolant_temp,73.60000000000001,736
1782238143.201163,warmup_index,0,0
1782238143.201163,side_stand,UP,1
1782238143.201438,rpm,0,0
1782238143.201438,throttle_position,0,0
1782238143.201711,kill_switch,RUN,1
1782238143.201711,engine_on_counter,0,0
1782238143.212001,gear_position,N,0
1782238143.212001,shift_lever_displaced,REST,0
1782238143.212001,shift_lever_failed,OK,0
1782238143.212246,rpm,0,0
1782238143.212246,throttle_position,0,0
1782238143.228070,kill_switch,RUN,1
1782238143.228070,engine_on_counter,0,0
1782238143.241568,gear_position,N,0
1782238143.241568,shift_lever_displaced,REST,0
1782238143.241568,shift_lever_failed,OK,0
1782238143.241805,rpm,0,0
1782238143.241805,throttle_position,0,0
1782238143.242314,kill_switch,RUN,1
1782238143.242314,engine_on_counter,0,0
1782238143.259831,gear_position,N,0
1782238143.259831,shift_lever_displaced,REST,0
1782238143.259831,shift_lever_failed,OK,0
1782238143.259971,rpm,0,0
1782238143.259971,throttle_position,0,0
1782238143.271236,kill_switch,RUN,1
1782238143.271236,engine_on_counter,0,0
1782238143.272256,gear_position,N,0
1782238143.272256,shift_lever_displaced,REST,0
1782238143.272256,shift_lever_failed,OK,0
1782238143.272494,rpm,0,0
1782238143.272494,throttle_position,0,0
1782238143.288239,kill_switch,RUN,1
1782238143.288239,engine_on_counter,0,0
1782238143.299675,gear_position,N,0
1782238143.299675,shift_lever_displaced,REST,0
1782238143.299675,shift_lever_failed,OK,0
1782238143.299853,coolant_temp,73.60000000000001,736
1782238143.299853,warmup_index,0,0
1782238143.299853,side_stand,UP,1
1782238143.300203,rpm,0,0
1782238143.300203,throttle_position,0,0
1782238143.309624,kill_switch,RUN,1
1782238143.309624,engine_on_counter,0,0
1782238143.310829,gear_position,N,0
1782238143.310829,shift_lever_displaced,REST,0
1782238143.310829,shift_lever_failed,OK,0
1782238143.321897,rpm,0,0
1782238143.321897,throttle_position,0,0
1782238143.322139,kill_switch,RUN,1
1782238143.322139,engine_on_counter,0,0
1782238143.341659,gear_position,N,0
1782238143.341659,shift_lever_displaced,REST,0
1782238143.341659,shift_lever_failed,OK,0
1782238143.341898,rpm,0,0
1782238143.341898,throttle_position,0,0
1782238143.342384,kill_switch,RUN,1
1782238143.342384,engine_on_counter,0,0
1782238143.352368,gear_position,N,0
1782238143.352368,shift_lever_displaced,REST,0
1782238143.352368,shift_lever_failed,OK,0
1782238143.352508,rpm,0,0
1782238143.352508,throttle_position,0,0
1782238143.368691,kill_switch,RUN,1
1782238143.368691,engine_on_counter,0,0
1782238143.381304,gear_position,N,0
1782238143.381304,shift_lever_displaced,REST,0
1782238143.381304,shift_lever_failed,OK,0
1782238143.381678,rpm,0,0
1782238143.381678,throttle_position,0,0
1782238143.385504,kill_switch,RUN,1
1782238143.385504,engine_on_counter,0,0
1782238143.391287,gear_position,N,0
1782238143.391287,shift_lever_displaced,REST,0
1782238143.391287,shift_lever_failed,OK,0
1782238143.391393,coolant_temp,73.60000000000001,736
1782238143.391393,warmup_index,0,0
1782238143.391393,side_stand,UP,1
1782238143.391604,rpm,0,0
1782238143.391604,throttle_position,0,0
1782238143.408405,kill_switch,RUN,1
1782238143.408405,engine_on_counter,0,0
1782238143.421781,gear_position,N,0
1782238143.421781,shift_lever_displaced,REST,0
1782238143.421781,shift_lever_failed,OK,0
1782238143.422030,rpm,0,0
1782238143.422030,throttle_position,0,0
1782238143.422517,kill_switch,RUN,1
1782238143.422517,engine_on_counter,0,0
1782238143.431948,gear_position,N,0
1782238143.431948,shift_lever_displaced,REST,0
1782238143.431948,shift_lever_failed,OK,0
1782238143.432187,rpm,0,0
1782238143.432187,throttle_position,0,0
1782238143.451490,kill_switch,RUN,1
1782238143.451490,engine_on_counter,0,0
1782238143.452022,gear_position,N,0
1782238143.452022,shift_lever_displaced,REST,0
1782238143.452022,shift_lever_failed,OK,0
1782238143.468008,rpm,0,0
1782238143.468008,throttle_position,0,0
1782238143.468771,kill_switch,RUN,1
1782238143.468771,engine_on_counter,0,0
1782238143.481421,gear_position,N,0
1782238143.481421,shift_lever_displaced,REST,0
1782238143.481421,shift_lever_failed,OK,0
1782238143.485527,rpm,0,0
1782238143.485527,throttle_position,0,0
1782238143.485888,kill_switch,RUN,1
1782238143.485888,engine_on_counter,0,0
1782238143.490114,gear_position,N,0
1782238143.490114,shift_lever_displaced,REST,0
1782238143.490114,shift_lever_failed,OK,0
1782238143.490218,coolant_temp,73.60000000000001,736
1782238143.490218,warmup_index,0,0
1782238143.490218,side_stand,UP,1
1782238143.503345,rpm,0,0
1782238143.503345,throttle_position,0,0
1782238143.503612,kill_switch,RUN,1
1782238143.503612,engine_on_counter,0,0
1782238143.521418,gear_position,N,0
1782238143.521418,shift_lever_displaced,REST,0
1782238143.521418,shift_lever_failed,OK,0
1782238143.521559,rpm,0,0
1782238143.521559,throttle_position,0,0
1782238143.521836,kill_switch,RUN,1
1782238143.521836,engine_on_counter,0,0
1782238143.530871,gear_position,N,0
1782238143.530871,shift_lever_displaced,REST,0
1782238143.530871,shift_lever_failed,OK,0
1782238143.551319,rpm,0,0
1782238143.551319,throttle_position,0,0
1782238143.551755,kill_switch,RUN,1
1782238143.551755,engine_on_counter,0,0
1782238143.561367,gear_position,N,0
1782238143.561367,shift_lever_displaced,REST,0
1782238143.561367,shift_lever_failed,OK,0
1782238143.561522,rpm,0,0
1782238143.561522,throttle_position,0,0
1782238143.561936,kill_switch,RUN,1
1782238143.561936,engine_on_counter,0,0
1782238143.580139,gear_position,N,0
1782238143.580139,shift_lever_displaced,REST,0
1782238143.580139,shift_lever_failed,OK,0
1782238143.580383,rpm,0,0
1782238143.580383,throttle_position,0,0
1782238143.588504,kill_switch,RUN,1
1782238143.588504,engine_on_counter,0,0
1782238143.588930,gear_position,N,0
1782238143.588930,shift_lever_displaced,REST,0
1782238143.588930,shift_lever_failed,OK,0
1782238143.601222,coolant_temp,73.60000000000001,736
1782238143.601222,warmup_index,0,0
1782238143.601222,side_stand,UP,1
1782238143.601516,rpm,0,0
1782238143.601516,throttle_position,0,0
1782238143.601790,kill_switch,RUN,1
1782238143.601790,engine_on_counter,0,0
1782238143.619929,gear_position,N,0
1782238143.619929,shift_lever_displaced,REST,0
1782238143.619929,shift_lever_failed,OK,0
1782238143.620065,rpm,0,0
1782238143.620065,throttle_position,0,0
1782238143.628305,kill_switch,RUN,1
1782238143.628305,engine_on_counter,0,0
1782238143.648036,gear_position,N,0
1782238143.648036,shift_lever_displaced,REST,0
1782238143.648036,shift_lever_failed,OK,0
1782238143.652735,rpm,0,0
1782238143.652735,throttle_position,0,0
1782238143.653107,kill_switch,RUN,1
1782238143.653107,engine_on_counter,0,0
1782238143.659795,gear_position,N,0
1782238143.659795,shift_lever_displaced,REST,0
1782238143.659795,shift_lever_failed,OK,0
1782238143.659980,rpm,0,0
1782238143.659980,throttle_position,0,0
1782238143.660510,kill_switch,RUN,1
1782238143.660510,engine_on_counter,0,0
1782238143.671960,gear_position,N,0
1782238143.671960,shift_lever_displaced,REST,0
1782238143.671960,shift_lever_failed,OK,0
1782238143.672199,rpm,0,0
1782238143.672199,throttle_position,0,0
1782238143.688645,kill_switch,RUN,1
1782238143.688645,engine_on_counter,0,0
1782238143.701118,gear_position,N,0
1782238143.701118,shift_lever_displaced,REST,0
1782238143.701118,shift_lever_failed,OK,0
1782238143.701393,coolant_temp,73.60000000000001,736
1782238143.701393,warmup_index,0,0
1782238143.701393,side_stand,UP,1
1782238143.701882,rpm,0,0
1782238143.701882,throttle_position,0,0
1782238143.702363,kill_switch,RUN,1
1782238143.702363,engine_on_counter,0,0
1782238143.712154,gear_position,N,0
1782238143.712154,shift_lever_displaced,REST,0
1782238143.712154,shift_lever_failed,OK,0
1782238143.712323,rpm,0,0
1782238143.712323,throttle_position,0,0
1782238143.728194,kill_switch,RUN,1
1782238143.728194,engine_on_counter,0,0
1782238143.741457,gear_position,N,0
1782238143.741457,shift_lever_displaced,REST,0
1782238143.741457,shift_lever_failed,OK,0
1782238143.741700,rpm,0,0
1782238143.741700,throttle_position,0,0
1782238143.742195,kill_switch,RUN,1
1782238143.742195,engine_on_counter,0,0
1782238143.753827,gear_position,N,0
1782238143.753827,shift_lever_displaced,REST,0
1782238143.753827,shift_lever_failed,OK,0
1782238143.754064,rpm,0,0
1782238143.754064,throttle_position,0,0
1782238143.769940,kill_switch,RUN,1
1782238143.769940,engine_on_counter,0,0
1782238143.770915,gear_position,N,0
1782238143.770915,shift_lever_displaced,REST,0
1782238143.770915,shift_lever_failed,OK,0
1782238143.787975,rpm,0,0
1782238143.787975,throttle_position,0,0
1782238143.788302,kill_switch,RUN,1
1782238143.788302,engine_on_counter,0,0
1782238143.799710,gear_position,N,0
1782238143.799710,shift_lever_displaced,REST,0
1782238143.799710,shift_lever_failed,OK,0
1782238143.799849,coolant_temp,73.60000000000001,736
1782238143.799849,warmup_index,0,0
1782238143.799849,side_stand,UP,1
1782238143.800126,rpm,0,0
1782238143.800126,throttle_position,0,0
1782238143.808423,kill_switch,RUN,1
1782238143.808423,engine_on_counter,0,0
1782238143.809630,gear_position,N,0
1782238143.809630,shift_lever_displaced,REST,0
1782238143.809630,shift_lever_failed,OK,0
1782238143.821717,rpm,0,0
1782238143.821717,throttle_position,0,0
1782238143.821950,kill_switch,RUN,1
1782238143.821950,engine_on_counter,0,0
1782238143.843512,gear_position,N,0
1782238143.843512,shift_lever_displaced,REST,0
1782238143.843512,shift_lever_failed,OK,0
1782238143.843625,rpm,0,0
1782238143.843625,throttle_position,0,0
1782238143.851070,kill_switch,RUN,1
1782238143.851070,engine_on_counter,0,0
1782238143.851491,gear_position,N,0
1782238143.851491,shift_lever_displaced,REST,0
1782238143.851491,shift_lever_failed,OK,0
1782238143.851593,rpm,0,0
1782238143.851593,throttle_position,0,0
1782238143.868508,kill_switch,RUN,1
1782238143.868508,engine_on_counter,0,0
1782238143.882338,gear_position,N,0
1782238143.882338,shift_lever_displaced,REST,0
1782238143.882338,shift_lever_failed,OK,0
1782238143.882455,rpm,0,0
1782238143.882455,throttle_position,0,0
1782238143.882790,kill_switch,RUN,1
1782238143.882790,engine_on_counter,0,0
1782238143.889926,gear_position,N,0
1782238143.889926,shift_lever_displaced,REST,0
1782238143.889926,shift_lever_failed,OK,0
1782238143.890013,coolant_temp,73.60000000000001,736
1782238143.890013,warmup_index,0,0
1782238143.890013,side_stand,UP,1
1782238143.907940,rpm,0,0
1782238143.907940,throttle_position,0,0
1782238143.908172,kill_switch,RUN,1
1782238143.908172,engine_on_counter,0,0
1782238143.921517,gear_position,N,0
1782238143.921517,shift_lever_displaced,REST,0
1782238143.921517,shift_lever_failed,OK,0
1782238143.921623,rpm,0,0
1782238143.921623,throttle_position,0,0
1782238143.921832,kill_switch,RUN,1
1782238143.921832,engine_on_counter,0,0
1782238143.931472,gear_position,N,0
1782238143.931472,shift_lever_displaced,REST,0
1782238143.931472,shift_lever_failed,OK,0
1782238143.931576,rpm,0,0
1782238143.931576,throttle_position,0,0
1782238143.950969,kill_switch,RUN,1
1782238143.950969,engine_on_counter,0,0
1782238143.951467,gear_position,N,0
1782238143.951467,shift_lever_displaced,REST,0
1782238143.951467,shift_lever_failed,OK,0
1782238143.961389,rpm,0,0
1782238143.961389,throttle_position,0,0
1782238143.961853,kill_switch,RUN,1
1782238143.961853,engine_on_counter,0,0
1782238143.980087,gear_position,N,0
1782238143.980087,shift_lever_displaced,REST,0
1782238143.980087,shift_lever_failed,OK,0
1782238143.980361,rpm,0,0
1782238143.980361,throttle_position,0,0
1782238143.988685,kill_switch,RUN,1
1782238143.988685,engine_on_counter,0,0
1782238143.989679,gear_position,N,0
1782238143.989679,shift_lever_displaced,REST,0
1782238143.989679,shift_lever_failed,OK,0
1782238143.989922,coolant_temp,73.60000000000001,736
1782238143.989922,warmup_index,0,0
1782238143.989922,side_stand,UP,1
1782238144.003531,rpm,0,0
1782238144.003531,throttle_position,0,0
1782238144.004018,kill_switch,RUN,1
1782238144.004018,engine_on_counter,0,0
1782238144.021424,gear_position,N,0
1782238144.021424,shift_lever_displaced,REST,0
1782238144.021424,shift_lever_failed,OK,0
1782238144.021542,rpm,0,0
1782238144.021542,throttle_position,0,0
1782238144.021780,kill_switch,RUN,1
1782238144.021780,engine_on_counter,0,0
1782238144.030348,gear_position,N,0
1782238144.030348,shift_lever_displaced,REST,0
1782238144.030348,shift_lever_failed,OK,0
1782238144.048873,rpm,0,0
1782238144.048873,throttle_position,0,0
1782238144.049068,kill_switch,RUN,1
1782238144.049068,engine_on_counter,0,0
1782238144.061135,gear_position,N,0
1782238144.061135,shift_lever_displaced,REST,0
1782238144.061135,shift_lever_failed,OK,0
1782238144.061227,rpm,0,0
1782238144.061227,throttle_position,0,0
1782238144.061491,kill_switch,RUN,1
1782238144.061491,engine_on_counter,0,0
1782238144.071602,gear_position,N,0
1782238144.071602,shift_lever_displaced,REST,0
1782238144.071602,shift_lever_failed,OK,0
1782238144.071706,rpm,0,0
1782238144.071706,throttle_position,0,0
1782238144.088540,kill_switch,RUN,1
1782238144.088540,engine_on_counter,0,0
1782238144.088893,gear_position,N,0
1782238144.088893,shift_lever_displaced,REST,0
1782238144.088893,shift_lever_failed,OK,0
1782238144.101312,coolant_temp,73.60000000000001,736
1782238144.101312,warmup_index,0,0
1782238144.101312,side_stand,UP,1
1782238144.101527,rpm,0,0
1782238144.101527,throttle_position,0,0
1782238144.101746,kill_switch,RUN,1
1782238144.101746,engine_on_counter,0,0
1782238144.111601,gear_position,N,0
1782238144.111601,shift_lever_displaced,REST,0
1782238144.111601,shift_lever_failed,OK,0
1782238144.111715,rpm,0,0
1782238144.111715,throttle_position,0,0
1782238144.128128,kill_switch,RUN,1
1782238144.128128,engine_on_counter,0,0
1782238144.141419,gear_position,N,0
1782238144.141419,shift_lever_displaced,REST,0
1782238144.141419,shift_lever_failed,OK,0
1782238144.141561,rpm,0,0
1782238144.141561,throttle_position,0,0
1782238144.141805,kill_switch,RUN,1
1782238144.141805,engine_on_counter,0,0
1782238144.160133,gear_position,N,0
1782238144.160133,shift_lever_displaced,REST,0
1782238144.160133,shift_lever_failed,OK,0
1782238144.160375,rpm,0,0
1782238144.160375,throttle_position,0,0
1782238144.171149,kill_switch,RUN,1
1782238144.171149,engine_on_counter,0,0
1782238144.172190,gear_position,N,0
1782238144.172190,shift_lever_displaced,REST,0
1782238144.172190,shift_lever_failed,OK,0
1782238144.172432,rpm,0,0
1782238144.172432,throttle_position,0,0
1782238144.188585,kill_switch,RUN,1
1782238144.188585,engine_on_counter,0,0
1782238144.199685,gear_position,N,0
1782238144.199685,shift_lever_displaced,REST,0
1782238144.199685,shift_lever_failed,OK,0
1782238144.199948,coolant_temp,73.60000000000001,736
1782238144.199948,warmup_index,0,0
1782238144.199948,side_stand,UP,1
1782238144.200433,rpm,0,0
1782238144.200433,throttle_position,0,0
1782238144.209821,kill_switch,RUN,1
1782238144.209821,engine_on_counter,0,0
1782238144.211042,gear_position,N,0
1782238144.211042,shift_lever_displaced,REST,0
1782238144.211042,shift_lever_failed,OK,0
1782238144.221844,rpm,0,0
1782238144.221844,throttle_position,0,0
1782238144.222093,kill_switch,RUN,1
1782238144.222093,engine_on_counter,0,0
1782238144.241538,gear_position,N,0
1782238144.241538,shift_lever_displaced,REST,0
1782238144.241538,shift_lever_failed,OK,0
1782238144.241776,rpm,0,0
1782238144.241776,throttle_position,0,0
1782238144.242299,kill_switch,RUN,1
1782238144.242299,engine_on_counter,0,0
1782238144.253613,gear_position,N,0
1782238144.253613,shift_lever_displaced,REST,0
1782238144.253613,shift_lever_failed,OK,0
1782238144.253752,rpm,0,0
1782238144.253752,throttle_position,0,0
1782238144.268655,kill_switch,RUN,1
1782238144.268655,engine_on_counter,0,0
1782238144.269627,gear_position,N,0
1782238144.269627,shift_lever_displaced,REST,0
1782238144.269627,shift_lever_failed,OK,0
1782238144.281412,rpm,0,0
1782238144.281412,throttle_position,0,0
1782238144.296304,kill_switch,RUN,1
1782238144.296304,engine_on_counter,0,0
1782238144.296660,gear_position,N,0
1782238144.296660,shift_lever_displaced,REST,0
1782238144.296660,shift_lever_failed,OK,0
1782238144.296740,coolant_temp,73.60000000000001,736
1782238144.296740,warmup_index,0,0
1782238144.296740,side_stand,UP,1
1782238144.296916,rpm,0,0
1782238144.296916,throttle_position,0,0
1782238144.308344,kill_switch,RUN,1
1782238144.308344,engine_on_counter,0,0
1782238144.321662,gear_position,N,0
1782238144.321662,shift_lever_displaced,REST,0
1782238144.321662,shift_lever_failed,OK,0
1782238144.321759,rpm,0,0
1782238144.321759,throttle_position,0,0
1782238144.321938,kill_switch,RUN,1
1782238144.321938,engine_on_counter,0,0
1782238144.339789,gear_position,N,0
1782238144.339789,shift_lever_displaced,REST,0
1782238144.339789,shift_lever_failed,OK,0
1782238144.339876,rpm,0,0
1782238144.339876,throttle_position,0,0
1782238144.349736,kill_switch,RUN,1
1782238144.349736,engine_on_counter,0,0
1782238144.350117,gear_position,N,0
1782238144.350117,shift_lever_displaced,REST,0
1782238144.350117,shift_lever_failed,OK,0
1782238144.368007,rpm,0,0
1782238144.368007,throttle_position,0,0
1782238144.368377,kill_switch,RUN,1
1782238144.368377,engine_on_counter,0,0
1782238144.381174,gear_position,N,0
1782238144.381174,shift_lever_displaced,REST,0
1782238144.381174,shift_lever_failed,OK,0
1782238144.381318,rpm,0,0
1782238144.381318,throttle_position,0,0
1782238144.386042,kill_switch,RUN,1
1782238144.386042,engine_on_counter,0,0
1782238144.390075,gear_position,N,0
1782238144.390075,shift_lever_displaced,REST,0
1782238144.390075,shift_lever_failed,OK,0
1782238144.390179,coolant_temp,73.60000000000001,736
1782238144.390179,warmup_index,0,0
1782238144.390179,side_stand,UP,1
1782238144.408080,rpm,0,0
1782238144.408080,throttle_position,0,0
1782238144.408566,kill_switch,RUN,1
1782238144.408566,engine_on_counter,0,0
1782238144.421270,gear_position,N,0
1782238144.421270,shift_lever_displaced,REST,0
1782238144.421270,shift_lever_failed,OK,0
1782238144.421387,rpm,0,0
1782238144.421387,throttle_position,0,0
1782238144.421619,kill_switch,RUN,1
1782238144.421619,engine_on_counter,0,0
1782238144.430536,gear_position,N,0
1782238144.430536,shift_lever_displaced,REST,0
1782238144.430536,shift_lever_failed,OK,0
1782238144.451780,rpm,0,0
1782238144.451780,throttle_position,0,0
1782238144.452102,kill_switch,RUN,1
1782238144.452102,engine_on_counter,0,0
1782238144.461334,gear_position,N,0
1782238144.461334,shift_lever_displaced,REST,0
1782238144.461334,shift_lever_failed,OK,0
1782238144.461589,rpm,0,0
1782238144.461589,throttle_position,0,0
1782238144.462318,kill_switch,RUN,1
1782238144.462318,engine_on_counter,0,0
1782238144.480068,gear_position,N,0
1782238144.480068,shift_lever_displaced,REST,0
1782238144.480068,shift_lever_failed,OK,0
1782238144.480209,rpm,0,0
1782238144.480209,throttle_position,0,0
1782238144.488717,kill_switch,RUN,1
1782238144.488717,engine_on_counter,0,0
1782238144.489152,gear_position,N,0
1782238144.489152,shift_lever_displaced,REST,0
1782238144.489152,shift_lever_failed,OK,0
1782238144.489262,coolant_temp,73.60000000000001,736
1782238144.489262,warmup_index,0,0
1782238144.489262,side_stand,UP,1
1782238144.501390,rpm,0,0
1782238144.501390,throttle_position,0,0
1782238144.501588,kill_switch,RUN,1
1782238144.501588,engine_on_counter,0,0
1782238144.519819,gear_position,N,0
1782238144.519819,shift_lever_displaced,REST,0
1782238144.519819,shift_lever_failed,OK,0
1782238144.519908,rpm,0,0
1782238144.519908,throttle_position,0,0
1782238144.528275,kill_switch,RUN,1
1782238144.528275,engine_on_counter,0,0
1782238144.548539,gear_position,N,0
1782238144.548539,shift_lever_displaced,REST,0
1782238144.548539,shift_lever_failed,OK,0
1782238144.548646,rpm,0,0
1782238144.548646,throttle_position,0,0
1782238144.548829,kill_switch,RUN,1
1782238144.548829,engine_on_counter,0,0
1782238144.561199,gear_position,N,0
1782238144.561199,shift_lever_displaced,REST,0
1782238144.561199,shift_lever_failed,OK,0
1782238144.561312,rpm,0,0
1782238144.561312,throttle_position,0,0
1782238144.561638,kill_switch,RUN,1
1782238144.561638,engine_on_counter,0,0
1782238144.572040,gear_position,N,0
1782238144.572040,shift_lever_displaced,REST,0
1782238144.572040,shift_lever_failed,OK,0
1782238144.572252,rpm,0,0
1782238144.572252,throttle_position,0,0
1782238144.589796,kill_switch,RUN,1
1782238144.589796,engine_on_counter,0,0
1782238144.601000,gear_position,N,0
1782238144.601000,shift_lever_displaced,REST,0
1782238144.601000,shift_lever_failed,OK,0
1782238144.601117,coolant_temp,73.60000000000001,736
1782238144.601117,warmup_index,0,0
1782238144.601117,side_stand,UP,1
1782238144.601299,rpm,0,0
1782238144.601299,throttle_position,0,0
1782238144.601478,kill_switch,RUN,1
1782238144.601478,engine_on_counter,0,0
1782238144.611433,gear_position,N,0
1782238144.611433,shift_lever_displaced,REST,0
1782238144.611433,shift_lever_failed,OK,0
1782238144.611522,rpm,0,0
1782238144.611522,throttle_position,0,0
1782238144.628164,kill_switch,RUN,1
1782238144.628164,engine_on_counter,0,0
1782238144.641382,gear_position,N,0
1782238144.641382,shift_lever_displaced,REST,0
1782238144.641382,shift_lever_failed,OK,0
1782238144.641494,rpm,0,0
1782238144.641494,throttle_position,0,0
1782238144.641689,kill_switch,RUN,1
1782238144.641689,engine_on_counter,0,0
1782238144.653417,gear_position,N,0
1782238144.653417,shift_lever_displaced,REST,0
1782238144.653417,shift_lever_failed,OK,0
1782238144.653507,rpm,0,0
1782238144.653507,throttle_position,0,0
1782238144.669805,kill_switch,RUN,1
1782238144.669805,engine_on_counter,0,0
1782238144.670232,gear_position,N,0
1782238144.670232,shift_lever_displaced,REST,0
1782238144.670232,shift_lever_failed,OK,0
1782238144.688082,rpm,0,0
1782238144.688082,throttle_position,0,0
1782238144.689313,kill_switch,RUN,1
1782238144.689313,engine_on_counter,0,0
1782238144.699663,gear_position,N,0
1782238144.699663,shift_lever_displaced,REST,0
1782238144.699663,shift_lever_failed,OK,0
1782238144.699788,coolant_temp,73.60000000000001,736
1782238144.699788,warmup_index,0,0
1782238144.699788,side_stand,UP,1
1782238144.700045,rpm,0,0
1782238144.700045,throttle_position,0,0
1782238144.709737,kill_switch,RUN,1
1782238144.709737,engine_on_counter,0,0
1782238144.710278,gear_position,N,0
1782238144.710278,shift_lever_displaced,REST,0
1782238144.710278,shift_lever_failed,OK,0
1782238144.721635,rpm,0,0
1782238144.721635,throttle_position,0,0
1782238144.721859,kill_switch,RUN,1
1782238144.721859,engine_on_counter,0,0
1782238144.740444,gear_position,N,0
1782238144.740444,shift_lever_displaced,REST,0
1782238144.740444,shift_lever_failed,OK,0
1782238144.740710,rpm,0,0
1782238144.740710,throttle_position,0,0
1782238144.752490,kill_switch,RUN,1
1782238144.752490,engine_on_counter,0,0
1782238144.753084,gear_position,N,0
1782238144.753084,shift_lever_displaced,REST,0
1782238144.753084,shift_lever_failed,OK,0
1782238144.753190,rpm,0,0
1782238144.753190,throttle_position,0,0
1782238144.768696,kill_switch,RUN,1
1782238144.768696,engine_on_counter,0,0
1782238144.781337,gear_position,N,0
1782238144.781337,shift_lever_displaced,REST,0
1782238144.781337,shift_lever_failed,OK,0
1782238144.788972,rpm,0,0
1782238144.788972,throttle_position,0,0
1782238144.799796,kill_switch,RUN,1
1782238144.799796,engine_on_counter,0,0
1782238144.800134,gear_position,N,0
1782238144.800134,shift_lever_displaced,REST,0
1782238144.800134,shift_lever_failed,OK,0
1782238144.800211,coolant_temp,73.60000000000001,736
1782238144.800211,warmup_index,0,0
1782238144.800211,side_stand,UP,1
1782238144.800407,rpm,0,0
1782238144.800407,throttle_position,0,0
1782238144.801514,kill_switch,RUN,1
1782238144.801514,engine_on_counter,0,0
1782238144.819813,gear_position,N,0
1782238144.819813,shift_lever_displaced,REST,0
1782238144.819813,shift_lever_failed,OK,0
1782238144.819901,rpm,0,0
1782238144.819901,throttle_position,0,0
1782238144.828323,kill_switch,RUN,1
1782238144.828323,engine_on_counter,0,0
1782238144.841299,gear_position,N,0
1782238144.841299,shift_lever_displaced,REST,0
1782238144.841299,shift_lever_failed,OK,0
1782238144.841401,rpm,0,0
1782238144.841401,throttle_position,0,0
1782238144.841577,kill_switch,RUN,1
1782238144.841577,engine_on_counter,0,0
1782238144.859741,gear_position,N,0
1782238144.859741,shift_lever_displaced,REST,0
1782238144.859741,shift_lever_failed,OK,0
1782238144.859847,rpm,0,0
1782238144.859847,throttle_position,0,0
1782238144.870981,kill_switch,RUN,1
1782238144.870981,engine_on_counter,0,0
1782238144.871423,gear_position,N,0
1782238144.871423,shift_lever_displaced,REST,0
1782238144.871423,shift_lever_failed,OK,0
1782238144.871527,rpm,0,0
1782238144.871527,throttle_position,0,0
1782238144.888568,kill_switch,RUN,1
1782238144.888568,engine_on_counter,0,0
1782238144.901046,gear_position,N,0
1782238144.901046,shift_lever_displaced,REST,0
1782238144.901046,shift_lever_failed,OK,0
1782238144.901254,coolant_temp,73.60000000000001,736
1782238144.901254,warmup_index,0,0
1782238144.901254,side_stand,UP,1
1782238144.901643,rpm,0,0
1782238144.901643,throttle_position,0,0
1782238144.902004,kill_switch,RUN,1
1782238144.902004,engine_on_counter,0,0
1782238144.912127,gear_position,N,0
1782238144.912127,shift_lever_displaced,REST,0
1782238144.912127,shift_lever_failed,OK,0
1782238144.912371,rpm,0,0
1782238144.912371,throttle_position,0,0
1782238144.921991,kill_switch,RUN,1
1782238144.921991,engine_on_counter,0,0
1782238144.941481,gear_position,N,0
1782238144.941481,shift_lever_displaced,REST,0
1782238144.941481,shift_lever_failed,OK,0
1782238144.941720,rpm,0,0
1782238144.941720,throttle_position,0,0
1782238144.942200,kill_switch,RUN,1
1782238144.942200,engine_on_counter,0,0
1782238144.953983,gear_position,N,0
1782238144.953983,shift_lever_displaced,REST,0
1782238144.953983,shift_lever_failed,OK,0
1782238144.954223,rpm,0,0
1782238144.954223,throttle_position,0,0
1782238144.970238,kill_switch,RUN,1
1782238144.970238,engine_on_counter,0,0
1782238144.971183,gear_position,N,0
1782238144.971183,shift_lever_displaced,REST,0
1782238144.971183,shift_lever_failed,OK,0
1782238144.988051,rpm,0,0
1782238144.988051,throttle_position,0,0
1782238144.988330,kill_switch,RUN,1
1782238144.988330,engine_on_counter,0,0
1782238144.991144,gear_position,N,0
1782238144.991144,shift_lever_displaced,REST,0
1782238144.991144,shift_lever_failed,OK,0
1782238144.991232,coolant_temp,73.5,735
1782238144.991232,warmup_index,0,0
1782238144.991232,side_stand,UP,1
1782238144.991410,rpm,0,0
1782238144.991410,throttle_position,0,0
1782238145.008325,kill_switch,RUN,1
1782238145.008325,engine_on_counter,0,0
1782238145.021614,gear_position,N,0
1782238145.021614,shift_lever_displaced,REST,0
1782238145.021614,shift_lever_failed,OK,0
1782238145.021731,rpm,0,0
1782238145.021731,throttle_position,0,0
1782238145.021945,kill_switch,RUN,1
1782238145.021945,engine_on_counter,0,0
1782238145.041804,gear_position,N,0
1782238145.041804,shift_lever_displaced,REST,0
1782238145.041804,shift_lever_failed,OK,0
1782238145.041897,rpm,0,0
1782238145.041897,throttle_position,0,0
1782238145.050959,kill_switch,RUN,1
1782238145.050959,engine_on_counter,0,0
1782238145.051324,gear_position,N,0
1782238145.051324,shift_lever_displaced,REST,0
1782238145.051324,shift_lever_failed,OK,0
1782238145.051413,rpm,0,0
1782238145.051413,throttle_position,0,0
1782238145.068544,kill_switch,RUN,1
1782238145.068544,engine_on_counter,0,0
1782238145.081001,gear_position,N,0
1782238145.081001,shift_lever_displaced,REST,0
1782238145.081001,shift_lever_failed,OK,0
1782238145.081094,rpm,0,0
1782238145.081094,throttle_position,0,0
1782238145.081356,kill_switch,RUN,1
1782238145.081356,engine_on_counter,0,0
1782238145.089991,gear_position,N,0
1782238145.089991,shift_lever_displaced,REST,0
1782238145.089991,shift_lever_failed,OK,0
1782238145.090031,coolant_temp,73.5,735
1782238145.090031,warmup_index,0,0
1782238145.090031,side_stand,UP,1
1782238145.108138,rpm,0,0
1782238145.108138,throttle_position,0,0
1782238145.108518,kill_switch,RUN,1
1782238145.108518,engine_on_counter,0,0
1782238145.121431,gear_position,N,0
1782238145.121431,shift_lever_displaced,REST,0
1782238145.121431,shift_lever_failed,OK,0
1782238145.121534,rpm,0,0
1782238145.121534,throttle_position,0,0
1782238145.121727,kill_switch,RUN,1
1782238145.121727,engine_on_counter,0,0
1782238145.131645,gear_position,N,0
1782238145.131645,shift_lever_displaced,REST,0
1782238145.131645,shift_lever_failed,OK,0
1782238145.131784,rpm,0,0
1782238145.131784,throttle_position,0,0
1782238145.152265,kill_switch,RUN,1
1782238145.152265,engine_on_counter,0,0
1782238145.161209,gear_position,N,0
1782238145.161209,shift_lever_displaced,REST,0
1782238145.161209,shift_lever_failed,OK,0
1782238145.161360,rpm,0,0
1782238145.161360,throttle_position,0,0
1782238145.161712,kill_switch,RUN,1
1782238145.161712,engine_on_counter,0,0
1782238145.180037,gear_position,N,0
1782238145.180037,shift_lever_displaced,REST,0
1782238145.180037,shift_lever_failed,OK,0
1782238145.180278,rpm,0,0
1782238145.180278,throttle_position,0,0
1782238145.189056,kill_switch,RUN,1
1782238145.189056,engine_on_counter,0,0
1782238145.191170,gear_position,N,0
1782238145.191170,shift_lever_displaced,REST,0
1782238145.191170,shift_lever_failed,OK,0
1782238145.191292,coolant_temp,73.5,735
1782238145.191292,warmup_index,0,0
1782238145.191292,side_stand,UP,1
1782238145.203425,rpm,0,0
1782238145.203425,throttle_position,0,0
1782238145.203702,kill_switch,RUN,1
1782238145.203702,engine_on_counter,0,0
1782238145.221476,gear_position,N,0
1782238145.221476,shift_lever_displaced,REST,0
1782238145.221476,shift_lever_failed,OK,0
1782238145.221603,rpm,0,0
1782238145.221603,throttle_position,0,0
1782238145.221798,kill_switch,RUN,1
1782238145.221798,engine_on_counter,0,0
1782238145.249807,gear_position,N,0
1782238145.249807,shift_lever_displaced,REST,0
1782238145.249807,shift_lever_failed,OK,0
1782238145.250162,rpm,0,0
1782238145.250162,throttle_position,0,0
1782238145.250554,kill_switch,RUN,1
1782238145.250554,engine_on_counter,0,0
1782238145.261241,gear_position,N,0
1782238145.261241,shift_lever_displaced,REST,0
1782238145.261241,shift_lever_failed,OK,0
1782238145.261493,rpm,0,0
1782238145.261493,throttle_position,0,0
1782238145.262220,kill_switch,RUN,1
1782238145.262220,engine_on_counter,0,0
1782238145.272129,gear_position,N,0
1782238145.272129,shift_lever_displaced,REST,0
1782238145.272129,shift_lever_failed,OK,0
1782238145.272374,rpm,0,0
1782238145.272374,throttle_position,0,0
1782238145.302427,kill_switch,RUN,1
1782238145.302427,engine_on_counter,0,0
1782238145.302863,gear_position,N,0
1782238145.302863,shift_lever_displaced,REST,0
1782238145.302863,shift_lever_failed,OK,0
1782238145.302971,coolant_temp,73.5,735
1782238145.302971,warmup_index,0,0
1782238145.302971,side_stand,UP,1
1782238145.303155,rpm,0,0
1782238145.303155,throttle_position,0,0
1782238145.303334,kill_switch,RUN,1
1782238145.303334,engine_on_counter,0,0
1782238145.311353,gear_position,N,0
1782238145.311353,shift_lever_displaced,REST,0
1782238145.311353,shift_lever_failed,OK,0
1782238145.311441,rpm,0,0
1782238145.311441,throttle_position,0,0
1782238145.328273,kill_switch,RUN,1
1782238145.328273,engine_on_counter,0,0
1782238145.341348,gear_position,N,0
1782238145.341348,shift_lever_displaced,REST,0
1782238145.341348,shift_lever_failed,OK,0
1782238145.341455,rpm,0,0
1782238145.341455,throttle_position,0,0
1782238145.341667,kill_switch,RUN,1
1782238145.341667,engine_on_counter,0,0
1782238145.359780,gear_position,N,0
1782238145.359780,shift_lever_displaced,REST,0
1782238145.359780,shift_lever_failed,OK,0
1782238145.359888,rpm,0,0
1782238145.359888,throttle_position,0,0
1782238145.371072,kill_switch,RUN,1
1782238145.371072,engine_on_counter,0,0
1782238145.371616,gear_position,N,0
1782238145.371616,shift_lever_displaced,REST,0
1782238145.371616,shift_lever_failed,OK,0
1782238145.371742,rpm,0,0
1782238145.371742,throttle_position,0,0
1782238145.388384,kill_switch,RUN,1
1782238145.388384,engine_on_counter,0,0
1782238145.399787,gear_position,N,0
1782238145.399787,shift_lever_displaced,REST,0
1782238145.399787,shift_lever_failed,OK,0
1782238145.400059,coolant_temp,73.5,735
1782238145.400059,warmup_index,0,0
1782238145.400059,side_stand,UP,1
1782238145.400588,rpm,0,0
1782238145.400588,throttle_position,0,0
1782238145.409736,kill_switch,RUN,1
1782238145.409736,engine_on_counter,0,0
1782238145.410964,gear_position,N,0
1782238145.410964,shift_lever_displaced,REST,0
1782238145.410964,shift_lever_failed,OK,0
1782238145.421846,rpm,0,0
1782238145.421846,throttle_position,0,0
1782238145.422347,kill_switch,RUN,1
1782238145.422347,engine_on_counter,0,0
1782238145.441722,gear_position,N,0
1782238145.441722,shift_lever_displaced,REST,0
1782238145.441722,shift_lever_failed,OK,0
1782238145.441970,rpm,0,0
1782238145.441970,throttle_position,0,0
1782238145.442470,kill_switch,RUN,1
1782238145.442470,engine_on_counter,0,0
1782238145.452030,gear_position,N,0
1782238145.452030,shift_lever_displaced,REST,0
1782238145.452030,shift_lever_failed,OK,0
1782238145.452157,rpm,0,0
1782238145.452157,throttle_position,0,0
1782238145.468781,kill_switch,RUN,1
1782238145.468781,engine_on_counter,0,0
1782238145.481217,gear_position,N,0
1782238145.481217,shift_lever_displaced,REST,0
1782238145.481217,shift_lever_failed,OK,0
1782238145.485362,rpm,0,0
1782238145.485362,throttle_position,0,0
1782238145.485691,kill_switch,RUN,1
1782238145.485691,engine_on_counter,0,0
1782238145.491196,gear_position,N,0
1782238145.491196,shift_lever_displaced,REST,0
1782238145.491196,shift_lever_failed,OK,0
1782238145.491314,coolant_temp,73.5,735
1782238145.491314,warmup_index,0,0
1782238145.491314,side_stand,UP,1
1782238145.491550,rpm,0,0
1782238145.491550,throttle_position,0,0
1782238145.508345,kill_switch,RUN,1
1782238145.508345,engine_on_counter,0,0
1782238145.521638,gear_position,N,0
1782238145.521638,shift_lever_displaced,REST,0
1782238145.521638,shift_lever_failed,OK,0
1782238145.521895,rpm,0,0
1782238145.521895,throttle_position,0,0
1782238145.522384,kill_switch,RUN,1
1782238145.522384,engine_on_counter,0,0
1782238145.544359,gear_position,N,0
1782238145.544359,shift_lever_displaced,REST,0
1782238145.544359,shift_lever_failed,OK,0
1782238145.544467,rpm,0,0
1782238145.544467,throttle_position,0,0
1782238145.549847,kill_switch,RUN,1
1782238145.549847,engine_on_counter,0,0
1782238145.550215,gear_position,N,0
1782238145.550215,shift_lever_displaced,REST,0
1782238145.550215,shift_lever_failed,OK,0
1782238145.568068,rpm,0,0
1782238145.568068,throttle_position,0,0
1782238145.568363,kill_switch,RUN,1
1782238145.568363,engine_on_counter,0,0
1782238145.581093,gear_position,N,0
1782238145.581093,shift_lever_displaced,REST,0
1782238145.581093,shift_lever_failed,OK,0
1782238145.581199,rpm,0,0
1782238145.581199,throttle_position,0,0
1782238145.584004,kill_switch,RUN,1
1782238145.584004,engine_on_counter,0,0
1782238145.590173,gear_position,N,0
1782238145.590173,shift_lever_displaced,REST,0
1782238145.590173,shift_lever_failed,OK,0
1782238145.590280,coolant_temp,73.5,735
1782238145.590280,warmup_index,0,0
1782238145.590280,side_stand,UP,1
1782238145.603375,rpm,0,0
1782238145.603375,throttle_position,0,0
1782238145.603708,kill_switch,RUN,1
1782238145.603708,engine_on_counter,0,0
1782238145.621202,gear_position,N,0
1782238145.621202,shift_lever_displaced,REST,0
1782238145.621202,shift_lever_failed,OK,0
1782238145.621304,rpm,0,0
1782238145.621304,throttle_position,0,0
1782238145.621548,kill_switch,RUN,1
1782238145.621548,engine_on_counter,0,0
1782238145.630789,gear_position,N,0
1782238145.630789,shift_lever_displaced,REST,0
1782238145.630789,shift_lever_failed,OK,0
1782238145.651255,rpm,0,0
1782238145.651255,throttle_position,0,0
1782238145.651586,kill_switch,RUN,1
1782238145.651586,engine_on_counter,0,0
1782238145.661288,gear_position,N,0
1782238145.661288,shift_lever_displaced,REST,0
1782238145.661288,shift_lever_failed,OK,0
1782238145.661438,rpm,0,0
1782238145.661438,throttle_position,0,0
1782238145.661871,kill_switch,RUN,1
1782238145.661871,engine_on_counter,0,0
1782238145.679919,gear_position,N,0
1782238145.679919,shift_lever_displaced,REST,0
1782238145.679919,shift_lever_failed,OK,0
1782238145.680045,rpm,0,0
1782238145.680045,throttle_position,0,0
1782238145.688648,kill_switch,RUN,1
1782238145.688648,engine_on_counter,0,0
1782238145.689158,gear_position,N,0
1782238145.689158,shift_lever_displaced,REST,0
1782238145.689158,shift_lever_failed,OK,0
1782238145.701202,coolant_temp,73.5,735
1782238145.701202,warmup_index,0,0
1782238145.701202,side_stand,UP,1
1782238145.701727,rpm,0,0
1782238145.701727,throttle_position,0,0
1782238145.702218,kill_switch,RUN,1
1782238145.702218,engine_on_counter,0,0
1782238145.720277,gear_position,N,0
1782238145.720277,shift_lever_displaced,REST,0
1782238145.720277,shift_lever_failed,OK,0
1782238145.720520,rpm,0,0
1782238145.720520,throttle_position,0,0
1782238145.728619,kill_switch,RUN,1
1782238145.728619,engine_on_counter,0,0
1782238145.752577,gear_position,N,0
1782238145.752577,shift_lever_displaced,REST,0
1782238145.752577,shift_lever_failed,OK,0
1782238145.752747,rpm,0,0
1782238145.752747,throttle_position,0,0
1782238145.752943,kill_switch,RUN,1
1782238145.752943,engine_on_counter,0,0
1782238145.759648,gear_position,N,0
1782238145.759648,shift_lever_displaced,REST,0
1782238145.759648,shift_lever_failed,OK,0
1782238145.759738,rpm,0,0
1782238145.759738,throttle_position,0,0
1782238145.770957,kill_switch,RUN,1
1782238145.770957,engine_on_counter,0,0
1782238145.771350,gear_position,N,0
1782238145.771350,shift_lever_displaced,REST,0
1782238145.771350,shift_lever_failed,OK,0
1782238145.771438,rpm,0,0
1782238145.771438,throttle_position,0,0
1782238145.793836,kill_switch,RUN,1
1782238145.793836,engine_on_counter,0,0
1782238145.800918,gear_position,N,0
1782238145.800918,shift_lever_displaced,REST,0
1782238145.800918,shift_lever_failed,OK,0
1782238145.801017,coolant_temp,73.5,735
1782238145.801017,warmup_index,0,0
1782238145.801017,side_stand,UP,1
1782238145.801174,rpm,0,0
1782238145.801174,throttle_position,0,0
1782238145.801329,kill_switch,RUN,1
1782238145.801329,engine_on_counter,0,0
1782238145.811380,gear_position,N,0
1782238145.811380,shift_lever_displaced,REST,0
1782238145.811380,shift_lever_failed,OK,0
1782238145.811470,rpm,0,0
1782238145.811470,throttle_position,0,0
1782238145.828232,kill_switch,RUN,1
1782238145.828232,engine_on_counter,0,0
1782238145.841104,gear_position,N,0
1782238145.841104,shift_lever_displaced,REST,0
1782238145.841104,shift_lever_failed,OK,0
1782238145.841195,rpm,0,0
1782238145.841195,throttle_position,0,0
1782238145.841376,kill_switch,RUN,1
1782238145.841376,engine_on_counter,0,0
1782238145.853474,gear_position,N,0
1782238145.853474,shift_lever_displaced,REST,0
1782238145.853474,shift_lever_failed,OK,0
1782238145.853581,rpm,0,0
1782238145.853581,throttle_position,0,0
1782238145.870012,kill_switch,RUN,1
1782238145.870012,engine_on_counter,0,0
1782238145.870507,gear_position,N,0
1782238145.870507,shift_lever_displaced,REST,0
1782238145.870507,shift_lever_failed,OK,0
1782238145.888183,rpm,0,0
1782238145.888183,throttle_position,0,0
1782238145.888986,kill_switch,RUN,1
1782238145.888986,engine_on_counter,0,0
1782238145.899880,gear_position,N,0
1782238145.899880,shift_lever_displaced,REST,0
1782238145.899880,shift_lever_failed,OK,0
1782238145.900126,coolant_temp,73.5,735
1782238145.900126,warmup_index,0,0
1782238145.900126,side_stand,UP,1
1782238145.900612,rpm,0,0
1782238145.900612,throttle_position,0,0
1782238145.908465,kill_switch,RUN,1
1782238145.908465,engine_on_counter,0,0
1782238145.921469,gear_position,N,0
1782238145.921469,shift_lever_displaced,REST,0
1782238145.921469,shift_lever_failed,OK,0
1782238145.921582,rpm,0,0
1782238145.921582,throttle_position,0,0
1782238145.921739,kill_switch,RUN,1
1782238145.921739,engine_on_counter,0,0
1782238145.939760,gear_position,N,0
1782238145.939760,shift_lever_displaced,REST,0
1782238145.939760,shift_lever_failed,OK,0
1782238145.939839,rpm,0,0
1782238145.939839,throttle_position,0,0
1782238145.950961,kill_switch,RUN,1
1782238145.950961,engine_on_counter,0,0
1782238145.951326,gear_position,N,0
1782238145.951326,shift_lever_displaced,REST,0
1782238145.951326,shift_lever_failed,OK,0
1782238145.951415,rpm,0,0
1782238145.951415,throttle_position,0,0
1782238145.968575,kill_switch,RUN,1
1782238145.968575,engine_on_counter,0,0
1782238145.981170,gear_position,N,0
1782238145.981170,shift_lever_displaced,REST,0
1782238145.981170,shift_lever_failed,OK,0
1782238145.981335,rpm,0,0
1782238145.981335,throttle_position,0,0
1782238145.985587,kill_switch,RUN,1
1782238145.985587,engine_on_counter,0,0
1782238145.990325,gear_position,N,0
1782238145.990325,shift_lever_displaced,REST,0
1782238145.990325,shift_lever_failed,OK,0
1782238145.990435,coolant_temp,73.5,735
1782238145.990435,warmup_index,0,0
1782238145.990435,side_stand,UP,1
1782238146.008111,rpm,0,0
1782238146.008111,throttle_position,0,0
1782238146.008404,kill_switch,RUN,1
1782238146.008404,engine_on_counter,0,0
1782238146.021443,gear_position,N,0
1782238146.021443,shift_lever_displaced,REST,0
1782238146.021443,shift_lever_failed,OK,0
1782238146.021566,rpm,0,0
1782238146.021566,throttle_position,0,0
1782238146.021800,kill_switch,RUN,1
1782238146.021800,engine_on_counter,0,0
1782238146.045884,gear_position,N,0
1782238146.045884,shift_lever_displaced,REST,0
1782238146.045884,shift_lever_failed,OK,0
1782238146.045990,rpm,0,0
1782238146.045990,throttle_position,0,0
1782238146.049853,kill_switch,RUN,1
1782238146.049853,engine_on_counter,0,0
1782238146.050214,gear_position,N,0
1782238146.050214,shift_lever_displaced,REST,0
1782238146.050214,shift_lever_failed,OK,0
1782238146.061282,rpm,0,0
1782238146.061282,throttle_position,0,0
1782238146.061553,kill_switch,RUN,1
1782238146.061553,engine_on_counter,0,0
1782238146.079723,gear_position,N,0
1782238146.079723,shift_lever_displaced,REST,0
1782238146.079723,shift_lever_failed,OK,0
1782238146.079829,rpm,0,0
1782238146.079829,throttle_position,0,0
1782238146.088889,kill_switch,RUN,1
1782238146.088889,engine_on_counter,0,0
1782238146.089278,gear_position,N,0
1782238146.089278,shift_lever_displaced,REST,0
1782238146.089278,shift_lever_failed,OK,0
1782238146.089367,coolant_temp,73.5,735
1782238146.089367,warmup_index,0,0
1782238146.089367,side_stand,UP,1
1782238146.103369,rpm,0,0
1782238146.103369,throttle_position,0,0
1782238146.103581,kill_switch,RUN,1
1782238146.103581,engine_on_counter,0,0
1782238146.121257,gear_position,N,0
1782238146.121257,shift_lever_displaced,REST,0
1782238146.121257,shift_lever_failed,OK,0
1782238146.121376,rpm,0,0
1782238146.121376,throttle_position,0,0
1782238146.121599,kill_switch,RUN,1
1782238146.121599,engine_on_counter,0,0
1782238146.130731,gear_position,N,0
1782238146.130731,shift_lever_displaced,REST,0
1782238146.130731,shift_lever_failed,OK,0
1782238146.151277,rpm,0,0
1782238146.151277,throttle_position,0,0
1782238146.151642,kill_switch,RUN,1
1782238146.151642,engine_on_counter,0,0
1782238146.161122,gear_position,N,0
1782238146.161122,shift_lever_displaced,REST,0
1782238146.161122,shift_lever_failed,OK,0
1782238146.161375,rpm,0,0
1782238146.161375,throttle_position,0,0
1782238146.162124,kill_switch,RUN,1
1782238146.162124,engine_on_counter,0,0
1782238146.172055,gear_position,N,0
1782238146.172055,shift_lever_displaced,REST,0
1782238146.172055,shift_lever_failed,OK,0
1782238146.172314,rpm,0,0
1782238146.172314,throttle_position,0,0
1782238146.188718,kill_switch,RUN,1
1782238146.188718,engine_on_counter,0,0
1782238146.189088,gear_position,N,0
1782238146.189088,shift_lever_displaced,REST,0
1782238146.189088,shift_lever_failed,OK,0
1782238146.201266,coolant_temp,73.5,735
1782238146.201266,warmup_index,0,0
1782238146.201266,side_stand,UP,1
1782238146.201485,rpm,0,0
1782238146.201485,throttle_position,0,0
1782238146.201700,kill_switch,RUN,1
1782238146.201700,engine_on_counter,0,0
1782238146.211361,gear_position,N,0
1782238146.211361,shift_lever_displaced,REST,0
1782238146.211361,shift_lever_failed,OK,0
1782238146.211468,rpm,0,0
1782238146.211468,throttle_position,0,0
1782238146.228371,kill_switch,RUN,1
1782238146.228371,engine_on_counter,0,0
1782238146.241214,gear_position,N,0
1782238146.241214,shift_lever_displaced,REST,0
1782238146.241214,shift_lever_failed,OK,0
1782238146.241344,rpm,0,0
1782238146.241344,throttle_position,0,0
1782238146.241588,kill_switch,RUN,1
1782238146.241588,engine_on_counter,0,0
1782238146.260093,gear_position,N,0
1782238146.260093,shift_lever_displaced,REST,0
1782238146.260093,shift_lever_failed,OK,0
1782238146.260335,rpm,0,0
1782238146.260335,throttle_position,0,0
1782238146.271054,kill_switch,RUN,1
1782238146.271054,engine_on_counter,0,0
1782238146.272088,gear_position,N,0
1782238146.272088,shift_lever_displaced,REST,0
1782238146.272088,shift_lever_failed,OK,0
1782238146.272331,rpm,0,0
1782238146.272331,throttle_position,0,0
1782238146.291051,kill_switch,RUN,1
1782238146.291051,engine_on_counter,0,0
1782238146.299569,gear_position,N,0
1782238146.299569,shift_lever_displaced,REST,0
1782238146.299569,shift_lever_failed,OK,0
1782238146.299635,coolant_temp,73.5,735
1782238146.299635,warmup_index,0,0
1782238146.299635,side_stand,UP,1
1782238146.299761,rpm,0,0
1782238146.299761,throttle_position,0,0
1782238146.309780,kill_switch,RUN,1
1782238146.309780,engine_on_counter,0,0
1782238146.310155,gear_position,N,0
1782238146.310155,shift_lever_displaced,REST,0
1782238146.310155,shift_lever_failed,OK,0
1782238146.321661,rpm,0,0
1782238146.321661,throttle_position,0,0
1782238146.321815,kill_switch,RUN,1
1782238146.321815,engine_on_counter,0,0
1782238146.341006,gear_position,N,0
1782238146.341006,shift_lever_displaced,REST,0
1782238146.341006,shift_lever_failed,OK,0
1782238146.341083,rpm,0,0
1782238146.341083,throttle_position,0,0
1782238146.341238,kill_switch,RUN,1
1782238146.341238,engine_on_counter,0,0
1782238146.353513,gear_position,N,0
1782238146.353513,shift_lever_displaced,REST,0
1782238146.353513,shift_lever_failed,OK,0
1782238146.353591,rpm,0,0
1782238146.353591,throttle_position,0,0
1782238146.368467,kill_switch,RUN,1
1782238146.368467,engine_on_counter,0,0
1782238146.381021,gear_position,N,0
1782238146.381021,shift_lever_displaced,REST,0
1782238146.381021,shift_lever_failed,OK,0
1782238146.381152,rpm,0,0
1782238146.381152,throttle_position,0,0
1782238146.381505,kill_switch,RUN,1
1782238146.381505,engine_on_counter,0,0
1782238146.391199,gear_position,N,0
1782238146.391199,shift_lever_displaced,REST,0
1782238146.391199,shift_lever_failed,OK,0
1782238146.391306,coolant_temp,73.5,735
1782238146.391306,warmup_index,0,0
1782238146.391306,side_stand,UP,1
1782238146.391521,rpm,0,0
1782238146.391521,throttle_position,0,0
1782238146.408636,kill_switch,RUN,1
1782238146.408636,engine_on_counter,0,0
1782238146.421454,gear_position,N,0
1782238146.421454,shift_lever_displaced,REST,0
1782238146.421454,shift_lever_failed,OK,0
1782238146.421589,rpm,0,0
1782238146.421589,throttle_position,0,0
1782238146.421826,kill_switch,RUN,1
1782238146.421826,engine_on_counter,0,0
1782238146.440438,gear_position,N,0
1782238146.440438,shift_lever_displaced,REST,0
1782238146.440438,shift_lever_failed,OK,0
1782238146.440684,rpm,0,0
1782238146.440684,throttle_position,0,0
1782238146.451287,kill_switch,RUN,1
1782238146.451287,engine_on_counter,0,0
1782238146.451796,gear_position,N,0
1782238146.451796,shift_lever_displaced,REST,0
1782238146.451796,shift_lever_failed,OK,0
1782238146.468208,rpm,0,0
1782238146.468208,throttle_position,0,0
1782238146.469005,kill_switch,RUN,1
1782238146.469005,engine_on_counter,0,0
1782238146.481094,gear_position,N,0
1782238146.481094,shift_lever_displaced,REST,0
1782238146.481094,shift_lever_failed,OK,0
1782238146.481335,rpm,0,0
1782238146.481335,throttle_position,0,0
1782238146.486121,kill_switch,RUN,1
1782238146.486121,engine_on_counter,0,0
1782238146.490402,gear_position,N,0
1782238146.490402,shift_lever_displaced,REST,0
1782238146.490402,shift_lever_failed,OK,0
1782238146.490509,coolant_temp,73.5,735
1782238146.490509,warmup_index,0,0
1782238146.490509,side_stand,UP,1
1782238146.508232,rpm,0,0
1782238146.508232,throttle_position,0,0
1782238146.508598,kill_switch,RUN,1
1782238146.508598,engine_on_counter,0,0
1782238146.521250,gear_position,N,0
1782238146.521250,shift_lever_displaced,REST,0
1782238146.521250,shift_lever_failed,OK,0
1782238146.521373,rpm,0,0
1782238146.521373,throttle_position,0,0
1782238146.521610,kill_switch,RUN,1
1782238146.521610,engine_on_counter,0,0
1782238146.530941,gear_position,N,0
1782238146.530941,shift_lever_displaced,REST,0
1782238146.530941,shift_lever_failed,OK,0
1782238146.548682,rpm,0,0
1782238146.548682,throttle_position,0,0
1782238146.548986,kill_switch,RUN,1
1782238146.548986,engine_on_counter,0,0
1782238146.561254,gear_position,N,0
1782238146.561254,shift_lever_displaced,REST,0
1782238146.561254,shift_lever_failed,OK,0
1782238146.561347,rpm,0,0
1782238146.561347,throttle_position,0,0
1782238146.561614,kill_switch,RUN,1
1782238146.561614,engine_on_counter,0,0
1782238146.579872,gear_position,N,0
1782238146.579872,shift_lever_displaced,REST,0
1782238146.579872,shift_lever_failed,OK,0
1782238146.579979,rpm,0,0
1782238146.579979,throttle_position,0,0
1782238146.588928,kill_switch,RUN,1
1782238146.588928,engine_on_counter,0,0
1782238146.589294,gear_position,N,0
1782238146.589294,shift_lever_displaced,REST,0
1782238146.589294,shift_lever_failed,OK,0
1782238146.589383,coolant_temp,73.5,735
1782238146.589383,warmup_index,0,0
1782238146.589383,side_stand,UP,1
1782238146.601275,rpm,0,0
1782238146.601275,throttle_position,0,0
1782238146.601487,kill_switch,RUN,1
1782238146.601487,engine_on_counter,0,0
1782238146.619940,gear_position,N,0
1782238146.619940,shift_lever_displaced,REST,0
1782238146.619940,shift_lever_failed,OK,0
1782238146.620047,rpm,0,0
1782238146.620047,throttle_position,0,0
1782238146.628412,kill_switch,RUN,1
1782238146.628412,engine_on_counter,0,0
1782238146.651697,gear_position,N,0
1782238146.651697,shift_lever_displaced,REST,0
1782238146.651697,shift_lever_failed,OK,0
1782238146.651986,rpm,0,0
1782238146.651986,throttle_position,0,0
1782238146.652219,kill_switch,RUN,1
1782238146.652219,engine_on_counter,0,0
1782238146.661003,gear_position,N,0
1782238146.661003,shift_lever_displaced,REST,0
1782238146.661003,shift_lever_failed,OK,0
1782238146.661147,rpm,0,0
1782238146.661147,throttle_position,0,0
1782238146.661561,kill_switch,RUN,1
1782238146.661561,engine_on_counter,0,0
1782238146.671864,gear_position,N,0
1782238146.671864,shift_lever_displaced,REST,0
1782238146.671864,shift_lever_failed,OK,0
1782238146.672112,rpm,0,0
1782238146.672112,throttle_position,0,0
1782238146.688605,kill_switch,RUN,1
1782238146.688605,engine_on_counter,0,0
1782238146.700796,gear_position,N,0
1782238146.700796,shift_lever_displaced,REST,0
1782238146.700796,shift_lever_failed,OK,0
1782238146.701054,coolant_temp,73.5,735
1782238146.701054,warmup_index,0,0
1782238146.701054,side_stand,UP,1
1782238146.701545,rpm,0,0
1782238146.701545,throttle_position,0,0
1782238146.702031,kill_switch,RUN,1
1782238146.702031,engine_on_counter,0,0
1782238146.712037,gear_position,N,0
1782238146.712037,shift_lever_displaced,REST,0
1782238146.712037,shift_lever_failed,OK,0
1782238146.712283,rpm,0,0
1782238146.712283,throttle_position,0,0
1782238146.728544,kill_switch,RUN,1
1782238146.728544,engine_on_counter,0,0
1782238146.741955,gear_position,N,0
1782238146.741955,shift_lever_displaced,REST,0
1782238146.741955,shift_lever_failed,OK,0
1782238146.742103,rpm,0,0
1782238146.742103,throttle_position,0,0
1782238146.742385,kill_switch,RUN,1
1782238146.742385,engine_on_counter,0,0
1782238146.753576,gear_position,N,0
1782238146.753576,shift_lever_displaced,REST,0
1782238146.753576,shift_lever_failed,OK,0
1782238146.753705,rpm,0,0
1782238146.753705,throttle_position,0,0
1782238146.770116,kill_switch,RUN,1
1782238146.770116,engine_on_counter,0,0
1782238146.771102,gear_position,N,0
1782238146.771102,shift_lever_displaced,REST,0
1782238146.771102,shift_lever_failed,OK,0
1782238146.789874,rpm,0,0
1782238146.789874,throttle_position,0,0
1782238146.800091,kill_switch,RUN,1
1782238146.800091,engine_on_counter,0,0
1782238146.800467,gear_position,N,0
1782238146.800467,shift_lever_displaced,REST,0
1782238146.800467,shift_lever_failed,OK,0
1782238146.800554,coolant_temp,73.5,735
1782238146.800554,warmup_index,0,0
1782238146.800554,side_stand,UP,1
1782238146.800731,rpm,0,0
1782238146.800731,throttle_position,0,0
1782238146.803446,kill_switch,RUN,1
1782238146.803446,engine_on_counter,0,0
1782238146.821079,gear_position,N,0
1782238146.821079,shift_lever_displaced,REST,0
1782238146.821079,shift_lever_failed,OK,0
1782238146.821166,rpm,0,0
1782238146.821166,throttle_position,0,0
1782238146.821337,kill_switch,RUN,1
1782238146.821337,engine_on_counter,0,0
1782238146.830393,gear_position,N,0
1782238146.830393,shift_lever_displaced,REST,0
1782238146.830393,shift_lever_failed,OK,0
1782238146.849469,rpm,0,0
1782238146.849469,throttle_position,0,0
1782238146.849658,kill_switch,RUN,1
1782238146.849658,engine_on_counter,0,0
1782238146.860897,gear_position,N,0
1782238146.860897,shift_lever_displaced,REST,0
1782238146.860897,shift_lever_failed,OK,0
1782238146.861007,rpm,0,0
1782238146.861007,throttle_position,0,0
1782238146.861320,kill_switch,RUN,1
1782238146.861320,engine_on_counter,0,0
1782238146.871601,gear_position,N,0
1782238146.871601,shift_lever_displaced,REST,0
1782238146.871601,shift_lever_failed,OK,0
1782238146.871716,rpm,0,0
1782238146.871716,throttle_position,0,0
1782238146.888779,kill_switch,RUN,1
1782238146.888779,engine_on_counter,0,0
1782238146.889239,gear_position,N,0
1782238146.889239,shift_lever_displaced,REST,0
1782238146.889239,shift_lever_failed,OK,0
1782238146.901034,coolant_temp,73.5,735
1782238146.901034,warmup_index,0,0
1782238146.901034,side_stand,UP,1
1782238146.901403,rpm,0,0
1782238146.901403,throttle_position,0,0
1782238146.901756,kill_switch,RUN,1
1782238146.901756,engine_on_counter,0,0
1782238146.919890,gear_position,N,0
1782238146.919890,shift_lever_displaced,REST,0
1782238146.919890,shift_lever_failed,OK,0
1782238146.920007,rpm,0,0
1782238146.920007,throttle_position,0,0
1782238146.928486,kill_switch,RUN,1
1782238146.928486,engine_on_counter,0,0
1782238146.941160,gear_position,N,0
1782238146.941160,shift_lever_displaced,REST,0
1782238146.941160,shift_lever_failed,OK,0
1782238146.941342,rpm,0,0
1782238146.941342,throttle_position,0,0
1782238146.941630,kill_switch,RUN,1
1782238146.941630,engine_on_counter,0,0
1782238146.959797,gear_position,N,0
1782238146.959797,shift_lever_displaced,REST,0
1782238146.959797,shift_lever_failed,OK,0
1782238146.959903,rpm,0,0
1782238146.959903,throttle_position,0,0
1782238146.970940,kill_switch,RUN,1
1782238146.970940,engine_on_counter,0,0
1782238146.971584,gear_position,N,0
1782238146.971584,shift_lever_displaced,REST,0
1782238146.971584,shift_lever_failed,OK,0
1782238146.971732,rpm,0,0
1782238146.971732,throttle_position,0,0
1782238146.988712,kill_switch,RUN,1
1782238146.988712,engine_on_counter,0,0
1782238147.000779,gear_position,N,0
1782238147.000779,shift_lever_displaced,REST,0
1782238147.000779,shift_lever_failed,OK,0
1782238147.000942,coolant_temp,73.5,735
1782238147.000942,warmup_index,0,0
1782238147.000942,side_stand,UP,1
1782238147.001328,rpm,0,0
1782238147.001328,throttle_position,0,0
1782238147.001807,kill_switch,RUN,1
1782238147.001807,engine_on_counter,0,0
1782238147.010498,gear_position,N,0
1782238147.010498,shift_lever_displaced,REST,0
1782238147.010498,shift_lever_failed,OK,0
1782238147.010636,rpm,0,0
1782238147.010636,throttle_position,0,0
1782238147.021883,kill_switch,RUN,1
1782238147.021883,engine_on_counter,0,0
1782238147.043009,gear_position,N,0
1782238147.043009,shift_lever_displaced,REST,0
1782238147.043009,shift_lever_failed,OK,0
1782238147.043093,rpm,0,0
1782238147.043093,throttle_position,0,0
1782238147.043267,kill_switch,RUN,1
1782238147.043267,engine_on_counter,0,0
1782238147.053483,gear_position,N,0
1782238147.053483,shift_lever_displaced,REST,0
1782238147.053483,shift_lever_failed,OK,0
1782238147.053559,rpm,0,0
1782238147.053559,throttle_position,0,0
1782238147.069950,kill_switch,RUN,1
1782238147.069950,engine_on_counter,0,0
1782238147.070298,gear_position,N,0
1782238147.070298,shift_lever_displaced,REST,0
1782238147.070298,shift_lever_failed,OK,0
1782238147.088279,rpm,0,0
1782238147.088279,throttle_position,0,0
1782238147.088565,kill_switch,RUN,1
1782238147.088565,engine_on_counter,0,0
1782238147.091079,gear_position,N,0
1782238147.091079,shift_lever_displaced,REST,0
1782238147.091079,shift_lever_failed,OK,0
1782238147.091167,coolant_temp,73.5,735
1782238147.091167,warmup_index,0,0
1782238147.091167,side_stand,UP,1
1782238147.091390,rpm,0,0
1782238147.091390,throttle_position,0,0
1782238147.108472,kill_switch,RUN,1
1782238147.108472,engine_on_counter,0,0
1782238147.121388,gear_position,N,0
1782238147.121388,shift_lever_displaced,REST,0
1782238147.121388,shift_lever_failed,OK,0
1782238147.121501,rpm,0,0
1782238147.121501,throttle_position,0,0
1782238147.121715,kill_switch,RUN,1
1782238147.121715,engine_on_counter,0,0
1782238147.140132,gear_position,N,0
1782238147.140132,shift_lever_displaced,REST,0
1782238147.140132,shift_lever_failed,OK,0
1782238147.140279,rpm,0,0
1782238147.140279,throttle_position,0,0
1782238147.152238,kill_switch,RUN,1
1782238147.152238,engine_on_counter,0,0
1782238147.152886,gear_position,N,0
1782238147.152886,shift_lever_displaced,REST,0
1782238147.152886,shift_lever_failed,OK,0
1782238147.153004,rpm,0,0
1782238147.153004,throttle_position,0,0
1782238147.168524,kill_switch,RUN,1
1782238147.168524,engine_on_counter,0,0
1782238147.181029,gear_position,N,0
1782238147.181029,shift_lever_displaced,REST,0
1782238147.181029,shift_lever_failed,OK,0
1782238147.181319,rpm,0,0
1782238147.181319,throttle_position,0,0
1782238147.186265,kill_switch,RUN,1
1782238147.186265,engine_on_counter,0,0
1782238147.190287,gear_position,N,0
1782238147.190287,shift_lever_displaced,REST,0
1782238147.190287,shift_lever_failed,OK,0
1782238147.190403,coolant_temp,73.5,735
1782238147.190403,warmup_index,0,0
1782238147.190403,side_stand,UP,1
1782238147.208164,rpm,0,0
1782238147.208164,throttle_position,0,0
1782238147.208480,kill_switch,RUN,1
1782238147.208480,engine_on_counter,0,0
1782238147.221283,gear_position,N,0
1782238147.221283,shift_lever_displaced,REST,0
1782238147.221283,shift_lever_failed,OK,0
1782238147.221401,rpm,0,0
1782238147.221401,throttle_position,0,0
1782238147.221633,kill_switch,RUN,1
1782238147.221633,engine_on_counter,0,0
1782238147.231544,gear_position,N,0
1782238147.231544,shift_lever_displaced,REST,0
1782238147.231544,shift_lever_failed,OK,0
1782238147.231681,rpm,0,0
1782238147.231681,throttle_position,0,0
1782238147.251328,kill_switch,RUN,1
1782238147.251328,engine_on_counter,0,0
1782238147.261042,gear_position,N,0
1782238147.261042,shift_lever_displaced,REST,0
1782238147.261042,shift_lever_failed,OK,0
1782238147.261202,rpm,0,0
1782238147.261202,throttle_position,0,0
1782238147.261628,kill_switch,RUN,1
1782238147.261628,engine_on_counter,0,0
1782238147.280219,gear_position,N,0
1782238147.280219,shift_lever_displaced,REST,0
1782238147.280219,shift_lever_failed,OK,0
1782238147.280468,rpm,0,0
1782238147.280468,throttle_position,0,0
1782238147.289230,kill_switch,RUN,1
1782238147.289230,engine_on_counter,0,0
1782238147.295576,gear_position,N,0
1782238147.295576,shift_lever_displaced,REST,0
1782238147.295576,shift_lever_failed,OK,0
1782238147.295644,coolant_temp,73.5,735
1782238147.295644,warmup_index,0,0
1782238147.295644,side_stand,UP,1
1782238147.303249,rpm,0,0
1782238147.303249,throttle_position,0,0
1782238147.303366,kill_switch,RUN,1
1782238147.303366,engine_on_counter,0,0
1782238147.319697,gear_position,N,0
1782238147.319697,shift_lever_displaced,REST,0
1782238147.319697,shift_lever_failed,OK,0
1782238147.319754,rpm,0,0
1782238147.319754,throttle_position,0,0
1782238147.319855,kill_switch,RUN,1
1782238147.319855,engine_on_counter,0,0
1782238147.348191,gear_position,N,0
1782238147.348191,shift_lever_displaced,REST,0
1782238147.348191,shift_lever_failed,OK,0
1782238147.350655,rpm,0,0
1782238147.350655,throttle_position,0,0
1782238147.350769,kill_switch,RUN,1
1782238147.350769,engine_on_counter,0,0
1782238147.360919,gear_position,N,0
1782238147.360919,shift_lever_displaced,REST,0
1782238147.360919,shift_lever_failed,OK,0
1782238147.361028,rpm,0,0
1782238147.361028,throttle_position,0,0
1782238147.361350,kill_switch,RUN,1
1782238147.361350,engine_on_counter,0,0
1782238147.371611,gear_position,N,0
1782238147.371611,shift_lever_displaced,REST,0
1782238147.371611,shift_lever_failed,OK,0
1782238147.371735,rpm,0,0
1782238147.371735,throttle_position,0,0
1782238147.388877,kill_switch,RUN,1
1782238147.388877,engine_on_counter,0,0
1782238147.389312,gear_position,N,0
1782238147.389312,shift_lever_displaced,REST,0
1782238147.389312,shift_lever_failed,OK,0
1782238147.400832,coolant_temp,73.5,735
1782238147.400832,warmup_index,0,0
1782238147.400832,side_stand,UP,1
1782238147.401136,rpm,0,0
1782238147.401136,throttle_position,0,0
1782238147.401471,kill_switch,RUN,1
1782238147.401471,engine_on_counter,0,0
1782238147.411894,gear_position,N,0
1782238147.411894,shift_lever_displaced,REST,0
1782238147.411894,shift_lever_failed,OK,0
1782238147.412134,rpm,0,0
1782238147.412134,throttle_position,0,0
1782238147.428370,kill_switch,RUN,1
1782238147.428370,engine_on_counter,0,0
1782238147.441274,gear_position,N,0
1782238147.441274,shift_lever_displaced,REST,0
1782238147.441274,shift_lever_failed,OK,0
1782238147.441516,rpm,0,0
1782238147.441516,throttle_position,0,0
1782238147.441939,kill_switch,RUN,1
1782238147.441939,engine_on_counter,0,0
1782238147.460814,gear_position,N,0
1782238147.460814,shift_lever_displaced,REST,0
1782238147.460814,shift_lever_failed,OK,0
1782238147.460916,rpm,0,0
1782238147.460916,throttle_position,0,0
1782238147.470013,kill_switch,RUN,1
1782238147.470013,engine_on_counter,0,0
1782238147.471006,gear_position,N,0
1782238147.471006,shift_lever_displaced,REST,0
1782238147.471006,shift_lever_failed,OK,0
1782238147.471250,rpm,0,0
1782238147.471250,throttle_position,0,0
1782238147.488580,kill_switch,RUN,1
1782238147.488580,engine_on_counter,0,0
1782238147.499710,gear_position,N,0
1782238147.499710,shift_lever_displaced,REST,0
1782238147.499710,shift_lever_failed,OK,0
1782238147.499902,coolant_temp,73.5,735
1782238147.499902,warmup_index,0,0
1782238147.499902,side_stand,UP,1
1782238147.500267,rpm,0,0
1782238147.500267,throttle_position,0,0
1782238147.510089,kill_switch,RUN,1
1782238147.510089,engine_on_counter,0,0
1782238147.511287,gear_position,N,0
1782238147.511287,shift_lever_displaced,REST,0
1782238147.511287,shift_lever_failed,OK,0
1782238147.521594,rpm,0,0
1782238147.521594,throttle_position,0,0
1782238147.521899,kill_switch,RUN,1
1782238147.521899,engine_on_counter,0,0
1782238147.541998,gear_position,N,0
1782238147.541998,shift_lever_displaced,REST,0
1782238147.541998,shift_lever_failed,OK,0
1782238147.542040,rpm,0,0
1782238147.542040,throttle_position,0,0
1782238147.542130,kill_switch,RUN,1
1782238147.542130,engine_on_counter,0,0
1782238147.551042,gear_position,N,0
1782238147.551042,shift_lever_displaced,REST,0
1782238147.551042,shift_lever_failed,OK,0
1782238147.551079,rpm,0,0
1782238147.551079,throttle_position,0,0
1782238147.568671,kill_switch,RUN,1
1782238147.568671,engine_on_counter,0,0
1782238147.581017,gear_position,N,0
1782238147.581017,shift_lever_displaced,REST,0
1782238147.581017,shift_lever_failed,OK,0
1782238147.581275,rpm,0,0
1782238147.581275,throttle_position,0,0
1782238147.584205,kill_switch,RUN,1
1782238147.584205,engine_on_counter,0,0
1782238147.591169,gear_position,N,0
1782238147.591169,shift_lever_displaced,REST,0
1782238147.591169,shift_lever_failed,OK,0
1782238147.591276,coolant_temp,73.5,735
1782238147.591276,warmup_index,0,0
1782238147.591276,side_stand,UP,1
1782238147.591488,rpm,0,0
1782238147.591488,throttle_position,0,0
1782238147.608867,kill_switch,RUN,1
1782238147.608867,engine_on_counter,0,0
1782238147.621229,gear_position,N,0
1782238147.621229,shift_lever_displaced,REST,0
1782238147.621229,shift_lever_failed,OK,0
1782238147.621356,rpm,0,0
1782238147.621356,throttle_position,0,0
1782238147.621591,kill_switch,RUN,1
1782238147.621591,engine_on_counter,0,0
1782238147.631573,gear_position,N,0
1782238147.631573,shift_lever_displaced,REST,0
1782238147.631573,shift_lever_failed,OK,0
1782238147.631748,rpm,0,0
1782238147.631748,throttle_position,0,0
1782238147.650096,kill_switch,RUN,1
1782238147.650096,engine_on_counter,0,0
1782238147.650840,gear_position,N,0
1782238147.650840,shift_lever_displaced,REST,0
1782238147.650840,shift_lever_failed,OK,0
1782238147.668299,rpm,0,0
1782238147.668299,throttle_position,0,0
1782238147.669067,kill_switch,RUN,1
1782238147.669067,engine_on_counter,0,0
1782238147.681001,gear_position,N,0
1782238147.681001,shift_lever_displaced,REST,0
1782238147.681001,shift_lever_failed,OK,0
1782238147.681183,rpm,0,0
1782238147.681183,throttle_position,0,0
1782238147.686462,kill_switch,RUN,1
1782238147.686462,engine_on_counter,0,0
1782238147.690270,gear_position,N,0
1782238147.690270,shift_lever_displaced,REST,0
1782238147.690270,shift_lever_failed,OK,0
1782238147.690387,coolant_temp,73.5,735
1782238147.690387,warmup_index,0,0
1782238147.690387,side_stand,UP,1
1782238147.703386,rpm,0,0
1782238147.703386,throttle_position,0,0
1782238147.703905,kill_switch,RUN,1
1782238147.703905,engine_on_counter,0,0
1782238147.721089,gear_position,N,0
1782238147.721089,shift_lever_displaced,REST,0
1782238147.721089,shift_lever_failed,OK,0
1782238147.721228,rpm,0,0
1782238147.721228,throttle_position,0,0
1782238147.721511,kill_switch,RUN,1
1782238147.721511,engine_on_counter,0,0
1782238147.730333,gear_position,N,0
1782238147.730333,shift_lever_displaced,REST,0
1782238147.730333,shift_lever_failed,OK,0
1782238147.751939,rpm,0,0
1782238147.751939,throttle_position,0,0
1782238147.752243,kill_switch,RUN,1
1782238147.752243,engine_on_counter,0,0
1782238147.761082,gear_position,N,0
1782238147.761082,shift_lever_displaced,REST,0
1782238147.761082,shift_lever_failed,OK,0
1782238147.761275,rpm,0,0
1782238147.761275,throttle_position,0,0
1782238147.761807,kill_switch,RUN,1
1782238147.761807,engine_on_counter,0,0
1782238147.771812,gear_position,N,0
1782238147.771812,shift_lever_displaced,REST,0
1782238147.771812,shift_lever_failed,OK,0
1782238147.772055,rpm,0,0
1782238147.772055,throttle_position,0,0
1782238147.797791,kill_switch,RUN,1
1782238147.797791,engine_on_counter,0,0
1782238147.798064,gear_position,N,0
1782238147.798064,shift_lever_displaced,REST,0
1782238147.798064,shift_lever_failed,OK,0
1782238147.800884,coolant_temp,73.5,735
1782238147.800884,warmup_index,0,0
1782238147.800884,side_stand,UP,1
1782238147.800963,rpm,0,0
1782238147.800963,throttle_position,0,0
1782238147.801155,kill_switch,RUN,1
1782238147.801155,engine_on_counter,0,0
1782238147.819584,gear_position,N,0
1782238147.819584,shift_lever_displaced,REST,0
1782238147.819584,shift_lever_failed,OK,0
1782238147.819620,rpm,0,0
1782238147.819620,throttle_position,0,0
1782238147.830087,kill_switch,RUN,1
1782238147.830087,engine_on_counter,0,0
1782238147.850418,gear_position,N,0
1782238147.850418,shift_lever_displaced,REST,0
1782238147.850418,shift_lever_failed,OK,0
1782238147.850474,rpm,0,0
1782238147.850474,throttle_position,0,0
1782238147.850550,kill_switch,RUN,1
1782238147.850550,engine_on_counter,0,0
1782238147.859673,gear_position,N,0
1782238147.859673,shift_lever_displaced,REST,0
1782238147.859673,shift_lever_failed,OK,0
1782238147.859779,rpm,0,0
1782238147.859779,throttle_position,0,0
1782238147.870802,kill_switch,RUN,1
1782238147.870802,engine_on_counter,0,0
1782238147.871356,gear_position,N,0
1782238147.871356,shift_lever_displaced,REST,0
1782238147.871356,shift_lever_failed,OK,0
1782238147.871491,rpm,0,0
1782238147.871491,throttle_position,0,0
1782238147.888768,kill_switch,RUN,1
1782238147.888768,engine_on_counter,0,0
1782238147.900754,gear_position,N,0
1782238147.900754,shift_lever_displaced,REST,0
1782238147.900754,shift_lever_failed,OK,0
1782238147.900944,coolant_temp,73.5,735
1782238147.900944,warmup_index,0,0
1782238147.900944,side_stand,UP,1
1782238147.901298,rpm,0,0
1782238147.901298,throttle_position,0,0
1782238147.901733,kill_switch,RUN,1
1782238147.901733,engine_on_counter,0,0
1782238147.912015,gear_position,N,0
1782238147.912015,shift_lever_displaced,REST,0
1782238147.912015,shift_lever_failed,OK,0
1782238147.912254,rpm,0,0
1782238147.912254,throttle_position,0,0
1782238147.921830,kill_switch,RUN,1
1782238147.921830,engine_on_counter,0,0
1782238147.941314,gear_position,N,0
1782238147.941314,shift_lever_displaced,REST,0
1782238147.941314,shift_lever_failed,OK,0
1782238147.941564,rpm,0,0
1782238147.941564,throttle_position,0,0
1782238147.941992,kill_switch,RUN,1
1782238147.941992,engine_on_counter,0,0
1782238147.953620,gear_position,N,0
1782238147.953620,shift_lever_displaced,REST,0
1782238147.953620,shift_lever_failed,OK,0
1782238147.953726,rpm,0,0
1782238147.953726,throttle_position,0,0
1782238147.970275,kill_switch,RUN,1
1782238147.970275,engine_on_counter,0,0
1782238147.971241,gear_position,N,0
1782238147.971241,shift_lever_displaced,REST,0
1782238147.971241,shift_lever_failed,OK,0
1782238147.988351,rpm,0,0
1782238147.988351,throttle_position,0,0
1782238147.988546,kill_switch,RUN,1
1782238147.988546,engine_on_counter,0,0
1782238147.999912,gear_position,N,0
1782238147.999912,shift_lever_displaced,REST,0
1782238147.999912,shift_lever_failed,OK,0
1782238148.000022,coolant_temp,73.5,735
1782238148.000022,warmup_index,0,0
1782238148.000022,side_stand,UP,1
1782238148.000242,rpm,0,0
1782238148.000242,throttle_position,0,0
1782238148.008818,kill_switch,RUN,1
1782238148.008818,engine_on_counter,0,0
1782238148.021412,gear_position,N,0
1782238148.021412,shift_lever_displaced,REST,0
1782238148.021412,shift_lever_failed,OK,0
1782238148.021564,rpm,0,0
1782238148.021564,throttle_position,0,0
1782238148.021800,kill_switch,RUN,1
1782238148.021800,engine_on_counter,0,0
1782238148.044231,gear_position,N,0
1782238148.044231,shift_lever_displaced,REST,0
1782238148.044231,shift_lever_failed,OK,0
1782238148.044324,rpm,0,0
1782238148.044324,throttle_position,0,0
1782238148.050955,kill_switch,RUN,1
1782238148.050955,engine_on_counter,0,0
1782238148.051332,gear_position,N,0
1782238148.051332,shift_lever_displaced,REST,0
1782238148.051332,shift_lever_failed,OK,0
1782238148.051422,rpm,0,0
1782238148.051422,throttle_position,0,0
1782238148.068708,kill_switch,RUN,1
1782238148.068708,engine_on_counter,0,0
1782238148.080761,gear_position,N,0
1782238148.080761,shift_lever_displaced,REST,0
1782238148.080761,shift_lever_failed,OK,0
1782238148.080872,rpm,0,0
1782238148.080872,throttle_position,0,0
1782238148.081190,kill_switch,RUN,1
1782238148.081190,engine_on_counter,0,0
1782238148.090295,gear_position,N,0
1782238148.090295,shift_lever_displaced,REST,0
1782238148.090295,shift_lever_failed,OK,0
1782238148.090400,coolant_temp,73.5,735
1782238148.090400,warmup_index,0,0
1782238148.090400,side_stand,UP,1
1782238148.108283,rpm,0,0
1782238148.108283,throttle_position,0,0
1782238148.108676,kill_switch,RUN,1
1782238148.108676,engine_on_counter,0,0
1782238148.121285,gear_position,N,0
1782238148.121285,shift_lever_displaced,REST,0
1782238148.121285,shift_lever_failed,OK,0
1782238148.121429,rpm,0,0
1782238148.121429,throttle_position,0,0
1782238148.121706,kill_switch,RUN,1
1782238148.121706,engine_on_counter,0,0
1782238148.131984,gear_position,N,0
1782238148.131984,shift_lever_displaced,REST,0
1782238148.131984,shift_lever_failed,OK,0
1782238148.132226,rpm,0,0
1782238148.132226,throttle_position,0,0
1782238148.151418,kill_switch,RUN,1
1782238148.151418,engine_on_counter,0,0
1782238148.151975,gear_position,N,0
1782238148.151975,shift_lever_displaced,REST,0
1782238148.151975,shift_lever_failed,OK,0
1782238148.161119,rpm,0,0
1782238148.161119,throttle_position,0,0
1782238148.161551,kill_switch,RUN,1
1782238148.161551,engine_on_counter,0,0
1782238148.179727,gear_position,N,0
1782238148.179727,shift_lever_displaced,REST,0
1782238148.179727,shift_lever_failed,OK,0
1782238148.179840,rpm,0,0
1782238148.179840,throttle_position,0,0
1782238148.188948,kill_switch,RUN,1
1782238148.188948,engine_on_counter,0,0
1782238148.189332,gear_position,N,0
1782238148.189332,shift_lever_displaced,REST,0
1782238148.189332,shift_lever_failed,OK,0
1782238148.189421,coolant_temp,73.5,735
1782238148.189421,warmup_index,0,0
1782238148.189421,side_stand,UP,1
1782238148.203381,rpm,0,0
1782238148.203381,throttle_position,0,0
1782238148.203595,kill_switch,RUN,1
1782238148.203595,engine_on_counter,0,0
1782238148.221117,gear_position,N,0
1782238148.221117,shift_lever_displaced,REST,0
1782238148.221117,shift_lever_failed,OK,0
1782238148.221218,rpm,0,0
1782238148.221218,throttle_position,0,0
1782238148.221418,kill_switch,RUN,1
1782238148.221418,engine_on_counter,0,0
1782238148.229096,gear_position,N,0
1782238148.229096,shift_lever_displaced,REST,0
1782238148.229096,shift_lever_failed,OK,0
1782238148.252562,rpm,0,0
1782238148.252562,throttle_position,0,0
1782238148.252807,kill_switch,RUN,1
1782238148.252807,engine_on_counter,0,0
1782238148.260915,gear_position,N,0
1782238148.260915,shift_lever_displaced,REST,0
1782238148.260915,shift_lever_failed,OK,0
1782238148.261056,rpm,0,0
1782238148.261056,throttle_position,0,0
1782238148.261479,kill_switch,RUN,1
1782238148.261479,engine_on_counter,0,0
1782238148.271908,gear_position,N,0
1782238148.271908,shift_lever_displaced,REST,0
1782238148.271908,shift_lever_failed,OK,0
1782238148.272153,rpm,0,0
1782238148.272153,throttle_position,0,0
1782238148.292039,kill_switch,RUN,1
1782238148.292039,engine_on_counter,0,0
1782238148.297642,gear_position,N,0
1782238148.297642,shift_lever_displaced,REST,0
1782238148.297642,shift_lever_failed,OK,0
1782238148.301001,coolant_temp,73.5,735
1782238148.301001,warmup_index,0,0
1782238148.301001,side_stand,UP,1
1782238148.301145,rpm,0,0
1782238148.301145,throttle_position,0,0
1782238148.301269,kill_switch,RUN,1
1782238148.301269,engine_on_counter,0,0
1782238148.311155,gear_position,N,0
1782238148.311155,shift_lever_displaced,REST,0
1782238148.311155,shift_lever_failed,OK,0
1782238148.311215,rpm,0,0
1782238148.311215,throttle_position,0,0
1782238148.328308,kill_switch,RUN,1
1782238148.328308,engine_on_counter,0,0
1782238148.341042,gear_position,N,0
1782238148.341042,shift_lever_displaced,REST,0
1782238148.341042,shift_lever_failed,OK,0
1782238148.341122,rpm,0,0
1782238148.341122,throttle_position,0,0
1782238148.341258,kill_switch,RUN,1
1782238148.341258,engine_on_counter,0,0
1782238148.359661,gear_position,N,0
1782238148.359661,shift_lever_displaced,REST,0
1782238148.359661,shift_lever_failed,OK,0
1782238148.359737,rpm,0,0
1782238148.359737,throttle_position,0,0
1782238148.370901,kill_switch,RUN,1
1782238148.370901,engine_on_counter,0,0
1782238148.371259,gear_position,N,0
1782238148.371259,shift_lever_displaced,REST,0
1782238148.371259,shift_lever_failed,OK,0
1782238148.371348,rpm,0,0
1782238148.371348,throttle_position,0,0
1782238148.388657,kill_switch,RUN,1
1782238148.388657,engine_on_counter,0,0
1782238148.399595,gear_position,N,0
1782238148.399595,shift_lever_displaced,REST,0
1782238148.399595,shift_lever_failed,OK,0
1782238148.399707,coolant_temp,73.5,735
1782238148.399707,warmup_index,0,0
1782238148.399707,side_stand,UP,1
1782238148.399935,rpm,0,0
1782238148.399935,throttle_position,0,0
1782238148.409953,kill_switch,RUN,1
1782238148.409953,engine_on_counter,0,0
1782238148.410554,gear_position,N,0
1782238148.410554,shift_lever_displaced,REST,0
1782238148.410554,shift_lever_failed,OK,0
1782238148.421544,rpm,0,0
1782238148.421544,throttle_position,0,0
1782238148.421799,kill_switch,RUN,1
1782238148.421799,engine_on_counter,0,0
1782238148.441280,gear_position,N,0
1782238148.441280,shift_lever_displaced,REST,0
1782238148.441280,shift_lever_failed,OK,0
1782238148.441526,rpm,0,0
1782238148.441526,throttle_position,0,0
1782238148.441964,kill_switch,RUN,1
1782238148.441964,engine_on_counter,0,0
1782238148.453526,gear_position,N,0
1782238148.453526,shift_lever_displaced,REST,0
1782238148.453526,shift_lever_failed,OK,0
1782238148.453616,rpm,0,0
1782238148.453616,throttle_position,0,0
1782238148.468658,kill_switch,RUN,1
1782238148.468658,engine_on_counter,0,0
1782238148.480950,gear_position,N,0
1782238148.480950,shift_lever_displaced,REST,0
1782238148.480950,shift_lever_failed,OK,0
1782238148.481092,rpm,0,0
1782238148.481092,throttle_position,0,0
1782238148.481445,kill_switch,RUN,1
1782238148.481445,engine_on_counter,0,0
1782238148.491104,gear_position,N,0
1782238148.491104,shift_lever_displaced,REST,0
1782238148.491104,shift_lever_failed,OK,0
1782238148.491212,coolant_temp,73.5,735
1782238148.491212,warmup_index,0,0
1782238148.491212,side_stand,UP,1
1782238148.491426,rpm,0,0
1782238148.491426,throttle_position,0,0
1782238148.508791,kill_switch,RUN,1
1782238148.508791,engine_on_counter,0,0
1782238148.521340,gear_position,N,0
1782238148.521340,shift_lever_displaced,REST,0
1782238148.521340,shift_lever_failed,OK,0
1782238148.521469,rpm,0,0
1782238148.521469,throttle_position,0,0
1782238148.521672,kill_switch,RUN,1
1782238148.521672,engine_on_counter,0,0
1782238148.546195,gear_position,N,0
1782238148.546195,shift_lever_displaced,REST,0
1782238148.546195,shift_lever_failed,OK,0
1782238148.550938,rpm,0,0
1782238148.550938,throttle_position,0,0
1782238148.551254,kill_switch,RUN,1
1782238148.551254,engine_on_counter,0,0
1782238148.551619,gear_position,N,0
1782238148.551619,shift_lever_displaced,REST,0
1782238148.551619,shift_lever_failed,OK,0
1782238148.568221,rpm,0,0
1782238148.568221,throttle_position,0,0
1782238148.568569,kill_switch,RUN,1
1782238148.568569,engine_on_counter,0,0
1782238148.583924,gear_position,N,0
1782238148.583924,shift_lever_displaced,REST,0
1782238148.583924,shift_lever_failed,OK,0
1782238148.584037,rpm,0,0
1782238148.584037,throttle_position,0,0
1782238148.584348,kill_switch,RUN,1
1782238148.584348,engine_on_counter,0,0
1782238148.590272,gear_position,N,0
1782238148.590272,shift_lever_displaced,REST,0
1782238148.590272,shift_lever_failed,OK,0
1782238148.590362,coolant_temp,73.5,735
1782238148.590362,warmup_index,0,0
1782238148.590362,side_stand,UP,1
1782238148.608304,rpm,0,0
1782238148.608304,throttle_position,0,0
1782238148.608545,kill_switch,RUN,1
1782238148.608545,engine_on_counter,0,0
1782238148.620956,gear_position,N,0
1782238148.620956,shift_lever_displaced,REST,0
1782238148.620956,shift_lever_failed,OK,0
1782238148.621066,rpm,0,0
1782238148.621066,throttle_position,0,0
1782238148.621282,kill_switch,RUN,1
1782238148.621282,engine_on_counter,0,0
1782238148.630638,gear_position,N,0
1782238148.630638,shift_lever_displaced,REST,0
1782238148.630638,shift_lever_failed,OK,0
1782238148.652335,rpm,0,0
1782238148.652335,throttle_position,0,0
1782238148.652805,kill_switch,RUN,1
1782238148.652805,engine_on_counter,0,0
1782238148.661002,gear_position,N,0
1782238148.661002,shift_lever_displaced,REST,0
1782238148.661002,shift_lever_failed,OK,0
1782238148.661217,rpm,0,0
1782238148.661217,throttle_position,0,0
1782238148.661758,kill_switch,RUN,1
1782238148.661758,engine_on_counter,0,0
1782238148.679926,gear_position,N,0
1782238148.679926,shift_lever_displaced,REST,0
1782238148.679926,shift_lever_failed,OK,0
1782238148.680048,rpm,0,0
1782238148.680048,throttle_position,0,0
1782238148.688809,kill_switch,RUN,1
1782238148.688809,engine_on_counter,0,0
1782238148.689305,gear_position,N,0
1782238148.689305,shift_lever_displaced,REST,0
1782238148.689305,shift_lever_failed,OK,0
1782238148.689425,coolant_temp,73.5,735
1782238148.689425,warmup_index,0,0
1782238148.689425,side_stand,UP,1
1782238148.701355,rpm,0,0
1782238148.701355,throttle_position,0,0
1782238148.701840,kill_switch,RUN,1
1782238148.701840,engine_on_counter,0,0
1782238148.720248,gear_position,N,0
1782238148.720248,shift_lever_displaced,REST,0
1782238148.720248,shift_lever_failed,OK,0
1782238148.720491,rpm,0,0
1782238148.720491,throttle_position,0,0
1782238148.728571,kill_switch,RUN,1
1782238148.728571,engine_on_counter,0,0
1782238148.751356,gear_position,N,0
1782238148.751356,shift_lever_displaced,REST,0
1782238148.751356,shift_lever_failed,OK,0
1782238148.751583,rpm,0,0
1782238148.751583,throttle_position,0,0
1782238148.751839,kill_switch,RUN,1
1782238148.751839,engine_on_counter,0,0
1782238148.760952,gear_position,N,0
1782238148.760952,shift_lever_displaced,REST,0
1782238148.760952,shift_lever_failed,OK,0
1782238148.761095,rpm,0,0
1782238148.761095,throttle_position,0,0
1782238148.761516,kill_switch,RUN,1
1782238148.761516,engine_on_counter,0,0
1782238148.771817,gear_position,N,0
1782238148.771817,shift_lever_displaced,REST,0
1782238148.771817,shift_lever_failed,OK,0
1782238148.772068,rpm,0,0
1782238148.772068,throttle_position,0,0
1782238148.798296,kill_switch,RUN,1
1782238148.798296,engine_on_counter,0,0
1782238148.798854,gear_position,N,0
1782238148.798854,shift_lever_displaced,REST,0
1782238148.798854,shift_lever_failed,OK,0
1782238148.798945,coolant_temp,73.5,735
1782238148.798945,warmup_index,0,0
1782238148.798945,side_stand,UP,1
1782238148.799165,rpm,0,0
1782238148.799165,throttle_position,0,0
1782238148.808399,kill_switch,RUN,1
1782238148.808399,engine_on_counter,0,0
1782238148.821125,gear_position,N,0
1782238148.821125,shift_lever_displaced,REST,0
1782238148.821125,shift_lever_failed,OK,0
1782238148.821223,rpm,0,0
1782238148.821223,throttle_position,0,0
1782238148.821404,kill_switch,RUN,1
1782238148.821404,engine_on_counter,0,0
1782238148.831261,gear_position,N,0
1782238148.831261,shift_lever_displaced,REST,0
1782238148.831261,shift_lever_failed,OK,0
1782238148.831367,rpm,0,0
1782238148.831367,throttle_position,0,0
1782238148.850068,kill_switch,RUN,1
1782238148.850068,engine_on_counter,0,0
1782238148.850432,gear_position,N,0
1782238148.850432,shift_lever_displaced,REST,0
1782238148.850432,shift_lever_failed,OK,0
1782238148.868377,rpm,0,0
1782238148.868377,throttle_position,0,0
1782238148.868757,kill_switch,RUN,1
1782238148.868757,engine_on_counter,0,0
1782238148.880913,gear_position,N,0
1782238148.880913,shift_lever_displaced,REST,0
1782238148.880913,shift_lever_failed,OK,0
1782238148.881053,rpm,0,0
1782238148.881053,throttle_position,0,0
1782238148.881529,kill_switch,RUN,1
1782238148.881529,engine_on_counter,0,0
1782238148.889403,gear_position,N,0
1782238148.889403,shift_lever_displaced,REST,0
1782238148.889403,shift_lever_failed,OK,0
1782238148.889516,coolant_temp,73.5,735
1782238148.889516,warmup_index,0,0
1782238148.889516,side_stand,UP,1
1782238148.903441,rpm,0,0
1782238148.903441,throttle_position,0,0
1782238148.903806,kill_switch,RUN,1
1782238148.903806,engine_on_counter,0,0
1782238148.921337,gear_position,N,0
1782238148.921337,shift_lever_displaced,REST,0
1782238148.921337,shift_lever_failed,OK,0
1782238148.921581,rpm,0,0
1782238148.921581,throttle_position,0,0
1782238148.922070,kill_switch,RUN,1
1782238148.922070,engine_on_counter,0,0
1782238148.931264,gear_position,N,0
1782238148.931264,shift_lever_displaced,REST,0
1782238148.931264,shift_lever_failed,OK,0
1782238148.952095,rpm,0,0
1782238148.952095,throttle_position,0,0
1782238148.952405,kill_switch,RUN,1
1782238148.952405,engine_on_counter,0,0
1782238148.960880,gear_position,N,0
1782238148.960880,shift_lever_displaced,REST,0
1782238148.960880,shift_lever_failed,OK,0
1782238148.961050,rpm,0,0
1782238148.961050,throttle_position,0,0
1782238148.961376,kill_switch,RUN,1
1782238148.961376,engine_on_counter,0,0
1782238148.971543,gear_position,N,0
1782238148.971543,shift_lever_displaced,REST,0
1782238148.971543,shift_lever_failed,OK,0
1782238148.971673,rpm,0,0
1782238148.971673,throttle_position,0,0
1782238148.989007,kill_switch,RUN,1
1782238148.989007,engine_on_counter,0,0
1782238148.989499,gear_position,N,0
1782238148.989499,shift_lever_displaced,REST,0
1782238148.989499,shift_lever_failed,OK,0
1782238149.001020,coolant_temp,73.5,735
1782238149.001020,warmup_index,0,0
1782238149.001020,side_stand,UP,1
1782238149.001565,rpm,0,0
1782238149.001565,throttle_position,0,0
1782238149.002062,kill_switch,RUN,1
1782238149.002062,engine_on_counter,0,0
1782238149.020088,gear_position,N,0
1782238149.020088,shift_lever_displaced,REST,0
1782238149.020088,shift_lever_failed,OK,0
1782238149.020202,rpm,0,0
1782238149.020202,throttle_position,0,0
1782238149.028701,kill_switch,RUN,1
1782238149.028701,engine_on_counter,0,0
1782238149.044194,gear_position,N,0
1782238149.044194,shift_lever_displaced,REST,0
1782238149.044194,shift_lever_failed,OK,0
1782238149.044298,rpm,0,0
1782238149.044298,throttle_position,0,0
1782238149.044490,kill_switch,RUN,1
1782238149.044490,engine_on_counter,0,0
1782238149.059764,gear_position,N,0
1782238149.059764,shift_lever_displaced,REST,0
1782238149.059764,shift_lever_failed,OK,0
1782238149.059854,rpm,0,0
1782238149.059854,throttle_position,0,0
1782238149.070865,kill_switch,RUN,1
1782238149.070865,engine_on_counter,0,0
1782238149.071301,gear_position,N,0
1782238149.071301,shift_lever_displaced,REST,0
1782238149.071301,shift_lever_failed,OK,0
1782238149.071411,rpm,0,0
1782238149.071411,throttle_position,0,0
1782238149.088845,kill_switch,RUN,1
1782238149.088845,engine_on_counter,0,0
1782238149.100912,gear_position,N,0
1782238149.100912,shift_lever_displaced,REST,0
1782238149.100912,shift_lever_failed,OK,0
1782238149.101112,coolant_temp,73.5,735
1782238149.101112,warmup_index,0,0
1782238149.101112,side_stand,UP,1
1782238149.101317,rpm,0,0
1782238149.101317,throttle_position,0,0
1782238149.101519,kill_switch,RUN,1
1782238149.101519,engine_on_counter,0,0
1782238149.110575,gear_position,N,0
1782238149.110575,shift_lever_displaced,REST,0
1782238149.110575,shift_lever_failed,OK,0
1782238149.121527,rpm,0,0
1782238149.121527,throttle_position,0,0
1782238149.121846,kill_switch,RUN,1
1782238149.121846,engine_on_counter,0,0
1782238149.141394,gear_position,N,0
1782238149.141394,shift_lever_displaced,REST,0
1782238149.141394,shift_lever_failed,OK,0
1782238149.141538,rpm,0,0
1782238149.141538,throttle_position,0,0
1782238149.141858,kill_switch,RUN,1
1782238149.141858,engine_on_counter,0,0
1782238149.153757,gear_position,N,0
1782238149.153757,shift_lever_displaced,REST,0
1782238149.153757,shift_lever_failed,OK,0
1782238149.153868,rpm,0,0
1782238149.153868,throttle_position,0,0
1782238149.170620,kill_switch,RUN,1
1782238149.170620,engine_on_counter,0,0
1782238149.171651,gear_position,N,0
1782238149.171651,shift_lever_displaced,REST,0
1782238149.171651,shift_lever_failed,OK,0
1782238149.188384,rpm,0,0
1782238149.188384,throttle_position,0,0
1782238149.188827,kill_switch,RUN,1
1782238149.188827,engine_on_counter,0,0
1782238149.191118,gear_position,N,0
1782238149.191118,shift_lever_displaced,REST,0
1782238149.191118,shift_lever_failed,OK,0
1782238149.191294,coolant_temp,73.5,735
1782238149.191294,warmup_index,0,0
1782238149.191294,side_stand,UP,1
1782238149.191641,rpm,0,0
1782238149.191641,throttle_position,0,0
1782238149.208671,kill_switch,RUN,1
1782238149.208671,engine_on_counter,0,0
1782238149.221304,gear_position,N,0
1782238149.221304,shift_lever_displaced,REST,0
1782238149.221304,shift_lever_failed,OK,0
1782238149.221426,rpm,0,0
1782238149.221426,throttle_position,0,0
1782238149.221622,kill_switch,RUN,1
1782238149.221622,engine_on_counter,0,0
1782238149.240062,gear_position,N,0
1782238149.240062,shift_lever_displaced,REST,0
1782238149.240062,shift_lever_failed,OK,0
1782238149.240159,rpm,0,0
1782238149.240159,throttle_position,0,0
1782238149.252519,kill_switch,RUN,1
1782238149.252519,engine_on_counter,0,0
1782238149.253095,gear_position,N,0
1782238149.253095,shift_lever_displaced,REST,0
1782238149.253095,shift_lever_failed,OK,0
1782238149.253233,rpm,0,0
1782238149.253233,throttle_position,0,0
1782238149.268935,kill_switch,RUN,1
1782238149.268935,engine_on_counter,0,0
1782238149.280921,gear_position,N,0
1782238149.280921,shift_lever_displaced,REST,0
1782238149.280921,shift_lever_failed,OK,0
1782238149.287442,rpm,0,0
1782238149.287442,throttle_position,0,0
1782238149.294499,kill_switch,RUN,1
1782238149.294499,engine_on_counter,0,0
1782238149.294666,gear_position,N,0
1782238149.294666,shift_lever_displaced,REST,0
1782238149.294666,shift_lever_failed,OK,0
1782238149.294706,coolant_temp,73.5,735
1782238149.294706,warmup_index,0,0
1782238149.294706,side_stand,UP,1
1782238149.308250,rpm,0,0
1782238149.308250,throttle_position,0,0
1782238149.308334,kill_switch,RUN,1
1782238149.308334,engine_on_counter,0,0
1782238149.321227,gear_position,N,0
1782238149.321227,shift_lever_displaced,REST,0
1782238149.321227,shift_lever_failed,OK,0
1782238149.321341,rpm,0,0
1782238149.321341,throttle_position,0,0
1782238149.321562,kill_switch,RUN,1
1782238149.321562,engine_on_counter,0,0
1782238149.331453,gear_position,N,0
1782238149.331453,shift_lever_displaced,REST,0
1782238149.331453,shift_lever_failed,OK,0
1782238149.331562,rpm,0,0
1782238149.331562,throttle_position,0,0
1782238149.351729,kill_switch,RUN,1
1782238149.351729,engine_on_counter,0,0
1782238149.361044,gear_position,N,0
1782238149.361044,shift_lever_displaced,REST,0
1782238149.361044,shift_lever_failed,OK,0
1782238149.361245,rpm,0,0
1782238149.361245,throttle_position,0,0
1782238149.361569,kill_switch,RUN,1
1782238149.361569,engine_on_counter,0,0
1782238149.380144,gear_position,N,0
1782238149.380144,shift_lever_displaced,REST,0
1782238149.380144,shift_lever_failed,OK,0
1782238149.380387,rpm,0,0
1782238149.380387,throttle_position,0,0
1782238149.389011,kill_switch,RUN,1
1782238149.389011,engine_on_counter,0,0
1782238149.389516,gear_position,N,0
1782238149.389516,shift_lever_displaced,REST,0
1782238149.389516,shift_lever_failed,OK,0
1782238149.389638,coolant_temp,73.5,735
1782238149.389638,warmup_index,0,0
1782238149.389638,side_stand,UP,1
1782238149.403702,rpm,0,0
1782238149.403702,throttle_position,0,0
1782238149.404188,kill_switch,RUN,1
1782238149.404188,engine_on_counter,0,0
1782238149.419904,gear_position,N,0
1782238149.419904,shift_lever_displaced,REST,0
1782238149.419904,shift_lever_failed,OK,0
1782238149.419993,rpm,0,0
1782238149.419993,throttle_position,0,0
1782238149.428565,kill_switch,RUN,1
1782238149.428565,engine_on_counter,0,0
1782238149.451737,gear_position,N,0
1782238149.451737,shift_lever_displaced,REST,0
1782238149.451737,shift_lever_failed,OK,0
1782238149.451924,rpm,0,0
1782238149.451924,throttle_position,0,0
1782238149.452151,kill_switch,RUN,1
1782238149.452151,engine_on_counter,0,0
1782238149.460846,gear_position,N,0
1782238149.460846,shift_lever_displaced,REST,0
1782238149.460846,shift_lever_failed,OK,0
1782238149.460958,rpm,0,0
1782238149.460958,throttle_position,0,0
1782238149.461282,kill_switch,RUN,1
1782238149.461282,engine_on_counter,0,0
1782238149.471554,gear_position,N,0
1782238149.471554,shift_lever_displaced,REST,0
1782238149.471554,shift_lever_failed,OK,0
1782238149.471692,rpm,0,0
1782238149.471692,throttle_position,0,0
1782238149.489163,kill_switch,RUN,1
1782238149.489163,engine_on_counter,0,0
1782238149.490134,gear_position,N,0
1782238149.490134,shift_lever_displaced,REST,0
1782238149.490134,shift_lever_failed,OK,0
1782238149.500786,coolant_temp,73.5,735
1782238149.500786,warmup_index,0,0
1782238149.500786,side_stand,UP,1
1782238149.501152,rpm,0,0
1782238149.501152,throttle_position,0,0
1782238149.501497,kill_switch,RUN,1
1782238149.501497,engine_on_counter,0,0
1782238149.511726,gear_position,N,0
1782238149.511726,shift_lever_displaced,REST,0
1782238149.511726,shift_lever_failed,OK,0
1782238149.511899,rpm,0,0
1782238149.511899,throttle_position,0,0
1782238149.528834,kill_switch,RUN,1
1782238149.528834,engine_on_counter,0,0
1782238149.543960,gear_position,N,0
1782238149.543960,shift_lever_displaced,REST,0
1782238149.543960,shift_lever_failed,OK,0
1782238149.544031,rpm,0,0
1782238149.544031,throttle_position,0,0
1782238149.544161,kill_switch,RUN,1
1782238149.544161,engine_on_counter,0,0
1782238149.559690,gear_position,N,0
1782238149.559690,shift_lever_displaced,REST,0
1782238149.559690,shift_lever_failed,OK,0
1782238149.559758,rpm,0,0
1782238149.559758,throttle_position,0,0
1782238149.570088,kill_switch,RUN,1
1782238149.570088,engine_on_counter,0,0
1782238149.570367,gear_position,N,0
1782238149.570367,shift_lever_displaced,REST,0
1782238149.570367,shift_lever_failed,OK,0
1782238149.588233,rpm,0,0
1782238149.588233,throttle_position,0,0
1782238149.588507,kill_switch,RUN,1
1782238149.588507,engine_on_counter,0,0
1782238149.599587,gear_position,N,0
1782238149.599587,shift_lever_displaced,REST,0
1782238149.599587,shift_lever_failed,OK,0
1782238149.599666,coolant_temp,73.5,735
1782238149.599666,warmup_index,0,0
1782238149.599666,side_stand,UP,1
1782238149.599830,rpm,0,0
1782238149.599830,throttle_position,0,0
1782238149.609985,kill_switch,RUN,1
1782238149.609985,engine_on_counter,0,0
1782238149.610442,gear_position,N,0
1782238149.610442,shift_lever_displaced,REST,0
1782238149.610442,shift_lever_failed,OK,0
1782238149.621519,rpm,0,0
1782238149.621519,throttle_position,0,0
1782238149.621707,kill_switch,RUN,1
1782238149.621707,engine_on_counter,0,0
1782238149.640932,gear_position,N,0
1782238149.640932,shift_lever_displaced,REST,0
1782238149.640932,shift_lever_failed,OK,0
1782238149.641038,rpm,0,0
1782238149.641038,throttle_position,0,0
1782238149.641249,kill_switch,RUN,1
1782238149.641249,engine_on_counter,0,0
1782238149.652151,gear_position,N,0
1782238149.652151,shift_lever_displaced,REST,0
1782238149.652151,shift_lever_failed,OK,0
1782238149.652251,rpm,0,0
1782238149.652251,throttle_position,0,0
1782238149.668868,kill_switch,RUN,1
1782238149.668868,engine_on_counter,0,0
1782238149.683193,gear_position,N,0
1782238149.683193,shift_lever_displaced,REST,0
1782238149.683193,shift_lever_failed,OK,0
1782238149.683561,rpm,0,0
1782238149.683561,throttle_position,0,0
1782238149.684010,kill_switch,RUN,1
1782238149.684010,engine_on_counter,0,0
1782238149.691222,gear_position,N,0
1782238149.691222,shift_lever_displaced,REST,0
1782238149.691222,shift_lever_failed,OK,0
1782238149.691402,coolant_temp,73.5,735
1782238149.691402,warmup_index,0,0
1782238149.691402,side_stand,UP,1
1782238149.691763,rpm,0,0
1782238149.691763,throttle_position,0,0
1782238149.708795,kill_switch,RUN,1
1782238149.708795,engine_on_counter,0,0
1782238149.721048,gear_position,N,0
1782238149.721048,shift_lever_displaced,REST,0
1782238149.721048,shift_lever_failed,OK,0
1782238149.721167,rpm,0,0
1782238149.721167,throttle_position,0,0
1782238149.721351,kill_switch,RUN,1
1782238149.721351,engine_on_counter,0,0
1782238149.731168,gear_position,N,0
1782238149.731168,shift_lever_displaced,REST,0
1782238149.731168,shift_lever_failed,OK,0
1782238149.731257,rpm,0,0
1782238149.731257,throttle_position,0,0
1782238149.750148,kill_switch,RUN,1
1782238149.750148,engine_on_counter,0,0
1782238149.750576,gear_position,N,0
1782238149.750576,shift_lever_displaced,REST,0
1782238149.750576,shift_lever_failed,OK,0
1782238149.768363,rpm,0,0
1782238149.768363,throttle_position,0,0
1782238149.768756,kill_switch,RUN,1
1782238149.768756,engine_on_counter,0,0
1782238149.780949,gear_position,N,0
1782238149.780949,shift_lever_displaced,REST,0
1782238149.780949,shift_lever_failed,OK,0
1782238149.781134,rpm,0,0
1782238149.781134,throttle_position,0,0
1782238149.790706,kill_switch,RUN,1
1782238149.790706,engine_on_counter,0,0
1782238149.792021,gear_position,N,0
1782238149.792021,shift_lever_displaced,REST,0
1782238149.792021,shift_lever_failed,OK,0
1782238149.792146,coolant_temp,73.5,735
1782238149.792146,warmup_index,0,0
1782238149.792146,side_stand,UP,1
1782238149.803300,rpm,0,0
1782238149.803300,throttle_position,0,0
1782238149.803467,kill_switch,RUN,1
1782238149.803467,engine_on_counter,0,0
1782238149.820948,gear_position,N,0
1782238149.820948,shift_lever_displaced,REST,0
1782238149.820948,shift_lever_failed,OK,0
1782238149.821038,rpm,0,0
1782238149.821038,throttle_position,0,0
1782238149.821219,kill_switch,RUN,1
1782238149.821219,engine_on_counter,0,0
1782238149.830529,gear_position,N,0
1782238149.830529,shift_lever_displaced,REST,0
1782238149.830529,shift_lever_failed,OK,0
1782238149.849471,rpm,0,0
1782238149.849471,throttle_position,0,0
1782238149.849675,kill_switch,RUN,1
1782238149.849675,engine_on_counter,0,0
1782238149.860978,gear_position,N,0
1782238149.860978,shift_lever_displaced,REST,0
1782238149.860978,shift_lever_failed,OK,0
1782238149.861092,rpm,0,0
1782238149.861092,throttle_position,0,0
1782238149.861414,kill_switch,RUN,1
1782238149.861414,engine_on_counter,0,0
1782238149.871498,gear_position,N,0
1782238149.871498,shift_lever_displaced,REST,0
1782238149.871498,shift_lever_failed,OK,0
1782238149.871610,rpm,0,0
1782238149.871610,throttle_position,0,0
1782238149.888966,kill_switch,RUN,1
1782238149.888966,engine_on_counter,0,0
1782238149.889401,gear_position,N,0
1782238149.889401,shift_lever_displaced,REST,0
1782238149.889401,shift_lever_failed,OK,0
1782238149.900806,coolant_temp,73.5,735
1782238149.900806,warmup_index,0,0
1782238149.900806,side_stand,UP,1
1782238149.901114,rpm,0,0
1782238149.901114,throttle_position,0,0
1782238149.901392,kill_switch,RUN,1
1782238149.901392,engine_on_counter,0,0
1782238149.919884,gear_position,N,0
1782238149.919884,shift_lever_displaced,REST,0
1782238149.919884,shift_lever_failed,OK,0
1782238149.919993,rpm,0,0
1782238149.919993,throttle_position,0,0
1782238149.928644,kill_switch,RUN,1
1782238149.928644,engine_on_counter,0,0
1782238149.950823,gear_position,N,0
1782238149.950823,shift_lever_displaced,REST,0
1782238149.950823,shift_lever_failed,OK,0
1782238149.951045,rpm,0,0
1782238149.951045,throttle_position,0,0
1782238149.951274,kill_switch,RUN,1
1782238149.951274,engine_on_counter,0,0
1782238149.959755,gear_position,N,0
1782238149.959755,shift_lever_displaced,REST,0
1782238149.959755,shift_lever_failed,OK,0
1782238149.959895,rpm,0,0
1782238149.959895,throttle_position,0,0
1782238149.970768,kill_switch,RUN,1
1782238149.970768,engine_on_counter,0,0
1782238149.971756,gear_position,N,0
1782238149.971756,shift_lever_displaced,REST,0
1782238149.971756,shift_lever_failed,OK,0
1782238149.971999,rpm,0,0
1782238149.971999,throttle_position,0,0
1782238149.989079,kill_switch,RUN,1
1782238149.989079,engine_on_counter,0,0
1782238150.000668,gear_position,N,0
1782238150.000668,shift_lever_displaced,REST,0
1782238150.000668,shift_lever_failed,OK,0
1782238150.000868,coolant_temp,73.5,735
1782238150.000868,warmup_index,0,0
1782238150.000868,side_stand,UP,1
1782238150.001321,rpm,0,0
1782238150.001321,throttle_position,0,0
1782238150.001810,kill_switch,RUN,1
1782238150.001810,engine_on_counter,0,0
1782238150.011705,gear_position,N,0
1782238150.011705,shift_lever_displaced,REST,0
1782238150.011705,shift_lever_failed,OK,0
1782238150.011883,rpm,0,0
1782238150.011883,throttle_position,0,0
1782238150.021706,kill_switch,RUN,1
1782238150.021706,engine_on_counter,0,0
1782238150.042784,gear_position,N,0
1782238150.042784,shift_lever_displaced,REST,0
1782238150.042784,shift_lever_failed,OK,0
1782238150.042858,rpm,0,0
1782238150.042858,throttle_position,0,0
1782238150.043011,kill_switch,RUN,1
1782238150.043011,engine_on_counter,0,0
1782238150.053427,gear_position,N,0
1782238150.053427,shift_lever_displaced,REST,0
1782238150.053427,shift_lever_failed,OK,0
1782238150.053504,rpm,0,0
1782238150.053504,throttle_position,0,0
1782238150.070140,kill_switch,RUN,1
1782238150.070140,engine_on_counter,0,0
1782238150.070449,gear_position,N,0
1782238150.070449,shift_lever_displaced,REST,0
1782238150.070449,shift_lever_failed,OK,0
1782238150.088375,rpm,0,0
1782238150.088375,throttle_position,0,0
1782238150.088617,kill_switch,RUN,1
1782238150.088617,engine_on_counter,0,0
1782238150.099634,gear_position,N,0
1782238150.099634,shift_lever_displaced,REST,0
1782238150.099634,shift_lever_failed,OK,0
1782238150.099724,coolant_temp,73.5,735
1782238150.099724,warmup_index,0,0
1782238150.099724,side_stand,UP,1
1782238150.099921,rpm,0,0
1782238150.099921,throttle_position,0,0
1782238150.108638,kill_switch,RUN,1
1782238150.108638,engine_on_counter,0,0
1782238150.121197,gear_position,N,0
1782238150.121197,shift_lever_displaced,REST,0
1782238150.121197,shift_lever_failed,OK,0
1782238150.121316,rpm,0,0
1782238150.121316,throttle_position,0,0
1782238150.121531,kill_switch,RUN,1
1782238150.121531,engine_on_counter,0,0
1782238150.140014,gear_position,N,0
1782238150.140014,shift_lever_displaced,REST,0
1782238150.140014,shift_lever_failed,OK,0
1782238150.140135,rpm,0,0
1782238150.140135,throttle_position,0,0
1782238150.152226,kill_switch,RUN,1
1782238150.152226,engine_on_counter,0,0
1782238150.152737,gear_position,N,0
1782238150.152737,shift_lever_displaced,REST,0
1782238150.152737,shift_lever_failed,OK,0
1782238150.152851,rpm,0,0
1782238150.152851,throttle_position,0,0
1782238150.169020,kill_switch,RUN,1
1782238150.169020,engine_on_counter,0,0
1782238150.180694,gear_position,N,0
1782238150.180694,shift_lever_displaced,REST,0
1782238150.180694,shift_lever_failed,OK,0
1782238150.180860,rpm,0,0
1782238150.180860,throttle_position,0,0
1782238150.185220,kill_switch,RUN,1
1782238150.185220,engine_on_counter,0,0
1782238150.190517,gear_position,N,0
1782238150.190517,shift_lever_displaced,REST,0
1782238150.190517,shift_lever_failed,OK,0
1782238150.190634,coolant_temp,73.5,735
1782238150.190634,warmup_index,0,0
1782238150.190634,side_stand,UP,1
1782238150.208307,rpm,0,0
1782238150.208307,throttle_position,0,0
1782238150.208697,kill_switch,RUN,1
1782238150.208697,engine_on_counter,0,0
1782238150.221086,gear_position,N,0
1782238150.221086,shift_lever_displaced,REST,0
1782238150.221086,shift_lever_failed,OK,0
1782238150.221192,rpm,0,0
1782238150.221192,throttle_position,0,0
1782238150.221458,kill_switch,RUN,1
1782238150.221458,engine_on_counter,0,0
1782238150.231342,gear_position,N,0
1782238150.231342,shift_lever_displaced,REST,0
1782238150.231342,shift_lever_failed,OK,0
1782238150.231482,rpm,0,0
1782238150.231482,throttle_position,0,0
1782238150.251841,kill_switch,RUN,1
1782238150.251841,engine_on_counter,0,0
1782238150.252334,gear_position,N,0
1782238150.252334,shift_lever_displaced,REST,0
1782238150.252334,shift_lever_failed,OK,0
1782238150.261004,rpm,0,0
1782238150.261004,throttle_position,0,0
1782238150.261435,kill_switch,RUN,1
1782238150.261435,engine_on_counter,0,0
1782238150.280086,gear_position,N,0
1782238150.280086,shift_lever_displaced,REST,0
1782238150.280086,shift_lever_failed,OK,0
1782238150.280336,rpm,0,0
1782238150.280336,throttle_position,0,0
1782238150.291251,kill_switch,RUN,1
1782238150.291251,engine_on_counter,0,0
1782238150.296719,gear_position,N,0
1782238150.296719,shift_lever_displaced,REST,0
1782238150.296719,shift_lever_failed,OK,0
1782238150.296783,coolant_temp,73.5,735
1782238150.296783,warmup_index,0,0
1782238150.296783,side_stand,UP,1
1782238150.303316,rpm,0,0
1782238150.303316,throttle_position,0,0
1782238150.303443,kill_switch,RUN,1
1782238150.303443,engine_on_counter,0,0
1782238150.320893,gear_position,N,0
1782238150.320893,shift_lever_displaced,REST,0
1782238150.320893,shift_lever_failed,OK,0
1782238150.320963,rpm,0,0
1782238150.320963,throttle_position,0,0
1782238150.321103,kill_switch,RUN,1
1782238150.321103,engine_on_counter,0,0
1782238150.349141,gear_position,N,0
1782238150.349141,shift_lever_displaced,REST,0
1782238150.349141,shift_lever_failed,OK,0
1782238150.349235,rpm,0,0
1782238150.349235,throttle_position,0,0
1782238150.349400,kill_switch,RUN,1
1782238150.349400,engine_on_counter,0,0
1782238150.360725,gear_position,N,0
1782238150.360725,shift_lever_displaced,REST,0
1782238150.360725,shift_lever_failed,OK,0
1782238150.360805,rpm,0,0
1782238150.360805,throttle_position,0,0
1782238150.361038,kill_switch,RUN,1
1782238150.361038,engine_on_counter,0,0
1782238150.371252,gear_position,N,0
1782238150.371252,shift_lever_displaced,REST,0
1782238150.371252,shift_lever_failed,OK,0
1782238150.371331,rpm,0,0
1782238150.371331,throttle_position,0,0
1782238150.388963,kill_switch,RUN,1
1782238150.388963,engine_on_counter,0,0
1782238150.389321,gear_position,N,0
1782238150.389321,shift_lever_displaced,REST,0
1782238150.389321,shift_lever_failed,OK,0
1782238150.400889,coolant_temp,73.5,735
1782238150.400889,warmup_index,0,0
1782238150.400889,side_stand,UP,1
1782238150.401074,rpm,0,0
1782238150.401074,throttle_position,0,0
1782238150.401252,kill_switch,RUN,1
1782238150.401252,engine_on_counter,0,0
1782238150.411213,gear_position,N,0
1782238150.411213,shift_lever_displaced,REST,0
1782238150.411213,shift_lever_failed,OK,0
1782238150.411318,rpm,0,0
1782238150.411318,throttle_position,0,0
1782238150.428596,kill_switch,RUN,1
1782238150.428596,engine_on_counter,0,0
1782238150.440992,gear_position,N,0
1782238150.440992,shift_lever_displaced,REST,0
1782238150.440992,shift_lever_failed,OK,0
1782238150.441119,rpm,0,0
1782238150.441119,throttle_position,0,0
1782238150.441363,kill_switch,RUN,1
1782238150.441363,engine_on_counter,0,0
1782238150.459831,gear_position,N,0
1782238150.459831,shift_lever_displaced,REST,0
1782238150.459831,shift_lever_failed,OK,0
1782238150.459970,rpm,0,0
1782238150.459970,throttle_position,0,0
1782238150.470867,kill_switch,RUN,1
1782238150.470867,engine_on_counter,0,0
1782238150.471865,gear_position,N,0
1782238150.471865,shift_lever_displaced,REST,0
1782238150.471865,shift_lever_failed,OK,0
1782238150.472111,rpm,0,0
1782238150.472111,throttle_position,0,0
1782238150.489024,kill_switch,RUN,1
1782238150.489024,engine_on_counter,0,0
1782238150.499712,gear_position,N,0
1782238150.499712,shift_lever_displaced,REST,0
1782238150.499712,shift_lever_failed,OK,0
1782238150.499920,coolant_temp,73.5,735
1782238150.499920,warmup_index,0,0
1782238150.499920,side_stand,UP,1
1782238150.500292,rpm,0,0
1782238150.500292,throttle_position,0,0
1782238150.510112,kill_switch,RUN,1
1782238150.510112,engine_on_counter,0,0
1782238150.511404,gear_position,N,0
1782238150.511404,shift_lever_displaced,REST,0
1782238150.511404,shift_lever_failed,OK,0
1782238150.521478,rpm,0,0
1782238150.521478,throttle_position,0,0
1782238150.521723,kill_switch,RUN,1
1782238150.521723,engine_on_counter,0,0
1782238150.544335,gear_position,N,0
1782238150.544335,shift_lever_displaced,REST,0
1782238150.544335,shift_lever_failed,OK,0
1782238150.544432,rpm,0,0
1782238150.544432,throttle_position,0,0
1782238150.544620,kill_switch,RUN,1
1782238150.544620,engine_on_counter,0,0
1782238150.553492,gear_position,N,0
1782238150.553492,shift_lever_displaced,REST,0
1782238150.553492,shift_lever_failed,OK,0
1782238150.553583,rpm,0,0
1782238150.553583,throttle_position,0,0
1782238150.568803,kill_switch,RUN,1
1782238150.568803,engine_on_counter,0,0
1782238150.580796,gear_position,N,0
1782238150.580796,shift_lever_displaced,REST,0
1782238150.580796,shift_lever_failed,OK,0
1782238150.580910,rpm,0,0
1782238150.580910,throttle_position,0,0
1782238150.581236,kill_switch,RUN,1
1782238150.581236,engine_on_counter,0,0
1782238150.590981,gear_position,N,0
1782238150.590981,shift_lever_displaced,REST,0
1782238150.590981,shift_lever_failed,OK,0
1782238150.591088,coolant_temp,73.5,735
1782238150.591088,warmup_index,0,0
1782238150.591088,side_stand,UP,1
1782238150.591303,rpm,0,0
1782238150.591303,throttle_position,0,0
1782238150.608945,kill_switch,RUN,1
1782238150.608945,engine_on_counter,0,0
1782238150.621216,gear_position,N,0
1782238150.621216,shift_lever_displaced,REST,0
1782238150.621216,shift_lever_failed,OK,0
1782238150.621364,rpm,0,0
1782238150.621364,throttle_position,0,0
1782238150.621603,kill_switch,RUN,1
1782238150.621603,engine_on_counter,0,0
1782238150.631453,gear_position,N,0
1782238150.631453,shift_lever_displaced,REST,0
1782238150.631453,shift_lever_failed,OK,0
1782238150.631639,rpm,0,0
1782238150.631639,throttle_position,0,0
1782238150.652013,kill_switch,RUN,1
1782238150.652013,engine_on_counter,0,0
1782238150.652593,gear_position,N,0
1782238150.652593,shift_lever_displaced,REST,0
1782238150.652593,shift_lever_failed,OK,0
1782238150.668581,rpm,0,0
1782238150.668581,throttle_position,0,0
1782238150.669352,kill_switch,RUN,1
1782238150.669352,engine_on_counter,0,0
1782238150.680801,gear_position,N,0
1782238150.680801,shift_lever_displaced,REST,0
1782238150.680801,shift_lever_failed,OK,0
1782238150.681049,rpm,0,0
1782238150.681049,throttle_position,0,0
1782238150.688191,kill_switch,RUN,1
1782238150.688191,engine_on_counter,0,0
1782238150.690408,gear_position,N,0
1782238150.690408,shift_lever_displaced,REST,0
1782238150.690408,shift_lever_failed,OK,0
1782238150.690476,coolant_temp,73.5,735
1782238150.690476,warmup_index,0,0
1782238150.690476,side_stand,UP,1
1782238150.708418,rpm,0,0
1782238150.708418,throttle_position,0,0
1782238150.708580,kill_switch,RUN,1
1782238150.708580,engine_on_counter,0,0
1782238150.720837,gear_position,N,0
1782238150.720837,shift_lever_displaced,REST,0
1782238150.720837,shift_lever_failed,OK,0
1782238150.720915,rpm,0,0
1782238150.720915,throttle_position,0,0
1782238150.721069,kill_switch,RUN,1
1782238150.721069,engine_on_counter,0,0
1782238150.730604,gear_position,N,0
1782238150.730604,shift_lever_displaced,REST,0
1782238150.730604,shift_lever_failed,OK,0
1782238150.749402,rpm,0,0
1782238150.749402,throttle_position,0,0
1782238150.749594,kill_switch,RUN,1
1782238150.749594,engine_on_counter,0,0
1782238150.760925,gear_position,N,0
1782238150.760925,shift_lever_displaced,REST,0
1782238150.760925,shift_lever_failed,OK,0
1782238150.761036,rpm,0,0
1782238150.761036,throttle_position,0,0
1782238150.761356,kill_switch,RUN,1
1782238150.761356,engine_on_counter,0,0
1782238150.779968,gear_position,N,0
1782238150.779968,shift_lever_displaced,REST,0
1782238150.779968,shift_lever_failed,OK,0
1782238150.780113,rpm,0,0
1782238150.780113,throttle_position,0,0
1782238150.790663,kill_switch,RUN,1
1782238150.790663,engine_on_counter,0,0
1782238150.791278,gear_position,N,0
1782238150.791278,shift_lever_displaced,REST,0
1782238150.791278,shift_lever_failed,OK,0
1782238150.801552,coolant_temp,73.5,735
1782238150.801552,warmup_index,0,0
1782238150.801552,side_stand,UP,1
1782238150.802035,rpm,0,0
1782238150.802035,throttle_position,0,0
1782238150.810082,kill_switch,RUN,1
1782238150.810082,engine_on_counter,0,0
1782238150.810467,gear_position,N,0
1782238150.810467,shift_lever_displaced,REST,0
1782238150.810467,shift_lever_failed,OK,0
1782238150.821233,rpm,0,0
1782238150.821233,throttle_position,0,0
1782238150.821418,kill_switch,RUN,1
1782238150.821418,engine_on_counter,0,0
1782238150.839704,gear_position,N,0
1782238150.839704,shift_lever_displaced,REST,0
1782238150.839704,shift_lever_failed,OK,0
1782238150.839791,rpm,0,0
1782238150.839791,throttle_position,0,0
1782238150.850754,kill_switch,RUN,1
1782238150.850754,engine_on_counter,0,0
1782238150.851124,gear_position,N,0
1782238150.851124,shift_lever_displaced,REST,0
1782238150.851124,shift_lever_failed,OK,0
1782238150.851211,rpm,0,0
1782238150.851211,throttle_position,0,0
1782238150.868848,kill_switch,RUN,1
1782238150.868848,engine_on_counter,0,0
1782238150.880900,gear_position,N,0
1782238150.880900,shift_lever_displaced,REST,0
1782238150.880900,shift_lever_failed,OK,0
1782238150.881090,rpm,0,0
1782238150.881090,throttle_position,0,0
1782238150.881472,kill_switch,RUN,1
1782238150.881472,engine_on_counter,0,0
1782238150.891044,gear_position,N,0
1782238150.891044,shift_lever_displaced,REST,0
1782238150.891044,shift_lever_failed,OK,0
1782238150.891150,coolant_temp,73.5,735
1782238150.891150,warmup_index,0,0
1782238150.891150,side_stand,UP,1
1782238150.891360,rpm,0,0
1782238150.891360,throttle_position,0,0
1782238150.908672,kill_switch,RUN,1
1782238150.908672,engine_on_counter,0,0
1782238150.921171,gear_position,N,0
1782238150.921171,shift_lever_displaced,REST,0
1782238150.921171,shift_lever_failed,OK,0
1782238150.921427,rpm,0,0
1782238150.921427,throttle_position,0,0
1782238150.921905,kill_switch,RUN,1
1782238150.921905,engine_on_counter,0,0
1782238150.931828,gear_position,N,0
1782238150.931828,shift_lever_displaced,REST,0
1782238150.931828,shift_lever_failed,OK,0
1782238150.932075,rpm,0,0
1782238150.932075,throttle_position,0,0
1782238150.951403,kill_switch,RUN,1
1782238150.951403,engine_on_counter,0,0
1782238150.951975,gear_position,N,0
1782238150.951975,shift_lever_displaced,REST,0
1782238150.951975,shift_lever_failed,OK,0
1782238150.968541,rpm,0,0
1782238150.968541,throttle_position,0,0
1782238150.969298,kill_switch,RUN,1
1782238150.969298,engine_on_counter,0,0
1782238150.979942,gear_position,N,0
1782238150.979942,shift_lever_displaced,REST,0
1782238150.979942,shift_lever_failed,OK,0
1782238150.980183,rpm,0,0
1782238150.980183,throttle_position,0,0
1782238150.980900,kill_switch,RUN,1
1782238150.980900,engine_on_counter,0,0
1782238150.990075,gear_position,N,0
1782238150.990075,shift_lever_displaced,REST,0
1782238150.990075,shift_lever_failed,OK,0
1782238150.990313,coolant_temp,73.5,735
1782238150.990313,warmup_index,0,0
1782238150.990313,side_stand,UP,1
1782238151.003474,rpm,0,0
1782238151.003474,throttle_position,0,0
1782238151.003962,kill_switch,RUN,1
1782238151.003962,engine_on_counter,0,0
1782238151.020981,gear_position,N,0
1782238151.020981,shift_lever_displaced,REST,0
1782238151.020981,shift_lever_failed,OK,0
1782238151.021119,rpm,0,0
1782238151.021119,throttle_position,0,0
1782238151.021403,kill_switch,RUN,1
1782238151.021403,engine_on_counter,0,0
1782238151.045920,gear_position,N,0
1782238151.045920,shift_lever_displaced,REST,0
1782238151.045920,shift_lever_failed,OK,0
1782238151.048868,rpm,0,0
1782238151.048868,throttle_position,0,0
1782238151.049056,kill_switch,RUN,1
1782238151.049056,engine_on_counter,0,0
1782238151.060660,gear_position,N,0
1782238151.060660,shift_lever_displaced,REST,0
1782238151.060660,shift_lever_failed,OK,0
1782238151.060752,rpm,0,0
1782238151.060752,throttle_position,0,0
1782238151.061015,kill_switch,RUN,1
1782238151.061015,engine_on_counter,0,0
1782238151.071266,gear_position,N,0
1782238151.071266,shift_lever_displaced,REST,0
1782238151.071266,shift_lever_failed,OK,0
1782238151.071370,rpm,0,0
1782238151.071370,throttle_position,0,0
1782238151.088989,kill_switch,RUN,1
1782238151.088989,engine_on_counter,0,0
1782238151.089344,gear_position,N,0
1782238151.089344,shift_lever_displaced,REST,0
1782238151.089344,shift_lever_failed,OK,0
1782238151.100836,coolant_temp,73.5,735
1782238151.100836,warmup_index,0,0
1782238151.100836,side_stand,UP,1
1782238151.101053,rpm,0,0
1782238151.101053,throttle_position,0,0
1782238151.101264,kill_switch,RUN,1
1782238151.101264,engine_on_counter,0,0
1782238151.119946,gear_position,N,0
1782238151.119946,shift_lever_displaced,REST,0
1782238151.119946,shift_lever_failed,OK,0
1782238151.120046,rpm,0,0
1782238151.120046,throttle_position,0,0
1782238151.128468,kill_switch,RUN,1
1782238151.128468,engine_on_counter,0,0
1782238151.141025,gear_position,N,0
1782238151.141025,shift_lever_displaced,REST,0
1782238151.141025,shift_lever_failed,OK,0
1782238151.141314,rpm,0,0
1782238151.141314,throttle_position,0,0
1782238151.141732,kill_switch,RUN,1
1782238151.141732,engine_on_counter,0,0
1782238151.159837,gear_position,N,0
1782238151.159837,shift_lever_displaced,REST,0
1782238151.159837,shift_lever_failed,OK,0
1782238151.159982,rpm,0,0
1782238151.159982,throttle_position,0,0
1782238151.170759,kill_switch,RUN,1
1782238151.170759,engine_on_counter,0,0
1782238151.171812,gear_position,N,0
1782238151.171812,shift_lever_displaced,REST,0
1782238151.171812,shift_lever_failed,OK,0
1782238151.172065,rpm,0,0
1782238151.172065,throttle_position,0,0
1782238151.189242,kill_switch,RUN,1
1782238151.189242,engine_on_counter,0,0
1782238151.200699,gear_position,N,0
1782238151.200699,shift_lever_displaced,REST,0
1782238151.200699,shift_lever_failed,OK,0
1782238151.200956,coolant_temp,73.5,735
1782238151.200956,warmup_index,0,0
1782238151.200956,side_stand,UP,1
1782238151.201445,rpm,0,0
1782238151.201445,throttle_position,0,0
1782238151.201927,kill_switch,RUN,1
1782238151.201927,engine_on_counter,0,0
1782238151.211340,gear_position,N,0
1782238151.211340,shift_lever_displaced,REST,0
1782238151.211340,shift_lever_failed,OK,0
1782238151.221370,rpm,0,0
1782238151.221370,throttle_position,0,0
1782238151.221581,kill_switch,RUN,1
1782238151.221581,engine_on_counter,0,0
1782238151.240787,gear_position,N,0
1782238151.240787,shift_lever_displaced,REST,0
1782238151.240787,shift_lever_failed,OK,0
1782238151.240892,rpm,0,0
1782238151.240892,throttle_position,0,0
1782238151.241105,kill_switch,RUN,1
1782238151.241105,engine_on_counter,0,0
1782238151.253516,gear_position,N,0
1782238151.253516,shift_lever_displaced,REST,0
1782238151.253516,shift_lever_failed,OK,0
1782238151.253622,rpm,0,0
1782238151.253622,throttle_position,0,0
1782238151.270442,kill_switch,RUN,1
1782238151.270442,engine_on_counter,0,0
1782238151.271011,gear_position,N,0
1782238151.271011,shift_lever_displaced,REST,0
1782238151.271011,shift_lever_failed,OK,0
1782238151.280957,rpm,0,0
1782238151.280957,throttle_position,0,0
1782238151.289876,kill_switch,RUN,1
1782238151.289876,engine_on_counter,0,0
1782238151.295757,gear_position,N,0
1782238151.295757,shift_lever_displaced,REST,0
1782238151.295757,shift_lever_failed,OK,0
1782238151.295826,coolant_temp,73.5,735
1782238151.295826,warmup_index,0,0
1782238151.295826,side_stand,UP,1
1782238151.295956,rpm,0,0
1782238151.295956,throttle_position,0,0
1782238151.308718,kill_switch,RUN,1
1782238151.308718,engine_on_counter,0,0
1782238151.321183,gear_position,N,0
1782238151.321183,shift_lever_displaced,REST,0
1782238151.321183,shift_lever_failed,OK,0
1782238151.321272,rpm,0,0
1782238151.321272,throttle_position,0,0
1782238151.321424,kill_switch,RUN,1
1782238151.321424,engine_on_counter,0,0
1782238151.339753,gear_position,N,0
1782238151.339753,shift_lever_displaced,REST,0
1782238151.339753,shift_lever_failed,OK,0
1782238151.339829,rpm,0,0
1782238151.339829,throttle_position,0,0
1782238151.350761,kill_switch,RUN,1
1782238151.350761,engine_on_counter,0,0
1782238151.351117,gear_position,N,0
1782238151.351117,shift_lever_displaced,REST,0
1782238151.351117,shift_lever_failed,OK,0
1782238151.351204,rpm,0,0
1782238151.351204,throttle_position,0,0
1782238151.368696,kill_switch,RUN,1
1782238151.368696,engine_on_counter,0,0
1782238151.380657,gear_position,N,0
1782238151.380657,shift_lever_displaced,REST,0
1782238151.380657,shift_lever_failed,OK,0
1782238151.380762,rpm,0,0
1782238151.380762,throttle_position,0,0
1782238151.381076,kill_switch,RUN,1
1782238151.381076,engine_on_counter,0,0
1782238151.390527,gear_position,N,0
1782238151.390527,shift_lever_displaced,REST,0
1782238151.390527,shift_lever_failed,OK,0
1782238151.390633,coolant_temp,73.5,735
1782238151.390633,warmup_index,0,0
1782238151.390633,side_stand,UP,1
1782238151.408564,rpm,0,0
1782238151.408564,throttle_position,0,0
1782238151.408923,kill_switch,RUN,1
1782238151.408923,engine_on_counter,0,0
1782238151.421089,gear_position,N,0
1782238151.421089,shift_lever_displaced,REST,0
1782238151.421089,shift_lever_failed,OK,0
1782238151.421231,rpm,0,0
1782238151.421231,throttle_position,0,0
1782238151.421509,kill_switch,RUN,1
1782238151.421509,engine_on_counter,0,0
1782238151.431445,gear_position,N,0
1782238151.431445,shift_lever_displaced,REST,0
1782238151.431445,shift_lever_failed,OK,0
1782238151.431689,rpm,0,0
1782238151.431689,throttle_position,0,0
1782238151.452181,kill_switch,RUN,1
1782238151.452181,engine_on_counter,0,0
1782238151.460837,gear_position,N,0
1782238151.460837,shift_lever_displaced,REST,0
1782238151.460837,shift_lever_failed,OK,0
1782238151.461108,rpm,0,0
1782238151.461108,throttle_position,0,0
1782238151.461846,kill_switch,RUN,1
1782238151.461846,engine_on_counter,0,0
1782238151.480117,gear_position,N,0
1782238151.480117,shift_lever_displaced,REST,0
1782238151.480117,shift_lever_failed,OK,0
1782238151.480369,rpm,0,0
1782238151.480369,throttle_position,0,0
1782238151.489191,kill_switch,RUN,1
1782238151.489191,engine_on_counter,0,0
1782238151.489463,gear_position,N,0
1782238151.489463,shift_lever_displaced,REST,0
1782238151.489463,shift_lever_failed,OK,0
1782238151.489528,coolant_temp,73.5,735
1782238151.489528,warmup_index,0,0
1782238151.489528,side_stand,UP,1
1782238151.503337,rpm,0,0
1782238151.503337,throttle_position,0,0
1782238151.503478,kill_switch,RUN,1
1782238151.503478,engine_on_counter,0,0
1782238151.519735,gear_position,N,0
1782238151.519735,shift_lever_displaced,REST,0
1782238151.519735,shift_lever_failed,OK,0
1782238151.519813,rpm,0,0
1782238151.519813,throttle_position,0,0
1782238151.528670,kill_switch,RUN,1
1782238151.528670,engine_on_counter,0,0
1782238151.549104,gear_position,N,0
1782238151.549104,shift_lever_displaced,REST,0
1782238151.549104,shift_lever_failed,OK,0
1782238151.549248,rpm,0,0
1782238151.549248,throttle_position,0,0
1782238151.549425,kill_switch,RUN,1
1782238151.549425,engine_on_counter,0,0
1782238151.560637,gear_position,N,0
1782238151.560637,shift_lever_displaced,REST,0
1782238151.560637,shift_lever_failed,OK,0
1782238151.560713,rpm,0,0
1782238151.560713,throttle_position,0,0
1782238151.560945,kill_switch,RUN,1
1782238151.560945,engine_on_counter,0,0
1782238151.571254,gear_position,N,0
1782238151.571254,shift_lever_displaced,REST,0
1782238151.571254,shift_lever_failed,OK,0
1782238151.571342,rpm,0,0
1782238151.571342,throttle_position,0,0
1782238151.588825,kill_switch,RUN,1
1782238151.588825,engine_on_counter,0,0
1782238151.589136,gear_position,N,0
1782238151.589136,shift_lever_displaced,REST,0
1782238151.589136,shift_lever_failed,OK,0
1782238151.600580,coolant_temp,73.5,735
1782238151.600580,warmup_index,0,0
1782238151.600580,side_stand,UP,1
1782238151.600761,rpm,0,0
1782238151.600761,throttle_position,0,0
1782238151.600935,kill_switch,RUN,1
1782238151.600935,engine_on_counter,0,0
1782238151.611108,gear_position,N,0
1782238151.611108,shift_lever_displaced,REST,0
1782238151.611108,shift_lever_failed,OK,0
1782238151.611195,rpm,0,0
1782238151.611195,throttle_position,0,0
1782238151.628681,kill_switch,RUN,1
1782238151.628681,engine_on_counter,0,0
1782238151.640956,gear_position,N,0
1782238151.640956,shift_lever_displaced,REST,0
1782238151.640956,shift_lever_failed,OK,0
1782238151.641081,rpm,0,0
1782238151.641081,throttle_position,0,0
1782238151.641336,kill_switch,RUN,1
1782238151.641336,engine_on_counter,0,0
1782238151.659973,gear_position,N,0
1782238151.659973,shift_lever_displaced,REST,0
1782238151.659973,shift_lever_failed,OK,0
1782238151.660149,rpm,0,0
1782238151.660149,throttle_position,0,0
1782238151.670320,kill_switch,RUN,1
1782238151.670320,engine_on_counter,0,0
1782238151.671357,gear_position,N,0
1782238151.671357,shift_lever_displaced,REST,0
1782238151.671357,shift_lever_failed,OK,0
1782238151.688404,rpm,0,0
1782238151.688404,throttle_position,0,0
1782238151.689164,kill_switch,RUN,1
1782238151.689164,engine_on_counter,0,0
1782238151.699747,gear_position,N,0
1782238151.699747,shift_lever_displaced,REST,0
1782238151.699747,shift_lever_failed,OK,0
1782238151.699993,coolant_temp,73.5,735
1782238151.699993,warmup_index,0,0
1782238151.699993,side_stand,UP,1
1782238151.700484,rpm,0,0
1782238151.700484,throttle_position,0,0
1782238151.710195,kill_switch,RUN,1
1782238151.710195,engine_on_counter,0,0
1782238151.711425,gear_position,N,0
1782238151.711425,shift_lever_displaced,REST,0
1782238151.711425,shift_lever_failed,OK,0
1782238151.721387,rpm,0,0
1782238151.721387,throttle_position,0,0
1782238151.721590,kill_switch,RUN,1
1782238151.721590,engine_on_counter,0,0
1782238151.739725,gear_position,N,0
1782238151.739725,shift_lever_displaced,REST,0
1782238151.739725,shift_lever_failed,OK,0
1782238151.739815,rpm,0,0
1782238151.739815,throttle_position,0,0
1782238151.739996,kill_switch,RUN,1
1782238151.739996,engine_on_counter,0,0
1782238151.751083,gear_position,N,0
1782238151.751083,shift_lever_displaced,REST,0
1782238151.751083,shift_lever_failed,OK,0
1782238151.751188,rpm,0,0
1782238151.751188,throttle_position,0,0
1782238151.768989,kill_switch,RUN,1
1782238151.768989,engine_on_counter,0,0
1782238151.780828,gear_position,N,0
1782238151.780828,shift_lever_displaced,REST,0
1782238151.780828,shift_lever_failed,OK,0
1782238151.781101,rpm,0,0
1782238151.781101,throttle_position,0,0
1782238151.789695,kill_switch,RUN,1
1782238151.789695,engine_on_counter,0,0
1782238151.797253,gear_position,N,0
1782238151.797253,shift_lever_displaced,REST,0
1782238151.797253,shift_lever_failed,OK,0
1782238151.797339,coolant_temp,73.5,735
1782238151.797339,warmup_index,0,0
1782238151.797339,side_stand,UP,1
1782238151.797496,rpm,0,0
1782238151.797496,throttle_position,0,0
1782238151.809014,kill_switch,RUN,1
1782238151.809014,engine_on_counter,0,0
1782238151.820952,gear_position,N,0
1782238151.820952,shift_lever_displaced,REST,0
1782238151.820952,shift_lever_failed,OK,0
1782238151.821071,rpm,0,0
1782238151.821071,throttle_position,0,0
1782238151.821254,kill_switch,RUN,1
1782238151.821254,engine_on_counter,0,0
1782238151.831077,gear_position,N,0
1782238151.831077,shift_lever_displaced,REST,0
1782238151.831077,shift_lever_failed,OK,0
1782238151.831166,rpm,0,0
1782238151.831166,throttle_position,0,0
1782238151.850312,kill_switch,RUN,1
1782238151.850312,engine_on_counter,0,0
1782238151.850674,gear_position,N,0
1782238151.850674,shift_lever_displaced,REST,0
1782238151.850674,shift_lever_failed,OK,0
1782238151.868496,rpm,0,0
1782238151.868496,throttle_position,0,0
1782238151.868863,kill_switch,RUN,1
1782238151.868863,engine_on_counter,0,0
1782238151.880704,gear_position,N,0
1782238151.880704,shift_lever_displaced,REST,0
1782238151.880704,shift_lever_failed,OK,0
1782238151.880831,rpm,0,0
1782238151.880831,throttle_position,0,0
1782238151.881195,kill_switch,RUN,1
1782238151.881195,engine_on_counter,0,0
1782238151.889576,gear_position,N,0
1782238151.889576,shift_lever_displaced,REST,0
1782238151.889576,shift_lever_failed,OK,0
1782238151.889684,coolant_temp,73.5,735
1782238151.889684,warmup_index,0,0
1782238151.889684,side_stand,UP,1
1782238151.903342,rpm,0,0
1782238151.903342,throttle_position,0,0
1782238151.903704,kill_switch,RUN,1
1782238151.903704,engine_on_counter,0,0
1782238151.921099,gear_position,N,0
1782238151.921099,shift_lever_displaced,REST,0
1782238151.921099,shift_lever_failed,OK,0
1782238151.921356,rpm,0,0
1782238151.921356,throttle_position,0,0
1782238151.921849,kill_switch,RUN,1
1782238151.921849,engine_on_counter,0,0
1782238151.931434,gear_position,N,0
1782238151.931434,shift_lever_displaced,REST,0
1782238151.931434,shift_lever_failed,OK,0
1782238151.950284,rpm,0,0
1782238151.950284,throttle_position,0,0
1782238151.950614,kill_switch,RUN,1
1782238151.950614,engine_on_counter,0,0
1782238151.960965,gear_position,N,0
1782238151.960965,shift_lever_displaced,REST,0
1782238151.960965,shift_lever_failed,OK,0
1782238151.961237,rpm,0,0
1782238151.961237,throttle_position,0,0
1782238151.961966,kill_switch,RUN,1
1782238151.961966,engine_on_counter,0,0
1782238151.971624,gear_position,N,0
1782238151.971624,shift_lever_displaced,REST,0
1782238151.971624,shift_lever_failed,OK,0
1782238151.971867,rpm,0,0
1782238151.971867,throttle_position,0,0
1782238151.989020,kill_switch,RUN,1
1782238151.989020,engine_on_counter,0,0
1782238151.989546,gear_position,N,0
1782238151.989546,shift_lever_displaced,REST,0
1782238151.989546,shift_lever_failed,OK,0
1782238152.000747,coolant_temp,73.5,735
1782238152.000747,warmup_index,0,0
1782238152.000747,side_stand,UP,1
1782238152.000975,rpm,0,0
1782238152.000975,throttle_position,0,0
1782238152.001185,kill_switch,RUN,1
1782238152.001185,engine_on_counter,0,0
1782238152.019960,gear_position,N,0
1782238152.019960,shift_lever_displaced,REST,0
1782238152.019960,shift_lever_failed,OK,0
1782238152.020069,rpm,0,0
1782238152.020069,throttle_position,0,0
1782238152.028826,kill_switch,RUN,1
1782238152.028826,engine_on_counter,0,0
1782238152.045947,gear_position,N,0
1782238152.045947,shift_lever_displaced,REST,0
1782238152.045947,shift_lever_failed,OK,0
1782238152.046063,rpm,0,0
1782238152.046063,throttle_position,0,0
1782238152.046252,kill_switch,RUN,1
1782238152.046252,engine_on_counter,0,0
1782238152.059680,gear_position,N,0
1782238152.059680,shift_lever_displaced,REST,0
1782238152.059680,shift_lever_failed,OK,0
1782238152.059768,rpm,0,0
1782238152.059768,throttle_position,0,0
1782238152.070644,kill_switch,RUN,1
1782238152.070644,engine_on_counter,0,0
1782238152.071014,gear_position,N,0
1782238152.071014,shift_lever_displaced,REST,0
1782238152.071014,shift_lever_failed,OK,0
1782238152.071103,rpm,0,0
1782238152.071103,throttle_position,0,0
1782238152.088912,kill_switch,RUN,1
1782238152.088912,engine_on_counter,0,0
1782238152.100559,gear_position,N,0
1782238152.100559,shift_lever_displaced,REST,0
1782238152.100559,shift_lever_failed,OK,0
1782238152.100668,coolant_temp,73.5,735
1782238152.100668,warmup_index,0,0
1782238152.100668,side_stand,UP,1
1782238152.100878,rpm,0,0
1782238152.100878,throttle_position,0,0
1782238152.101087,kill_switch,RUN,1
1782238152.101087,engine_on_counter,0,0
1782238152.111343,gear_position,N,0
1782238152.111343,shift_lever_displaced,REST,0
1782238152.111343,shift_lever_failed,OK,0
1782238152.111446,rpm,0,0
1782238152.111446,throttle_position,0,0
1782238152.121529,kill_switch,RUN,1
1782238152.121529,engine_on_counter,0,0
1782238152.140889,gear_position,N,0
1782238152.140889,shift_lever_displaced,REST,0
1782238152.140889,shift_lever_failed,OK,0
1782238152.141063,rpm,0,0
1782238152.141063,throttle_position,0,0
1782238152.141419,kill_switch,RUN,1
1782238152.141419,engine_on_counter,0,0
1782238152.153626,gear_position,N,0
1782238152.153626,shift_lever_displaced,REST,0
1782238152.153626,shift_lever_failed,OK,0
1782238152.153766,rpm,0,0
1782238152.153766,throttle_position,0,0
1782238152.170549,kill_switch,RUN,1
1782238152.170549,engine_on_counter,0,0
1782238152.171602,gear_position,N,0
1782238152.171602,shift_lever_displaced,REST,0
1782238152.171602,shift_lever_failed,OK,0
1782238152.188745,rpm,0,0
1782238152.188745,throttle_position,0,0
1782238152.189493,kill_switch,RUN,1
1782238152.189493,engine_on_counter,0,0
1782238152.191025,gear_position,N,0
1782238152.191025,shift_lever_displaced,REST,0
1782238152.191025,shift_lever_failed,OK,0
1782238152.191266,coolant_temp,73.5,735
1782238152.191266,warmup_index,0,0
1782238152.191266,side_stand,UP,1
1782238152.191751,rpm,0,0
1782238152.191751,throttle_position,0,0
1782238152.208821,kill_switch,RUN,1
1782238152.208821,engine_on_counter,0,0
1782238152.221109,gear_position,N,0
1782238152.221109,shift_lever_displaced,REST,0
1782238152.221109,shift_lever_failed,OK,0
1782238152.221243,rpm,0,0
1782238152.221243,throttle_position,0,0
1782238152.221428,kill_switch,RUN,1
1782238152.221428,engine_on_counter,0,0
1782238152.239817,gear_position,N,0
1782238152.239817,shift_lever_displaced,REST,0
1782238152.239817,shift_lever_failed,OK,0
1782238152.239924,rpm,0,0
1782238152.239924,throttle_position,0,0
1782238152.250669,kill_switch,RUN,1
1782238152.250669,engine_on_counter,0,0
1782238152.251097,gear_position,N,0
1782238152.251097,shift_lever_displaced,REST,0
1782238152.251097,shift_lever_failed,OK,0
1782238152.251202,rpm,0,0
1782238152.251202,throttle_position,0,0
1782238152.269083,kill_switch,RUN,1
1782238152.269083,engine_on_counter,0,0
1782238152.280671,gear_position,N,0
1782238152.280671,shift_lever_displaced,REST,0
1782238152.280671,shift_lever_failed,OK,0
1782238152.280956,rpm,0,0
1782238152.280956,throttle_position,0,0
1782238152.295543,kill_switch,RUN,1
1782238152.295543,engine_on_counter,0,0
1782238152.297184,gear_position,N,0
1782238152.297184,shift_lever_displaced,REST,0
1782238152.297184,shift_lever_failed,OK,0
1782238152.297270,coolant_temp,73.5,735
1782238152.297270,warmup_index,0,0
1782238152.297270,side_stand,UP,1
1782238152.308446,rpm,0,0
1782238152.308446,throttle_position,0,0
1782238152.308649,kill_switch,RUN,1
1782238152.308649,engine_on_counter,0,0
1782238152.321002,gear_position,N,0
1782238152.321002,shift_lever_displaced,REST,0
1782238152.321002,shift_lever_failed,OK,0
1782238152.321093,rpm,0,0
1782238152.321093,throttle_position,0,0
1782238152.321273,kill_switch,RUN,1
1782238152.321273,engine_on_counter,0,0
1782238152.331146,gear_position,N,0
1782238152.331146,shift_lever_displaced,REST,0
1782238152.331146,shift_lever_failed,OK,0
1782238152.331252,rpm,0,0
1782238152.331252,throttle_position,0,0
1782238152.349969,kill_switch,RUN,1
1782238152.349969,engine_on_counter,0,0
1782238152.350398,gear_position,N,0
1782238152.350398,shift_lever_displaced,REST,0
1782238152.350398,shift_lever_failed,OK,0
1782238152.360892,rpm,0,0
1782238152.360892,throttle_position,0,0
1782238152.361247,kill_switch,RUN,1
1782238152.361247,engine_on_counter,0,0
1782238152.379894,gear_position,N,0
1782238152.379894,shift_lever_displaced,REST,0
1782238152.379894,shift_lever_failed,OK,0
1782238152.380080,rpm,0,0
1782238152.380080,throttle_position,0,0
1782238152.389194,kill_switch,RUN,1
1782238152.389194,engine_on_counter,0,0
1782238152.389691,gear_position,N,0
1782238152.389691,shift_lever_displaced,REST,0
1782238152.389691,shift_lever_failed,OK,0
1782238152.389809,coolant_temp,73.5,735
1782238152.389809,warmup_index,0,0
1782238152.389809,side_stand,UP,1
1782238152.403542,rpm,0,0
1782238152.403542,throttle_position,0,0
1782238152.404029,kill_switch,RUN,1
1782238152.404029,engine_on_counter,0,0
1782238152.421217,gear_position,N,0
1782238152.421217,shift_lever_displaced,REST,0
1782238152.421217,shift_lever_failed,OK,0
1782238152.421528,rpm,0,0
1782238152.421528,throttle_position,0,0
1782238152.422026,kill_switch,RUN,1
1782238152.422026,engine_on_counter,0,0
1782238152.450435,gear_position,N,0
1782238152.450435,shift_lever_displaced,REST,0
1782238152.450435,shift_lever_failed,OK,0
1782238152.450600,rpm,0,0
1782238152.450600,throttle_position,0,0
1782238152.450906,kill_switch,RUN,1
1782238152.450906,engine_on_counter,0,0
1782238152.460689,gear_position,N,0
1782238152.460689,shift_lever_displaced,REST,0
1782238152.460689,shift_lever_failed,OK,0
1782238152.460827,rpm,0,0
1782238152.460827,throttle_position,0,0
1782238152.461240,kill_switch,RUN,1
1782238152.461240,engine_on_counter,0,0
1782238152.471679,gear_position,N,0
1782238152.471679,shift_lever_displaced,REST,0
1782238152.471679,shift_lever_failed,OK,0
1782238152.471923,rpm,0,0
1782238152.471923,throttle_position,0,0
1782238152.489302,kill_switch,RUN,1
1782238152.489302,engine_on_counter,0,0
1782238152.490268,gear_position,N,0
1782238152.490268,shift_lever_displaced,REST,0
1782238152.490268,shift_lever_failed,OK,0
1782238152.500645,coolant_temp,73.5,735
1782238152.500645,warmup_index,0,0
1782238152.500645,side_stand,UP,1
1782238152.501141,rpm,0,0
1782238152.501141,throttle_position,0,0
1782238152.501626,kill_switch,RUN,1
1782238152.501626,engine_on_counter,0,0
1782238152.511548,gear_position,N,0
1782238152.511548,shift_lever_displaced,REST,0
1782238152.511548,shift_lever_failed,OK,0
1782238152.511724,rpm,0,0
1782238152.511724,throttle_position,0,0
1782238152.528767,kill_switch,RUN,1
1782238152.528767,engine_on_counter,0,0
1782238152.543558,gear_position,N,0
1782238152.543558,shift_lever_displaced,REST,0
1782238152.543558,shift_lever_failed,OK,0
1782238152.543648,rpm,0,0
1782238152.543648,throttle_position,0,0
1782238152.543831,kill_switch,RUN,1
1782238152.543831,engine_on_counter,0,0
1782238152.559742,gear_position,N,0
1782238152.559742,shift_lever_displaced,REST,0
1782238152.559742,shift_lever_failed,OK,0
1782238152.559830,rpm,0,0
1782238152.559830,throttle_position,0,0
1782238152.570707,kill_switch,RUN,1
1782238152.570707,engine_on_counter,0,0
1782238152.571063,gear_position,N,0
1782238152.571063,shift_lever_displaced,REST,0
1782238152.571063,shift_lever_failed,OK,0
1782238152.571150,rpm,0,0
1782238152.571150,throttle_position,0,0
1782238152.588775,kill_switch,RUN,1
1782238152.588775,engine_on_counter,0,0
1782238152.599782,gear_position,N,0
1782238152.599782,shift_lever_displaced,REST,0
1782238152.599782,shift_lever_failed,OK,0
1782238152.599910,coolant_temp,73.5,735
1782238152.599910,warmup_index,0,0
1782238152.599910,side_stand,UP,1
1782238152.600140,rpm,0,0
1782238152.600140,throttle_position,0,0
1782238152.610270,kill_switch,RUN,1
1782238152.610270,engine_on_counter,0,0
1782238152.610933,gear_position,N,0
1782238152.610933,shift_lever_displaced,REST,0
1782238152.610933,shift_lever_failed,OK,0
1782238152.621323,rpm,0,0
1782238152.621323,throttle_position,0,0
1782238152.621573,kill_switch,RUN,1
1782238152.621573,engine_on_counter,0,0
1782238152.641117,gear_position,N,0
1782238152.641117,shift_lever_displaced,REST,0
1782238152.641117,shift_lever_failed,OK,0
1782238152.641263,rpm,0,0
1782238152.641263,throttle_position,0,0
1782238152.641654,kill_switch,RUN,1
1782238152.641654,engine_on_counter,0,0
1782238152.652289,gear_position,N,0
1782238152.652289,shift_lever_displaced,REST,0
1782238152.652289,shift_lever_failed,OK,0
1782238152.652394,rpm,0,0
1782238152.652394,throttle_position,0,0
1782238152.669166,kill_switch,RUN,1
1782238152.669166,engine_on_counter,0,0
1782238152.680700,gear_position,N,0
1782238152.680700,shift_lever_displaced,REST,0
1782238152.680700,shift_lever_failed,OK,0
1782238152.680851,rpm,0,0
1782238152.680851,throttle_position,0,0
1782238152.681208,kill_switch,RUN,1
1782238152.681208,engine_on_counter,0,0
1782238152.690831,gear_position,N,0
1782238152.690831,shift_lever_displaced,REST,0
1782238152.690831,shift_lever_failed,OK,0
1782238152.690903,coolant_temp,73.5,735
1782238152.690903,warmup_index,0,0
1782238152.690903,side_stand,UP,1
1782238152.691041,rpm,0,0
1782238152.691041,throttle_position,0,0
1782238152.708858,kill_switch,RUN,1
1782238152.708858,engine_on_counter,0,0
1782238152.721177,gear_position,N,0
1782238152.721177,shift_lever_displaced,REST,0
1782238152.721177,shift_lever_failed,OK,0
1782238152.721260,rpm,0,0
1782238152.721260,throttle_position,0,0
1782238152.721413,kill_switch,RUN,1
1782238152.721413,engine_on_counter,0,0
1782238152.731003,gear_position,N,0
1782238152.731003,shift_lever_displaced,REST,0
1782238152.731003,shift_lever_failed,OK,0
1782238152.731092,rpm,0,0
1782238152.731092,throttle_position,0,0
1782238152.750271,kill_switch,RUN,1
1782238152.750271,engine_on_counter,0,0
1782238152.750691,gear_position,N,0
1782238152.750691,shift_lever_displaced,REST,0
1782238152.750691,shift_lever_failed,OK,0
1782238152.768527,rpm,0,0
1782238152.768527,throttle_position,0,0
1782238152.768909,kill_switch,RUN,1
1782238152.768909,engine_on_counter,0,0
1782238152.780684,gear_position,N,0
1782238152.780684,shift_lever_displaced,REST,0
1782238152.780684,shift_lever_failed,OK,0
1782238152.780828,rpm,0,0
1782238152.780828,throttle_position,0,0
1782238152.781256,kill_switch,RUN,1
1782238152.781256,engine_on_counter,0,0
1782238152.790984,gear_position,N,0
1782238152.790984,shift_lever_displaced,REST,0
1782238152.790984,shift_lever_failed,OK,0
1782238152.791760,coolant_temp,73.5,735
1782238152.791760,warmup_index,0,0
1782238152.791760,side_stand,UP,1
1782238152.800561,rpm,0,0
1782238152.800561,throttle_position,0,0
1782238152.800901,kill_switch,RUN,1
1782238152.800901,engine_on_counter,0,0
1782238152.811038,gear_position,N,0
1782238152.811038,shift_lever_displaced,REST,0
1782238152.811038,shift_lever_failed,OK,0
1782238152.811128,rpm,0,0
1782238152.811128,throttle_position,0,0
1782238152.828688,kill_switch,RUN,1
1782238152.828688,engine_on_counter,0,0
1782238152.840933,gear_position,N,0
1782238152.840933,shift_lever_displaced,REST,0
1782238152.840933,shift_lever_failed,OK,0
1782238152.841025,rpm,0,0
1782238152.841025,throttle_position,0,0
1782238152.841205,kill_switch,RUN,1
1782238152.841205,engine_on_counter,0,0
1782238152.853371,gear_position,N,0
1782238152.853371,shift_lever_displaced,REST,0
1782238152.853371,shift_lever_failed,OK,0
1782238152.853461,rpm,0,0
1782238152.853461,throttle_position,0,0
1782238152.870415,kill_switch,RUN,1
1782238152.870415,engine_on_counter,0,0
1782238152.870819,gear_position,N,0
1782238152.870819,shift_lever_displaced,REST,0
1782238152.870819,shift_lever_failed,OK,0
1782238152.888499,rpm,0,0
1782238152.888499,throttle_position,0,0
1782238152.888896,kill_switch,RUN,1
1782238152.888896,engine_on_counter,0,0
1782238152.899770,gear_position,N,0
1782238152.899770,shift_lever_displaced,REST,0
1782238152.899770,shift_lever_failed,OK,0
1782238152.899968,coolant_temp,73.5,735
1782238152.899968,warmup_index,0,0
1782238152.899968,side_stand,UP,1
1782238152.900384,rpm,0,0
1782238152.900384,throttle_position,0,0
1782238152.910289,kill_switch,RUN,1
1782238152.910289,engine_on_counter,0,0
1782238152.911497,gear_position,N,0
1782238152.911497,shift_lever_displaced,DISPLACED,1
1782238152.911497,shift_lever_failed,OK,0
1782238152.921415,rpm,0,0
1782238152.921415,throttle_position,0,0
1782238152.921936,kill_switch,RUN,1
1782238152.921936,engine_on_counter,0,0
1782238152.940205,gear_position,N,0
1782238152.940205,shift_lever_displaced,DISPLACED,1
1782238152.940205,shift_lever_failed,OK,0
1782238152.940444,rpm,0,0
1782238152.940444,throttle_position,0,0
1782238152.950709,kill_switch,RUN,1
1782238152.950709,engine_on_counter,0,0
1782238152.951312,gear_position,N,0
1782238152.951312,shift_lever_displaced,DISPLACED,1
1782238152.951312,shift_lever_failed,OK,0
1782238152.951455,rpm,0,0
1782238152.951455,throttle_position,0,0
1782238152.969537,kill_switch,RUN,1
1782238152.969537,engine_on_counter,0,0
1782238152.980803,gear_position,N,0
1782238152.980803,shift_lever_displaced,DISPLACED,1
1782238152.980803,shift_lever_failed,OK,0
1782238152.981065,rpm,0,0
1782238152.981065,throttle_position,0,0
1782238152.987806,kill_switch,RUN,1
1782238152.987806,engine_on_counter,0,0
1782238152.991281,gear_position,N,0
1782238152.991281,shift_lever_displaced,DISPLACED,1
1782238152.991281,shift_lever_failed,OK,0
1782238152.991529,coolant_temp,73.5,735
1782238152.991529,warmup_index,0,0
1782238152.991529,side_stand,UP,1
1782238152.992019,rpm,0,0
1782238152.992019,throttle_position,0,0
1782238153.008857,kill_switch,RUN,1
1782238153.008857,engine_on_counter,0,0
1782238153.021004,gear_position,N,0
1782238153.021004,shift_lever_displaced,DISPLACED,1
1782238153.021004,shift_lever_failed,OK,0
1782238153.021149,rpm,0,0
1782238153.021149,throttle_position,0,0
1782238153.021493,kill_switch,RUN,1
1782238153.021493,engine_on_counter,0,0
1782238153.037176,gear_position,N,0
1782238153.037176,shift_lever_displaced,REST,0
1782238153.037176,shift_lever_failed,OK,0
1782238153.037319,rpm,0,0
1782238153.037319,throttle_position,0,0
1782238153.050293,kill_switch,RUN,1
1782238153.050293,engine_on_counter,0,0
1782238153.050573,gear_position,N,0
1782238153.050573,shift_lever_displaced,REST,0
1782238153.050573,shift_lever_failed,OK,0
1782238153.068547,rpm,0,0
1782238153.068547,throttle_position,0,0
1782238153.068788,kill_switch,RUN,1
1782238153.068788,engine_on_counter,0,0
1782238153.079592,gear_position,N,0
1782238153.079592,shift_lever_displaced,REST,0
1782238153.079592,shift_lever_failed,OK,0
1782238153.079671,rpm,0,0
1782238153.079671,throttle_position,0,0
1782238153.089228,kill_switch,RUN,1
1782238153.089228,engine_on_counter,0,0
1782238153.089566,gear_position,N,0
1782238153.089566,shift_lever_displaced,REST,0
1782238153.089566,shift_lever_failed,OK,0
1782238153.089644,coolant_temp,73.5,735
1782238153.089644,warmup_index,0,0
1782238153.089644,side_stand,UP,1
1782238153.103321,rpm,0,0
1782238153.103321,throttle_position,0,0
1782238153.103501,kill_switch,RUN,1
1782238153.103501,engine_on_counter,0,0
1782238153.120731,gear_position,N,0
1782238153.120731,shift_lever_displaced,REST,0
1782238153.120731,shift_lever_failed,OK,0
1782238153.120839,rpm,0,0
1782238153.120839,throttle_position,0,0
1782238153.121053,kill_switch,RUN,1
1782238153.121053,engine_on_counter,0,0
1782238153.130829,gear_position,N,0
1782238153.130829,shift_lever_displaced,REST,0
1782238153.130829,shift_lever_failed,OK,0
1782238153.152136,rpm,0,0
1782238153.152136,throttle_position,0,0
1782238153.152443,kill_switch,RUN,1
1782238153.152443,engine_on_counter,0,0
1782238153.160619,gear_position,N,0
1782238153.160619,shift_lever_displaced,REST,0
1782238153.160619,shift_lever_failed,OK,0
1782238153.160801,rpm,0,0
1782238153.160801,throttle_position,0,0
1782238153.161240,kill_switch,RUN,1
1782238153.161240,engine_on_counter,0,0
1782238153.171654,gear_position,N,0
1782238153.171654,shift_lever_displaced,REST,0
1782238153.171654,shift_lever_failed,OK,0
1782238153.171912,rpm,0,0
1782238153.171912,throttle_position,0,0
1782238153.189192,kill_switch,RUN,1
1782238153.189192,engine_on_counter,0,0
1782238153.189768,gear_position,N,0
1782238153.189768,shift_lever_displaced,REST,0
1782238153.189768,shift_lever_failed,OK,0
1782238153.200790,coolant_temp,73.5,735
1782238153.200790,warmup_index,0,0
1782238153.200790,side_stand,UP,1
1782238153.201297,rpm,0,0
1782238153.201297,throttle_position,0,0
1782238153.201779,kill_switch,RUN,1
1782238153.201779,engine_on_counter,0,0
1782238153.219851,gear_position,N,0
1782238153.219851,shift_lever_displaced,REST,0
1782238153.219851,shift_lever_failed,OK,0
1782238153.219943,rpm,0,0
1782238153.219943,throttle_position,0,0
1782238153.228629,kill_switch,RUN,1
1782238153.228629,engine_on_counter,0,0
1782238153.240910,gear_position,N,0
1782238153.240910,shift_lever_displaced,REST,0
1782238153.240910,shift_lever_failed,OK,0
1782238153.241034,rpm,0,0
1782238153.241034,throttle_position,0,0
1782238153.241305,kill_switch,RUN,1
1782238153.241305,engine_on_counter,0,0
1782238153.259912,gear_position,N,0
1782238153.259912,shift_lever_displaced,REST,0
1782238153.259912,shift_lever_failed,OK,0
1782238153.260088,rpm,0,0
1782238153.260088,throttle_position,0,0
1782238153.270663,kill_switch,RUN,1
1782238153.270663,engine_on_counter,0,0
1782238153.271721,gear_position,N,0
1782238153.271721,shift_lever_displaced,REST,0
1782238153.271721,shift_lever_failed,OK,0
1782238153.271972,rpm,0,0
1782238153.271972,throttle_position,0,0
1782238153.290103,kill_switch,RUN,1
1782238153.290103,engine_on_counter,0,0
1782238153.300487,gear_position,N,0
1782238153.300487,shift_lever_displaced,REST,0
1782238153.300487,shift_lever_failed,OK,0
1782238153.300555,coolant_temp,73.5,735
1782238153.300555,warmup_index,0,0
1782238153.300555,side_stand,UP,1
1782238153.300679,rpm,0,0
1782238153.300679,throttle_position,0,0
1782238153.300803,kill_switch,RUN,1
1782238153.300803,engine_on_counter,0,0
1782238153.310604,gear_position,N,0
1782238153.310604,shift_lever_displaced,REST,0
1782238153.310604,shift_lever_failed,OK,0
1782238153.321270,rpm,0,0
1782238153.321270,throttle_position,0,0
1782238153.321440,kill_switch,RUN,1
1782238153.321440,engine_on_counter,0,0
1782238153.340666,gear_position,N,0
1782238153.340666,shift_lever_displaced,REST,0
1782238153.340666,shift_lever_failed,OK,0
1782238153.340744,rpm,0,0
1782238153.340744,throttle_position,0,0
1782238153.340899,kill_switch,RUN,1
1782238153.340899,engine_on_counter,0,0
1782238153.353400,gear_position,N,0
1782238153.353400,shift_lever_displaced,REST,0
1782238153.353400,shift_lever_failed,OK,0
1782238153.353478,rpm,0,0
1782238153.353478,throttle_position,0,0
1782238153.370433,kill_switch,RUN,1
1782238153.370433,engine_on_counter,0,0
1782238153.370788,gear_position,N,0
1782238153.370788,shift_lever_displaced,REST,0
1782238153.370788,shift_lever_failed,OK,0
1782238153.380736,rpm,0,0
1782238153.380736,throttle_position,0,0
1782238153.381010,kill_switch,RUN,1
1782238153.381010,engine_on_counter,0,0
1782238153.390792,gear_position,N,0
1782238153.390792,shift_lever_displaced,REST,0
1782238153.390792,shift_lever_failed,OK,0
1782238153.390882,coolant_temp,73.5,735
1782238153.390882,warmup_index,0,0
1782238153.390882,side_stand,UP,1
1782238153.391065,rpm,0,0
1782238153.391065,throttle_position,0,0
1782238153.408969,kill_switch,RUN,1
1782238153.408969,engine_on_counter,0,0
1782238153.421012,gear_position,N,0
1782238153.421012,shift_lever_displaced,REST,0
1782238153.421012,shift_lever_failed,OK,0
1782238153.421153,rpm,0,0
1782238153.421153,throttle_position,0,0
1782238153.421398,kill_switch,RUN,1
1782238153.421398,engine_on_counter,0,0
1782238153.440444,gear_position,N,0
1782238153.440444,shift_lever_displaced,REST,0
1782238153.440444,shift_lever_failed,OK,0
1782238153.440691,rpm,0,0
1782238153.440691,throttle_position,0,0
1782238153.452136,kill_switch,RUN,1
1782238153.452136,engine_on_counter,0,0
1782238153.452677,gear_position,N,0
1782238153.452677,shift_lever_displaced,REST,0
1782238153.452677,shift_lever_failed,OK,0
1782238153.452785,rpm,0,0
1782238153.452785,throttle_position,0,0
1782238153.469233,kill_switch,RUN,1
1782238153.469233,engine_on_counter,0,0
1782238153.480681,gear_position,N,0
1782238153.480681,shift_lever_displaced,REST,0
1782238153.480681,shift_lever_failed,OK,0
1782238153.480930,rpm,0,0
1782238153.480930,throttle_position,0,0
1782238153.487287,kill_switch,RUN,1
1782238153.487287,engine_on_counter,0,0
1782238153.490541,gear_position,N,0
1782238153.490541,shift_lever_displaced,REST,0
1782238153.490541,shift_lever_failed,OK,0
1782238153.490619,coolant_temp,73.5,735
1782238153.490619,warmup_index,0,0
1782238153.490619,side_stand,UP,1
1782238153.508530,rpm,0,0
1782238153.508530,throttle_position,0,0
1782238153.508726,kill_switch,RUN,1
1782238153.508726,engine_on_counter,0,0
1782238153.520879,gear_position,N,0
1782238153.520879,shift_lever_displaced,REST,0
1782238153.520879,shift_lever_failed,OK,0
1782238153.520966,rpm,0,0
1782238153.520966,throttle_position,0,0
1782238153.521143,kill_switch,RUN,1
1782238153.521143,engine_on_counter,0,0
1782238153.530772,gear_position,N,0
1782238153.530772,shift_lever_displaced,REST,0
1782238153.530772,shift_lever_failed,OK,0
1782238153.548901,rpm,0,0
1782238153.548901,throttle_position,0,0
1782238153.549103,kill_switch,RUN,1
1782238153.549103,engine_on_counter,0,0
1782238153.560693,gear_position,N,0
1782238153.560693,shift_lever_displaced,REST,0
1782238153.560693,shift_lever_failed,OK,0
1782238153.560811,rpm,0,0
1782238153.560811,throttle_position,0,0
1782238153.561083,kill_switch,RUN,1
1782238153.561083,engine_on_counter,0,0
1782238153.579688,gear_position,N,0
1782238153.579688,shift_lever_displaced,REST,0
1782238153.579688,shift_lever_failed,OK,0
1782238153.579776,rpm,0,0
1782238153.579776,throttle_position,0,0
1782238153.589325,kill_switch,RUN,1
1782238153.589325,engine_on_counter,0,0
1782238153.589689,gear_position,N,0
1782238153.589689,shift_lever_displaced,REST,0
1782238153.589689,shift_lever_failed,OK,0
1782238153.589777,coolant_temp,73.5,735
1782238153.589777,warmup_index,0,0
1782238153.589777,side_stand,UP,1
1782238153.603375,rpm,0,0
1782238153.603375,throttle_position,0,0
1782238153.603592,kill_switch,RUN,1
1782238153.603592,engine_on_counter,0,0
1782238153.619872,gear_position,N,0
1782238153.619872,shift_lever_displaced,REST,0
1782238153.619872,shift_lever_failed,OK,0
1782238153.619974,rpm,0,0
1782238153.619974,throttle_position,0,0
1782238153.628794,kill_switch,RUN,1
1782238153.628794,engine_on_counter,0,0
1782238153.652439,gear_position,N,0
1782238153.652439,shift_lever_displaced,REST,0
1782238153.652439,shift_lever_failed,OK,0
1782238153.652660,rpm,0,0
1782238153.652660,throttle_position,0,0
1782238153.653031,kill_switch,RUN,1
1782238153.653031,engine_on_counter,0,0
1782238153.660796,gear_position,N,0
1782238153.660796,shift_lever_displaced,REST,0
1782238153.660796,shift_lever_failed,OK,0
1782238153.661047,rpm,0,0
1782238153.661047,throttle_position,0,0
1782238153.661789,kill_switch,RUN,1
1782238153.661789,engine_on_counter,0,0
1782238153.671775,gear_position,N,0
1782238153.671775,shift_lever_displaced,REST,0
1782238153.671775,shift_lever_failed,OK,0
1782238153.672025,rpm,0,0
1782238153.672025,throttle_position,0,0
1782238153.689162,kill_switch,RUN,1
1782238153.689162,engine_on_counter,0,0
1782238153.700434,gear_position,N,0
1782238153.700434,shift_lever_displaced,REST,0
1782238153.700434,shift_lever_failed,OK,0
1782238153.700654,coolant_temp,73.5,735
1782238153.700654,warmup_index,0,0
1782238153.700654,side_stand,UP,1
1782238153.701014,rpm,0,0
1782238153.701014,throttle_position,0,0
1782238153.701369,kill_switch,RUN,1
1782238153.701369,engine_on_counter,0,0
1782238153.711815,gear_position,N,0
1782238153.711815,shift_lever_displaced,REST,0
1782238153.711815,shift_lever_failed,OK,0
1782238153.712060,rpm,0,0
1782238153.712060,throttle_position,0,0
1782238153.728732,kill_switch,RUN,1
1782238153.728732,engine_on_counter,0,0
1782238153.740848,gear_position,N,0
1782238153.740848,shift_lever_displaced,REST,0
1782238153.740848,shift_lever_failed,OK,0
1782238153.740991,rpm,0,0
1782238153.740991,throttle_position,0,0
1782238153.741276,kill_switch,RUN,1
1782238153.741276,engine_on_counter,0,0
1782238153.759874,gear_position,N,0
1782238153.759874,shift_lever_displaced,REST,0
1782238153.759874,shift_lever_failed,OK,0
1782238153.760012,rpm,0,0
1782238153.760012,throttle_position,0,0
1782238153.770427,kill_switch,RUN,1
1782238153.770427,engine_on_counter,0,0
1782238153.771184,gear_position,N,0
1782238153.771184,shift_lever_displaced,REST,0
1782238153.771184,shift_lever_failed,OK,0
1782238153.788764,rpm,0,0
1782238153.788764,throttle_position,0,0
1782238153.802029,kill_switch,RUN,1
1782238153.802029,engine_on_counter,0,0
1782238153.802364,gear_position,N,0
1782238153.802364,shift_lever_displaced,REST,0
1782238153.802364,shift_lever_failed,OK,0
1782238153.802444,coolant_temp,73.5,735
1782238153.802444,warmup_index,0,0
1782238153.802444,side_stand,UP,1
1782238153.802607,rpm,0,0
1782238153.802607,throttle_position,0,0
1782238153.810303,kill_switch,RUN,1
1782238153.810303,engine_on_counter,0,0
1782238153.810683,gear_position,N,0
1782238153.810683,shift_lever_displaced,REST,0
1782238153.810683,shift_lever_failed,OK,0
1782238153.821310,rpm,0,0
1782238153.821310,throttle_position,0,0
1782238153.821470,kill_switch,RUN,1
1782238153.821470,engine_on_counter,0,0
1782238153.839722,gear_position,N,0
1782238153.839722,shift_lever_displaced,REST,0
1782238153.839722,shift_lever_failed,OK,0
1782238153.839809,rpm,0,0
1782238153.839809,throttle_position,0,0
1782238153.850594,kill_switch,RUN,1
1782238153.850594,engine_on_counter,0,0
1782238153.850960,gear_position,N,0
1782238153.850960,shift_lever_displaced,REST,0
1782238153.850960,shift_lever_failed,OK,0
1782238153.851046,rpm,0,0
1782238153.851046,throttle_position,0,0
1782238153.869021,kill_switch,RUN,1
1782238153.869021,engine_on_counter,0,0
1782238153.880741,gear_position,N,0
1782238153.880741,shift_lever_displaced,REST,0
1782238153.880741,shift_lever_failed,OK,0
1782238153.880895,rpm,0,0
1782238153.880895,throttle_position,0,0
1782238153.881238,kill_switch,RUN,1
1782238153.881238,engine_on_counter,0,0
1782238153.890827,gear_position,N,0
1782238153.890827,shift_lever_displaced,REST,0
1782238153.890827,shift_lever_failed,OK,0
1782238153.890929,coolant_temp,73.5,735
1782238153.890929,warmup_index,0,0
1782238153.890929,side_stand,UP,1
1782238153.891141,rpm,0,0
1782238153.891141,throttle_position,0,0
1782238153.909019,kill_switch,RUN,1
1782238153.909019,engine_on_counter,0,0
1782238153.920873,gear_position,N,0
1782238153.920873,shift_lever_displaced,REST,0
1782238153.920873,shift_lever_failed,OK,0
1782238153.921044,rpm,0,0
1782238153.921044,throttle_position,0,0
1782238153.921366,kill_switch,RUN,1
1782238153.921366,engine_on_counter,0,0
1782238153.931547,gear_position,N,0
1782238153.931547,shift_lever_displaced,REST,0
1782238153.931547,shift_lever_failed,OK,0
1782238153.931786,rpm,0,0
1782238153.931786,throttle_position,0,0
1782238153.951628,kill_switch,RUN,1
1782238153.951628,engine_on_counter,0,0
1782238153.952155,gear_position,N,0
1782238153.952155,shift_lever_displaced,REST,0
1782238153.952155,shift_lever_failed,OK,0
1782238153.968720,rpm,0,0
1782238153.968720,throttle_position,0,0
1782238153.969557,kill_switch,RUN,1
1782238153.969557,engine_on_counter,0,0
1782238153.980769,gear_position,N,0
1782238153.980769,shift_lever_displaced,REST,0
1782238153.980769,shift_lever_failed,OK,0
1782238153.981009,rpm,0,0
1782238153.981009,throttle_position,0,0
1782238153.987833,kill_switch,RUN,1
1782238153.987833,engine_on_counter,0,0
1782238153.989561,gear_position,N,0
1782238153.989561,shift_lever_displaced,REST,0
1782238153.989561,shift_lever_failed,OK,0
1782238153.989628,coolant_temp,73.5,735
1782238153.989628,warmup_index,0,0
1782238153.989628,side_stand,UP,1
1782238154.003247,rpm,0,0
1782238154.003247,throttle_position,0,0
1782238154.003397,kill_switch,RUN,1
1782238154.003397,engine_on_counter,0,0
1782238154.020693,gear_position,N,0
1782238154.020693,shift_lever_displaced,REST,0
1782238154.020693,shift_lever_failed,OK,0
1782238154.020767,rpm,0,0
1782238154.020767,throttle_position,0,0
1782238154.020916,kill_switch,RUN,1
1782238154.020916,engine_on_counter,0,0
1782238154.030774,gear_position,N,0
1782238154.030774,shift_lever_displaced,REST,0
1782238154.030774,shift_lever_failed,OK,0
1782238154.049060,rpm,0,0
1782238154.049060,throttle_position,0,0
1782238154.049234,kill_switch,RUN,1
1782238154.049234,engine_on_counter,0,0
1782238154.060752,gear_position,N,0
1782238154.060752,shift_lever_displaced,REST,0
1782238154.060752,shift_lever_failed,OK,0
1782238154.060834,rpm,0,0
1782238154.060834,throttle_position,0,0
1782238154.061072,kill_switch,RUN,1
1782238154.061072,engine_on_counter,0,0
1782238154.071059,gear_position,N,0
1782238154.071059,shift_lever_displaced,REST,0
1782238154.071059,shift_lever_failed,OK,0
1782238154.071144,rpm,0,0
1782238154.071144,throttle_position,0,0
1782238154.089371,kill_switch,RUN,1
1782238154.089371,engine_on_counter,0,0
1782238154.089720,gear_position,N,0
1782238154.089720,shift_lever_displaced,REST,0
1782238154.089720,shift_lever_failed,OK,0
1782238154.100635,coolant_temp,73.5,735
1782238154.100635,warmup_index,0,0
1782238154.100635,side_stand,UP,1
1782238154.100828,rpm,0,0
1782238154.100828,throttle_position,0,0
1782238154.101001,kill_switch,RUN,1
1782238154.101001,engine_on_counter,0,0
1782238154.119849,gear_position,N,0
1782238154.119849,shift_lever_displaced,REST,0
1782238154.119849,shift_lever_failed,OK,0
1782238154.119953,rpm,0,0
1782238154.119953,throttle_position,0,0
1782238154.128953,kill_switch,RUN,1
1782238154.128953,engine_on_counter,0,0
1782238154.140777,gear_position,N,0
1782238154.140777,shift_lever_displaced,REST,0
1782238154.140777,shift_lever_failed,OK,0
1782238154.140991,rpm,0,0
1782238154.140991,throttle_position,0,0
1782238154.141395,kill_switch,RUN,1
1782238154.141395,engine_on_counter,0,0
1782238154.159777,gear_position,N,0
1782238154.159777,shift_lever_displaced,REST,0
1782238154.159777,shift_lever_failed,OK,0
1782238154.159901,rpm,0,0
1782238154.159901,throttle_position,0,0
1782238154.170570,kill_switch,RUN,1
1782238154.170570,engine_on_counter,0,0
1782238154.171654,gear_position,N,0
1782238154.171654,shift_lever_displaced,REST,0
1782238154.171654,shift_lever_failed,OK,0
1782238154.171912,rpm,0,0
1782238154.171912,throttle_position,0,0
1782238154.189156,kill_switch,RUN,1
1782238154.189156,engine_on_counter,0,0
1782238154.200505,gear_position,N,0
1782238154.200505,shift_lever_displaced,REST,0
1782238154.200505,shift_lever_failed,OK,0
1782238154.200752,coolant_temp,73.5,735
1782238154.200752,warmup_index,0,0
1782238154.200752,side_stand,UP,1
1782238154.201237,rpm,0,0
1782238154.201237,throttle_position,0,0
1782238154.201718,kill_switch,RUN,1
1782238154.201718,engine_on_counter,0,0
1782238154.211754,gear_position,N,0
1782238154.211754,shift_lever_displaced,REST,0
1782238154.211754,shift_lever_failed,OK,0
1782238154.211997,rpm,0,0
1782238154.211997,throttle_position,0,0
1782238154.221406,kill_switch,RUN,1
1782238154.221406,engine_on_counter,0,0
1782238154.240587,gear_position,N,0
1782238154.240587,shift_lever_displaced,REST,0
1782238154.240587,shift_lever_failed,OK,0
1782238154.240692,rpm,0,0
1782238154.240692,throttle_position,0,0
1782238154.240906,kill_switch,RUN,1
1782238154.240906,engine_on_counter,0,0
1782238154.253488,gear_position,N,0
1782238154.253488,shift_lever_displaced,REST,0
1782238154.253488,shift_lever_failed,OK,0
1782238154.253592,rpm,0,0
1782238154.253592,throttle_position,0,0
1782238154.270500,kill_switch,RUN,1
1782238154.270500,engine_on_counter,0,0
1782238154.271004,gear_position,N,0
1782238154.271004,shift_lever_displaced,REST,0
1782238154.271004,shift_lever_failed,OK,0
1782238154.289444,rpm,0,0
1782238154.289444,throttle_position,0,0
1782238154.297437,kill_switch,RUN,1
1782238154.297437,engine_on_counter,0,0
1782238154.297987,gear_position,N,0
1782238154.297987,shift_lever_displaced,REST,0
1782238154.297987,shift_lever_failed,OK,0
1782238154.298074,coolant_temp,73.5,735
1782238154.298074,warmup_index,0,0
1782238154.298074,side_stand,UP,1
1782238154.298256,rpm,0,0
1782238154.298256,throttle_position,0,0
1782238154.308913,kill_switch,RUN,1
1782238154.308913,engine_on_counter,0,0
1782238154.320972,gear_position,N,0
1782238154.320972,shift_lever_displaced,REST,0
1782238154.320972,shift_lever_failed,OK,0
1782238154.321066,rpm,0,0
1782238154.321066,throttle_position,0,0
1782238154.321245,kill_switch,RUN,1
1782238154.321245,engine_on_counter,0,0
1782238154.339775,gear_position,N,0
1782238154.339775,shift_lever_displaced,REST,0
1782238154.339775,shift_lever_failed,OK,0
1782238154.339863,rpm,0,0
1782238154.339863,throttle_position,0,0
1782238154.350788,kill_switch,RUN,1
1782238154.350788,engine_on_counter,0,0
1782238154.351216,gear_position,N,0
1782238154.351216,shift_lever_displaced,REST,0
1782238154.351216,shift_lever_failed,OK,0
1782238154.351321,rpm,0,0
1782238154.351321,throttle_position,0,0
1782238154.369275,kill_switch,RUN,1
1782238154.369275,engine_on_counter,0,0
1782238154.380540,gear_position,N,0
1782238154.380540,shift_lever_displaced,REST,0
1782238154.380540,shift_lever_failed,OK,0
1782238154.380758,rpm,0,0
1782238154.380758,throttle_position,0,0
1782238154.381301,kill_switch,RUN,1
1782238154.381301,engine_on_counter,0,0
1782238154.390717,gear_position,N,0
1782238154.390717,shift_lever_displaced,REST,0
1782238154.390717,shift_lever_failed,OK,0
1782238154.390836,coolant_temp,73.5,735
1782238154.390836,warmup_index,0,0
1782238154.390836,side_stand,UP,1
1782238154.408604,rpm,0,0
1782238154.408604,throttle_position,0,0
1782238154.409122,kill_switch,RUN,1
1782238154.409122,engine_on_counter,0,0
1782238154.420907,gear_position,N,0
1782238154.420907,shift_lever_displaced,REST,0
1782238154.420907,shift_lever_failed,OK,0
1782238154.421006,rpm,0,0
1782238154.421006,throttle_position,0,0
1782238154.421207,kill_switch,RUN,1
1782238154.421207,engine_on_counter,0,0
1782238154.431047,gear_position,N,0
1782238154.431047,shift_lever_displaced,REST,0
1782238154.431047,shift_lever_failed,OK,0
1782238154.431170,rpm,0,0
1782238154.431170,throttle_position,0,0
1782238154.451797,kill_switch,RUN,1
1782238154.451797,engine_on_counter,0,0
1782238154.460644,gear_position,N,0
1782238154.460644,shift_lever_displaced,REST,0
1782238154.460644,shift_lever_failed,OK,0
1782238154.460822,rpm,0,0
1782238154.460822,throttle_position,0,0
1782238154.461243,kill_switch,RUN,1
1782238154.461243,engine_on_counter,0,0
1782238154.480032,gear_position,N,0
1782238154.480032,shift_lever_displaced,REST,0
1782238154.480032,shift_lever_failed,OK,0
1782238154.480271,rpm,0,0
1782238154.480271,throttle_position,0,0
1782238154.489357,kill_switch,RUN,1
1782238154.489357,engine_on_counter,0,0
1782238154.489622,gear_position,N,0
1782238154.489622,shift_lever_displaced,REST,0
1782238154.489622,shift_lever_failed,OK,0
1782238154.489690,coolant_temp,73.5,735
1782238154.489690,warmup_index,0,0
1782238154.489690,side_stand,UP,1
1782238154.503327,rpm,0,0
1782238154.503327,throttle_position,0,0
1782238154.503467,kill_switch,RUN,1
1782238154.503467,engine_on_counter,0,0
1782238154.520673,gear_position,N,0
1782238154.520673,shift_lever_displaced,REST,0
1782238154.520673,shift_lever_failed,OK,0
1782238154.520749,rpm,0,0
1782238154.520749,throttle_position,0,0
1782238154.520902,kill_switch,RUN,1
1782238154.520902,engine_on_counter,0,0
1782238154.549071,gear_position,N,0
1782238154.549071,shift_lever_displaced,REST,0
1782238154.549071,shift_lever_failed,OK,0
1782238154.549226,rpm,0,0
1782238154.549226,throttle_position,0,0
1782238154.549393,kill_switch,RUN,1
1782238154.549393,engine_on_counter,0,0
1782238154.560534,gear_position,N,0
1782238154.560534,shift_lever_displaced,REST,0
1782238154.560534,shift_lever_failed,OK,0
1782238154.560610,rpm,0,0
1782238154.560610,throttle_position,0,0
1782238154.560838,kill_switch,RUN,1
1782238154.560838,engine_on_counter,0,0
1782238154.571094,gear_position,N,0
1782238154.571094,shift_lever_displaced,REST,0
1782238154.571094,shift_lever_failed,OK,0
1782238154.571183,rpm,0,0
1782238154.571183,throttle_position,0,0
1782238154.589275,kill_switch,RUN,1
1782238154.589275,engine_on_counter,0,0
1782238154.589634,gear_position,N,0
1782238154.589634,shift_lever_displaced,REST,0
1782238154.589634,shift_lever_failed,OK,0
1782238154.600451,coolant_temp,73.5,735
1782238154.600451,warmup_index,0,0
1782238154.600451,side_stand,UP,1
1782238154.600631,rpm,0,0
1782238154.600631,throttle_position,0,0
1782238154.600810,kill_switch,RUN,1
1782238154.600810,engine_on_counter,0,0
1782238154.611001,gear_position,N,0
1782238154.611001,shift_lever_displaced,REST,0
1782238154.611001,shift_lever_failed,OK,0
1782238154.611107,rpm,0,0
1782238154.611107,throttle_position,0,0
1782238154.628983,kill_switch,RUN,1
1782238154.628983,engine_on_counter,0,0
1782238154.640888,gear_position,N,0
1782238154.640888,shift_lever_displaced,REST,0
1782238154.640888,shift_lever_failed,OK,0
1782238154.641067,rpm,0,0
1782238154.641067,throttle_position,0,0
1782238154.641551,kill_switch,RUN,1
1782238154.641551,engine_on_counter,0,0
1782238154.659873,gear_position,N,0
1782238154.659873,shift_lever_displaced,REST,0
1782238154.659873,shift_lever_failed,OK,0
1782238154.660010,rpm,0,0
1782238154.660010,throttle_position,0,0
1782238154.670685,kill_switch,RUN,1
1782238154.670685,engine_on_counter,0,0
1782238154.671729,gear_position,N,0
1782238154.671729,shift_lever_displaced,REST,0
1782238154.671729,shift_lever_failed,OK,0
1782238154.671972,rpm,0,0
1782238154.671972,throttle_position,0,0
1782238154.688892,kill_switch,RUN,1
1782238154.688892,engine_on_counter,0,0
1782238154.699724,gear_position,N,0
1782238154.699724,shift_lever_displaced,REST,0
1782238154.699724,shift_lever_failed,OK,0
1782238154.699964,coolant_temp,73.5,735
1782238154.699964,warmup_index,0,0
1782238154.699964,side_stand,UP,1
1782238154.700452,rpm,0,0
1782238154.700452,throttle_position,0,0
1782238154.710308,kill_switch,RUN,1
1782238154.710308,engine_on_counter,0,0
1782238154.711526,gear_position,N,0
1782238154.711526,shift_lever_displaced,REST,0
1782238154.711526,shift_lever_failed,OK,0
1782238154.721242,rpm,0,0
1782238154.721242,throttle_position,0,0
1782238154.721478,kill_switch,RUN,1
1782238154.721478,engine_on_counter,0,0
1782238154.741084,gear_position,N,0
1782238154.741084,shift_lever_displaced,REST,0
1782238154.741084,shift_lever_failed,OK,0
1782238154.741558,rpm,0,0
1782238154.741558,throttle_position,0,0
1782238154.741784,kill_switch,RUN,1
1782238154.741784,engine_on_counter,0,0
1782238154.752014,gear_position,N,0
1782238154.752014,shift_lever_displaced,REST,0
1782238154.752014,shift_lever_failed,OK,0
1782238154.752120,rpm,0,0
1782238154.752120,throttle_position,0,0
1782238154.769317,kill_switch,RUN,1
1782238154.769317,engine_on_counter,0,0
1782238154.780600,gear_position,N,0
1782238154.780600,shift_lever_displaced,REST,0
1782238154.780600,shift_lever_failed,OK,0
1782238154.780869,rpm,0,0
1782238154.780869,throttle_position,0,0
1782238154.789577,kill_switch,RUN,1
1782238154.789577,engine_on_counter,0,0
1782238154.795657,gear_position,N,0
1782238154.795657,shift_lever_displaced,REST,0
1782238154.795657,shift_lever_failed,OK,0
1782238154.795731,coolant_temp,73.5,735
1782238154.795731,warmup_index,0,0
1782238154.795731,side_stand,UP,1
1782238154.795882,rpm,0,0
1782238154.795882,throttle_position,0,0
1782238154.800876,kill_switch,RUN,1
1782238154.800876,engine_on_counter,0,0
1782238154.819748,gear_position,N,0
1782238154.819748,shift_lever_displaced,REST,0
1782238154.819748,shift_lever_failed,OK,0
1782238154.819824,rpm,0,0
1782238154.819824,throttle_position,0,0
1782238154.828977,kill_switch,RUN,1
1782238154.828977,engine_on_counter,0,0
1782238154.849247,gear_position,N,0
1782238154.849247,shift_lever_displaced,REST,0
1782238154.849247,shift_lever_failed,OK,0
1782238154.849333,rpm,0,0
1782238154.849333,throttle_position,0,0
1782238154.849487,kill_switch,RUN,1
1782238154.849487,engine_on_counter,0,0
1782238154.860485,gear_position,N,0
1782238154.860485,shift_lever_displaced,REST,0
1782238154.860485,shift_lever_failed,OK,0
1782238154.860572,rpm,0,0
1782238154.860572,throttle_position,0,0
1782238154.860833,kill_switch,RUN,1
1782238154.860833,engine_on_counter,0,0
1782238154.870858,gear_position,N,0
1782238154.870858,shift_lever_displaced,REST,0
1782238154.870858,shift_lever_failed,OK,0
1782238154.870944,rpm,0,0
1782238154.870944,throttle_position,0,0
1782238154.889083,kill_switch,RUN,1
1782238154.889083,engine_on_counter,0,0
1782238154.900393,gear_position,N,0
1782238154.900393,shift_lever_displaced,REST,0
1782238154.900393,shift_lever_failed,OK,0
1782238154.900594,coolant_temp,73.5,735
1782238154.900594,warmup_index,0,0
1782238154.900594,side_stand,UP,1
1782238154.900846,rpm,0,0
1782238154.900846,throttle_position,0,0
1782238154.901090,kill_switch,RUN,1
1782238154.901090,engine_on_counter,0,0
1782238154.911381,gear_position,N,0
1782238154.911381,shift_lever_displaced,REST,0
1782238154.911381,shift_lever_failed,OK,0
1782238154.911565,rpm,0,0
1782238154.911565,throttle_position,0,0
1782238154.928858,kill_switch,RUN,1
1782238154.928858,engine_on_counter,0,0
1782238154.940715,gear_position,N,0
1782238154.940715,shift_lever_displaced,REST,0
1782238154.940715,shift_lever_failed,OK,0
1782238154.940957,rpm,0,0
1782238154.940957,throttle_position,0,0
1782238154.941441,kill_switch,RUN,1
1782238154.941441,engine_on_counter,0,0
1782238154.953537,gear_position,N,0
1782238154.953537,shift_lever_displaced,REST,0
1782238154.953537,shift_lever_failed,OK,0
1782238154.953656,rpm,0,0
1782238154.953656,throttle_position,0,0
1782238154.970616,kill_switch,RUN,1
1782238154.970616,engine_on_counter,0,0
1782238154.971613,gear_position,N,0
1782238154.971613,shift_lever_displaced,REST,0
1782238154.971613,shift_lever_failed,OK,0
1782238154.988662,rpm,0,0
1782238154.988662,throttle_position,0,0
1782238154.989416,kill_switch,RUN,1
1782238154.989416,engine_on_counter,0,0
1782238154.999803,gear_position,N,0
1782238154.999803,shift_lever_displaced,REST,0
1782238154.999803,shift_lever_failed,OK,0
1782238155.000046,coolant_temp,73.5,735
1782238155.000046,warmup_index,0,0
1782238155.000046,side_stand,UP,1
1782238155.000528,rpm,0,0
1782238155.000528,throttle_position,0,0
1782238155.010384,kill_switch,RUN,1
1782238155.010384,engine_on_counter,0,0
1782238155.011324,gear_position,N,0
1782238155.011324,shift_lever_displaced,REST,0
1782238155.011324,shift_lever_failed,OK,0
1782238155.021040,rpm,0,0
1782238155.021040,throttle_position,0,0
1782238155.021418,kill_switch,RUN,1
1782238155.021418,engine_on_counter,0,0
1782238155.043238,gear_position,N,0
1782238155.043238,shift_lever_displaced,REST,0
1782238155.043238,shift_lever_failed,OK,0
1782238155.043318,rpm,0,0
1782238155.043318,throttle_position,0,0
1782238155.050548,kill_switch,RUN,1
1782238155.050548,engine_on_counter,0,0
1782238155.050831,gear_position,N,0
1782238155.050831,shift_lever_displaced,REST,0
1782238155.050831,shift_lever_failed,OK,0
1782238155.050898,rpm,0,0
1782238155.050898,throttle_position,0,0
1782238155.069047,kill_switch,RUN,1
1782238155.069047,engine_on_counter,0,0
1782238155.080565,gear_position,N,0
1782238155.080565,shift_lever_displaced,REST,0
1782238155.080565,shift_lever_failed,OK,0
1782238155.080642,rpm,0,0
1782238155.080642,throttle_position,0,0
1782238155.080873,kill_switch,RUN,1
1782238155.080873,engine_on_counter,0,0
1782238155.090612,gear_position,N,0
1782238155.090612,shift_lever_displaced,REST,0
1782238155.090612,shift_lever_failed,OK,0
1782238155.090688,coolant_temp,73.5,735
1782238155.090688,warmup_index,0,0
1782238155.090688,side_stand,UP,1
1782238155.090841,rpm,0,0
1782238155.090841,throttle_position,0,0
1782238155.108777,kill_switch,RUN,1
1782238155.108777,engine_on_counter,0,0
1782238155.120822,gear_position,N,0
1782238155.120822,shift_lever_displaced,REST,0
1782238155.120822,shift_lever_failed,OK,0
1782238155.120927,rpm,0,0
1782238155.120927,throttle_position,0,0
1782238155.121135,kill_switch,RUN,1
1782238155.121135,engine_on_counter,0,0
1782238155.131077,gear_position,N,0
1782238155.131077,shift_lever_displaced,REST,0
1782238155.131077,shift_lever_failed,OK,0
1782238155.131180,rpm,0,0
1782238155.131180,throttle_position,0,0
1782238155.152365,kill_switch,RUN,1
1782238155.152365,engine_on_counter,0,0
1782238155.152857,gear_position,N,0
1782238155.152857,shift_lever_displaced,REST,0
1782238155.152857,shift_lever_failed,OK,0
1782238155.168770,rpm,0,0
1782238155.168770,throttle_position,0,0
1782238155.169566,kill_switch,RUN,1
1782238155.169566,engine_on_counter,0,0
1782238155.179915,gear_position,N,0
1782238155.179915,shift_lever_displaced,REST,0
1782238155.179915,shift_lever_failed,OK,0
1782238155.180161,rpm,0,0
1782238155.180161,throttle_position,0,0
1782238155.189355,kill_switch,RUN,1
1782238155.189355,engine_on_counter,0,0
1782238155.189859,gear_position,N,0
1782238155.189859,shift_lever_displaced,REST,0
1782238155.189859,shift_lever_failed,OK,0
1782238155.189977,coolant_temp,73.5,735
1782238155.189977,warmup_index,0,0
1782238155.189977,side_stand,UP,1
1782238155.203506,rpm,0,0
1782238155.203506,throttle_position,0,0
1782238155.203996,kill_switch,RUN,1
1782238155.203996,engine_on_counter,0,0
1782238155.220999,gear_position,N,0
1782238155.220999,shift_lever_displaced,REST,0
1782238155.220999,shift_lever_failed,OK,0
1782238155.221252,rpm,0,0
1782238155.221252,throttle_position,0,0
1782238155.221736,kill_switch,RUN,1
1782238155.221736,engine_on_counter,0,0
1782238155.231845,gear_position,N,0
1782238155.231845,shift_lever_displaced,REST,0
1782238155.231845,shift_lever_failed,OK,0
1782238155.251761,rpm,0,0
1782238155.251761,throttle_position,0,0
1782238155.251916,kill_switch,RUN,1
1782238155.251916,engine_on_counter,0,0
1782238155.260503,gear_position,N,0
1782238155.260503,shift_lever_displaced,REST,0
1782238155.260503,shift_lever_failed,OK,0
1782238155.260655,rpm,0,0
1782238155.260655,throttle_position,0,0
1782238155.261080,kill_switch,RUN,1
1782238155.261080,engine_on_counter,0,0
1782238155.271639,gear_position,N,0
1782238155.271639,shift_lever_displaced,REST,0
1782238155.271639,shift_lever_failed,OK,0
1782238155.271884,rpm,0,0
1782238155.271884,throttle_position,0,0
1782238155.296596,kill_switch,RUN,1
1782238155.296596,engine_on_counter,0,0
1782238155.297103,gear_position,N,0
1782238155.297103,shift_lever_displaced,REST,0
1782238155.297103,shift_lever_failed,OK,0
1782238155.300641,coolant_temp,73.5,735
1782238155.300641,warmup_index,0,0
1782238155.300641,side_stand,UP,1
1782238155.300770,rpm,0,0
1782238155.300770,throttle_position,0,0
1782238155.300893,kill_switch,RUN,1
1782238155.300893,engine_on_counter,0,0
1782238155.319751,gear_position,N,0
1782238155.319751,shift_lever_displaced,REST,0
1782238155.319751,shift_lever_failed,OK,0
1782238155.319818,rpm,0,0
1782238155.319818,throttle_position,0,0
1782238155.328712,kill_switch,RUN,1
1782238155.328712,engine_on_counter,0,0
1782238155.340638,gear_position,N,0
1782238155.340638,shift_lever_displaced,REST,0
1782238155.340638,shift_lever_failed,OK,0
1782238155.340706,rpm,0,0
1782238155.340706,throttle_position,0,0
1782238155.340841,kill_switch,RUN,1
1782238155.340841,engine_on_counter,0,0
1782238155.359647,gear_position,N,0
1782238155.359647,shift_lever_displaced,REST,0
1782238155.359647,shift_lever_failed,OK,0
1782238155.359725,rpm,0,0
1782238155.359725,throttle_position,0,0
1782238155.370583,kill_switch,RUN,1
1782238155.370583,engine_on_counter,0,0
1782238155.370940,gear_position,N,0
1782238155.370940,shift_lever_displaced,REST,0
1782238155.370940,shift_lever_failed,OK,0
1782238155.371028,rpm,0,0
1782238155.371028,throttle_position,0,0
1782238155.389159,kill_switch,RUN,1
1782238155.389159,engine_on_counter,0,0
1782238155.399552,gear_position,N,0
1782238155.399552,shift_lever_displaced,REST,0
1782238155.399552,shift_lever_failed,OK,0
1782238155.399660,coolant_temp,73.5,735
1782238155.399660,warmup_index,0,0
1782238155.399660,side_stand,UP,1
1782238155.399889,rpm,0,0
1782238155.399889,throttle_position,0,0
1782238155.400140,kill_switch,RUN,1
1782238155.400140,engine_on_counter,0,0
1782238155.411010,gear_position,N,0
1782238155.411010,shift_lever_displaced,REST,0
1782238155.411010,shift_lever_failed,OK,0
1782238155.421173,rpm,0,0
1782238155.421173,throttle_position,0,0
1782238155.421428,kill_switch,RUN,1
1782238155.421428,engine_on_counter,0,0
1782238155.440675,gear_position,N,0
1782238155.440675,shift_lever_displaced,REST,0
1782238155.440675,shift_lever_failed,OK,0
1782238155.440814,rpm,0,0
1782238155.440814,throttle_position,0,0
1782238155.441091,kill_switch,RUN,1
1782238155.441091,engine_on_counter,0,0
1782238155.453964,gear_position,N,0
1782238155.453964,shift_lever_displaced,REST,0
1782238155.453964,shift_lever_failed,OK,0
1782238155.454208,rpm,0,0
1782238155.454208,throttle_position,0,0
1782238155.470729,kill_switch,RUN,1
1782238155.470729,engine_on_counter,0,0
1782238155.471707,gear_position,N,0
1782238155.471707,shift_lever_displaced,REST,0
1782238155.471707,shift_lever_failed,OK,0
1782238155.480723,rpm,0,0
1782238155.480723,throttle_position,0,0
1782238155.487265,kill_switch,RUN,1
1782238155.487265,engine_on_counter,0,0
1782238155.491204,gear_position,N,0
1782238155.491204,shift_lever_displaced,REST,0
1782238155.491204,shift_lever_failed,OK,0
1782238155.491446,coolant_temp,73.5,735
1782238155.491446,warmup_index,0,0
1782238155.491446,side_stand,UP,1
1782238155.508880,rpm,0,0
1782238155.508880,throttle_position,0,0
1782238155.509075,kill_switch,RUN,1
1782238155.509075,engine_on_counter,0,0
1782238155.520978,gear_position,N,0
1782238155.520978,shift_lever_displaced,DISPLACED,1
1782238155.520978,shift_lever_failed,OK,0
1782238155.521268,rpm,0,0
1782238155.521268,throttle_position,0,0
1782238155.521784,kill_switch,RUN,1
1782238155.521784,engine_on_counter,0,0
1782238155.551231,gear_position,N,0
1782238155.551231,shift_lever_displaced,DISPLACED,1
1782238155.551231,shift_lever_failed,OK,0
1782238155.551322,rpm,0,0
1782238155.551322,throttle_position,0,0
1782238155.551499,kill_switch,RUN,1
1782238155.551499,engine_on_counter,0,0
1782238155.551853,gear_position,N,0
1782238155.551853,shift_lever_displaced,DISPLACED,1
1782238155.551853,shift_lever_failed,OK,0
1782238155.551942,rpm,0,0
1782238155.551942,throttle_position,0,0
1782238155.568960,kill_switch,RUN,1
1782238155.568960,engine_on_counter,0,0
1782238155.584675,gear_position,N,0
1782238155.584675,shift_lever_displaced,DISPLACED,1
1782238155.584675,shift_lever_failed,OK,0
1782238155.584836,rpm,0,0
1782238155.584836,throttle_position,0,0
1782238155.585168,kill_switch,RUN,1
1782238155.585168,engine_on_counter,0,0
1782238155.590751,gear_position,N,0
1782238155.590751,shift_lever_displaced,DISPLACED,1
1782238155.590751,shift_lever_failed,OK,0
1782238155.590841,coolant_temp,73.5,735
1782238155.590841,warmup_index,0,0
1782238155.590841,side_stand,UP,1
1782238155.608855,rpm,0,0
1782238155.608855,throttle_position,0,0
1782238155.609073,kill_switch,RUN,1
1782238155.609073,engine_on_counter,0,0
1782238155.620834,gear_position,N,0
1782238155.620834,shift_lever_displaced,DISPLACED,1
1782238155.620834,shift_lever_failed,OK,0
1782238155.621047,rpm,0,0
1782238155.621047,throttle_position,0,0
1782238155.621153,kill_switch,RUN,1
1782238155.621153,engine_on_counter,0,0
1782238155.631086,gear_position,N,0
1782238155.631086,shift_lever_displaced,DISPLACED,1
1782238155.631086,shift_lever_failed,OK,0
1782238155.652687,rpm,0,0
1782238155.652687,throttle_position,0,0
1782238155.653142,kill_switch,RUN,1
1782238155.653142,engine_on_counter,0,0
1782238155.660613,gear_position,N,0
1782238155.660613,shift_lever_displaced,DISPLACED,1
1782238155.660613,shift_lever_failed,OK,0
1782238155.660793,rpm,0,0
1782238155.660793,throttle_position,0,0
1782238155.661264,kill_switch,RUN,1
1782238155.661264,engine_on_counter,0,0
1782238155.680259,gear_position,N,0
1782238155.680259,shift_lever_displaced,DISPLACED,1
1782238155.680259,shift_lever_failed,OK,0
1782238155.680568,rpm,0,0
1782238155.680568,throttle_position,0,0
1782238155.689427,kill_switch,RUN,1
1782238155.689427,engine_on_counter,0,0
1782238155.689921,gear_position,N,0
1782238155.689921,shift_lever_displaced,DISPLACED,1
1782238155.689921,shift_lever_failed,OK,0
1782238155.690026,coolant_temp,73.5,735
1782238155.690026,warmup_index,0,0
1782238155.690026,side_stand,UP,1
1782238155.701111,rpm,0,0
1782238155.701111,throttle_position,0,0
1782238155.701623,kill_switch,RUN,1
1782238155.701623,engine_on_counter,0,0
1782238155.719778,gear_position,N,0
1782238155.719778,shift_lever_displaced,DISPLACED,1
1782238155.719778,shift_lever_failed,OK,0
1782238155.719883,rpm,0,0
1782238155.719883,throttle_position,0,0
1782238155.728880,kill_switch,RUN,1
1782238155.728880,engine_on_counter,0,0
1782238155.751764,gear_position,N,0
1782238155.751764,shift_lever_displaced,DISPLACED,1
1782238155.751764,shift_lever_failed,OK,0
1782238155.751925,rpm,0,0
1782238155.751925,throttle_position,0,0
1782238155.752205,kill_switch,RUN,1
1782238155.752205,engine_on_counter,0,0
1782238155.760546,gear_position,N,0
1782238155.760546,shift_lever_displaced,DISPLACED,1
1782238155.760546,shift_lever_failed,OK,0
1782238155.760723,rpm,0,0
1782238155.760723,throttle_position,0,0
1782238155.761246,kill_switch,RUN,1
1782238155.761246,engine_on_counter,0,0
1782238155.771746,gear_position,N,0
1782238155.771746,shift_lever_displaced,DISPLACED,1
1782238155.771746,shift_lever_failed,OK,0
1782238155.771989,rpm,0,0
1782238155.771989,throttle_position,0,0
1782238155.795631,kill_switch,RUN,1
1782238155.795631,engine_on_counter,0,0
1782238155.800277,gear_position,N,0
1782238155.800277,shift_lever_displaced,DISPLACED,1
1782238155.800277,shift_lever_failed,OK,0
1782238155.800319,coolant_temp,73.5,735
1782238155.800319,warmup_index,0,0
1782238155.800319,side_stand,UP,1
1782238155.800394,rpm,0,0
1782238155.800394,throttle_position,0,0
1782238155.800467,kill_switch,RUN,1
1782238155.800467,engine_on_counter,0,0
1782238155.810723,gear_position,N,0
1782238155.810723,shift_lever_displaced,DISPLACED,1
1782238155.810723,shift_lever_failed,OK,0
1782238155.810759,rpm,0,0
1782238155.810759,throttle_position,0,0
1782238155.828936,kill_switch,RUN,1
1782238155.828936,engine_on_counter,0,0
1782238155.840596,gear_position,N,0
1782238155.840596,shift_lever_displaced,DISPLACED,1
1782238155.840596,shift_lever_failed,OK,0
1782238155.840634,rpm,0,0
1782238155.840634,throttle_position,0,0
1782238155.840707,kill_switch,RUN,1
1782238155.840707,engine_on_counter,0,0
1782238155.853229,gear_position,N,0
1782238155.853229,shift_lever_displaced,DISPLACED,1
1782238155.853229,shift_lever_failed,OK,0
1782238155.853265,rpm,0,0
1782238155.853265,throttle_position,0,0
1782238155.870616,kill_switch,RUN,1
1782238155.870616,engine_on_counter,0,0
1782238155.871214,gear_position,N,0
1782238155.871214,shift_lever_displaced,DISPLACED,1
1782238155.871214,shift_lever_failed,OK,0
1782238155.888864,rpm,0,0
1782238155.888864,throttle_position,0,0
1782238155.889146,kill_switch,RUN,1
1782238155.889146,engine_on_counter,0,0
1782238155.899791,gear_position,N,0
1782238155.899791,shift_lever_displaced,DISPLACED,1
1782238155.899791,shift_lever_failed,OK,0
1782238155.899988,coolant_temp,73.4,734
1782238155.899988,warmup_index,0,0
1782238155.899988,side_stand,UP,1
1782238155.900374,rpm,0,0
1782238155.900374,throttle_position,0,0
1782238155.910457,kill_switch,RUN,1
1782238155.910457,engine_on_counter,0,0
1782238155.911688,gear_position,N,0
1782238155.911688,shift_lever_displaced,DISPLACED,1
1782238155.911688,shift_lever_failed,OK,0
1782238155.921175,rpm,0,0
1782238155.921175,throttle_position,0,0
1782238155.921420,kill_switch,RUN,1
1782238155.921420,engine_on_counter,0,0
1782238155.939900,gear_position,N,0
1782238155.939900,shift_lever_displaced,DISPLACED,1
1782238155.939900,shift_lever_failed,OK,0
1782238155.940004,rpm,0,0
1782238155.940004,throttle_position,0,0
1782238155.951565,kill_switch,RUN,1
1782238155.951565,engine_on_counter,0,0
1782238155.952195,gear_position,N,0
1782238155.952195,shift_lever_displaced,DISPLACED,1
1782238155.952195,shift_lever_failed,OK,0
1782238155.952288,rpm,0,0
1782238155.952288,throttle_position,0,0
1782238155.969544,kill_switch,RUN,1
1782238155.969544,engine_on_counter,0,0
1782238155.980640,gear_position,N,0
1782238155.980640,shift_lever_displaced,DISPLACED,1
1782238155.980640,shift_lever_failed,OK,0
1782238155.980927,rpm,0,0
1782238155.980927,throttle_position,0,0
1782238155.986268,kill_switch,RUN,1
1782238155.986268,engine_on_counter,0,0
1782238155.990936,gear_position,N,0
1782238155.990936,shift_lever_displaced,DISPLACED,1
1782238155.990936,shift_lever_failed,OK,0
1782238155.991057,coolant_temp,73.4,734
1782238155.991057,warmup_index,0,0
1782238155.991057,side_stand,UP,1
1782238156.008781,rpm,0,0
1782238156.008781,throttle_position,0,0
1782238156.009139,kill_switch,RUN,1
1782238156.009139,engine_on_counter,0,0
1782238156.020990,gear_position,N,0
1782238156.020990,shift_lever_displaced,DISPLACED,1
1782238156.020990,shift_lever_failed,OK,0
1782238156.021140,rpm,0,0
1782238156.021140,throttle_position,0,0
1782238156.030910,kill_switch,RUN,1
1782238156.030910,engine_on_counter,0,0
1782238156.031236,gear_position,N,0
1782238156.031236,shift_lever_displaced,DISPLACED,1
1782238156.031236,shift_lever_failed,OK,0
1782238156.052753,rpm,0,0
1782238156.052753,throttle_position,0,0
1782238156.052950,kill_switch,RUN,1
1782238156.052950,engine_on_counter,0,0
1782238156.053036,gear_position,N,0
1782238156.053036,shift_lever_displaced,DISPLACED,1
1782238156.053036,shift_lever_failed,OK,0
1782238156.068733,rpm,0,0
1782238156.068733,throttle_position,0,0
1782238156.068952,kill_switch,RUN,1
1782238156.068952,engine_on_counter,0,0
1782238156.081389,gear_position,N,0
1782238156.081389,shift_lever_displaced,DISPLACED,1
1782238156.081389,shift_lever_failed,OK,0
1782238156.081433,rpm,0,0
1782238156.081433,throttle_position,0,0
1782238156.089537,kill_switch,RUN,1
1782238156.089537,engine_on_counter,0,0
1782238156.089611,gear_position,N,0
1782238156.089611,shift_lever_displaced,DISPLACED,1
1782238156.089611,shift_lever_failed,OK,0
1782238156.089657,coolant_temp,73.4,734
1782238156.089657,warmup_index,0,0
1782238156.089657,side_stand,UP,1
1782238156.103420,rpm,0,0
1782238156.103420,throttle_position,0,0
1782238156.103892,kill_switch,RUN,1
1782238156.103892,engine_on_counter,0,0
1782238156.120913,gear_position,N,0
1782238156.120913,shift_lever_displaced,DISPLACED,1
1782238156.120913,shift_lever_failed,OK,0
1782238156.121020,rpm,0,0
1782238156.121020,throttle_position,0,0
1782238156.130918,kill_switch,RUN,1
1782238156.130918,engine_on_counter,0,0
1782238156.131455,gear_position,N,0
1782238156.131455,shift_lever_displaced,DISPLACED,1
1782238156.131455,shift_lever_failed,OK,0
1782238156.150965,rpm,0,0
1782238156.150965,throttle_position,0,0
1782238156.151561,kill_switch,RUN,1
1782238156.151561,engine_on_counter,0,0
1782238156.160784,gear_position,N,0
1782238156.160784,shift_lever_displaced,DISPLACED,1
1782238156.160784,shift_lever_failed,OK,0
1782238156.161085,rpm,0,0
1782238156.161085,throttle_position,0,0
1782238156.171091,kill_switch,RUN,1
1782238156.171091,engine_on_counter,0,0
1782238156.171633,gear_position,N,0
1782238156.171633,shift_lever_displaced,DISPLACED,1
1782238156.171633,shift_lever_failed,OK,0
1782238156.171880,rpm,0,0
1782238156.171880,throttle_position,0,0
1782238156.189720,kill_switch,RUN,1
1782238156.189720,engine_on_counter,0,0
1782238156.189939,gear_position,N,0
1782238156.189939,shift_lever_displaced,DISPLACED,1
1782238156.189939,shift_lever_failed,OK,0
1782238156.200876,coolant_temp,73.4,734
1782238156.200876,warmup_index,0,0
1782238156.200876,side_stand,UP,1
1782238156.201293,rpm,0,0
1782238156.201293,throttle_position,0,0
1782238156.220429,kill_switch,RUN,1
1782238156.220429,engine_on_counter,0,0
1782238156.220603,gear_position,N,0
1782238156.220603,shift_lever_displaced,DISPLACED,1
1782238156.220603,shift_lever_failed,OK,0
1782238156.220649,rpm,0,0
1782238156.220649,throttle_position,0,0
1782238156.229582,kill_switch,RUN,1
1782238156.229582,engine_on_counter,0,0
1782238156.240923,gear_position,N,0
1782238156.240923,shift_lever_displaced,DISPLACED,1
1782238156.240923,shift_lever_failed,OK,0
1782238156.241106,rpm,0,0
1782238156.241106,throttle_position,0,0
1782238156.260354,kill_switch,RUN,1
1782238156.260354,engine_on_counter,0,0
1782238156.260762,gear_position,N,0
1782238156.260762,shift_lever_displaced,DISPLACED,1
1782238156.260762,shift_lever_failed,OK,0
1782238156.261112,rpm,0,0
1782238156.261112,throttle_position,0,0
1782238156.271159,kill_switch,RUN,1
1782238156.271159,engine_on_counter,0,0
1782238156.271645,gear_position,N,0
1782238156.271645,shift_lever_displaced,DISPLACED,1
1782238156.271645,shift_lever_failed,OK,0
1782238156.271888,rpm,0,0
1782238156.271888,throttle_position,0,0
1782238156.298992,kill_switch,RUN,1
1782238156.298992,engine_on_counter,0,0
1782238156.300578,gear_position,N,0
1782238156.300578,shift_lever_displaced,DISPLACED,1
1782238156.300578,shift_lever_failed,OK,0
1782238156.300671,coolant_temp,73.4,734
1782238156.300671,warmup_index,0,0
1782238156.300671,side_stand,UP,1
1782238156.300853,rpm,0,0
1782238156.300853,throttle_position,0,0
1782238156.310538,kill_switch,RUN,1
1782238156.310538,engine_on_counter,0,0
1782238156.310797,gear_position,N,0
1782238156.310797,shift_lever_displaced,DISPLACED,1
1782238156.310797,shift_lever_failed,OK,0
1782238156.310883,rpm,0,0
1782238156.310883,throttle_position,0,0
1782238156.321568,kill_switch,RUN,1
1782238156.321568,engine_on_counter,0,0
1782238156.340698,gear_position,N,0
1782238156.340698,shift_lever_displaced,DISPLACED,1
1782238156.340698,shift_lever_failed,OK,0
1782238156.340756,rpm,0,0
1782238156.340756,throttle_position,0,0
1782238156.353367,kill_switch,RUN,1
1782238156.353367,engine_on_counter,0,0
1782238156.353604,gear_position,N,0
1782238156.353604,shift_lever_displaced,DISPLACED,1
1782238156.353604,shift_lever_failed,OK,0
1782238156.353766,rpm,0,0
1782238156.353766,throttle_position,0,0
1782238156.370839,kill_switch,RUN,1
1782238156.370839,engine_on_counter,0,0
1782238156.371041,gear_position,N,0
1782238156.371041,shift_lever_displaced,DISPLACED,1
1782238156.371041,shift_lever_failed,OK,0
1782238156.389161,rpm,0,0
1782238156.389161,throttle_position,0,0
1782238156.389587,kill_switch,RUN,1
1782238156.389587,engine_on_counter,0,0
1782238156.390971,gear_position,N,0
1782238156.390971,shift_lever_displaced,DISPLACED,1
1782238156.390971,shift_lever_failed,OK,0
1782238156.391075,coolant_temp,73.4,734
1782238156.391075,warmup_index,0,0
1782238156.391075,side_stand,UP,1
1782238156.409050,rpm,0,0
1782238156.409050,throttle_position,0,0
1782238156.409633,kill_switch,RUN,1
1782238156.409633,engine_on_counter,0,0
1782238156.421364,gear_position,N,0
1782238156.421364,shift_lever_displaced,DISPLACED,1
1782238156.421364,shift_lever_failed,OK,0
1782238156.421513,rpm,0,0
1782238156.421513,throttle_position,0,0
1782238156.440504,kill_switch,RUN,1
1782238156.440504,engine_on_counter,0,0
1782238156.440927,gear_position,N,0
1782238156.440927,shift_lever_displaced,DISPLACED,1
1782238156.440927,shift_lever_failed,OK,0
1782238156.441030,rpm,0,0
1782238156.441030,throttle_position,0,0
1782238156.452467,kill_switch,RUN,1
1782238156.452467,engine_on_counter,0,0
1782238156.452878,gear_position,N,0
1782238156.452878,shift_lever_displaced,DISPLACED,1
1782238156.452878,shift_lever_failed,OK,0
1782238156.452995,rpm,0,0
1782238156.452995,throttle_position,0,0
1782238156.469967,kill_switch,RUN,1
1782238156.469967,engine_on_counter,0,0
1782238156.480913,gear_position,N,0
1782238156.480913,shift_lever_displaced,DISPLACED,1
1782238156.480913,shift_lever_failed,OK,0
1782238156.487761,rpm,0,0
1782238156.487761,throttle_position,0,0
1782238156.490673,kill_switch,RUN,1
1782238156.490673,engine_on_counter,0,0
1782238156.490892,gear_position,N,0
1782238156.490892,shift_lever_displaced,DISPLACED,1
1782238156.490892,shift_lever_failed,OK,0
1782238156.490996,coolant_temp,73.4,734
1782238156.490996,warmup_index,0,0
1782238156.490996,side_stand,UP,1
1782238156.509523,rpm,0,0
1782238156.509523,throttle_position,0,0
1782238156.510207,kill_switch,RUN,1
1782238156.510207,engine_on_counter,0,0
1782238156.521281,gear_position,N,0
1782238156.521281,shift_lever_displaced,DISPLACED,1
1782238156.521281,shift_lever_failed,OK,0
1782238156.521424,rpm,0,0
1782238156.521424,throttle_position,0,0
1782238156.530939,kill_switch,RUN,1
1782238156.530939,engine_on_counter,0,0
1782238156.531306,gear_position,N,0
1782238156.531306,shift_lever_displaced,DISPLACED,1
1782238156.531306,shift_lever_failed,OK,0
1782238156.549065,rpm,0,0
1782238156.549065,throttle_position,0,0
1782238156.549325,kill_switch,RUN,1
1782238156.549325,engine_on_counter,0,0
1782238156.560805,gear_position,N,0
1782238156.560805,shift_lever_displaced,DISPLACED,1
1782238156.560805,shift_lever_failed,OK,0
1782238156.560908,rpm,0,0
1782238156.560908,throttle_position,0,0
1782238156.580325,kill_switch,RUN,1
1782238156.580325,engine_on_counter,0,0
1782238156.580543,gear_position,N,0
1782238156.580543,shift_lever_displaced,DISPLACED,1
1782238156.580543,shift_lever_failed,OK,0
1782238156.580648,rpm,0,0
1782238156.580648,throttle_position,0,0
1782238156.589724,kill_switch,RUN,1
1782238156.589724,engine_on_counter,0,0
1782238156.589899,gear_position,N,0
1782238156.589899,shift_lever_displaced,DISPLACED,1
1782238156.589899,shift_lever_failed,OK,0
1782238156.589990,coolant_temp,73.4,734
1782238156.589990,warmup_index,0,0
1782238156.589990,side_stand,UP,1
1782238156.603487,rpm,0,0
1782238156.603487,throttle_position,0,0
1782238156.603802,kill_switch,RUN,1
1782238156.603802,engine_on_counter,0,0
1782238156.620680,gear_position,N,0
1782238156.620680,shift_lever_displaced,DISPLACED,1
1782238156.620680,shift_lever_failed,OK,0
1782238156.620787,rpm,0,0
1782238156.620787,throttle_position,0,0
1782238156.629698,kill_switch,RUN,1
1782238156.629698,engine_on_counter,0,0
1782238156.652951,gear_position,N,0
1782238156.652951,shift_lever_displaced,DISPLACED,1
1782238156.652951,shift_lever_failed,OK,0
1782238156.653434,rpm,0,0
1782238156.653434,throttle_position,0,0
1782238156.653796,kill_switch,RUN,1
1782238156.653796,engine_on_counter,0,0
1782238156.660877,gear_position,N,0
1782238156.660877,shift_lever_displaced,DISPLACED,1
1782238156.660877,shift_lever_failed,OK,0
1782238156.661045,rpm,0,0
1782238156.661045,throttle_position,0,0
1782238156.671427,kill_switch,RUN,1
1782238156.671427,engine_on_counter,0,0
1782238156.671993,gear_position,N,0
1782238156.671993,shift_lever_displaced,DISPLACED,1
1782238156.671993,shift_lever_failed,OK,0
1782238156.672495,rpm,0,0
1782238156.672495,throttle_position,0,0
1782238156.689766,kill_switch,RUN,1
1782238156.689766,engine_on_counter,0,0
1782238156.689984,gear_position,N,0
1782238156.689984,shift_lever_displaced,DISPLACED,1
1782238156.689984,shift_lever_failed,OK,0
1782238156.700774,coolant_temp,73.4,734
1782238156.700774,warmup_index,0,0
1782238156.700774,side_stand,UP,1
1782238156.701316,rpm,0,0
1782238156.701316,throttle_position,0,0
1782238156.711214,kill_switch,RUN,1
1782238156.711214,engine_on_counter,0,0
1782238156.712013,gear_position,N,0
1782238156.712013,shift_lever_displaced,DISPLACED,1
1782238156.712013,shift_lever_failed,OK,0
1782238156.712424,rpm,0,0
1782238156.712424,throttle_position,0,0
1782238156.729710,kill_switch,RUN,1
1782238156.729710,engine_on_counter,0,0
1782238156.741425,gear_position,N,0
1782238156.741425,shift_lever_displaced,DISPLACED,1
1782238156.741425,shift_lever_failed,OK,0
1782238156.742151,rpm,0,0
1782238156.742151,throttle_position,0,0
1782238156.760533,kill_switch,RUN,1
1782238156.760533,engine_on_counter,0,0
1782238156.760943,gear_position,N,0
1782238156.760943,shift_lever_displaced,DISPLACED,1
1782238156.760943,shift_lever_failed,OK,0
1782238156.761211,rpm,0,0
1782238156.761211,throttle_position,0,0
1782238156.770839,kill_switch,RUN,1
1782238156.770839,engine_on_counter,0,0
1782238156.771055,gear_position,N,0
1782238156.771055,shift_lever_displaced,DISPLACED,1
1782238156.771055,shift_lever_failed,OK,0
1782238156.771158,rpm,0,0
1782238156.771158,throttle_position,0,0
1782238156.804005,kill_switch,RUN,1
1782238156.804005,engine_on_counter,0,0
1782238156.804171,gear_position,N,0
1782238156.804171,shift_lever_displaced,DISPLACED,1
1782238156.804171,shift_lever_failed,OK,0
1782238156.804247,coolant_temp,73.4,734
1782238156.804247,warmup_index,0,0
1782238156.804247,side_stand,UP,1
1782238156.804532,rpm,0,0
1782238156.804532,throttle_position,0,0
1782238156.809138,kill_switch,RUN,1
1782238156.809138,engine_on_counter,0,0
1782238156.820828,gear_position,N,0
1782238156.820828,shift_lever_displaced,DISPLACED,1
1782238156.820828,shift_lever_failed,OK,0
1782238156.820903,rpm,0,0
1782238156.820903,throttle_position,0,0
1782238156.830735,kill_switch,RUN,1
1782238156.830735,engine_on_counter,0,0
1782238156.830907,gear_position,N,0
1782238156.830907,shift_lever_displaced,DISPLACED,1
1782238156.830907,shift_lever_failed,OK,0
1782238156.849421,rpm,0,0
1782238156.849421,throttle_position,0,0
1782238156.849684,kill_switch,RUN,1
1782238156.849684,engine_on_counter,0,0
1782238156.861588,gear_position,N,0
1782238156.861588,shift_lever_displaced,DISPLACED,1
1782238156.861588,shift_lever_failed,OK,0
1782238156.861716,rpm,0,0
1782238156.861716,throttle_position,0,0
1782238156.880482,kill_switch,RUN,1
1782238156.880482,engine_on_counter,0,0
1782238156.880845,gear_position,N,0
1782238156.880845,shift_lever_displaced,DISPLACED,1
1782238156.880845,shift_lever_failed,OK,0
1782238156.881108,rpm,0,0
1782238156.881108,throttle_position,0,0
1782238156.889629,kill_switch,RUN,1
1782238156.889629,engine_on_counter,0,0
1782238156.889844,gear_position,N,0
1782238156.889844,shift_lever_displaced,DISPLACED,1
1782238156.889844,shift_lever_failed,OK,0
1782238156.902545,coolant_temp,73.4,734
1782238156.902545,warmup_index,0,0
1782238156.902545,side_stand,UP,1
1782238156.902999,rpm,0,0
1782238156.902999,throttle_position,0,0
1782238156.920469,kill_switch,RUN,1
1782238156.920469,engine_on_counter,0,0
1782238156.920977,gear_position,N,0
1782238156.920977,shift_lever_displaced,DISPLACED,1
1782238156.920977,shift_lever_failed,OK,0
1782238156.921119,rpm,0,0
1782238156.921119,throttle_position,0,0
1782238156.930033,kill_switch,RUN,1
1782238156.930033,engine_on_counter,0,0
1782238156.953043,gear_position,N,0
1782238156.953043,shift_lever_displaced,DISPLACED,1
1782238156.953043,shift_lever_failed,OK,0
1782238156.953347,rpm,0,0
1782238156.953347,throttle_position,0,0
1782238156.953688,kill_switch,RUN,1
1782238156.953688,engine_on_counter,0,0
1782238156.960941,gear_position,N,0
1782238156.960941,shift_lever_displaced,DISPLACED,1
1782238156.960941,shift_lever_failed,OK,0
1782238156.961203,rpm,0,0
1782238156.961203,throttle_position,0,0
1782238156.971262,kill_switch,RUN,1
1782238156.971262,engine_on_counter,0,0
1782238156.971776,gear_position,N,0
1782238156.971776,shift_lever_displaced,DISPLACED,1
1782238156.971776,shift_lever_failed,OK,0
1782238156.989171,rpm,0,0
1782238156.989171,throttle_position,0,0
1782238156.989643,kill_switch,RUN,1
1782238156.989643,engine_on_counter,0,0
1782238157.000671,gear_position,N,0
1782238157.000671,shift_lever_displaced,DISPLACED,1
1782238157.000671,shift_lever_failed,OK,0
1782238157.000877,coolant_temp,73.4,734
1782238157.000877,warmup_index,0,0
1782238157.000877,side_stand,UP,1
1782238157.001577,rpm,0,0
1782238157.001577,throttle_position,0,0
1782238157.011468,kill_switch,RUN,1
1782238157.011468,engine_on_counter,0,0
1782238157.012554,gear_position,N,0
1782238157.012554,shift_lever_displaced,DISPLACED,1
1782238157.012554,shift_lever_failed,OK,0
1782238157.029187,rpm,0,0
1782238157.029187,throttle_position,0,0
1782238157.030109,kill_switch,RUN,1
1782238157.030109,engine_on_counter,0,0
1782238157.048391,gear_position,N,0
1782238157.048391,shift_lever_displaced,DISPLACED,1
1782238157.048391,shift_lever_failed,OK,0
1782238157.048598,rpm,0,0
1782238157.048598,throttle_position,0,0
1782238157.053254,kill_switch,RUN,1
1782238157.053254,engine_on_counter,0,0
1782238157.053411,gear_position,N,0
1782238157.053411,shift_lever_displaced,DISPLACED,1
1782238157.053411,shift_lever_failed,OK,0
1782238157.053565,rpm,0,0
1782238157.053565,throttle_position,0,0
1782238157.070761,kill_switch,RUN,1
1782238157.070761,engine_on_counter,0,0
1782238157.070937,gear_position,N,0
1782238157.070937,shift_lever_displaced,DISPLACED,1
1782238157.070937,shift_lever_failed,OK,0
1782238157.088867,rpm,0,0
1782238157.088867,throttle_position,0,0
1782238157.089337,kill_switch,RUN,1
1782238157.089337,engine_on_counter,0,0
1782238157.100448,gear_position,N,0
1782238157.100448,shift_lever_displaced,DISPLACED,1
1782238157.100448,shift_lever_failed,OK,0
1782238157.100538,coolant_temp,73.4,734
1782238157.100538,warmup_index,0,0
1782238157.100538,side_stand,UP,1
1782238157.100804,rpm,0,0
1782238157.100804,throttle_position,0,0
1782238157.110800,kill_switch,RUN,1
1782238157.110800,engine_on_counter,0,0
1782238157.111008,gear_position,N,0
1782238157.111008,shift_lever_displaced,DISPLACED,1
1782238157.111008,shift_lever_failed,OK,0
1782238157.121658,rpm,0,0
1782238157.121658,throttle_position,0,0
1782238157.140705,kill_switch,RUN,1
1782238157.140705,engine_on_counter,0,0
1782238157.141092,gear_position,N,0
1782238157.141092,shift_lever_displaced,DISPLACED,1
1782238157.141092,shift_lever_failed,OK,0
1782238157.141473,rpm,0,0
1782238157.141473,throttle_position,0,0
1782238157.152476,kill_switch,RUN,1
1782238157.152476,engine_on_counter,0,0
1782238157.152709,gear_position,N,0
1782238157.152709,shift_lever_displaced,DISPLACED,1
1782238157.152709,shift_lever_failed,OK,0
1782238157.152819,rpm,0,0
1782238157.152819,throttle_position,0,0
1782238157.170450,kill_switch,RUN,1
1782238157.170450,engine_on_counter,0,0
1782238157.186064,gear_position,N,0
1782238157.186064,shift_lever_displaced,DISPLACED,1
1782238157.186064,shift_lever_failed,OK,0
1782238157.186395,rpm,0,0
1782238157.186395,throttle_position,0,0
1782238157.190531,kill_switch,RUN,1
1782238157.190531,engine_on_counter,0,0
1782238157.190798,gear_position,N,0
1782238157.190798,shift_lever_displaced,DISPLACED,1
1782238157.190798,shift_lever_failed,OK,0
1782238157.190925,coolant_temp,73.4,734
1782238157.190925,warmup_index,0,0
1782238157.190925,side_stand,UP,1
1782238157.209049,rpm,0,0
1782238157.209049,throttle_position,0,0
1782238157.210067,kill_switch,RUN,1
1782238157.210067,engine_on_counter,0,0
1782238157.220992,gear_position,N,0
1782238157.220992,shift_lever_displaced,DISPLACED,1
1782238157.220992,shift_lever_failed,OK,0
1782238157.221107,rpm,0,0
1782238157.221107,throttle_position,0,0
1782238157.231041,kill_switch,RUN,1
1782238157.231041,engine_on_counter,0,0
1782238157.231328,gear_position,N,0
1782238157.231328,shift_lever_displaced,DISPLACED,1
1782238157.231328,shift_lever_failed,OK,0
1782238157.251230,rpm,0,0
1782238157.251230,throttle_position,0,0
1782238157.251703,kill_switch,RUN,1
1782238157.251703,engine_on_counter,0,0
1782238157.251988,gear_position,N,0
1782238157.251988,shift_lever_displaced,DISPLACED,1
1782238157.251988,shift_lever_failed,OK,0
1782238157.269263,rpm,0,0
1782238157.269263,throttle_position,0,0
1782238157.270278,kill_switch,RUN,1
1782238157.270278,engine_on_counter,0,0
1782238157.280790,gear_position,N,0
1782238157.280790,shift_lever_displaced,DISPLACED,1
1782238157.280790,shift_lever_failed,OK,0
1782238157.281302,rpm,0,0
1782238157.281302,throttle_position,0,0
1782238157.299209,kill_switch,RUN,1
1782238157.299209,engine_on_counter,0,0
1782238157.299527,gear_position,N,0
1782238157.299527,shift_lever_displaced,DISPLACED,1
1782238157.299527,shift_lever_failed,OK,0
1782238157.299609,coolant_temp,73.4,734
1782238157.299609,warmup_index,0,0
1782238157.299609,side_stand,UP,1
1782238157.305657,rpm,0,0
1782238157.305657,throttle_position,0,0
1782238157.320723,kill_switch,RUN,1
1782238157.320723,engine_on_counter,0,0
1782238157.320915,gear_position,N,0
1782238157.320915,shift_lever_displaced,DISPLACED,1
1782238157.320915,shift_lever_failed,OK,0
1782238157.321088,rpm,0,0
1782238157.321088,throttle_position,0,0
1782238157.330688,kill_switch,RUN,1
1782238157.330688,engine_on_counter,0,0
1782238157.330859,gear_position,N,0
1782238157.330859,shift_lever_displaced,DISPLACED,1
1782238157.330859,shift_lever_failed,OK,0
1782238157.349649,rpm,0,0
1782238157.349649,throttle_position,0,0
1782238157.349923,kill_switch,RUN,1
1782238157.349923,engine_on_counter,0,0
1782238157.360721,gear_position,N,0
1782238157.360721,shift_lever_displaced,DISPLACED,1
1782238157.360721,shift_lever_failed,OK,0
1782238157.360931,rpm,0,0
1782238157.360931,throttle_position,0,0
1782238157.371167,kill_switch,RUN,1
1782238157.371167,engine_on_counter,0,0
1782238157.371433,gear_position,N,0
1782238157.371433,shift_lever_displaced,DISPLACED,1
1782238157.371433,shift_lever_failed,OK,0
1782238157.371674,rpm,0,0
1782238157.371674,throttle_position,0,0
1782238157.389765,kill_switch,RUN,1
1782238157.389765,engine_on_counter,0,0
1782238157.389970,gear_position,N,0
1782238157.389970,shift_lever_displaced,DISPLACED,1
1782238157.389970,shift_lever_failed,OK,0
1782238157.403337,coolant_temp,73.4,734
1782238157.403337,warmup_index,0,0
1782238157.403337,side_stand,UP,1
1782238157.403851,rpm,0,0
1782238157.403851,throttle_position,0,0
1782238157.420669,kill_switch,RUN,1
1782238157.420669,engine_on_counter,0,0
1782238157.420940,gear_position,N,0
1782238157.420940,shift_lever_displaced,DISPLACED,1
1782238157.420940,shift_lever_failed,OK,0
1782238157.421190,rpm,0,0
1782238157.421190,throttle_position,0,0
1782238157.429772,kill_switch,RUN,1
1782238157.429772,engine_on_counter,0,0
1782238157.446827,gear_position,N,0
1782238157.446827,shift_lever_displaced,DISPLACED,1
1782238157.446827,shift_lever_failed,OK,0
1782238157.447341,rpm,0,0
1782238157.447341,throttle_position,0,0
1782238157.460369,kill_switch,RUN,1
1782238157.460369,engine_on_counter,0,0
1782238157.460789,gear_position,N,0
1782238157.460789,shift_lever_displaced,DISPLACED,1
1782238157.460789,shift_lever_failed,OK,0
1782238157.461164,rpm,0,0
1782238157.461164,throttle_position,0,0
1782238157.471334,kill_switch,RUN,1
1782238157.471334,engine_on_counter,0,0
1782238157.471988,gear_position,N,0
1782238157.471988,shift_lever_displaced,DISPLACED,1
1782238157.471988,shift_lever_failed,OK,0
1782238157.489179,rpm,0,0
1782238157.489179,throttle_position,0,0
1782238157.489798,kill_switch,RUN,1
1782238157.489798,engine_on_counter,0,0
1782238157.500465,gear_position,N,0
1782238157.500465,shift_lever_displaced,DISPLACED,1
1782238157.500465,shift_lever_failed,OK,0
1782238157.500739,coolant_temp,73.3,733
1782238157.500739,warmup_index,0,0
1782238157.500739,side_stand,UP,1
1782238157.501492,rpm,0,0
1782238157.501492,throttle_position,0,0
1782238157.511135,kill_switch,RUN,1
1782238157.511135,engine_on_counter,0,0
1782238157.511556,gear_position,N,0
1782238157.511556,shift_lever_displaced,DISPLACED,1
1782238157.511556,shift_lever_failed,OK,0
1782238157.527701,rpm,0,0
1782238157.527701,throttle_position,0,0
1782238157.545994,kill_switch,RUN,1
1782238157.545994,engine_on_counter,0,0
1782238157.546189,gear_position,N,0
1782238157.546189,shift_lever_displaced,DISPLACED,1
1782238157.546189,shift_lever_failed,OK,0
1782238157.546365,rpm,0,0
1782238157.546365,throttle_position,0,0
1782238157.553230,kill_switch,RUN,1
1782238157.553230,engine_on_counter,0,0
1782238157.553407,gear_position,N,0
1782238157.553407,shift_lever_displaced,DISPLACED,1
1782238157.553407,shift_lever_failed,OK,0
1782238157.553580,rpm,0,0
1782238157.553580,throttle_position,0,0
1782238157.570729,kill_switch,RUN,1
1782238157.570729,engine_on_counter,0,0
1782238157.570933,gear_position,N,0
1782238157.570933,shift_lever_displaced,DISPLACED,1
1782238157.570933,shift_lever_failed,OK,0
1782238157.587699,rpm,0,0
1782238157.587699,throttle_position,0,0
1782238157.590584,kill_switch,RUN,1
1782238157.590584,engine_on_counter,0,0
1782238157.590767,gear_position,N,0
1782238157.590767,shift_lever_displaced,DISPLACED,1
1782238157.590767,shift_lever_failed,OK,0
1782238157.590855,coolant_temp,73.3,733
1782238157.590855,warmup_index,0,0
1782238157.590855,side_stand,UP,1
1782238157.609216,rpm,0,0
1782238157.609216,throttle_position,0,0
1782238157.609876,kill_switch,RUN,1
1782238157.609876,engine_on_counter,0,0
1782238157.621144,gear_position,N,0
1782238157.621144,shift_lever_displaced,DISPLACED,1
1782238157.621144,shift_lever_failed,OK,0
1782238157.621321,rpm,0,0
1782238157.621321,throttle_position,0,0
1782238157.640767,kill_switch,RUN,1
1782238157.640767,engine_on_counter,0,0
1782238157.641243,gear_position,N,0
1782238157.641243,shift_lever_displaced,DISPLACED,1
1782238157.641243,shift_lever_failed,OK,0
1782238157.641605,rpm,0,0
1782238157.641605,throttle_position,0,0
1782238157.651609,kill_switch,RUN,1
1782238157.651609,engine_on_counter,0,0
1782238157.651836,gear_position,N,0
1782238157.651836,shift_lever_displaced,DISPLACED,1
1782238157.651836,shift_lever_failed,OK,0
1782238157.669090,rpm,0,0
1782238157.669090,throttle_position,0,0
1782238157.670077,kill_switch,RUN,1
1782238157.670077,engine_on_counter,0,0
1782238157.680930,gear_position,N,0
1782238157.680930,shift_lever_displaced,DISPLACED,1
1782238157.680930,shift_lever_failed,OK,0
1782238157.685812,rpm,0,0
1782238157.685812,throttle_position,0,0
1782238157.690593,kill_switch,RUN,1
1782238157.690593,engine_on_counter,0,0
1782238157.690843,gear_position,N,0
1782238157.690843,shift_lever_displaced,DISPLACED,1
1782238157.690843,shift_lever_failed,OK,0
1782238157.690964,coolant_temp,73.3,733
1782238157.690964,warmup_index,0,0
1782238157.690964,side_stand,UP,1
1782238157.709407,rpm,0,0
1782238157.709407,throttle_position,0,0
1782238157.721006,gear_position,N,0
1782238157.721006,shift_lever_displaced,DISPLACED,1
1782238157.721006,shift_lever_failed,OK,0
1782238157.721150,kill_switch,RUN,1
1782238157.721150,engine_on_counter,0,0
1782238157.721303,rpm,0,0
1782238157.721303,throttle_position,0,0
1782238157.731173,gear_position,N,0
1782238157.731173,shift_lever_displaced,DISPLACED,1
1782238157.731173,shift_lever_failed,OK,0
1782238157.752108,rpm,0,0
1782238157.752108,throttle_position,0,0
1782238157.752396,kill_switch,RUN,1
1782238157.752396,engine_on_counter,0,0
1782238157.752875,gear_position,N,0
1782238157.752875,shift_lever_displaced,DISPLACED,1
1782238157.752875,shift_lever_failed,OK,0
1782238157.769074,rpm,0,0
1782238157.769074,throttle_position,0,0
1782238157.769320,kill_switch,RUN,1
1782238157.769320,engine_on_counter,0,0
1782238157.781062,gear_position,N,0
1782238157.781062,shift_lever_displaced,DISPLACED,1
1782238157.781062,shift_lever_failed,OK,0
1782238157.798683,rpm,0,0
1782238157.798683,throttle_position,0,0
1782238157.798783,kill_switch,RUN,1
1782238157.798783,engine_on_counter,0,0
1782238157.799137,gear_position,N,0
1782238157.799137,shift_lever_displaced,DISPLACED,1
1782238157.799137,shift_lever_failed,OK,0
1782238157.799256,coolant_temp,73.3,733
1782238157.799256,warmup_index,0,0
1782238157.799256,side_stand,UP,1
1782238157.803349,rpm,0,0
1782238157.803349,throttle_position,0,0
1782238157.803426,kill_switch,RUN,1
1782238157.803426,engine_on_counter,0,0
1782238157.820661,gear_position,N,0
1782238157.820661,shift_lever_displaced,DISPLACED,1
1782238157.820661,shift_lever_failed,OK,0
1782238157.820840,rpm,0,0
1782238157.820840,throttle_position,0,0
1782238157.820929,kill_switch,RUN,1
1782238157.820929,engine_on_counter,0,0
1782238157.830792,gear_position,N,0
1782238157.830792,shift_lever_displaced,DISPLACED,1
1782238157.830792,shift_lever_failed,OK,0
1782238157.849412,rpm,0,0
1782238157.849412,throttle_position,0,0
1782238157.849504,kill_switch,RUN,1
1782238157.849504,engine_on_counter,0,0
1782238157.860623,gear_position,N,0
1782238157.860623,shift_lever_displaced,DISPLACED,1
1782238157.860623,shift_lever_failed,OK,0
1782238157.860836,rpm,0,0
1782238157.860836,throttle_position,0,0
1782238157.860939,kill_switch,RUN,1
1782238157.860939,engine_on_counter,0,0
1782238157.872872,gear_position,N,0
1782238157.872872,shift_lever_displaced,DISPLACED,1
1782238157.872872,shift_lever_failed,OK,0
1782238157.873251,rpm,0,0
1782238157.873251,throttle_position,0,0
1782238157.889540,kill_switch,RUN,1
1782238157.889540,engine_on_counter,0,0
1782238157.890027,gear_position,N,0
1782238157.890027,shift_lever_displaced,DISPLACED,1
1782238157.890027,shift_lever_failed,OK,0
1782238157.900600,coolant_temp,73.3,733
1782238157.900600,warmup_index,0,0
1782238157.900600,side_stand,UP,1
1782238157.901033,rpm,0,0
1782238157.901033,throttle_position,0,0
1782238157.901174,kill_switch,RUN,1
1782238157.901174,engine_on_counter,0,0
1782238157.914306,gear_position,N,0
1782238157.914306,shift_lever_displaced,DISPLACED,1
1782238157.914306,shift_lever_failed,OK,0
1782238157.920870,rpm,0,0
1782238157.920870,throttle_position,0,0
1782238157.929144,kill_switch,RUN,1
1782238157.929144,engine_on_counter,0,0
1782238157.949811,gear_position,N,0
1782238157.949811,shift_lever_displaced,DISPLACED,1
1782238157.949811,shift_lever_failed,OK,0
1782238157.950120,rpm,0,0
1782238157.950120,throttle_position,0,0
1782238157.950265,kill_switch,RUN,1
1782238157.950265,engine_on_counter,0,0
1782238157.954124,gear_position,N,0
1782238157.954124,shift_lever_displaced,DISPLACED,1
1782238157.954124,shift_lever_failed,OK,0
1782238157.954404,rpm,0,0
1782238157.954404,throttle_position,0,0
1782238157.954550,kill_switch,RUN,1
1782238157.954550,engine_on_counter,0,0
1782238157.971437,gear_position,N,0
1782238157.971437,shift_lever_displaced,DISPLACED,1
1782238157.971437,shift_lever_failed,OK,0
1782238157.989057,rpm,0,0
1782238157.989057,throttle_position,0,0
1782238157.989231,kill_switch,RUN,1
1782238157.989231,engine_on_counter,0,0
1782238158.000341,gear_position,N,0
1782238158.000341,shift_lever_displaced,DISPLACED,1
1782238158.000341,shift_lever_failed,OK,0
1782238158.000414,coolant_temp,73.3,733
1782238158.000414,warmup_index,0,0
1782238158.000414,side_stand,UP,1
1782238158.000620,rpm,0,0
1782238158.000620,throttle_position,0,0
1782238158.000691,kill_switch,RUN,1
1782238158.000691,engine_on_counter,0,0
1782238158.010779,gear_position,N,0
1782238158.010779,shift_lever_displaced,DISPLACED,1
1782238158.010779,shift_lever_failed,OK,0
1782238158.028852,rpm,0,0
1782238158.028852,throttle_position,0,0
1782238158.028949,kill_switch,RUN,1
1782238158.028949,engine_on_counter,0,0
1782238158.040491,gear_position,N,0
1782238158.040491,shift_lever_displaced,DISPLACED,1
1782238158.040491,shift_lever_failed,OK,0
1782238158.040650,rpm,0,0
1782238158.040650,throttle_position,0,0
1782238158.040719,kill_switch,RUN,1
1782238158.040719,engine_on_counter,0,0
1782238158.053377,gear_position,N,0
1782238158.053377,shift_lever_displaced,DISPLACED,1
1782238158.053377,shift_lever_failed,OK,0
1782238158.053533,rpm,0,0
1782238158.053533,throttle_position,0,0
1782238158.070300,kill_switch,RUN,1
1782238158.070300,engine_on_counter,0,0
1782238158.070661,gear_position,N,0
1782238158.070661,shift_lever_displaced,DISPLACED,1
1782238158.070661,shift_lever_failed,OK,0
1782238158.088898,rpm,0,0
1782238158.088898,throttle_position,0,0
1782238158.089089,kill_switch,RUN,1
1782238158.089089,engine_on_counter,0,0
1782238158.095609,gear_position,N,0
1782238158.095609,shift_lever_displaced,DISPLACED,1
1782238158.095609,shift_lever_failed,OK,0
1782238158.095699,coolant_temp,73.3,733
1782238158.095699,warmup_index,0,0
1782238158.095699,side_stand,UP,1
1782238158.095968,rpm,0,0
1782238158.095968,throttle_position,0,0
1782238158.109109,kill_switch,RUN,1
1782238158.109109,engine_on_counter,0,0
1782238158.120881,gear_position,N,0
1782238158.120881,shift_lever_displaced,DISPLACED,1
1782238158.120881,shift_lever_failed,OK,0
1782238158.121107,rpm,0,0
1782238158.121107,throttle_position,0,0
1782238158.121215,kill_switch,RUN,1
1782238158.121215,engine_on_counter,0,0
1782238158.136001,gear_position,N,0
1782238158.136001,shift_lever_displaced,DISPLACED,1
1782238158.136001,shift_lever_failed,OK,0
1782238158.136243,rpm,0,0
1782238158.136243,throttle_position,0,0
1782238158.151410,kill_switch,RUN,1
1782238158.151410,engine_on_counter,0,0
1782238158.151965,gear_position,N,0
1782238158.151965,shift_lever_displaced,DISPLACED,1
1782238158.151965,shift_lever_failed,OK,0
1782238158.169181,rpm,0,0
1782238158.169181,throttle_position,0,0
1782238158.169715,kill_switch,RUN,1
1782238158.169715,engine_on_counter,0,0
1782238158.180735,gear_position,N,0
1782238158.180735,shift_lever_displaced,DISPLACED,1
1782238158.180735,shift_lever_failed,OK,0
1782238158.185177,rpm,0,0
1782238158.185177,throttle_position,0,0
1782238158.185425,kill_switch,RUN,1
1782238158.185425,engine_on_counter,0,0
1782238158.190545,gear_position,N,0
1782238158.190545,shift_lever_displaced,DISPLACED,1
1782238158.190545,shift_lever_failed,OK,0
1782238158.190664,coolant_temp,73.3,733
1782238158.190664,warmup_index,0,0
1782238158.190664,side_stand,UP,1
1782238158.209075,rpm,0,0
1782238158.209075,throttle_position,0,0
1782238158.209323,kill_switch,RUN,1
1782238158.209323,engine_on_counter,0,0
1782238158.220949,gear_position,N,0
1782238158.220949,shift_lever_displaced,DISPLACED,1
1782238158.220949,shift_lever_failed,OK,0
1782238158.221447,rpm,0,0
1782238158.221447,throttle_position,0,0
1782238158.221688,kill_switch,RUN,1
1782238158.221688,engine_on_counter,0,0
1782238158.231521,gear_position,N,0
1782238158.231521,shift_lever_displaced,DISPLACED,1
1782238158.231521,shift_lever_failed,OK,0
1782238158.250697,rpm,0,0
1782238158.250697,throttle_position,0,0
1782238158.250865,kill_switch,RUN,1
1782238158.250865,engine_on_counter,0,0
1782238158.251324,gear_position,N,0
1782238158.251324,shift_lever_displaced,DISPLACED,1
1782238158.251324,shift_lever_failed,OK,0
1782238158.260889,rpm,0,0
1782238158.260889,throttle_position,0,0
1782238158.261174,kill_switch,RUN,1
1782238158.261174,engine_on_counter,0,0
1782238158.276959,gear_position,N,0
1782238158.276959,shift_lever_displaced,DISPLACED,1
1782238158.276959,shift_lever_failed,OK,0
1782238158.277699,rpm,0,0
1782238158.277699,throttle_position,0,0
1782238158.297273,kill_switch,RUN,1
1782238158.297273,engine_on_counter,0,0
1782238158.297700,gear_position,N,0
1782238158.297700,shift_lever_displaced,DISPLACED,1
1782238158.297700,shift_lever_failed,OK,0
1782238158.297768,coolant_temp,73.3,733
1782238158.297768,warmup_index,0,0
1782238158.297768,side_stand,UP,1
1782238158.303379,rpm,0,0
1782238158.303379,throttle_position,0,0
1782238158.303441,kill_switch,RUN,1
1782238158.303441,engine_on_counter,0,0
1782238158.320600,gear_position,N,0
1782238158.320600,shift_lever_displaced,DISPLACED,1
1782238158.320600,shift_lever_failed,OK,0
1782238158.320734,rpm,0,0
1782238158.320734,throttle_position,0,0
1782238158.320801,kill_switch,RUN,1
1782238158.320801,engine_on_counter,0,0
1782238158.330585,gear_position,N,0
1782238158.330585,shift_lever_displaced,DISPLACED,1
1782238158.330585,shift_lever_failed,OK,0
1782238158.349386,rpm,0,0
1782238158.349386,throttle_position,0,0
1782238158.349526,kill_switch,RUN,1
1782238158.349526,engine_on_counter,0,0
1782238158.360405,gear_position,N,0
1782238158.360405,shift_lever_displaced,DISPLACED,1
1782238158.360405,shift_lever_failed,OK,0
1782238158.360555,rpm,0,0
1782238158.360555,throttle_position,0,0
1782238158.360703,kill_switch,RUN,1
1782238158.360703,engine_on_counter,0,0
1782238158.370945,gear_position,N,0
1782238158.370945,shift_lever_displaced,DISPLACED,1
1782238158.370945,shift_lever_failed,OK,0
1782238158.389296,rpm,0,0
1782238158.389296,throttle_position,0,0
1782238158.389410,kill_switch,RUN,1
1782238158.389410,engine_on_counter,0,0
1782238158.389831,gear_position,N,0
1782238158.389831,shift_lever_displaced,DISPLACED,1
1782238158.389831,shift_lever_failed,OK,0
1782238158.400614,coolant_temp,73.3,733
1782238158.400614,warmup_index,0,0
1782238158.400614,side_stand,UP,1
1782238158.400927,rpm,0,0
1782238158.400927,throttle_position,0,0
1782238158.401029,kill_switch,RUN,1
1782238158.401029,engine_on_counter,0,0
1782238158.411070,gear_position,N,0
1782238158.411070,shift_lever_displaced,DISPLACED,1
1782238158.411070,shift_lever_failed,OK,0
1782238158.428875,rpm,0,0
1782238158.428875,throttle_position,0,0
1782238158.429121,kill_switch,RUN,1
1782238158.429121,engine_on_counter,0,0
1782238158.440650,gear_position,N,0
1782238158.440650,shift_lever_displaced,DISPLACED,1
1782238158.440650,shift_lever_failed,OK,0
1782238158.440894,rpm,0,0
1782238158.440894,throttle_position,0,0
1782238158.441012,kill_switch,RUN,1
1782238158.441012,engine_on_counter,0,0
1782238158.458938,gear_position,N,0
1782238158.458938,shift_lever_displaced,DISPLACED,1
1782238158.458938,shift_lever_failed,OK,0
1782238158.459297,rpm,0,0
1782238158.459297,throttle_position,0,0
1782238158.470498,kill_switch,RUN,1
1782238158.470498,engine_on_counter,0,0
1782238158.471482,gear_position,N,0
1782238158.471482,shift_lever_displaced,DISPLACED,1
1782238158.471482,shift_lever_failed,OK,0
1782238158.489463,rpm,0,0
1782238158.489463,throttle_position,0,0
1782238158.489706,kill_switch,RUN,1
1782238158.489706,engine_on_counter,0,0
1782238158.499612,gear_position,N,0
1782238158.499612,shift_lever_displaced,DISPLACED,1
1782238158.499612,shift_lever_failed,OK,0
1782238158.499808,coolant_temp,73.3,733
1782238158.499808,warmup_index,0,0
1782238158.499808,side_stand,UP,1
1782238158.500345,rpm,0,0
1782238158.500345,throttle_position,0,0
1782238158.510222,kill_switch,RUN,1
1782238158.510222,engine_on_counter,0,0
1782238158.511402,gear_position,N,0
1782238158.511402,shift_lever_displaced,DISPLACED,1
1782238158.511402,shift_lever_failed,OK,0
1782238158.521206,rpm,0,0
1782238158.521206,throttle_position,0,0
1782238158.521298,kill_switch,RUN,1
1782238158.521298,engine_on_counter,0,0
1782238158.540732,gear_position,N,0
1782238158.540732,shift_lever_displaced,DISPLACED,1
1782238158.540732,shift_lever_failed,OK,0
1782238158.540976,rpm,0,0
1782238158.540976,throttle_position,0,0
1782238158.541056,kill_switch,RUN,1
1782238158.541056,engine_on_counter,0,0
1782238158.553398,gear_position,N,0
1782238158.553398,shift_lever_displaced,DISPLACED,1
1782238158.553398,shift_lever_failed,OK,0
1782238158.553550,rpm,0,0
1782238158.553550,throttle_position,0,0
1782238158.569250,kill_switch,RUN,1
1782238158.569250,engine_on_counter,0,0
1782238158.580429,gear_position,N,0
1782238158.580429,shift_lever_displaced,DISPLACED,1
1782238158.580429,shift_lever_failed,OK,0
1782238158.580726,rpm,0,0
1782238158.580726,throttle_position,0,0
1782238158.580813,kill_switch,RUN,1
1782238158.580813,engine_on_counter,0,0
1782238158.590795,gear_position,N,0
1782238158.590795,shift_lever_displaced,DISPLACED,1
1782238158.590795,shift_lever_failed,OK,0
1782238158.590885,coolant_temp,73.3,733
1782238158.590885,warmup_index,0,0
1782238158.590885,side_stand,UP,1
1782238158.609177,rpm,0,0
1782238158.609177,throttle_position,0,0
1782238158.609630,kill_switch,RUN,1
1782238158.609630,engine_on_counter,0,0
1782238158.621118,gear_position,N,0
1782238158.621118,shift_lever_displaced,DISPLACED,1
1782238158.621118,shift_lever_failed,OK,0
1782238158.621382,rpm,0,0
1782238158.621382,throttle_position,0,0
1782238158.640444,kill_switch,RUN,1
1782238158.640444,engine_on_counter,0,0
1782238158.641187,gear_position,N,0
1782238158.641187,shift_lever_displaced,DISPLACED,1
1782238158.641187,shift_lever_failed,OK,0
1782238158.641737,rpm,0,0
1782238158.641737,throttle_position,0,0
1782238158.652587,kill_switch,RUN,1
1782238158.652587,engine_on_counter,0,0
1782238158.652830,gear_position,N,0
1782238158.652830,shift_lever_displaced,DISPLACED,1
1782238158.652830,shift_lever_failed,OK,0
1782238158.669105,rpm,0,0
1782238158.669105,throttle_position,0,0
1782238158.670089,kill_switch,RUN,1
1782238158.670089,engine_on_counter,0,0
1782238158.680653,gear_position,N,0
1782238158.680653,shift_lever_displaced,DISPLACED,1
1782238158.680653,shift_lever_failed,OK,0
1782238158.681018,rpm,0,0
1782238158.681018,throttle_position,0,0
1782238158.690535,kill_switch,RUN,1
1782238158.690535,engine_on_counter,0,0
1782238158.690897,gear_position,N,0
1782238158.690897,shift_lever_displaced,DISPLACED,1
1782238158.690897,shift_lever_failed,OK,0
1782238158.691079,coolant_temp,73.3,733
1782238158.691079,warmup_index,0,0
1782238158.691079,side_stand,UP,1
1782238158.709087,rpm,0,0
1782238158.709087,throttle_position,0,0
1782238158.709594,kill_switch,RUN,1
1782238158.709594,engine_on_counter,0,0
1782238158.720981,gear_position,N,0
1782238158.720981,shift_lever_displaced,DISPLACED,1
1782238158.720981,shift_lever_failed,OK,0
1782238158.721476,rpm,0,0
1782238158.721476,throttle_position,0,0
1782238158.730952,kill_switch,RUN,1
1782238158.730952,engine_on_counter,0,0
1782238158.731435,gear_position,N,0
1782238158.731435,shift_lever_displaced,DISPLACED,1
1782238158.731435,shift_lever_failed,OK,0
1782238158.751601,rpm,0,0
1782238158.751601,throttle_position,0,0
1782238158.751969,kill_switch,RUN,1
1782238158.751969,engine_on_counter,0,0
1782238158.761530,gear_position,N,0
1782238158.761530,shift_lever_displaced,DISPLACED,1
1782238158.761530,shift_lever_failed,OK,0
1782238158.761902,rpm,0,0
1782238158.761902,throttle_position,0,0
1782238158.780289,kill_switch,RUN,1
1782238158.780289,engine_on_counter,0,0
1782238158.780787,gear_position,N,0
1782238158.780787,shift_lever_displaced,DISPLACED,1
1782238158.780787,shift_lever_failed,OK,0
1782238158.790031,rpm,0,0
1782238158.790031,throttle_position,0,0
1782238158.798518,kill_switch,RUN,1
1782238158.798518,engine_on_counter,0,0
1782238158.798678,gear_position,N,0
1782238158.798678,shift_lever_displaced,DISPLACED,1
1782238158.798678,shift_lever_failed,OK,0
1782238158.798759,coolant_temp,73.3,733
1782238158.798759,warmup_index,0,0
1782238158.798759,side_stand,UP,1
1782238158.800468,rpm,0,0
1782238158.800468,throttle_position,0,0
1782238158.810489,kill_switch,RUN,1
1782238158.810489,engine_on_counter,0,0
1782238158.810758,gear_position,N,0
1782238158.810758,shift_lever_displaced,DISPLACED,1
1782238158.810758,shift_lever_failed,OK,0
1782238158.822641,rpm,0,0
1782238158.822641,throttle_position,0,0
1782238158.840300,kill_switch,RUN,1
1782238158.840300,engine_on_counter,0,0
1782238158.840523,gear_position,N,0
1782238158.840523,shift_lever_displaced,DISPLACED,1
1782238158.840523,shift_lever_failed,OK,0
1782238158.840736,rpm,0,0
1782238158.840736,throttle_position,0,0
1782238158.850774,kill_switch,RUN,1
1782238158.850774,engine_on_counter,0,0
1782238158.850986,gear_position,N,0
1782238158.850986,shift_lever_displaced,DISPLACED,1
1782238158.850986,shift_lever_failed,OK,0
1782238158.869179,rpm,0,0
1782238158.869179,throttle_position,0,0
1782238158.869900,kill_switch,RUN,1
1782238158.869900,engine_on_counter,0,0
1782238158.886505,gear_position,N,0
1782238158.886505,shift_lever_displaced,DISPLACED,1
1782238158.886505,shift_lever_failed,OK,0
1782238158.886815,rpm,0,0
1782238158.886815,throttle_position,0,0
1782238158.890655,kill_switch,RUN,1
1782238158.890655,engine_on_counter,0,0
1782238158.890842,gear_position,N,0
1782238158.890842,shift_lever_displaced,DISPLACED,1
1782238158.890842,shift_lever_failed,OK,0
1782238158.890933,coolant_temp,73.3,733
1782238158.890933,warmup_index,0,0
1782238158.890933,side_stand,UP,1
1782238158.908945,rpm,0,0
1782238158.908945,throttle_position,0,0
1782238158.909326,kill_switch,RUN,1
1782238158.909326,engine_on_counter,0,0
1782238158.920894,gear_position,N,0
1782238158.920894,shift_lever_displaced,DISPLACED,1
1782238158.920894,shift_lever_failed,OK,0
1782238158.921121,rpm,0,0
1782238158.921121,throttle_position,0,0
1782238158.930887,kill_switch,RUN,1
1782238158.930887,engine_on_counter,0,0
1782238158.931135,gear_position,N,0
1782238158.931135,shift_lever_displaced,DISPLACED,1
1782238158.931135,shift_lever_failed,OK,0
1782238158.951992,rpm,0,0
1782238158.951992,throttle_position,0,0
1782238158.952693,kill_switch,RUN,1
1782238158.952693,engine_on_counter,0,0
1782238158.952972,gear_position,N,0
1782238158.952972,shift_lever_displaced,DISPLACED,1
1782238158.952972,shift_lever_failed,OK,0
1782238158.969248,rpm,0,0
1782238158.969248,throttle_position,0,0
1782238158.970239,kill_switch,RUN,1
1782238158.970239,engine_on_counter,0,0
1782238158.980796,gear_position,N,0
1782238158.980796,shift_lever_displaced,DISPLACED,1
1782238158.980796,shift_lever_failed,OK,0
1782238158.985949,rpm,0,0
1782238158.985949,throttle_position,0,0
1782238158.989796,kill_switch,RUN,1
1782238158.989796,engine_on_counter,0,0
1782238158.989977,gear_position,N,0
1782238158.989977,shift_lever_displaced,DISPLACED,1
1782238158.989977,shift_lever_failed,OK,0
1782238158.990067,coolant_temp,73.3,733
1782238158.990067,warmup_index,0,0
1782238158.990067,side_stand,UP,1
1782238159.004681,rpm,0,0
1782238159.004681,throttle_position,0,0
1782238159.020563,kill_switch,RUN,1
1782238159.020563,engine_on_counter,0,0
1782238159.020788,gear_position,N,0
1782238159.020788,shift_lever_displaced,DISPLACED,1
1782238159.020788,shift_lever_failed,OK,0
1782238159.021002,rpm,0,0
1782238159.021002,throttle_position,0,0
1782238159.030721,kill_switch,RUN,1
1782238159.030721,engine_on_counter,0,0
1782238159.030955,gear_position,N,0
1782238159.030955,shift_lever_displaced,DISPLACED,1
1782238159.030955,shift_lever_failed,OK,0
1782238159.049237,rpm,0,0
1782238159.049237,throttle_position,0,0
1782238159.049512,kill_switch,RUN,1
1782238159.049512,engine_on_counter,0,0
1782238159.060510,gear_position,N,0
1782238159.060510,shift_lever_displaced,DISPLACED,1
1782238159.060510,shift_lever_failed,OK,0
1782238159.060692,rpm,0,0
1782238159.060692,throttle_position,0,0
1782238159.070754,kill_switch,RUN,1
1782238159.070754,engine_on_counter,0,0
1782238159.070933,gear_position,N,0
1782238159.070933,shift_lever_displaced,DISPLACED,1
1782238159.070933,shift_lever_failed,OK,0
1782238159.089378,rpm,0,0
1782238159.089378,throttle_position,0,0
1782238159.089675,kill_switch,RUN,1
1782238159.089675,engine_on_counter,0,0
1782238159.089854,gear_position,N,0
1782238159.089854,shift_lever_displaced,DISPLACED,1
1782238159.089854,shift_lever_failed,OK,0
1782238159.103203,coolant_temp,73.3,733
1782238159.103203,warmup_index,0,0
1782238159.103203,side_stand,UP,1
1782238159.103532,rpm,0,0
1782238159.103532,throttle_position,0,0
1782238159.120457,kill_switch,RUN,1
1782238159.120457,engine_on_counter,0,0
1782238159.120671,gear_position,N,0
1782238159.120671,shift_lever_displaced,DISPLACED,1
1782238159.120671,shift_lever_failed,OK,0
1782238159.120889,rpm,0,0
1782238159.120889,throttle_position,0,0
1782238159.129769,kill_switch,RUN,1
1782238159.129769,engine_on_counter,0,0
1782238159.145621,gear_position,N,0
1782238159.145621,shift_lever_displaced,DISPLACED,1
1782238159.145621,shift_lever_failed,OK,0
1782238159.146080,rpm,0,0
1782238159.146080,throttle_position,0,0
1782238159.160256,kill_switch,RUN,1
1782238159.160256,engine_on_counter,0,0
1782238159.160571,gear_position,N,0
1782238159.160571,shift_lever_displaced,DISPLACED,1
1782238159.160571,shift_lever_failed,OK,0
1782238159.160852,rpm,0,0
1782238159.160852,throttle_position,0,0
1782238159.170967,kill_switch,RUN,1
1782238159.170967,engine_on_counter,0,0
1782238159.171468,gear_position,N,0
1782238159.171468,shift_lever_displaced,DISPLACED,1
1782238159.171468,shift_lever_failed,OK,0
1782238159.189289,rpm,0,0
1782238159.189289,throttle_position,0,0
1782238159.189646,kill_switch,RUN,1
1782238159.189646,engine_on_counter,0,0
1782238159.200498,gear_position,N,0
1782238159.200498,shift_lever_displaced,DISPLACED,1
1782238159.200498,shift_lever_failed,OK,0
1782238159.200690,coolant_temp,73.3,733
1782238159.200690,warmup_index,0,0
1782238159.200690,side_stand,UP,1
1782238159.201224,rpm,0,0
1782238159.201224,throttle_position,0,0
1782238159.210673,kill_switch,RUN,1
1782238159.210673,engine_on_counter,0,0
1782238159.211027,gear_position,N,0
1782238159.211027,shift_lever_displaced,DISPLACED,1
1782238159.211027,shift_lever_failed,OK,0
1782238159.226661,rpm,0,0
1782238159.226661,throttle_position,0,0
1782238159.240415,kill_switch,RUN,1
1782238159.240415,engine_on_counter,0,0
1782238159.241065,gear_position,N,0
1782238159.241065,shift_lever_displaced,DISPLACED,1
1782238159.241065,shift_lever_failed,OK,0
1782238159.241503,rpm,0,0
1782238159.241503,throttle_position,0,0
1782238159.253266,kill_switch,RUN,1
1782238159.253266,engine_on_counter,0,0
1782238159.253485,gear_position,N,0
1782238159.253485,shift_lever_displaced,DISPLACED,1
1782238159.253485,shift_lever_failed,OK,0
1782238159.253701,rpm,0,0
1782238159.253701,throttle_position,0,0
1782238159.270686,kill_switch,RUN,1
1782238159.270686,engine_on_counter,0,0
1782238159.270918,gear_position,N,0
1782238159.270918,shift_lever_displaced,DISPLACED,1
1782238159.270918,shift_lever_failed,OK,0
1782238159.295591,rpm,0,0
1782238159.295591,throttle_position,0,0
1782238159.295861,kill_switch,RUN,1
1782238159.295861,engine_on_counter,0,0
1782238159.296057,gear_position,N,0
1782238159.296057,shift_lever_displaced,DISPLACED,1
1782238159.296057,shift_lever_failed,OK,0
1782238159.296152,coolant_temp,73.3,733
1782238159.296152,warmup_index,0,0
1782238159.296152,side_stand,UP,1
1782238159.309111,rpm,0,0
1782238159.309111,throttle_position,0,0
1782238159.309467,kill_switch,RUN,1
1782238159.309467,engine_on_counter,0,0
1782238159.321046,gear_position,N,0
1782238159.321046,shift_lever_displaced,DISPLACED,1
1782238159.321046,shift_lever_failed,OK,0
1782238159.321279,rpm,0,0
1782238159.321279,throttle_position,0,0
1782238159.340329,kill_switch,RUN,1
1782238159.340329,engine_on_counter,0,0
1782238159.340538,gear_position,N,0
1782238159.340538,shift_lever_displaced,DISPLACED,1
1782238159.340538,shift_lever_failed,OK,0
1782238159.340742,rpm,0,0
1782238159.340742,throttle_position,0,0
1782238159.350809,kill_switch,RUN,1
1782238159.350809,engine_on_counter,0,0
1782238159.351027,gear_position,N,0
1782238159.351027,shift_lever_displaced,DISPLACED,1
1782238159.351027,shift_lever_failed,OK,0
1782238159.369028,rpm,0,0
1782238159.369028,throttle_position,0,0
1782238159.369707,kill_switch,RUN,1
1782238159.369707,engine_on_counter,0,0
1782238159.380620,gear_position,N,0
1782238159.380620,shift_lever_displaced,DISPLACED,1
1782238159.380620,shift_lever_failed,OK,0
1782238159.386041,rpm,0,0
1782238159.386041,throttle_position,0,0
1782238159.390335,kill_switch,RUN,1
1782238159.390335,engine_on_counter,0,0
1782238159.390573,gear_position,N,0
1782238159.390573,shift_lever_displaced,DISPLACED,1
1782238159.390573,shift_lever_failed,OK,0
1782238159.390697,coolant_temp,73.3,733
1782238159.390697,warmup_index,0,0
1782238159.390697,side_stand,UP,1
1782238159.409341,rpm,0,0
1782238159.409341,throttle_position,0,0
1782238159.410305,kill_switch,RUN,1
1782238159.410305,engine_on_counter,0,0
1782238159.421108,gear_position,N,0
1782238159.421108,shift_lever_displaced,DISPLACED,1
1782238159.421108,shift_lever_failed,OK,0
1782238159.421604,rpm,0,0
1782238159.421604,throttle_position,0,0
1782238159.431218,kill_switch,RUN,1
1782238159.431218,engine_on_counter,0,0
1782238159.431705,gear_position,N,0
1782238159.431705,shift_lever_displaced,DISPLACED,1
1782238159.431705,shift_lever_failed,OK,0
1782238159.451938,rpm,0,0
1782238159.451938,throttle_position,0,0
1782238159.452396,kill_switch,RUN,1
1782238159.452396,engine_on_counter,0,0
1782238159.468470,gear_position,N,0
1782238159.468470,shift_lever_displaced,DISPLACED,1
1782238159.468470,shift_lever_failed,OK,0
1782238159.468989,rpm,0,0
1782238159.468989,throttle_position,0,0
1782238159.480241,kill_switch,RUN,1
1782238159.480241,engine_on_counter,0,0
1782238159.480799,gear_position,N,0
1782238159.480799,shift_lever_displaced,DISPLACED,1
1782238159.480799,shift_lever_failed,OK,0
1782238159.485907,rpm,0,0
1782238159.485907,throttle_position,0,0
1782238159.489844,kill_switch,RUN,1
1782238159.489844,engine_on_counter,0,0
1782238159.490055,gear_position,N,0
1782238159.490055,shift_lever_displaced,DISPLACED,1
1782238159.490055,shift_lever_failed,OK,0
1782238159.490164,coolant_temp,73.2,732
1782238159.490164,warmup_index,0,0
1782238159.490164,side_stand,UP,1
1782238159.509272,rpm,0,0
1782238159.509272,throttle_position,0,0
1782238159.520735,gear_position,N,0
1782238159.520735,shift_lever_displaced,DISPLACED,1
1782238159.520735,shift_lever_failed,OK,0
1782238159.521223,kill_switch,RUN,1
1782238159.521223,engine_on_counter,0,0
1782238159.521460,rpm,0,0
1782238159.521460,throttle_position,0,0
1782238159.531277,gear_position,N,0
1782238159.531277,shift_lever_displaced,DISPLACED,1
1782238159.531277,shift_lever_failed,OK,0
1782238159.551701,rpm,0,0
1782238159.551701,throttle_position,0,0
1782238159.551800,kill_switch,RUN,1
1782238159.551800,engine_on_counter,0,0
1782238159.560541,gear_position,N,0
1782238159.560541,shift_lever_displaced,DISPLACED,1
1782238159.560541,shift_lever_failed,OK,0
1782238159.560721,rpm,0,0
1782238159.560721,throttle_position,0,0
1782238159.560809,kill_switch,RUN,1
1782238159.560809,engine_on_counter,0,0
1782238159.571783,gear_position,N,0
1782238159.571783,shift_lever_displaced,DISPLACED,1
1782238159.571783,shift_lever_failed,OK,0
1782238159.572094,rpm,0,0
1782238159.572094,throttle_position,0,0
1782238159.589621,kill_switch,RUN,1
1782238159.589621,engine_on_counter,0,0
1782238159.589988,gear_position,N,0
1782238159.589988,shift_lever_displaced,DISPLACED,1
1782238159.589988,shift_lever_failed,OK,0
1782238159.590075,coolant_temp,73.2,732
1782238159.590075,warmup_index,0,0
1782238159.590075,side_stand,UP,1
1782238159.600792,rpm,0,0
1782238159.600792,throttle_position,0,0
1782238159.600894,kill_switch,RUN,1
1782238159.600894,engine_on_counter,0,0
1782238159.612975,gear_position,N,0
1782238159.612975,shift_lever_displaced,DISPLACED,1
1782238159.612975,shift_lever_failed,OK,0
1782238159.613208,rpm,0,0
1782238159.613208,throttle_position,0,0
1782238159.629131,kill_switch,RUN,1
1782238159.629131,engine_on_counter,0,0
1782238159.649346,gear_position,N,0
1782238159.649346,shift_lever_displaced,REST,0
1782238159.649346,shift_lever_failed,OK,0
1782238159.649757,rpm,0,0
1782238159.649757,throttle_position,0,0
1782238159.649884,kill_switch,RUN,1
1782238159.649884,engine_on_counter,0,0
1782238159.660656,gear_position,N,0
1782238159.660656,shift_lever_displaced,REST,0
1782238159.660656,shift_lever_failed,OK,0
1782238159.661170,rpm,0,0
1782238159.661170,throttle_position,0,0
1782238159.661411,kill_switch,RUN,1
1782238159.661411,engine_on_counter,0,0
1782238159.671319,gear_position,N,0
1782238159.671319,shift_lever_displaced,REST,0
1782238159.671319,shift_lever_failed,OK,0
1782238159.689249,rpm,0,0
1782238159.689249,throttle_position,0,0
1782238159.689418,kill_switch,RUN,1
1782238159.689418,engine_on_counter,0,0
1782238159.700253,gear_position,N,0
1782238159.700253,shift_lever_displaced,REST,0
1782238159.700253,shift_lever_failed,OK,0
1782238159.700514,coolant_temp,73.2,732
1782238159.700514,warmup_index,0,0
1782238159.700514,side_stand,UP,1
1782238159.701242,rpm,0,0
1782238159.701242,throttle_position,0,0
1782238159.701479,kill_switch,RUN,1
1782238159.701479,engine_on_counter,0,0
1782238159.711554,gear_position,N,0
1782238159.711554,shift_lever_displaced,REST,0
1782238159.711554,shift_lever_failed,OK,0
1782238159.728951,rpm,0,0
1782238159.728951,throttle_position,0,0
1782238159.729135,kill_switch,RUN,1
1782238159.729135,engine_on_counter,0,0
1782238159.740861,gear_position,N,0
1782238159.740861,shift_lever_displaced,REST,0
1782238159.740861,shift_lever_failed,OK,0
1782238159.741333,rpm,0,0
1782238159.741333,throttle_position,0,0
1782238159.741571,kill_switch,RUN,1
1782238159.741571,engine_on_counter,0,0
1782238159.752906,gear_position,N,0
1782238159.752906,shift_lever_displaced,REST,0
1782238159.752906,shift_lever_failed,OK,0
1782238159.753187,rpm,0,0
1782238159.753187,throttle_position,0,0
1782238159.770085,kill_switch,RUN,1
1782238159.770085,engine_on_counter,0,0
1782238159.771379,gear_position,N,0
1782238159.771379,shift_lever_displaced,REST,0
1782238159.771379,shift_lever_failed,OK,0
1782238159.798283,rpm,0,0
1782238159.798283,throttle_position,0,0
1782238159.798527,kill_switch,RUN,1
1782238159.798527,engine_on_counter,0,0
1782238159.798791,gear_position,N,0
1782238159.798791,shift_lever_displaced,REST,0
1782238159.798791,shift_lever_failed,OK,0
1782238159.798858,coolant_temp,73.2,732
1782238159.798858,warmup_index,0,0
1782238159.798858,side_stand,UP,1
1782238159.799088,rpm,0,0
1782238159.799088,throttle_position,0,0
1782238159.810203,kill_switch,RUN,1
1782238159.810203,engine_on_counter,0,0
1782238159.810547,gear_position,N,0
1782238159.810547,shift_lever_displaced,REST,0
1782238159.810547,shift_lever_failed,OK,0
1782238159.820977,rpm,0,0
1782238159.820977,throttle_position,0,0
1782238159.821045,kill_switch,RUN,1
1782238159.821045,engine_on_counter,0,0
1782238159.832706,gear_position,N,0
1782238159.832706,shift_lever_displaced,REST,0
1782238159.832706,shift_lever_failed,OK,0
1782238159.832862,rpm,0,0
1782238159.832862,throttle_position,0,0
1782238159.850546,kill_switch,RUN,1
1782238159.850546,engine_on_counter,0,0
1782238159.850870,gear_position,N,0
1782238159.850870,shift_lever_displaced,REST,0
1782238159.850870,shift_lever_failed,OK,0
1782238159.869160,rpm,0,0
1782238159.869160,throttle_position,0,0
1782238159.869251,kill_switch,RUN,1
1782238159.869251,engine_on_counter,0,0
1782238159.880512,gear_position,N,0
1782238159.880512,shift_lever_displaced,REST,0
1782238159.880512,shift_lever_failed,OK,0
1782238159.880779,rpm,0,0
1782238159.880779,throttle_position,0,0
1782238159.880866,kill_switch,RUN,1
1782238159.880866,engine_on_counter,0,0
1782238159.890874,gear_position,N,0
1782238159.890874,shift_lever_displaced,REST,0
1782238159.890874,shift_lever_failed,OK,0
1782238159.890980,coolant_temp,73.2,732
1782238159.890980,warmup_index,0,0
1782238159.890980,side_stand,UP,1
1782238159.909022,rpm,0,0
1782238159.909022,throttle_position,0,0
1782238159.909209,kill_switch,RUN,1
1782238159.909209,engine_on_counter,0,0
1782238159.920694,gear_position,N,0
1782238159.920694,shift_lever_displaced,REST,0
1782238159.920694,shift_lever_failed,OK,0
1782238159.920918,rpm,0,0
1782238159.920918,throttle_position,0,0
1782238159.921034,kill_switch,RUN,1
1782238159.921034,engine_on_counter,0,0
1782238159.931370,gear_position,N,0
1782238159.931370,shift_lever_displaced,REST,0
1782238159.931370,shift_lever_failed,OK,0
1782238159.951635,rpm,0,0
1782238159.951635,throttle_position,0,0
1782238159.951804,kill_switch,RUN,1
1782238159.951804,engine_on_counter,0,0
1782238159.952380,gear_position,N,0
1782238159.952380,shift_lever_displaced,REST,0
1782238159.952380,shift_lever_failed,OK,0
1782238159.969305,rpm,0,0
1782238159.969305,throttle_position,0,0
1782238159.969555,kill_switch,RUN,1
1782238159.969555,engine_on_counter,0,0
1782238159.972876,gear_position,N,0
1782238159.972876,shift_lever_displaced,REST,0
1782238159.972876,shift_lever_failed,OK,0
1782238159.973606,rpm,0,0
1782238159.973606,throttle_position,0,0
1782238159.973850,kill_switch,RUN,1
1782238159.973850,engine_on_counter,0,0
1782238159.989965,gear_position,N,0
1782238159.989965,shift_lever_displaced,REST,0
1782238159.989965,shift_lever_failed,OK,0
1782238159.990047,coolant_temp,73.2,732
1782238159.990047,warmup_index,0,0
1782238159.990047,side_stand,UP,1
1782238160.003356,rpm,0,0
1782238160.003356,throttle_position,0,0
1782238160.003433,kill_switch,RUN,1
1782238160.003433,engine_on_counter,0,0
1782238160.020592,gear_position,N,0
1782238160.020592,shift_lever_displaced,REST,0
1782238160.020592,shift_lever_failed,OK,0
1782238160.020771,rpm,0,0
1782238160.020771,throttle_position,0,0
1782238160.020861,kill_switch,RUN,1
1782238160.020861,engine_on_counter,0,0
1782238160.030699,gear_position,N,0
1782238160.030699,shift_lever_displaced,REST,0
1782238160.030699,shift_lever_failed,OK,0
1782238160.059559,rpm,0,0
1782238160.059559,throttle_position,0,0
1782238160.059669,kill_switch,RUN,1
1782238160.059669,engine_on_counter,0,0
1782238160.060265,gear_position,N,0
1782238160.060265,shift_lever_displaced,REST,0
1782238160.060265,shift_lever_failed,OK,0
1782238160.060388,rpm,0,0
1782238160.060388,throttle_position,0,0
1782238160.060446,kill_switch,RUN,1
1782238160.060446,engine_on_counter,0,0
1782238160.070759,gear_position,N,0
1782238160.070759,shift_lever_displaced,REST,0
1782238160.070759,shift_lever_failed,OK,0
1782238160.089400,rpm,0,0
1782238160.089400,throttle_position,0,0
1782238160.089487,kill_switch,RUN,1
1782238160.089487,engine_on_counter,0,0
1782238160.089748,gear_position,N,0
1782238160.089748,shift_lever_displaced,REST,0
1782238160.089748,shift_lever_failed,OK,0
1782238160.100473,coolant_temp,73.2,732
1782238160.100473,warmup_index,0,0
1782238160.100473,side_stand,UP,1
1782238160.100677,rpm,0,0
1782238160.100677,throttle_position,0,0
1782238160.100742,kill_switch,RUN,1
1782238160.100742,engine_on_counter,0,0
1782238160.112749,gear_position,N,0
1782238160.112749,shift_lever_displaced,REST,0
1782238160.112749,shift_lever_failed,OK,0
1782238160.112897,rpm,0,0
1782238160.112897,throttle_position,0,0
1782238160.128985,kill_switch,RUN,1
1782238160.128985,engine_on_counter,0,0
1782238160.140523,gear_position,N,0
1782238160.140523,shift_lever_displaced,REST,0
1782238160.140523,shift_lever_failed,OK,0
1782238160.140704,rpm,0,0
1782238160.140704,throttle_position,0,0
1782238160.140789,kill_switch,RUN,1
1782238160.140789,engine_on_counter,0,0
1782238160.153289,gear_position,N,0
1782238160.153289,shift_lever_displaced,REST,0
1782238160.153289,shift_lever_failed,OK,0
1782238160.153460,rpm,0,0
1782238160.153460,throttle_position,0,0
1782238160.153543,kill_switch,RUN,1
1782238160.153543,engine_on_counter,0,0
1782238160.171099,gear_position,N,0
1782238160.171099,shift_lever_displaced,REST,0
1782238160.171099,shift_lever_failed,OK,0
1782238160.189348,rpm,0,0
1782238160.189348,throttle_position,0,0
1782238160.189528,kill_switch,RUN,1
1782238160.189528,engine_on_counter,0,0
1782238160.200300,gear_position,N,0
1782238160.200300,shift_lever_displaced,REST,0
1782238160.200300,shift_lever_failed,OK,0
1782238160.200469,coolant_temp,73.2,732
1782238160.200469,warmup_index,0,0
1782238160.200469,side_stand,UP,1
1782238160.200882,rpm,0,0
1782238160.200882,throttle_position,0,0
1782238160.201018,kill_switch,RUN,1
1782238160.201018,engine_on_counter,0,0
1782238160.213338,gear_position,N,0
1782238160.213338,shift_lever_displaced,REST,0
1782238160.213338,shift_lever_failed,OK,0
1782238160.221267,rpm,0,0
1782238160.221267,throttle_position,0,0
1782238160.221385,kill_switch,RUN,1
1782238160.221385,engine_on_counter,0,0
1782238160.240822,gear_position,N,0
1782238160.240822,shift_lever_displaced,REST,0
1782238160.240822,shift_lever_failed,OK,0
1782238160.241309,rpm,0,0
1782238160.241309,throttle_position,0,0
1782238160.241575,kill_switch,RUN,1
1782238160.241575,engine_on_counter,0,0
1782238160.252974,gear_position,N,0
1782238160.252974,shift_lever_displaced,REST,0
1782238160.252974,shift_lever_failed,OK,0
1782238160.253252,rpm,0,0
1782238160.253252,throttle_position,0,0
1782238160.270192,kill_switch,RUN,1
1782238160.270192,engine_on_counter,0,0
1782238160.271418,gear_position,N,0
1782238160.271418,shift_lever_displaced,REST,0
1782238160.271418,shift_lever_failed,OK,0
1782238160.281043,rpm,0,0
1782238160.281043,throttle_position,0,0
1782238160.281281,kill_switch,RUN,1
1782238160.281281,engine_on_counter,0,0
1782238160.296297,gear_position,N,0
1782238160.296297,shift_lever_displaced,REST,0
1782238160.296297,shift_lever_failed,OK,0
1782238160.296359,coolant_temp,73.2,732
1782238160.296359,warmup_index,0,0
1782238160.296359,side_stand,UP,1
1782238160.309163,rpm,0,0
1782238160.309163,throttle_position,0,0
1782238160.309253,kill_switch,RUN,1
1782238160.309253,engine_on_counter,0,0
1782238160.320849,gear_position,N,0
1782238160.320849,shift_lever_displaced,REST,0
1782238160.320849,shift_lever_failed,OK,0
1782238160.321003,rpm,0,0
1782238160.321003,throttle_position,0,0
1782238160.321069,kill_switch,RUN,1
1782238160.321069,engine_on_counter,0,0
1782238160.332696,gear_position,N,0
1782238160.332696,shift_lever_displaced,REST,0
1782238160.332696,shift_lever_failed,OK,0
1782238160.332844,rpm,0,0
1782238160.332844,throttle_position,0,0
1782238160.350638,kill_switch,RUN,1
1782238160.350638,engine_on_counter,0,0
1782238160.350952,gear_position,N,0
1782238160.350952,shift_lever_displaced,REST,0
1782238160.350952,shift_lever_failed,OK,0
1782238160.368982,rpm,0,0
1782238160.368982,throttle_position,0,0
1782238160.369071,kill_switch,RUN,1
1782238160.369071,engine_on_counter,0,0
1782238160.380326,gear_position,N,0
1782238160.380326,shift_lever_displaced,REST,0
1782238160.380326,shift_lever_failed,OK,0
1782238160.380633,rpm,0,0
1782238160.380633,throttle_position,0,0
1782238160.380735,kill_switch,RUN,1
1782238160.380735,engine_on_counter,0,0
1782238160.390424,gear_position,N,0
1782238160.390424,shift_lever_displaced,REST,0
1782238160.390424,shift_lever_failed,OK,0
1782238160.390531,coolant_temp,73.2,732
1782238160.390531,warmup_index,0,0
1782238160.390531,side_stand,UP,1
1782238160.409201,rpm,0,0
1782238160.409201,throttle_position,0,0
1782238160.409338,kill_switch,RUN,1
1782238160.409338,engine_on_counter,0,0
1782238160.420727,gear_position,N,0
1782238160.420727,shift_lever_displaced,REST,0
1782238160.420727,shift_lever_failed,OK,0
1782238160.420984,rpm,0,0
1782238160.420984,throttle_position,0,0
1782238160.421103,kill_switch,RUN,1
1782238160.421103,engine_on_counter,0,0
1782238160.430910,gear_position,N,0
1782238160.430910,shift_lever_displaced,REST,0
1782238160.430910,shift_lever_failed,OK,0
1782238160.451969,rpm,0,0
1782238160.451969,throttle_position,0,0
1782238160.452178,kill_switch,RUN,1
1782238160.452178,engine_on_counter,0,0
1782238160.460477,gear_position,N,0
1782238160.460477,shift_lever_displaced,REST,0
1782238160.460477,shift_lever_failed,OK,0
1782238160.460780,rpm,0,0
1782238160.460780,throttle_position,0,0
1782238160.460922,kill_switch,RUN,1
1782238160.460922,engine_on_counter,0,0
1782238160.473010,gear_position,N,0
1782238160.473010,shift_lever_displaced,REST,0
1782238160.473010,shift_lever_failed,OK,0
1782238160.473735,rpm,0,0
1782238160.473735,throttle_position,0,0
1782238160.489679,kill_switch,RUN,1
1782238160.489679,engine_on_counter,0,0
1782238160.490131,gear_position,N,0
1782238160.490131,shift_lever_displaced,REST,0
1782238160.490131,shift_lever_failed,OK,0
1782238160.490239,coolant_temp,73.2,732
1782238160.490239,warmup_index,0,0
1782238160.490239,side_stand,UP,1
1782238160.503525,rpm,0,0
1782238160.503525,throttle_position,0,0
1782238160.503641,kill_switch,RUN,1
1782238160.503641,engine_on_counter,0,0
1782238160.512889,gear_position,N,0
1782238160.512889,shift_lever_displaced,REST,0
1782238160.512889,shift_lever_failed,OK,0
1782238160.513168,rpm,0,0
1782238160.513168,throttle_position,0,0
1782238160.529270,kill_switch,RUN,1
1782238160.529270,engine_on_counter,0,0
1782238160.549143,gear_position,N,0
1782238160.549143,shift_lever_displaced,REST,0
1782238160.549143,shift_lever_failed,OK,0
1782238160.549334,rpm,0,0
1782238160.549334,throttle_position,0,0
1782238160.549426,kill_switch,RUN,1
1782238160.549426,engine_on_counter,0,0
1782238160.560310,gear_position,N,0
1782238160.560310,shift_lever_displaced,REST,0
1782238160.560310,shift_lever_failed,OK,0
1782238160.560489,rpm,0,0
1782238160.560489,throttle_position,0,0
1782238160.560576,kill_switch,RUN,1
1782238160.560576,engine_on_counter,0,0
1782238160.570950,gear_position,N,0
1782238160.570950,shift_lever_displaced,REST,0
1782238160.570950,shift_lever_failed,OK,0
1782238160.589252,rpm,0,0
1782238160.589252,throttle_position,0,0
1782238160.589351,kill_switch,RUN,1
1782238160.589351,engine_on_counter,0,0
1782238160.589706,gear_position,N,0
1782238160.589706,shift_lever_displaced,REST,0
1782238160.589706,shift_lever_failed,OK,0
1782238160.600301,coolant_temp,73.2,732
1782238160.600301,warmup_index,0,0
1782238160.600301,side_stand,UP,1
1782238160.600624,rpm,0,0
1782238160.600624,throttle_position,0,0
1782238160.600729,kill_switch,RUN,1
1782238160.600729,engine_on_counter,0,0
1782238160.611303,gear_position,N,0
1782238160.611303,shift_lever_displaced,REST,0
1782238160.611303,shift_lever_failed,OK,0
1782238160.629051,rpm,0,0
1782238160.629051,throttle_position,0,0
1782238160.629234,kill_switch,RUN,1
1782238160.629234,engine_on_counter,0,0
1782238160.640812,gear_position,N,0
1782238160.640812,shift_lever_displaced,REST,0
1782238160.640812,shift_lever_failed,OK,0
1782238160.641287,rpm,0,0
1782238160.641287,throttle_position,0,0
1782238160.641473,kill_switch,RUN,1
1782238160.641473,engine_on_counter,0,0
1782238160.653493,gear_position,N,0
1782238160.653493,shift_lever_displaced,REST,0
1782238160.653493,shift_lever_failed,OK,0
1782238160.653772,rpm,0,0
1782238160.653772,throttle_position,0,0
1782238160.653907,kill_switch,RUN,1
1782238160.653907,engine_on_counter,0,0
1782238160.671234,gear_position,N,0
1782238160.671234,shift_lever_displaced,REST,0
1782238160.671234,shift_lever_failed,OK,0
1782238160.689255,rpm,0,0
1782238160.689255,throttle_position,0,0
1782238160.689395,kill_switch,RUN,1
1782238160.689395,engine_on_counter,0,0
1782238160.692671,gear_position,N,0
1782238160.692671,shift_lever_displaced,REST,0
1782238160.692671,shift_lever_failed,OK,0
1782238160.692848,coolant_temp,73.2,732
1782238160.692848,warmup_index,0,0
1782238160.692848,side_stand,UP,1
1782238160.693369,rpm,0,0
1782238160.693369,throttle_position,0,0
1782238160.710181,kill_switch,RUN,1
1782238160.710181,engine_on_counter,0,0
1782238160.711385,gear_position,N,0
1782238160.711385,shift_lever_displaced,REST,0
1782238160.711385,shift_lever_failed,OK,0
1782238160.721202,rpm,0,0
1782238160.721202,throttle_position,0,0
1782238160.721303,kill_switch,RUN,1
1782238160.721303,engine_on_counter,0,0
1782238160.732734,gear_position,N,0
1782238160.732734,shift_lever_displaced,REST,0
1782238160.732734,shift_lever_failed,OK,0
1782238160.732915,rpm,0,0
1782238160.732915,throttle_position,0,0
1782238160.733002,kill_switch,RUN,1
1782238160.733002,engine_on_counter,0,0
1782238160.751020,gear_position,N,0
1782238160.751020,shift_lever_displaced,REST,0
1782238160.751020,shift_lever_failed,OK,0
1782238160.769220,rpm,0,0
1782238160.769220,throttle_position,0,0
1782238160.769440,kill_switch,RUN,1
1782238160.769440,engine_on_counter,0,0
1782238160.780487,gear_position,N,0
1782238160.780487,shift_lever_displaced,REST,0
1782238160.780487,shift_lever_failed,OK,0
1782238160.781339,rpm,0,0
1782238160.781339,throttle_position,0,0
1782238160.786757,kill_switch,RUN,1
1782238160.786757,engine_on_counter,0,0
1782238160.795965,gear_position,N,0
1782238160.795965,shift_lever_displaced,REST,0
1782238160.795965,shift_lever_failed,OK,0
1782238160.796047,coolant_temp,73.2,732
1782238160.796047,warmup_index,0,0
1782238160.796047,side_stand,UP,1
1782238160.800543,rpm,0,0
1782238160.800543,throttle_position,0,0
1782238160.800613,kill_switch,RUN,1
1782238160.800613,engine_on_counter,0,0
1782238160.812742,gear_position,N,0
1782238160.812742,shift_lever_displaced,REST,0
1782238160.812742,shift_lever_failed,OK,0
1782238160.812923,rpm,0,0
1782238160.812923,throttle_position,0,0
1782238160.829243,kill_switch,RUN,1
1782238160.829243,engine_on_counter,0,0
1782238160.849081,gear_position,N,0
1782238160.849081,shift_lever_displaced,REST,0
1782238160.849081,shift_lever_failed,OK,0
1782238160.849279,rpm,0,0
1782238160.849279,throttle_position,0,0
1782238160.849370,kill_switch,RUN,1
1782238160.849370,engine_on_counter,0,0
1782238160.853274,gear_position,N,0
1782238160.853274,shift_lever_displaced,REST,0
1782238160.853274,shift_lever_failed,OK,0
1782238160.853453,rpm,0,0
1782238160.853453,throttle_position,0,0
1782238160.853542,kill_switch,RUN,1
1782238160.853542,engine_on_counter,0,0
1782238160.870765,gear_position,N,0
1782238160.870765,shift_lever_displaced,REST,0
1782238160.870765,shift_lever_failed,OK,0
1782238160.889463,rpm,0,0
1782238160.889463,throttle_position,0,0
1782238160.889588,kill_switch,RUN,1
1782238160.889588,engine_on_counter,0,0
1782238160.900249,gear_position,N,0
1782238160.900249,shift_lever_displaced,REST,0
1782238160.900249,shift_lever_failed,OK,0
1782238160.900490,coolant_temp,73.2,732
1782238160.900490,warmup_index,0,0
1782238160.900490,side_stand,UP,1
1782238160.901049,rpm,0,0
1782238160.901049,throttle_position,0,0
1782238160.901230,kill_switch,RUN,1
1782238160.901230,engine_on_counter,0,0
1782238160.911994,gear_position,N,0
1782238160.911994,shift_lever_displaced,REST,0
1782238160.911994,shift_lever_failed,OK,0
1782238160.929242,rpm,0,0
1782238160.929242,throttle_position,0,0
1782238160.929345,kill_switch,RUN,1
1782238160.929345,engine_on_counter,0,0
1782238160.940258,gear_position,N,0
1782238160.940258,shift_lever_displaced,REST,0
1782238160.940258,shift_lever_failed,OK,0
1782238160.940442,rpm,0,0
1782238160.940442,throttle_position,0,0
1782238160.940534,kill_switch,RUN,1
1782238160.940534,engine_on_counter,0,0
1782238160.952751,gear_position,N,0
1782238160.952751,shift_lever_displaced,REST,0
1782238160.952751,shift_lever_failed,OK,0
1782238160.952931,rpm,0,0
1782238160.952931,throttle_position,0,0
1782238160.970087,kill_switch,RUN,1
1782238160.970087,engine_on_counter,0,0
1782238160.970697,gear_position,N,0
1782238160.970697,shift_lever_displaced,REST,0
1782238160.970697,shift_lever_failed,OK,0
1782238160.989435,rpm,0,0
1782238160.989435,throttle_position,0,0
1782238160.989605,kill_switch,RUN,1
1782238160.989605,engine_on_counter,0,0
1782238160.992728,gear_position,N,0
1782238160.992728,shift_lever_displaced,REST,0
1782238160.992728,shift_lever_failed,OK,0
1782238160.992906,coolant_temp,73.2,732
1782238160.992906,warmup_index,0,0
1782238160.992906,side_stand,UP,1
1782238160.993428,rpm,0,0
1782238160.993428,throttle_position,0,0
1782238161.009310,kill_switch,RUN,1
1782238161.009310,engine_on_counter,0,0
1782238161.020679,gear_position,N,0
1782238161.020679,shift_lever_displaced,REST,0
1782238161.020679,shift_lever_failed,OK,0
1782238161.020928,rpm,0,0
1782238161.020928,throttle_position,0,0
1782238161.021040,kill_switch,RUN,1
1782238161.021040,engine_on_counter,0,0
1782238161.049776,gear_position,N,0
1782238161.049776,shift_lever_displaced,REST,0
1782238161.049776,shift_lever_failed,OK,0
1782238161.049966,rpm,0,0
1782238161.049966,throttle_position,0,0
1782238161.050637,kill_switch,RUN,1
1782238161.050637,engine_on_counter,0,0
1782238161.050995,gear_position,N,0
1782238161.050995,shift_lever_displaced,REST,0
1782238161.050995,shift_lever_failed,OK,0
1782238161.069292,rpm,0,0
1782238161.069292,throttle_position,0,0
1782238161.069403,kill_switch,RUN,1
1782238161.069403,engine_on_counter,0,0
1782238161.084646,gear_position,N,0
1782238161.084646,shift_lever_displaced,REST,0
1782238161.084646,shift_lever_failed,OK,0
1782238161.084986,rpm,0,0
1782238161.084986,throttle_position,0,0
1782238161.085094,kill_switch,RUN,1
1782238161.085094,engine_on_counter,0,0
1782238161.090324,gear_position,N,0
1782238161.090324,shift_lever_displaced,REST,0
1782238161.090324,shift_lever_failed,OK,0
1782238161.090416,coolant_temp,73.2,732
1782238161.090416,warmup_index,0,0
1782238161.090416,side_stand,UP,1
1782238161.109141,rpm,0,0
1782238161.109141,throttle_position,0,0
1782238161.109247,kill_switch,RUN,1
1782238161.109247,engine_on_counter,0,0
1782238161.120694,gear_position,N,0
1782238161.120694,shift_lever_displaced,REST,0
1782238161.120694,shift_lever_failed,OK,0
1782238161.120915,rpm,0,0
1782238161.120915,throttle_position,0,0
1782238161.121023,kill_switch,RUN,1
1782238161.121023,engine_on_counter,0,0
1782238161.131267,gear_position,N,0
1782238161.131267,shift_lever_displaced,REST,0
1782238161.131267,shift_lever_failed,OK,0
1782238161.152771,rpm,0,0
1782238161.152771,throttle_position,0,0
1782238161.153036,kill_switch,RUN,1
1782238161.153036,engine_on_counter,0,0
1782238161.153542,gear_position,N,0
1782238161.153542,shift_lever_displaced,REST,0
1782238161.153542,shift_lever_failed,OK,0
1782238161.160628,rpm,0,0
1782238161.160628,throttle_position,0,0
1782238161.160748,kill_switch,RUN,1
1782238161.160748,engine_on_counter,0,0
1782238161.172930,gear_position,N,0
1782238161.172930,shift_lever_displaced,REST,0
1782238161.172930,shift_lever_failed,OK,0
1782238161.173657,rpm,0,0
1782238161.173657,throttle_position,0,0
1782238161.189696,kill_switch,RUN,1
1782238161.189696,engine_on_counter,0,0
1782238161.190029,gear_position,N,0
1782238161.190029,shift_lever_displaced,REST,0
1782238161.190029,shift_lever_failed,OK,0
1782238161.190108,coolant_temp,73.2,732
1782238161.190108,warmup_index,0,0
1782238161.190108,side_stand,UP,1
1782238161.203410,rpm,0,0
1782238161.203410,throttle_position,0,0
1782238161.203499,kill_switch,RUN,1
1782238161.203499,engine_on_counter,0,0
1782238161.220530,gear_position,N,0
1782238161.220530,shift_lever_displaced,REST,0
1782238161.220530,shift_lever_failed,OK,0
1782238161.220742,rpm,0,0
1782238161.220742,throttle_position,0,0
1782238161.220848,kill_switch,RUN,1
1782238161.220848,engine_on_counter,0,0
1782238161.230647,gear_position,N,0
1782238161.230647,shift_lever_displaced,REST,0
1782238161.230647,shift_lever_failed,OK,0
1782238161.252125,rpm,0,0
1782238161.252125,throttle_position,0,0
1782238161.252253,kill_switch,RUN,1
1782238161.252253,engine_on_counter,0,0
1782238161.260319,gear_position,N,0
1782238161.260319,shift_lever_displaced,REST,0
1782238161.260319,shift_lever_failed,OK,0
1782238161.260586,rpm,0,0
1782238161.260586,throttle_position,0,0
1782238161.260722,kill_switch,RUN,1
1782238161.260722,engine_on_counter,0,0
1782238161.271233,gear_position,N,0
1782238161.271233,shift_lever_displaced,REST,0
1782238161.271233,shift_lever_failed,OK,0
1782238161.293456,rpm,0,0
1782238161.293456,throttle_position,0,0
1782238161.302617,kill_switch,RUN,1
1782238161.302617,engine_on_counter,0,0
1782238161.303377,gear_position,N,0
1782238161.303377,shift_lever_displaced,REST,0
1782238161.303377,shift_lever_failed,OK,0
1782238161.303467,coolant_temp,73.2,732
1782238161.303467,warmup_index,0,0
1782238161.303467,side_stand,UP,1
1782238161.303747,rpm,0,0
1782238161.303747,throttle_position,0,0
1782238161.303870,kill_switch,RUN,1
1782238161.303870,engine_on_counter,0,0
1782238161.311172,gear_position,N,0
1782238161.311172,shift_lever_displaced,REST,0
1782238161.311172,shift_lever_failed,OK,0
1782238161.328992,rpm,0,0
1782238161.328992,throttle_position,0,0
1782238161.329118,kill_switch,RUN,1
1782238161.329118,engine_on_counter,0,0
1782238161.340487,gear_position,N,0
1782238161.340487,shift_lever_displaced,REST,0
1782238161.340487,shift_lever_failed,OK,0
1782238161.340697,rpm,0,0
1782238161.340697,throttle_position,0,0
1782238161.340802,kill_switch,RUN,1
1782238161.340802,engine_on_counter,0,0
1782238161.353355,gear_position,N,0
1782238161.353355,shift_lever_displaced,REST,0
1782238161.353355,shift_lever_failed,OK,0
1782238161.353590,rpm,0,0
1782238161.353590,throttle_position,0,0
1782238161.353695,kill_switch,RUN,1
1782238161.353695,engine_on_counter,0,0
1782238161.370882,gear_position,N,0
1782238161.370882,shift_lever_displaced,REST,0
1782238161.370882,shift_lever_failed,OK,0
1782238161.389456,rpm,0,0
1782238161.389456,throttle_position,0,0
1782238161.389603,kill_switch,RUN,1
1782238161.389603,engine_on_counter,0,0
1782238161.392567,gear_position,N,0
1782238161.392567,shift_lever_displaced,REST,0
1782238161.392567,shift_lever_failed,OK,0
1782238161.392715,coolant_temp,73.2,732
1782238161.392715,warmup_index,0,0
1782238161.392715,side_stand,UP,1
1782238161.393138,rpm,0,0
1782238161.393138,throttle_position,0,0
1782238161.410042,kill_switch,RUN,1
1782238161.410042,engine_on_counter,0,0
1782238161.411325,gear_position,N,0
1782238161.411325,shift_lever_displaced,REST,0
1782238161.411325,shift_lever_failed,OK,0
1782238161.421152,rpm,0,0
1782238161.421152,throttle_position,0,0
1782238161.421255,kill_switch,RUN,1
1782238161.421255,engine_on_counter,0,0
1782238161.440575,gear_position,N,0
1782238161.440575,shift_lever_displaced,REST,0
1782238161.440575,shift_lever_failed,OK,0
1782238161.440938,rpm,0,0
1782238161.440938,throttle_position,0,0
1782238161.441117,kill_switch,RUN,1
1782238161.441117,engine_on_counter,0,0
1782238161.452992,gear_position,N,0
1782238161.452992,shift_lever_displaced,REST,0
1782238161.452992,shift_lever_failed,OK,0
1782238161.453264,rpm,0,0
1782238161.453264,throttle_position,0,0
1782238161.469428,kill_switch,RUN,1
1782238161.469428,engine_on_counter,0,0
1782238161.480349,gear_position,N,0
1782238161.480349,shift_lever_displaced,REST,0
1782238161.480349,shift_lever_failed,OK,0
1782238161.481094,rpm,0,0
1782238161.481094,throttle_position,0,0
1782238161.481350,kill_switch,RUN,1
1782238161.481350,engine_on_counter,0,0
1782238161.490873,gear_position,N,0
1782238161.490873,shift_lever_displaced,REST,0
1782238161.490873,shift_lever_failed,OK,0
1782238161.490937,coolant_temp,73.2,732
1782238161.490937,warmup_index,0,0
1782238161.490937,side_stand,UP,1
1782238161.509233,rpm,0,0
1782238161.509233,throttle_position,0,0
1782238161.509306,kill_switch,RUN,1
1782238161.509306,engine_on_counter,0,0
1782238161.520800,gear_position,N,0
1782238161.520800,shift_lever_displaced,REST,0
1782238161.520800,shift_lever_failed,OK,0
1782238161.520963,rpm,0,0
1782238161.520963,throttle_position,0,0
1782238161.521039,kill_switch,RUN,1
1782238161.521039,engine_on_counter,0,0
1782238161.534227,gear_position,N,0
1782238161.534227,shift_lever_displaced,REST,0
1782238161.534227,shift_lever_failed,OK,0
1782238161.540180,rpm,0,0
1782238161.540180,throttle_position,0,0
1782238161.550090,kill_switch,RUN,1
1782238161.550090,engine_on_counter,0,0
1782238161.550411,gear_position,N,0
1782238161.550411,shift_lever_displaced,REST,0
1782238161.550411,shift_lever_failed,OK,0
1782238161.569093,rpm,0,0
1782238161.569093,throttle_position,0,0
1782238161.569172,kill_switch,RUN,1
1782238161.569172,engine_on_counter,0,0
1782238161.580251,gear_position,N,0
1782238161.580251,shift_lever_displaced,REST,0
1782238161.580251,shift_lever_failed,OK,0
1782238161.580485,rpm,0,0
1782238161.580485,throttle_position,0,0
1782238161.580562,kill_switch,RUN,1
1782238161.580562,engine_on_counter,0,0
1782238161.590360,gear_position,N,0
1782238161.590360,shift_lever_displaced,REST,0
1782238161.590360,shift_lever_failed,OK,0
1782238161.590448,coolant_temp,73.2,732
1782238161.590448,warmup_index,0,0
1782238161.590448,side_stand,UP,1
1782238161.609167,rpm,0,0
1782238161.609167,throttle_position,0,0
1782238161.609273,kill_switch,RUN,1
1782238161.609273,engine_on_counter,0,0
1782238161.620407,gear_position,N,0
1782238161.620407,shift_lever_displaced,REST,0
1782238161.620407,shift_lever_failed,OK,0
1782238161.620622,rpm,0,0
1782238161.620622,throttle_position,0,0
1782238161.620727,kill_switch,RUN,1
1782238161.620727,engine_on_counter,0,0
1782238161.630799,gear_position,N,0
1782238161.630799,shift_lever_displaced,REST,0
1782238161.630799,shift_lever_failed,OK,0
1782238161.652610,rpm,0,0
1782238161.652610,throttle_position,0,0
1782238161.652744,kill_switch,RUN,1
1782238161.652744,engine_on_counter,0,0
1782238161.660434,gear_position,N,0
1782238161.660434,shift_lever_displaced,REST,0
1782238161.660434,shift_lever_failed,OK,0
1782238161.660721,rpm,0,0
1782238161.660721,throttle_position,0,0
1782238161.660844,kill_switch,RUN,1
1782238161.660844,engine_on_counter,0,0
1782238161.673080,gear_position,N,0
1782238161.673080,shift_lever_displaced,REST,0
1782238161.673080,shift_lever_failed,OK,0
1782238161.673816,rpm,0,0
1782238161.673816,throttle_position,0,0
1782238161.690095,kill_switch,RUN,1
1782238161.690095,engine_on_counter,0,0
1782238161.690585,gear_position,N,0
1782238161.690585,shift_lever_displaced,REST,0
1782238161.690585,shift_lever_failed,OK,0
1782238161.690702,coolant_temp,73.2,732
1782238161.690702,warmup_index,0,0
1782238161.690702,side_stand,UP,1
1782238161.701128,rpm,0,0
1782238161.701128,throttle_position,0,0
1782238161.701378,kill_switch,RUN,1
1782238161.701378,engine_on_counter,0,0
1782238161.713239,gear_position,N,0
1782238161.713239,shift_lever_displaced,REST,0
1782238161.713239,shift_lever_failed,OK,0
1782238161.713721,rpm,0,0
1782238161.713721,throttle_position,0,0
1782238161.729267,kill_switch,RUN,1
1782238161.729267,engine_on_counter,0,0
1782238161.749208,gear_position,N,0
1782238161.749208,shift_lever_displaced,REST,0
1782238161.749208,shift_lever_failed,OK,0
1782238161.749434,rpm,0,0
1782238161.749434,throttle_position,0,0
1782238161.749541,kill_switch,RUN,1
1782238161.749541,engine_on_counter,0,0
1782238161.760361,gear_position,N,0
1782238161.760361,shift_lever_displaced,REST,0
1782238161.760361,shift_lever_failed,OK,0
1782238161.760588,rpm,0,0
1782238161.760588,throttle_position,0,0
1782238161.760695,kill_switch,RUN,1
1782238161.760695,engine_on_counter,0,0
1782238161.770702,gear_position,N,0
1782238161.770702,shift_lever_displaced,REST,0
1782238161.770702,shift_lever_failed,OK,0
1782238161.791132,rpm,0,0
1782238161.791132,throttle_position,0,0
1782238161.798588,kill_switch,RUN,1
1782238161.798588,engine_on_counter,0,0
1782238161.800106,gear_position,N,0
1782238161.800106,shift_lever_displaced,REST,0
1782238161.800106,shift_lever_failed,OK,0
1782238161.800212,coolant_temp,73.2,732
1782238161.800212,warmup_index,0,0
1782238161.800212,side_stand,UP,1
1782238161.800456,rpm,0,0
1782238161.800456,throttle_position,0,0
1782238161.800533,kill_switch,RUN,1
1782238161.800533,engine_on_counter,0,0
1782238161.811065,gear_position,N,0
1782238161.811065,shift_lever_displaced,REST,0
1782238161.811065,shift_lever_failed,OK,0
1782238161.829083,rpm,0,0
1782238161.829083,throttle_position,0,0
1782238161.829181,kill_switch,RUN,1
1782238161.829181,engine_on_counter,0,0
1782238161.840493,gear_position,N,0
1782238161.840493,shift_lever_displaced,REST,0
1782238161.840493,shift_lever_failed,OK,0
1782238161.840670,rpm,0,0
1782238161.840670,throttle_position,0,0
1782238161.840759,kill_switch,RUN,1
1782238161.840759,engine_on_counter,0,0
1782238161.852738,gear_position,N,0
1782238161.852738,shift_lever_displaced,REST,0
1782238161.852738,shift_lever_failed,OK,0
1782238161.852918,rpm,0,0
1782238161.852918,throttle_position,0,0
1782238161.870084,kill_switch,RUN,1
1782238161.870084,engine_on_counter,0,0
1782238161.870635,gear_position,N,0
1782238161.870635,shift_lever_displaced,REST,0
1782238161.870635,shift_lever_failed,OK,0
1782238161.889469,rpm,0,0
1782238161.889469,throttle_position,0,0
1782238161.889648,kill_switch,RUN,1
1782238161.889648,engine_on_counter,0,0
1782238161.892807,gear_position,N,0
1782238161.892807,shift_lever_displaced,REST,0
1782238161.892807,shift_lever_failed,OK,0
1782238161.893051,coolant_temp,73.2,732
1782238161.893051,warmup_index,0,0
1782238161.893051,side_stand,UP,1
1782238161.893775,rpm,0,0
1782238161.893775,throttle_position,0,0
1782238161.910140,kill_switch,RUN,1
1782238161.910140,engine_on_counter,0,0
1782238161.911363,gear_position,N,0
1782238161.911363,shift_lever_displaced,REST,0
1782238161.911363,shift_lever_failed,OK,0
1782238161.921108,rpm,0,0
1782238161.921108,throttle_position,0,0
1782238161.921179,kill_switch,RUN,1
1782238161.921179,engine_on_counter,0,0
1782238161.932647,gear_position,N,0
1782238161.932647,shift_lever_displaced,REST,0
1782238161.932647,shift_lever_failed,OK,0
1782238161.932779,rpm,0,0
1782238161.932779,throttle_position,0,0
1782238161.950896,kill_switch,RUN,1
1782238161.950896,engine_on_counter,0,0
1782238161.951215,gear_position,N,0
1782238161.951215,shift_lever_displaced,REST,0
1782238161.951215,shift_lever_failed,OK,0
1782238161.969282,rpm,0,0
1782238161.969282,throttle_position,0,0
1782238161.969372,kill_switch,RUN,1
1782238161.969372,engine_on_counter,0,0
1782238161.980403,gear_position,N,0
1782238161.980403,shift_lever_displaced,REST,0
1782238161.980403,shift_lever_failed,OK,0
1782238161.980721,rpm,0,0
1782238161.980721,throttle_position,0,0
1782238161.980829,kill_switch,RUN,1
1782238161.980829,engine_on_counter,0,0
1782238161.991029,gear_position,N,0
1782238161.991029,shift_lever_displaced,REST,0
1782238161.991029,shift_lever_failed,OK,0
1782238161.991135,coolant_temp,73.2,732
1782238161.991135,warmup_index,0,0
1782238161.991135,side_stand,UP,1
1782238162.009214,rpm,0,0
1782238162.009214,throttle_position,0,0
1782238162.009460,kill_switch,RUN,1
1782238162.009460,engine_on_counter,0,0
1782238162.020678,gear_position,N,0
1782238162.020678,shift_lever_displaced,REST,0
1782238162.020678,shift_lever_failed,OK,0
1782238162.020931,rpm,0,0
1782238162.020931,throttle_position,0,0
1782238162.021061,kill_switch,RUN,1
1782238162.021061,engine_on_counter,0,0
1782238162.046684,gear_position,N,0
1782238162.046684,shift_lever_displaced,REST,0
1782238162.046684,shift_lever_failed,OK,0
1782238162.050038,rpm,0,0
1782238162.050038,throttle_position,0,0
1782238162.050139,kill_switch,RUN,1
1782238162.050139,engine_on_counter,0,0
1782238162.050502,gear_position,N,0
1782238162.050502,shift_lever_displaced,DISPLACED,1
1782238162.050502,shift_lever_failed,OK,0
1782238162.069380,rpm,0,0
1782238162.069380,throttle_position,0,0
1782238162.069487,kill_switch,RUN,1
1782238162.069487,engine_on_counter,0,0
1782238162.072665,gear_position,N,0
1782238162.072665,shift_lever_displaced,DISPLACED,1
1782238162.072665,shift_lever_failed,OK,0
1782238162.072985,rpm,0,0
1782238162.072985,throttle_position,0,0
1782238162.089715,kill_switch,RUN,1
1782238162.089715,engine_on_counter,0,0
1782238162.090121,gear_position,N,0
1782238162.090121,shift_lever_displaced,DISPLACED,1
1782238162.090121,shift_lever_failed,OK,0
1782238162.090211,coolant_temp,73.2,732
1782238162.090211,warmup_index,0,0
1782238162.090211,side_stand,UP,1
1782238162.103445,rpm,0,0
1782238162.103445,throttle_position,0,0
1782238162.103554,kill_switch,RUN,1
1782238162.103554,engine_on_counter,0,0
1782238162.120566,gear_position,N,0
1782238162.120566,shift_lever_displaced,DISPLACED,1
1782238162.120566,shift_lever_failed,OK,0
1782238162.120792,rpm,0,0
1782238162.120792,throttle_position,0,0
1782238162.120901,kill_switch,RUN,1
1782238162.120901,engine_on_counter,0,0
1782238162.130696,gear_position,N,0
1782238162.130696,shift_lever_displaced,DISPLACED,1
1782238162.130696,shift_lever_failed,OK,0
1782238162.151104,rpm,0,0
1782238162.151104,throttle_position,0,0
1782238162.151256,kill_switch,RUN,1
1782238162.151256,engine_on_counter,0,0
1782238162.160290,gear_position,N,0
1782238162.160290,shift_lever_displaced,DISPLACED,1
1782238162.160290,shift_lever_failed,OK,0
1782238162.160600,rpm,0,0
1782238162.160600,throttle_position,0,0
1782238162.160740,kill_switch,RUN,1
1782238162.160740,engine_on_counter,0,0
1782238162.171447,gear_position,N,0
1782238162.171447,shift_lever_displaced,DISPLACED,1
1782238162.171447,shift_lever_failed,OK,0
1782238162.189496,rpm,0,0
1782238162.189496,throttle_position,0,0
1782238162.189579,kill_switch,RUN,1
1782238162.189579,engine_on_counter,0,0
1782238162.189856,gear_position,N,0
1782238162.189856,shift_lever_displaced,DISPLACED,1
1782238162.189856,shift_lever_failed,OK,0
1782238162.200388,coolant_temp,73.2,732
1782238162.200388,warmup_index,0,0
1782238162.200388,side_stand,UP,1
1782238162.200640,rpm,0,0
1782238162.200640,throttle_position,0,0
1782238162.200717,kill_switch,RUN,1
1782238162.200717,engine_on_counter,0,0
1782238162.216863,gear_position,N,0
1782238162.216863,shift_lever_displaced,DISPLACED,1
1782238162.216863,shift_lever_failed,OK,0
1782238162.217042,rpm,0,0
1782238162.217042,throttle_position,0,0
1782238162.229125,kill_switch,RUN,1
1782238162.229125,engine_on_counter,0,0
1782238162.240519,gear_position,N,0
1782238162.240519,shift_lever_displaced,DISPLACED,1
1782238162.240519,shift_lever_failed,OK,0
1782238162.240699,rpm,0,0
1782238162.240699,throttle_position,0,0
1782238162.240787,kill_switch,RUN,1
1782238162.240787,engine_on_counter,0,0
1782238162.254749,gear_position,N,0
1782238162.254749,shift_lever_displaced,DISPLACED,1
1782238162.254749,shift_lever_failed,OK,0
1782238162.254927,rpm,0,0
1782238162.254927,throttle_position,0,0
1782238162.270260,kill_switch,RUN,1
1782238162.270260,engine_on_counter,0,0
1782238162.270693,gear_position,N,0
1782238162.270693,shift_lever_displaced,DISPLACED,1
1782238162.270693,shift_lever_failed,OK,0
1782238162.295699,rpm,0,0
1782238162.295699,throttle_position,0,0
1782238162.295817,kill_switch,RUN,1
1782238162.295817,engine_on_counter,0,0
1782238162.300136,gear_position,N,0
1782238162.300136,shift_lever_displaced,DISPLACED,1
1782238162.300136,shift_lever_failed,OK,0
1782238162.300218,coolant_temp,73.2,732
1782238162.300218,warmup_index,0,0
1782238162.300218,side_stand,UP,1
1782238162.300444,rpm,0,0
1782238162.300444,throttle_position,0,0
1782238162.300518,kill_switch,RUN,1
1782238162.300518,engine_on_counter,0,0
1782238162.310421,gear_position,N,0
1782238162.310421,shift_lever_displaced,DISPLACED,1
1782238162.310421,shift_lever_failed,OK,0
1782238162.321084,rpm,0,0
1782238162.321084,throttle_position,0,0
1782238162.321172,kill_switch,RUN,1
1782238162.321172,engine_on_counter,0,0
1782238162.340322,gear_position,N,0
1782238162.340322,shift_lever_displaced,DISPLACED,1
1782238162.340322,shift_lever_failed,OK,0
1782238162.340498,rpm,0,0
1782238162.340498,throttle_position,0,0
1782238162.340586,kill_switch,RUN,1
1782238162.340586,engine_on_counter,0,0
1782238162.353544,gear_position,N,0
1782238162.353544,shift_lever_displaced,DISPLACED,1
1782238162.353544,shift_lever_failed,OK,0
1782238162.353769,rpm,0,0
1782238162.353769,throttle_position,0,0
1782238162.370382,kill_switch,RUN,1
1782238162.370382,engine_on_counter,0,0
1782238162.370829,gear_position,N,0
1782238162.370829,shift_lever_displaced,DISPLACED,1
1782238162.370829,shift_lever_failed,OK,0
1782238162.380714,rpm,0,0
1782238162.380714,throttle_position,0,0
1782238162.380836,kill_switch,RUN,1
1782238162.380836,engine_on_counter,0,0
1782238162.391030,gear_position,N,0
1782238162.391030,shift_lever_displaced,DISPLACED,1
1782238162.391030,shift_lever_failed,OK,0
1782238162.391151,coolant_temp,73.2,732
1782238162.391151,warmup_index,0,0
1782238162.391151,side_stand,UP,1
1782238162.409318,rpm,0,0
1782238162.409318,throttle_position,0,0
1782238162.409586,kill_switch,RUN,1
1782238162.409586,engine_on_counter,0,0
1782238162.420791,gear_position,N,0
1782238162.420791,shift_lever_displaced,DISPLACED,1
1782238162.420791,shift_lever_failed,OK,0
1782238162.421331,rpm,0,0
1782238162.421331,throttle_position,0,0
1782238162.421579,kill_switch,RUN,1
1782238162.421579,engine_on_counter,0,0
1782238162.437315,gear_position,N,0
1782238162.437315,shift_lever_displaced,DISPLACED,1
1782238162.437315,shift_lever_failed,OK,0
1782238162.437816,rpm,0,0
1782238162.437816,throttle_position,0,0
1782238162.451640,kill_switch,RUN,1
1782238162.451640,engine_on_counter,0,0
1782238162.452218,gear_position,N,0
1782238162.452218,shift_lever_displaced,DISPLACED,1
1782238162.452218,shift_lever_failed,OK,0
1782238162.469352,rpm,0,0
1782238162.469352,throttle_position,0,0
1782238162.469882,kill_switch,RUN,1
1782238162.469882,engine_on_counter,0,0
1782238162.480326,gear_position,N,0
1782238162.480326,shift_lever_displaced,DISPLACED,1
1782238162.480326,shift_lever_failed,OK,0
1782238162.481061,rpm,0,0
1782238162.481061,throttle_position,0,0
1782238162.485557,kill_switch,RUN,1
1782238162.485557,engine_on_counter,0,0
1782238162.490401,gear_position,N,0
1782238162.490401,shift_lever_displaced,DISPLACED,1
1782238162.490401,shift_lever_failed,OK,0
1782238162.490518,coolant_temp,73.2,732
1782238162.490518,warmup_index,0,0
1782238162.490518,side_stand,UP,1
1782238162.509383,rpm,0,0
1782238162.509383,throttle_position,0,0
1782238162.509625,kill_switch,RUN,1
1782238162.509625,engine_on_counter,0,0
1782238162.521013,gear_position,N,0
1782238162.521013,shift_lever_displaced,DISPLACED,1
1782238162.521013,shift_lever_failed,OK,0
1782238162.521470,rpm,0,0
1782238162.521470,throttle_position,0,0
1782238162.521654,kill_switch,RUN,1
1782238162.521654,engine_on_counter,0,0
1782238162.531179,gear_position,N,0
1782238162.531179,shift_lever_displaced,DISPLACED,1
1782238162.531179,shift_lever_failed,OK,0
1782238162.549430,rpm,0,0
1782238162.549430,throttle_position,0,0
1782238162.549493,kill_switch,RUN,1
1782238162.549493,engine_on_counter,0,0
1782238162.560408,gear_position,N,0
1782238162.560408,shift_lever_displaced,DISPLACED,1
1782238162.560408,shift_lever_failed,OK,0
1782238162.560555,rpm,0,0
1782238162.560555,throttle_position,0,0
1782238162.560690,kill_switch,RUN,1
1782238162.560690,engine_on_counter,0,0
1782238162.577714,gear_position,N,0
1782238162.577714,shift_lever_displaced,DISPLACED,1
1782238162.577714,shift_lever_failed,OK,0
1782238162.577939,rpm,0,0
1782238162.577939,throttle_position,0,0
1782238162.589859,kill_switch,RUN,1
1782238162.589859,engine_on_counter,0,0
1782238162.590177,gear_position,N,0
1782238162.590177,shift_lever_displaced,DISPLACED,1
1782238162.590177,shift_lever_failed,OK,0
1782238162.590252,coolant_temp,73.2,732
1782238162.590252,warmup_index,0,0
1782238162.590252,side_stand,UP,1
1782238162.603516,rpm,0,0
1782238162.603516,throttle_position,0,0
1782238162.603604,kill_switch,RUN,1
1782238162.603604,engine_on_counter,0,0
1782238162.618770,gear_position,N,0
1782238162.618770,shift_lever_displaced,DISPLACED,1
1782238162.618770,shift_lever_failed,OK,0
1782238162.618946,rpm,0,0
1782238162.618946,throttle_position,0,0
1782238162.629320,kill_switch,RUN,1
1782238162.629320,engine_on_counter,0,0
1782238162.651427,gear_position,N,0
1782238162.651427,shift_lever_displaced,DISPLACED,1
1782238162.651427,shift_lever_failed,OK,0
1782238162.651862,rpm,0,0
1782238162.651862,throttle_position,0,0
1782238162.652067,kill_switch,RUN,1
1782238162.652067,engine_on_counter,0,0
1782238162.660361,gear_position,N,0
1782238162.660361,shift_lever_displaced,DISPLACED,1
1782238162.660361,shift_lever_failed,OK,0
1782238162.660592,rpm,0,0
1782238162.660592,throttle_position,0,0
1782238162.660818,kill_switch,RUN,1
1782238162.660818,engine_on_counter,0,0
1782238162.671166,gear_position,N,0
1782238162.671166,shift_lever_displaced,DISPLACED,1
1782238162.671166,shift_lever_failed,OK,0
1782238162.689416,rpm,0,0
1782238162.689416,throttle_position,0,0
1782238162.689581,kill_switch,RUN,1
1782238162.689581,engine_on_counter,0,0
1782238162.699980,gear_position,N,0
1782238162.699980,shift_lever_displaced,DISPLACED,1
1782238162.699980,shift_lever_failed,OK,0
1782238162.700256,coolant_temp,73.2,732
1782238162.700256,warmup_index,0,0
1782238162.700256,side_stand,UP,1
1782238162.700986,rpm,0,0
1782238162.700986,throttle_position,0,0
1782238162.701228,kill_switch,RUN,1
1782238162.701228,engine_on_counter,0,0
1782238162.711972,gear_position,N,0
1782238162.711972,shift_lever_displaced,DISPLACED,1
1782238162.711972,shift_lever_failed,OK,0
1782238162.729170,rpm,0,0
1782238162.729170,throttle_position,0,0
1782238162.729424,kill_switch,RUN,1
1782238162.729424,engine_on_counter,0,0
1782238162.740618,gear_position,N,0
1782238162.740618,shift_lever_displaced,DISPLACED,1
1782238162.740618,shift_lever_failed,OK,0
1782238162.741109,rpm,0,0
1782238162.741109,throttle_position,0,0
1782238162.741298,kill_switch,RUN,1
1782238162.741298,engine_on_counter,0,0
1782238162.759970,gear_position,N,0
1782238162.759970,shift_lever_displaced,DISPLACED,1
1782238162.759970,shift_lever_failed,OK,0
1782238162.760327,rpm,0,0
1782238162.760327,throttle_position,0,0
1782238162.770216,kill_switch,RUN,1
1782238162.770216,engine_on_counter,0,0
1782238162.771233,gear_position,N,0
1782238162.771233,shift_lever_displaced,DISPLACED,1
1782238162.771233,shift_lever_failed,OK,0
1782238162.798204,rpm,0,0
1782238162.798204,throttle_position,0,0
1782238162.798305,kill_switch,RUN,1
1782238162.798305,engine_on_counter,0,0
1782238162.798674,gear_position,N,0
1782238162.798674,shift_lever_displaced,DISPLACED,1
1782238162.798674,shift_lever_failed,OK,0
1782238162.798764,coolant_temp,73.2,732
1782238162.798764,warmup_index,0,0
1782238162.798764,side_stand,UP,1
1782238162.799035,rpm,0,0
1782238162.799035,throttle_position,0,0
1782238162.803578,kill_switch,RUN,1
1782238162.803578,engine_on_counter,0,0
1782238162.820559,gear_position,N,0
1782238162.820559,shift_lever_displaced,DISPLACED,1
1782238162.820559,shift_lever_failed,OK,0
1782238162.820740,rpm,0,0
1782238162.820740,throttle_position,0,0
1782238162.830215,kill_switch,RUN,1
1782238162.830215,engine_on_counter,0,0
1782238162.830480,gear_position,N,0
1782238162.830480,shift_lever_displaced,DISPLACED,1
1782238162.830480,shift_lever_failed,OK,0
1782238162.849517,rpm,0,0
1782238162.849517,throttle_position,0,0
1782238162.849793,kill_switch,RUN,1
1782238162.849793,engine_on_counter,0,0
1782238162.860595,gear_position,N,0
1782238162.860595,shift_lever_displaced,DISPLACED,1
1782238162.860595,shift_lever_failed,OK,0
1782238162.860816,rpm,0,0
1782238162.860816,throttle_position,0,0
1782238162.870917,kill_switch,RUN,1
1782238162.870917,engine_on_counter,0,0
1782238162.871139,gear_position,N,0
1782238162.871139,shift_lever_displaced,DISPLACED,1
1782238162.871139,shift_lever_failed,OK,0
1782238162.871458,rpm,0,0
1782238162.871458,throttle_position,0,0
1782238162.889995,kill_switch,RUN,1
1782238162.889995,engine_on_counter,0,0
1782238162.890237,gear_position,N,0
1782238162.890237,shift_lever_displaced,DISPLACED,1
1782238162.890237,shift_lever_failed,OK,0
1782238162.901463,coolant_temp,73.2,732
1782238162.901463,warmup_index,0,0
1782238162.901463,side_stand,UP,1
1782238162.902086,rpm,0,0
1782238162.902086,throttle_position,0,0
1782238162.920120,kill_switch,RUN,1
1782238162.920120,engine_on_counter,0,0
1782238162.920404,gear_position,N,0
1782238162.920404,shift_lever_displaced,DISPLACED,1
1782238162.920404,shift_lever_failed,OK,0
1782238162.920591,rpm,0,0
1782238162.920591,throttle_position,0,0
1782238162.929840,kill_switch,RUN,1
1782238162.929840,engine_on_counter,0,0
1782238162.950496,gear_position,N,0
1782238162.950496,shift_lever_displaced,DISPLACED,1
1782238162.950496,shift_lever_failed,OK,0
1782238162.950779,rpm,0,0
1782238162.950779,throttle_position,0,0
1782238162.951148,kill_switch,RUN,1
1782238162.951148,engine_on_counter,0,0
1782238162.960301,gear_position,N,0
1782238162.960301,shift_lever_displaced,DISPLACED,1
1782238162.960301,shift_lever_failed,OK,0
1782238162.960589,rpm,0,0
1782238162.960589,throttle_position,0,0
1782238162.970767,kill_switch,RUN,1
1782238162.970767,engine_on_counter,0,0
1782238162.971357,gear_position,N,0
1782238162.971357,shift_lever_displaced,DISPLACED,1
1782238162.971357,shift_lever_failed,OK,0
1782238162.989441,rpm,0,0
1782238162.989441,throttle_position,0,0
1782238162.989654,kill_switch,RUN,1
1782238162.989654,engine_on_counter,0,0
1782238163.000287,gear_position,N,0
1782238163.000287,shift_lever_displaced,DISPLACED,1
1782238163.000287,shift_lever_failed,OK,0
1782238163.000381,coolant_temp,73.2,732
1782238163.000381,warmup_index,0,0
1782238163.000381,side_stand,UP,1
1782238163.000614,rpm,0,0
1782238163.000614,throttle_position,0,0
1782238163.010921,kill_switch,RUN,1
1782238163.010921,engine_on_counter,0,0
1782238163.011150,gear_position,N,0
1782238163.011150,shift_lever_displaced,DISPLACED,1
1782238163.011150,shift_lever_failed,OK,0
1782238163.022534,rpm,0,0
1782238163.022534,throttle_position,0,0
1782238163.022935,kill_switch,RUN,1
1782238163.022935,engine_on_counter,0,0
1782238163.044047,gear_position,N,0
1782238163.044047,shift_lever_displaced,DISPLACED,1
1782238163.044047,shift_lever_failed,OK,0
1782238163.044199,rpm,0,0
1782238163.044199,throttle_position,0,0
1782238163.053226,kill_switch,RUN,1
1782238163.053226,engine_on_counter,0,0
1782238163.053377,gear_position,N,0
1782238163.053377,shift_lever_displaced,DISPLACED,1
1782238163.053377,shift_lever_failed,OK,0
1782238163.053526,rpm,0,0
1782238163.053526,throttle_position,0,0
1782238163.070321,kill_switch,RUN,1
1782238163.070321,engine_on_counter,0,0
1782238163.070492,gear_position,N,0
1782238163.070492,shift_lever_displaced,DISPLACED,1
1782238163.070492,shift_lever_failed,OK,0
1782238163.089314,rpm,0,0
1782238163.089314,throttle_position,0,0
1782238163.089571,kill_switch,RUN,1
1782238163.089571,engine_on_counter,0,0
1782238163.100131,gear_position,N,0
1782238163.100131,shift_lever_displaced,DISPLACED,1
1782238163.100131,shift_lever_failed,OK,0
1782238163.100218,coolant_temp,73.2,732
1782238163.100218,warmup_index,0,0
1782238163.100218,side_stand,UP,1
1782238163.100476,rpm,0,0
1782238163.100476,throttle_position,0,0
1782238163.109627,kill_switch,RUN,1
1782238163.109627,engine_on_counter,0,0
1782238163.120819,gear_position,N,0
1782238163.120819,shift_lever_displaced,DISPLACED,1
1782238163.120819,shift_lever_failed,OK,0
1782238163.121056,rpm,0,0
1782238163.121056,throttle_position,0,0
1782238163.140447,kill_switch,RUN,1
1782238163.140447,engine_on_counter,0,0
1782238163.140804,gear_position,N,0
1782238163.140804,shift_lever_displaced,DISPLACED,1
1782238163.140804,shift_lever_failed,OK,0
1782238163.141249,rpm,0,0
1782238163.141249,throttle_position,0,0
1782238163.152870,kill_switch,RUN,1
1782238163.152870,engine_on_counter,0,0
1782238163.153107,gear_position,N,0
1782238163.153107,shift_lever_displaced,DISPLACED,1
1782238163.153107,shift_lever_failed,OK,0
1782238163.169475,rpm,0,0
1782238163.169475,throttle_position,0,0
1782238163.170473,kill_switch,RUN,1
1782238163.170473,engine_on_counter,0,0
1782238163.180426,gear_position,N,0
1782238163.180426,shift_lever_displaced,DISPLACED,1
1782238163.180426,shift_lever_failed,OK,0
1782238163.181205,rpm,0,0
1782238163.181205,throttle_position,0,0
1782238163.190202,kill_switch,RUN,1
1782238163.190202,engine_on_counter,0,0
1782238163.190345,gear_position,N,0
1782238163.190345,shift_lever_displaced,DISPLACED,1
1782238163.190345,shift_lever_failed,OK,0
1782238163.190413,coolant_temp,73.2,732
1782238163.190413,warmup_index,0,0
1782238163.190413,side_stand,UP,1
1782238163.209406,rpm,0,0
1782238163.209406,throttle_position,0,0
1782238163.209708,kill_switch,RUN,1
1782238163.209708,engine_on_counter,0,0
1782238163.220684,gear_position,N,0
1782238163.220684,shift_lever_displaced,DISPLACED,1
1782238163.220684,shift_lever_failed,OK,0
1782238163.220835,rpm,0,0
1782238163.220835,throttle_position,0,0
1782238163.231087,kill_switch,RUN,1
1782238163.231087,engine_on_counter,0,0
1782238163.231258,gear_position,N,0
1782238163.231258,shift_lever_displaced,DISPLACED,1
1782238163.231258,shift_lever_failed,OK,0
1782238163.250016,rpm,0,0
1782238163.250016,throttle_position,0,0
1782238163.250281,kill_switch,RUN,1
1782238163.250281,engine_on_counter,0,0
1782238163.250451,gear_position,N,0
1782238163.250451,shift_lever_displaced,DISPLACED,1
1782238163.250451,shift_lever_failed,OK,0
1782238163.264662,rpm,0,0
1782238163.264662,throttle_position,0,0
1782238163.280070,kill_switch,RUN,1
1782238163.280070,engine_on_counter,0,0
1782238163.280437,gear_position,N,0
1782238163.280437,shift_lever_displaced,DISPLACED,1
1782238163.280437,shift_lever_failed,OK,0
1782238163.280846,rpm,0,0
1782238163.280846,throttle_position,0,0
1782238163.290428,kill_switch,RUN,1
1782238163.290428,engine_on_counter,0,0
1782238163.291140,gear_position,N,0
1782238163.291140,shift_lever_displaced,DISPLACED,1
1782238163.291140,shift_lever_failed,OK,0
1782238163.291285,coolant_temp,73.2,732
1782238163.291285,warmup_index,0,0
1782238163.291285,side_stand,UP,1
1782238163.305679,rpm,0,0
1782238163.305679,throttle_position,0,0
1782238163.320371,kill_switch,RUN,1
1782238163.320371,engine_on_counter,0,0
1782238163.320557,gear_position,N,0
1782238163.320557,shift_lever_displaced,DISPLACED,1
1782238163.320557,shift_lever_failed,OK,0
1782238163.320737,rpm,0,0
1782238163.320737,throttle_position,0,0
1782238163.329921,kill_switch,RUN,1
1782238163.329921,engine_on_counter,0,0
1782238163.330208,gear_position,N,0
1782238163.330208,shift_lever_displaced,DISPLACED,1
1782238163.330208,shift_lever_failed,OK,0
1782238163.349614,rpm,0,0
1782238163.349614,throttle_position,0,0
1782238163.349891,kill_switch,RUN,1
1782238163.349891,engine_on_counter,0,0
1782238163.360369,gear_position,N,0
1782238163.360369,shift_lever_displaced,DISPLACED,1
1782238163.360369,shift_lever_failed,OK,0
1782238163.360579,rpm,0,0
1782238163.360579,throttle_position,0,0
1782238163.371064,kill_switch,RUN,1
1782238163.371064,engine_on_counter,0,0
1782238163.371315,gear_position,N,0
1782238163.371315,shift_lever_displaced,DISPLACED,1
1782238163.371315,shift_lever_failed,OK,0
1782238163.389655,rpm,0,0
1782238163.389655,throttle_position,0,0
1782238163.390026,kill_switch,RUN,1
1782238163.390026,engine_on_counter,0,0
1782238163.390271,gear_position,N,0
1782238163.390271,shift_lever_displaced,DISPLACED,1
1782238163.390271,shift_lever_failed,OK,0
1782238163.403282,coolant_temp,73.2,732
1782238163.403282,warmup_index,0,0
1782238163.403282,side_stand,UP,1
1782238163.403841,rpm,0,0
1782238163.403841,throttle_position,0,0
1782238163.411260,kill_switch,RUN,1
1782238163.411260,engine_on_counter,0,0
1782238163.411749,gear_position,N,0
1782238163.411749,shift_lever_displaced,DISPLACED,1
1782238163.411749,shift_lever_failed,OK,0
1782238163.429153,rpm,0,0
1782238163.429153,throttle_position,0,0
1782238163.430496,kill_switch,RUN,1
1782238163.430496,engine_on_counter,0,0
1782238163.446735,gear_position,N,0
1782238163.446735,shift_lever_displaced,DISPLACED,1
1782238163.446735,shift_lever_failed,OK,0
1782238163.447219,rpm,0,0
1782238163.447219,throttle_position,0,0
1782238163.460073,kill_switch,RUN,1
1782238163.460073,engine_on_counter,0,0
1782238163.460382,gear_position,N,0
1782238163.460382,shift_lever_displaced,DISPLACED,1
1782238163.460382,shift_lever_failed,OK,0
1782238163.460659,rpm,0,0
1782238163.460659,throttle_position,0,0
1782238163.470851,kill_switch,RUN,1
1782238163.470851,engine_on_counter,0,0
1782238163.471391,gear_position,N,0
1782238163.471391,shift_lever_displaced,DISPLACED,1
1782238163.471391,shift_lever_failed,OK,0
1782238163.489537,rpm,0,0
1782238163.489537,throttle_position,0,0
1782238163.490253,kill_switch,RUN,1
1782238163.490253,engine_on_counter,0,0
1782238163.500164,gear_position,N,0
1782238163.500164,shift_lever_displaced,DISPLACED,1
1782238163.500164,shift_lever_failed,OK,0
1782238163.500405,coolant_temp,73.2,732
1782238163.500405,warmup_index,0,0
1782238163.500405,side_stand,UP,1
1782238163.501114,rpm,0,0
1782238163.501114,throttle_position,0,0
1782238163.510741,kill_switch,RUN,1
1782238163.510741,engine_on_counter,0,0
1782238163.511265,gear_position,N,0
1782238163.511265,shift_lever_displaced,DISPLACED,1
1782238163.511265,shift_lever_failed,OK,0
1782238163.527776,rpm,0,0
1782238163.527776,throttle_position,0,0
1782238163.546227,kill_switch,RUN,1
1782238163.546227,engine_on_counter,0,0
1782238163.550047,gear_position,N,0
1782238163.550047,shift_lever_displaced,DISPLACED,1
1782238163.550047,shift_lever_failed,OK,0
1782238163.550235,rpm,0,0
1782238163.550235,throttle_position,0,0
1782238163.553282,kill_switch,RUN,1
1782238163.553282,engine_on_counter,0,0
1782238163.553457,gear_position,N,0
1782238163.553457,shift_lever_displaced,DISPLACED,1
1782238163.553457,shift_lever_failed,OK,0
1782238163.553635,rpm,0,0
1782238163.553635,throttle_position,0,0
1782238163.569853,kill_switch,RUN,1
1782238163.569853,engine_on_counter,0,0
1782238163.587410,gear_position,N,0
1782238163.587410,shift_lever_displaced,DISPLACED,1
1782238163.587410,shift_lever_failed,OK,0
1782238163.587733,rpm,0,0
1782238163.587733,throttle_position,0,0
1782238163.591049,kill_switch,RUN,1
1782238163.591049,engine_on_counter,0,0
1782238163.591248,gear_position,N,0
1782238163.591248,shift_lever_displaced,DISPLACED,1
1782238163.591248,shift_lever_failed,OK,0
1782238163.591338,coolant_temp,73.2,732
1782238163.591338,warmup_index,0,0
1782238163.591338,side_stand,UP,1
1782238163.609396,rpm,0,0
1782238163.609396,throttle_position,0,0
1782238163.609828,kill_switch,RUN,1
1782238163.609828,engine_on_counter,0,0
1782238163.620837,gear_position,N,0
1782238163.620837,shift_lever_displaced,DISPLACED,1
1782238163.620837,shift_lever_failed,OK,0
1782238163.621073,rpm,0,0
1782238163.621073,throttle_position,0,0
1782238163.631163,kill_switch,RUN,1
1782238163.631163,engine_on_counter,0,0
1782238163.631384,gear_position,N,0
1782238163.631384,shift_lever_displaced,DISPLACED,1
1782238163.631384,shift_lever_failed,OK,0
1782238163.631595,rpm,0,0
1782238163.631595,throttle_position,0,0
1782238163.651503,kill_switch,RUN,1
1782238163.651503,engine_on_counter,0,0
1782238163.651763,gear_position,N,0
1782238163.651763,shift_lever_displaced,DISPLACED,1
1782238163.651763,shift_lever_failed,OK,0
1782238163.669445,rpm,0,0
1782238163.669445,throttle_position,0,0
1782238163.670205,kill_switch,RUN,1
1782238163.670205,engine_on_counter,0,0
1782238163.680338,gear_position,N,0
1782238163.680338,shift_lever_displaced,DISPLACED,1
1782238163.680338,shift_lever_failed,OK,0
1782238163.680707,rpm,0,0
1782238163.680707,throttle_position,0,0
1782238163.690315,kill_switch,RUN,1
1782238163.690315,engine_on_counter,0,0
1782238163.690547,gear_position,N,0
1782238163.690547,shift_lever_displaced,DISPLACED,1
1782238163.690547,shift_lever_failed,OK,0
1782238163.690661,coolant_temp,73.2,732
1782238163.690661,warmup_index,0,0
1782238163.690661,side_stand,UP,1
1782238163.709519,rpm,0,0
1782238163.709519,throttle_position,0,0
1782238163.710465,kill_switch,RUN,1
1782238163.710465,engine_on_counter,0,0
1782238163.720720,gear_position,N,0
1782238163.720720,shift_lever_displaced,DISPLACED,1
1782238163.720720,shift_lever_failed,OK,0
1782238163.721242,rpm,0,0
1782238163.721242,throttle_position,0,0
1782238163.730705,kill_switch,RUN,1
1782238163.730705,engine_on_counter,0,0
1782238163.731185,gear_position,N,0
1782238163.731185,shift_lever_displaced,DISPLACED,1
1782238163.731185,shift_lever_failed,OK,0
1782238163.751597,rpm,0,0
1782238163.751597,throttle_position,0,0
1782238163.752021,kill_switch,RUN,1
1782238163.752021,engine_on_counter,0,0
1782238163.768534,gear_position,N,0
1782238163.768534,shift_lever_displaced,DISPLACED,1
1782238163.768534,shift_lever_failed,OK,0
1782238163.769035,rpm,0,0
1782238163.769035,throttle_position,0,0
1782238163.780076,kill_switch,RUN,1
1782238163.780076,engine_on_counter,0,0
1782238163.780560,gear_position,N,0
1782238163.780560,shift_lever_displaced,DISPLACED,1
1782238163.780560,shift_lever_failed,OK,0
1782238163.781378,rpm,0,0
1782238163.781378,throttle_position,0,0
1782238163.797908,kill_switch,RUN,1
1782238163.797908,engine_on_counter,0,0
1782238163.798082,gear_position,N,0
1782238163.798082,shift_lever_displaced,DISPLACED,1
1782238163.798082,shift_lever_failed,OK,0
1782238163.798170,coolant_temp,73.2,732
1782238163.798170,warmup_index,0,0
1782238163.798170,side_stand,UP,1
1782238163.803424,rpm,0,0
1782238163.803424,throttle_position,0,0
1782238163.820330,gear_position,N,0
1782238163.820330,shift_lever_displaced,DISPLACED,1
1782238163.820330,shift_lever_failed,OK,0
1782238163.820417,kill_switch,RUN,1
1782238163.820417,engine_on_counter,0,0
1782238163.820592,rpm,0,0
1782238163.820592,throttle_position,0,0
1782238163.830203,gear_position,N,0
1782238163.830203,shift_lever_displaced,DISPLACED,1
1782238163.830203,shift_lever_failed,OK,0
1782238163.849692,kill_switch,RUN,1
1782238163.849692,engine_on_counter,0,0
1782238163.849897,rpm,0,0
1782238163.849897,throttle_position,0,0
1782238163.860343,gear_position,N,0
1782238163.860343,shift_lever_displaced,DISPLACED,1
1782238163.860343,shift_lever_failed,OK,0
1782238163.860456,kill_switch,RUN,1
1782238163.860456,engine_on_counter,0,0
1782238163.860667,rpm,0,0
1782238163.860667,throttle_position,0,0
1782238163.870565,gear_position,N,0
1782238163.870565,shift_lever_displaced,DISPLACED,1
1782238163.870565,shift_lever_failed,OK,0
1782238163.870681,kill_switch,RUN,1
1782238163.870681,engine_on_counter,0,0
1782238163.889764,rpm,0,0
1782238163.889764,throttle_position,0,0
1782238163.890217,gear_position,N,0
1782238163.890217,shift_lever_displaced,DISPLACED,1
1782238163.890217,shift_lever_failed,OK,0
1782238163.900318,coolant_temp,73.2,732
1782238163.900318,warmup_index,0,0
1782238163.900318,side_stand,UP,1
1782238163.900523,kill_switch,RUN,1
1782238163.900523,engine_on_counter,0,0
1782238163.901057,rpm,0,0
1782238163.901057,throttle_position,0,0
1782238163.911591,gear_position,N,0
1782238163.911591,shift_lever_displaced,DISPLACED,1
1782238163.911591,shift_lever_failed,OK,0
1782238163.911830,kill_switch,RUN,1
1782238163.911830,engine_on_counter,0,0
1782238163.929568,rpm,0,0
1782238163.929568,throttle_position,0,0
1782238163.940408,gear_position,N,0
1782238163.940408,shift_lever_displaced,DISPLACED,1
1782238163.940408,shift_lever_failed,OK,0
1782238163.940664,kill_switch,RUN,1
1782238163.940664,engine_on_counter,0,0
1782238163.941141,rpm,0,0
1782238163.941141,throttle_position,0,0
1782238163.953289,gear_position,N,0
1782238163.953289,shift_lever_displaced,DISPLACED,1
1782238163.953289,shift_lever_failed,OK,0
1782238163.953391,kill_switch,RUN,1
1782238163.953391,engine_on_counter,0,0
1782238163.953589,rpm,0,0
1782238163.953589,throttle_position,0,0
1782238163.971048,gear_position,N,0
1782238163.971048,shift_lever_displaced,DISPLACED,1
1782238163.971048,shift_lever_failed,OK,0
1782238163.971285,kill_switch,RUN,1
1782238163.971285,engine_on_counter,0,0
1782238163.989875,rpm,0,0
1782238163.989875,throttle_position,0,0
1782238164.000065,gear_position,N,0
1782238164.000065,shift_lever_displaced,DISPLACED,1
1782238164.000065,shift_lever_failed,OK,0
1782238164.000311,coolant_temp,73.2,732
1782238164.000311,warmup_index,0,0
1782238164.000311,side_stand,UP,1
1782238164.000552,kill_switch,RUN,1
1782238164.000552,engine_on_counter,0,0
1782238164.001274,rpm,0,0
1782238164.001274,throttle_position,0,0
1782238164.010968,gear_position,N,0
1782238164.010968,shift_lever_displaced,DISPLACED,1
1782238164.010968,shift_lever_failed,OK,0
1782238164.011173,kill_switch,RUN,1
1782238164.011173,engine_on_counter,0,0
1782238164.021065,rpm,0,0
1782238164.021065,throttle_position,0,0
1782238164.045067,gear_position,N,0
1782238164.045067,shift_lever_displaced,DISPLACED,1
1782238164.045067,shift_lever_failed,OK,0
1782238164.045164,kill_switch,RUN,1
1782238164.045164,engine_on_counter,0,0
1782238164.045353,rpm,0,0
1782238164.045353,throttle_position,0,0
1782238164.051075,gear_position,N,0
1782238164.051075,shift_lever_displaced,DISPLACED,1
1782238164.051075,shift_lever_failed,OK,0
1782238164.051165,kill_switch,RUN,1
1782238164.051165,engine_on_counter,0,0
1782238164.069659,rpm,0,0
1782238164.069659,throttle_position,0,0
1782238164.070204,gear_position,N,0
1782238164.070204,shift_lever_displaced,DISPLACED,1
1782238164.070204,shift_lever_failed,OK,0
1782238164.089191,kill_switch,RUN,1
1782238164.089191,engine_on_counter,0,0
1782238164.089477,rpm,0,0
1782238164.089477,throttle_position,0,0
1782238164.090507,gear_position,N,0
1782238164.090507,shift_lever_displaced,DISPLACED,1
1782238164.090507,shift_lever_failed,OK,0
1782238164.090598,coolant_temp,73.2,732
1782238164.090598,warmup_index,0,0
1782238164.090598,side_stand,UP,1
1782238164.090690,kill_switch,RUN,1
1782238164.090690,engine_on_counter,0,0
1782238164.109503,rpm,0,0
1782238164.109503,throttle_position,0,0
1782238164.120586,gear_position,N,0
1782238164.120586,shift_lever_displaced,DISPLACED,1
1782238164.120586,shift_lever_failed,OK,0
1782238164.120717,kill_switch,RUN,1
1782238164.120717,engine_on_counter,0,0
1782238164.120935,rpm,0,0
1782238164.120935,throttle_position,0,0
1782238164.131404,gear_position,N,0
1782238164.131404,shift_lever_displaced,DISPLACED,1
1782238164.131404,shift_lever_failed,OK,0
1782238164.131531,kill_switch,RUN,1
1782238164.131531,engine_on_counter,0,0
1782238164.151676,rpm,0,0
1782238164.151676,throttle_position,0,0
1782238164.152378,gear_position,N,0
1782238164.152378,shift_lever_displaced,DISPLACED,1
1782238164.152378,shift_lever_failed,OK,0
1782238164.152494,kill_switch,RUN,1
1782238164.152494,engine_on_counter,0,0
1782238164.169778,rpm,0,0
1782238164.169778,throttle_position,0,0
1782238164.180181,gear_position,N,0
1782238164.180181,shift_lever_displaced,DISPLACED,1
1782238164.180181,shift_lever_failed,OK,0
1782238164.180427,kill_switch,RUN,1
1782238164.180427,engine_on_counter,0,0
1782238164.181156,rpm,0,0
1782238164.181156,throttle_position,0,0
1782238164.190508,gear_position,N,0
1782238164.190508,shift_lever_displaced,DISPLACED,1
1782238164.190508,shift_lever_failed,OK,0
1782238164.190619,coolant_temp,73.2,732
1782238164.190619,warmup_index,0,0
1782238164.190619,side_stand,UP,1
1782238164.209155,kill_switch,RUN,1
1782238164.209155,engine_on_counter,0,0
1782238164.209662,rpm,0,0
1782238164.209662,throttle_position,0,0
1782238164.220701,gear_position,N,0
1782238164.220701,shift_lever_displaced,DISPLACED,1
1782238164.220701,shift_lever_failed,OK,0
1782238164.220943,kill_switch,RUN,1
1782238164.220943,engine_on_counter,0,0
1782238164.221511,rpm,0,0
1782238164.221511,throttle_position,0,0
1782238164.231044,gear_position,N,0
1782238164.231044,shift_lever_displaced,DISPLACED,1
1782238164.231044,shift_lever_failed,OK,0
1782238164.231283,kill_switch,RUN,1
1782238164.231283,engine_on_counter,0,0
1782238164.252147,rpm,0,0
1782238164.252147,throttle_position,0,0
1782238164.252733,gear_position,N,0
1782238164.252733,shift_lever_displaced,DISPLACED,1
1782238164.252733,shift_lever_failed,OK,0
1782238164.260435,kill_switch,RUN,1
1782238164.260435,engine_on_counter,0,0
1782238164.260798,rpm,0,0
1782238164.260798,throttle_position,0,0
1782238164.271322,gear_position,N,0
1782238164.271322,shift_lever_displaced,DISPLACED,1
1782238164.271322,shift_lever_failed,OK,0
1782238164.271561,kill_switch,RUN,1
1782238164.271561,engine_on_counter,0,0
1782238164.290641,rpm,0,0
1782238164.290641,throttle_position,0,0
1782238164.296384,gear_position,N,0
1782238164.296384,shift_lever_displaced,DISPLACED,1
1782238164.296384,shift_lever_failed,OK,0
1782238164.296453,coolant_temp,73.2,732
1782238164.296453,warmup_index,0,0
1782238164.296453,side_stand,UP,1
1782238164.303218,kill_switch,RUN,1
1782238164.303218,engine_on_counter,0,0
1782238164.303427,rpm,0,0
1782238164.303427,throttle_position,0,0
1782238164.320348,gear_position,N,0
1782238164.320348,shift_lever_displaced,DISPLACED,1
1782238164.320348,shift_lever_failed,OK,0
1782238164.320427,kill_switch,RUN,1
1782238164.320427,engine_on_counter,0,0
1782238164.320580,rpm,0,0
1782238164.320580,throttle_position,0,0
1782238164.349327,gear_position,N,0
1782238164.349327,shift_lever_displaced,DISPLACED,1
1782238164.349327,shift_lever_failed,OK,0
1782238164.349440,kill_switch,RUN,1
1782238164.349440,engine_on_counter,0,0
1782238164.349624,rpm,0,0
1782238164.349624,throttle_position,0,0
1782238164.360104,gear_position,N,0
1782238164.360104,shift_lever_displaced,DISPLACED,1
1782238164.360104,shift_lever_failed,OK,0
1782238164.360194,kill_switch,RUN,1
1782238164.360194,engine_on_counter,0,0
1782238164.360372,rpm,0,0
1782238164.360372,throttle_position,0,0
1782238164.370456,gear_position,N,0
1782238164.370456,shift_lever_displaced,DISPLACED,1
1782238164.370456,shift_lever_failed,OK,0
1782238164.370564,kill_switch,RUN,1
1782238164.370564,engine_on_counter,0,0
1782238164.389814,rpm,0,0
1782238164.389814,throttle_position,0,0
1782238164.390247,gear_position,N,0
1782238164.390247,shift_lever_displaced,DISPLACED,1
1782238164.390247,shift_lever_failed,OK,0
1782238164.400106,coolant_temp,73.2,732
1782238164.400106,warmup_index,0,0
1782238164.400106,side_stand,UP,1
1782238164.400407,kill_switch,RUN,1
1782238164.400407,engine_on_counter,0,0
1782238164.400651,rpm,0,0
1782238164.400651,throttle_position,0,0
1782238164.410723,gear_position,N,0
1782238164.410723,shift_lever_displaced,DISPLACED,1
1782238164.410723,shift_lever_failed,OK,0
1782238164.410902,kill_switch,RUN,1
1782238164.410902,engine_on_counter,0,0
1782238164.429510,rpm,0,0
1782238164.429510,throttle_position,0,0
1782238164.440554,gear_position,N,0
1782238164.440554,shift_lever_displaced,DISPLACED,1
1782238164.440554,shift_lever_failed,OK,0
1782238164.440799,kill_switch,RUN,1
1782238164.440799,engine_on_counter,0,0
1782238164.441273,rpm,0,0
1782238164.441273,throttle_position,0,0
1782238164.453424,gear_position,N,0
1782238164.453424,shift_lever_displaced,REST,0
1782238164.453424,shift_lever_failed,OK,0
1782238164.453544,kill_switch,RUN,1
1782238164.453544,engine_on_counter,0,0
1782238164.453781,rpm,0,0
1782238164.453781,throttle_position,0,0
1782238164.470988,gear_position,N,0
1782238164.470988,shift_lever_displaced,REST,0
1782238164.470988,shift_lever_failed,OK,0
1782238164.471234,kill_switch,RUN,1
1782238164.471234,engine_on_counter,0,0
1782238164.489857,rpm,0,0
1782238164.489857,throttle_position,0,0
1782238164.491188,gear_position,N,0
1782238164.491188,shift_lever_displaced,REST,0
1782238164.491188,shift_lever_failed,OK,0
1782238164.491428,coolant_temp,73.2,732
1782238164.491428,warmup_index,0,0
1782238164.491428,side_stand,UP,1
1782238164.491906,kill_switch,RUN,1
1782238164.491906,engine_on_counter,0,0
1782238164.509657,rpm,0,0
1782238164.509657,throttle_position,0,0
1782238164.510869,gear_position,N,0
1782238164.510869,shift_lever_displaced,REST,0
1782238164.510869,shift_lever_failed,OK,0
1782238164.520858,kill_switch,RUN,1
1782238164.520858,engine_on_counter,0,0
1782238164.521102,rpm,0,0
1782238164.521102,throttle_position,0,0
1782238164.550911,gear_position,N,0
1782238164.550911,shift_lever_displaced,REST,0
1782238164.550911,shift_lever_failed,OK,0
1782238164.551007,kill_switch,RUN,1
1782238164.551007,engine_on_counter,0,0
1782238164.551188,rpm,0,0
1782238164.551188,throttle_position,0,0
1782238164.551540,gear_position,N,0
1782238164.551540,shift_lever_displaced,REST,0
1782238164.551540,shift_lever_failed,OK,0
1782238164.551627,kill_switch,RUN,1
1782238164.551627,engine_on_counter,0,0
1782238164.569505,rpm,0,0
1782238164.569505,throttle_position,0,0
1782238164.580211,gear_position,N,0
1782238164.580211,shift_lever_displaced,REST,0
1782238164.580211,shift_lever_failed,OK,0
1782238164.582882,kill_switch,RUN,1
1782238164.582882,engine_on_counter,0,0
1782238164.583347,rpm,0,0
1782238164.583347,throttle_position,0,0
1782238164.590549,gear_position,N,0
1782238164.590549,shift_lever_displaced,REST,0
1782238164.590549,shift_lever_failed,OK,0
1782238164.590637,coolant_temp,73.2,732
1782238164.590637,warmup_index,0,0
1782238164.590637,side_stand,UP,1
1782238164.590817,kill_switch,RUN,1
1782238164.590817,engine_on_counter,0,0
1782238164.609568,rpm,0,0
1782238164.609568,throttle_position,0,0
1782238164.620646,gear_position,N,0
1782238164.620646,shift_lever_displaced,REST,0
1782238164.620646,shift_lever_failed,OK,0
1782238164.620792,kill_switch,RUN,1
1782238164.620792,engine_on_counter,0,0
1782238164.621026,rpm,0,0
1782238164.621026,throttle_position,0,0
1782238164.630468,gear_position,N,0
1782238164.630468,shift_lever_displaced,REST,0
1782238164.630468,shift_lever_failed,OK,0
1782238164.630585,kill_switch,RUN,1
1782238164.630585,engine_on_counter,0,0
1782238164.651674,rpm,0,0
1782238164.651674,throttle_position,0,0
1782238164.652404,gear_position,N,0
1782238164.652404,shift_lever_displaced,REST,0
1782238164.652404,shift_lever_failed,OK,0
1782238164.669232,kill_switch,RUN,1
1782238164.669232,engine_on_counter,0,0
1782238164.669765,rpm,0,0
1782238164.669765,throttle_position,0,0
1782238164.680960,gear_position,N,0
1782238164.680960,shift_lever_displaced,REST,0
1782238164.680960,shift_lever_failed,OK,0
1782238164.681160,kill_switch,RUN,1
1782238164.681160,engine_on_counter,0,0
1782238164.686463,rpm,0,0
1782238164.686463,throttle_position,0,0
1782238164.690609,gear_position,N,0
1782238164.690609,shift_lever_displaced,REST,0
1782238164.690609,shift_lever_failed,OK,0
1782238164.690727,coolant_temp,73.2,732
1782238164.690727,warmup_index,0,0
1782238164.690727,side_stand,UP,1
1782238164.703248,kill_switch,RUN,1
1782238164.703248,engine_on_counter,0,0
1782238164.703563,rpm,0,0
1782238164.703563,throttle_position,0,0
1782238164.720232,gear_position,N,0
1782238164.720232,shift_lever_displaced,REST,0
1782238164.720232,shift_lever_failed,OK,0
1782238164.720319,kill_switch,RUN,1
1782238164.720319,engine_on_counter,0,0
1782238164.720494,rpm,0,0
1782238164.720494,throttle_position,0,0
1782238164.730329,gear_position,N,0
1782238164.730329,shift_lever_displaced,REST,0
1782238164.730329,shift_lever_failed,OK,0
1782238164.749984,kill_switch,RUN,1
1782238164.749984,engine_on_counter,0,0
1782238164.750117,rpm,0,0
1782238164.750117,throttle_position,0,0
1782238164.760317,gear_position,N,0
1782238164.760317,shift_lever_displaced,REST,0
1782238164.760317,shift_lever_failed,OK,0
1782238164.760454,kill_switch,RUN,1
1782238164.760454,engine_on_counter,0,0
1782238164.760693,rpm,0,0
1782238164.760693,throttle_position,0,0
1782238164.771592,gear_position,N,0
1782238164.771592,shift_lever_displaced,REST,0
1782238164.771592,shift_lever_failed,OK,0
1782238164.771774,kill_switch,RUN,1
1782238164.771774,engine_on_counter,0,0
1782238164.796911,rpm,0,0
1782238164.796911,throttle_position,0,0
1782238164.797418,gear_position,N,0
1782238164.797418,shift_lever_displaced,REST,0
1782238164.797418,shift_lever_failed,OK,0
1782238164.797486,coolant_temp,73.2,732
1782238164.797486,warmup_index,0,0
1782238164.797486,side_stand,UP,1
1782238164.797613,kill_switch,RUN,1
1782238164.797613,engine_on_counter,0,0
1782238164.797739,rpm,0,0
1782238164.797739,throttle_position,0,0
1782238164.810041,gear_position,N,0
1782238164.810041,shift_lever_displaced,REST,0
1782238164.810041,shift_lever_failed,OK,0
1782238164.820610,kill_switch,RUN,1
1782238164.820610,engine_on_counter,0,0
1782238164.820735,rpm,0,0
1782238164.820735,throttle_position,0,0
1782238164.831185,gear_position,N,0
1782238164.831185,shift_lever_displaced,REST,0
1782238164.831185,shift_lever_failed,OK,0
1782238164.831252,kill_switch,RUN,1
1782238164.831252,engine_on_counter,0,0
1782238164.849963,rpm,0,0
1782238164.849963,throttle_position,0,0
1782238164.850239,gear_position,N,0
1782238164.850239,shift_lever_displaced,REST,0
1782238164.850239,shift_lever_failed,OK,0
1782238164.850305,kill_switch,RUN,1
1782238164.850305,engine_on_counter,0,0
1782238164.869534,rpm,0,0
1782238164.869534,throttle_position,0,0
1782238164.880272,gear_position,N,0
1782238164.880272,shift_lever_displaced,REST,0
1782238164.880272,shift_lever_failed,OK,0
1782238164.880360,kill_switch,RUN,1
1782238164.880360,engine_on_counter,0,0
1782238164.880617,rpm,0,0
1782238164.880617,throttle_position,0,0
1782238164.890647,gear_position,N,0
1782238164.890647,shift_lever_displaced,REST,0
1782238164.890647,shift_lever_failed,OK,0
1782238164.890733,coolant_temp,73.2,732
1782238164.890733,warmup_index,0,0
1782238164.890733,side_stand,UP,1
1782238164.890907,kill_switch,RUN,1
1782238164.890907,engine_on_counter,0,0
1782238164.909360,rpm,0,0
1782238164.909360,throttle_position,0,0
1782238164.920568,gear_position,N,0
1782238164.920568,shift_lever_displaced,REST,0
1782238164.920568,shift_lever_failed,OK,0
1782238164.920680,kill_switch,RUN,1
1782238164.920680,engine_on_counter,0,0
1782238164.920902,rpm,0,0
1782238164.920902,throttle_position,0,0
1782238164.930516,gear_position,N,0
1782238164.930516,shift_lever_displaced,REST,0
1782238164.930516,shift_lever_failed,OK,0
1782238164.930634,kill_switch,RUN,1
1782238164.930634,engine_on_counter,0,0
1782238164.952524,rpm,0,0
1782238164.952524,throttle_position,0,0
1782238164.952963,gear_position,N,0
1782238164.952963,shift_lever_displaced,REST,0
1782238164.952963,shift_lever_failed,OK,0
1782238164.969319,kill_switch,RUN,1
1782238164.969319,engine_on_counter,0,0
1782238164.969843,rpm,0,0
1782238164.969843,throttle_position,0,0
1782238164.971293,gear_position,N,0
1782238164.971293,shift_lever_displaced,REST,0
1782238164.971293,shift_lever_failed,OK,0
1782238164.971539,kill_switch,RUN,1
1782238164.971539,engine_on_counter,0,0
1782238164.989913,rpm,0,0
1782238164.989913,throttle_position,0,0
1782238164.991060,gear_position,N,0
1782238164.991060,shift_lever_displaced,REST,0
1782238164.991060,shift_lever_failed,OK,0
1782238164.991185,coolant_temp,73.2,732
1782238164.991185,warmup_index,0,0
1782238164.991185,side_stand,UP,1
1782238165.003469,kill_switch,RUN,1
1782238165.003469,engine_on_counter,0,0
1782238165.003963,rpm,0,0
1782238165.003963,throttle_position,0,0
1782238165.020400,gear_position,N,0
1782238165.020400,shift_lever_displaced,REST,0
1782238165.020400,shift_lever_failed,OK,0
1782238165.020512,kill_switch,RUN,1
1782238165.020512,engine_on_counter,0,0
1782238165.020739,rpm,0,0
1782238165.020739,throttle_position,0,0
1782238165.030481,gear_position,N,0
1782238165.030481,shift_lever_displaced,REST,0
1782238165.030481,shift_lever_failed,OK,0
1782238165.049545,kill_switch,RUN,1
1782238165.049545,engine_on_counter,0,0
1782238165.049752,rpm,0,0
1782238165.049752,throttle_position,0,0
1782238165.060039,gear_position,N,0
1782238165.060039,shift_lever_displaced,REST,0
1782238165.060039,shift_lever_failed,OK,0
1782238165.060133,kill_switch,RUN,1
1782238165.060133,engine_on_counter,0,0
1782238165.060451,rpm,0,0
1782238165.060451,throttle_position,0,0
1782238165.070474,gear_position,N,0
1782238165.070474,shift_lever_displaced,REST,0
1782238165.070474,shift_lever_failed,OK,0
1782238165.070579,kill_switch,RUN,1
1782238165.070579,engine_on_counter,0,0
1782238165.089877,rpm,0,0
1782238165.089877,throttle_position,0,0
1782238165.090239,gear_position,N,0
1782238165.090239,shift_lever_displaced,REST,0
1782238165.090239,shift_lever_failed,OK,0
1782238165.100244,coolant_temp,73.2,732
1782238165.100244,warmup_index,0,0
1782238165.100244,side_stand,UP,1
1782238165.100462,kill_switch,RUN,1
1782238165.100462,engine_on_counter,0,0
1782238165.100673,rpm,0,0
1782238165.100673,throttle_position,0,0
1782238165.111630,gear_position,N,0
1782238165.111630,shift_lever_displaced,REST,0
1782238165.111630,shift_lever_failed,OK,0
1782238165.111857,kill_switch,RUN,1
1782238165.111857,engine_on_counter,0,0
1782238165.129345,rpm,0,0
1782238165.129345,throttle_position,0,0
1782238165.140503,gear_position,N,0
1782238165.140503,shift_lever_displaced,REST,0
1782238165.140503,shift_lever_failed,OK,0
1782238165.140772,kill_switch,RUN,1
1782238165.140772,engine_on_counter,0,0
1782238165.141095,rpm,0,0
1782238165.141095,throttle_position,0,0
1782238165.153436,gear_position,N,0
1782238165.153436,shift_lever_displaced,REST,0
1782238165.153436,shift_lever_failed,OK,0
1782238165.153581,kill_switch,RUN,1
1782238165.153581,engine_on_counter,0,0
1782238165.153876,rpm,0,0
1782238165.153876,throttle_position,0,0
1782238165.171008,gear_position,N,0
1782238165.171008,shift_lever_displaced,REST,0
1782238165.171008,shift_lever_failed,OK,0
1782238165.171294,kill_switch,RUN,1
1782238165.171294,engine_on_counter,0,0
1782238165.190104,rpm,0,0
1782238165.190104,throttle_position,0,0
1782238165.199977,gear_position,N,0
1782238165.199977,shift_lever_displaced,REST,0
1782238165.199977,shift_lever_failed,OK,0
1782238165.200216,coolant_temp,73.2,732
1782238165.200216,warmup_index,0,0
1782238165.200216,side_stand,UP,1
1782238165.200568,kill_switch,RUN,1
1782238165.200568,engine_on_counter,0,0
1782238165.201113,rpm,0,0
1782238165.201113,throttle_position,0,0
1782238165.210967,gear_position,N,0
1782238165.210967,shift_lever_displaced,REST,0
1782238165.210967,shift_lever_failed,OK,0
1782238165.220811,kill_switch,RUN,1
1782238165.220811,engine_on_counter,0,0
1782238165.221074,rpm,0,0
1782238165.221074,throttle_position,0,0
1782238165.240522,gear_position,N,0
1782238165.240522,shift_lever_displaced,REST,0
1782238165.240522,shift_lever_failed,OK,0
1782238165.240768,kill_switch,RUN,1
1782238165.240768,engine_on_counter,0,0
1782238165.241264,rpm,0,0
1782238165.241264,throttle_position,0,0
1782238165.251322,gear_position,N,0
1782238165.251322,shift_lever_displaced,REST,0
1782238165.251322,shift_lever_failed,OK,0
1782238165.251461,kill_switch,RUN,1
1782238165.251461,engine_on_counter,0,0
1782238165.269824,rpm,0,0
1782238165.269824,throttle_position,0,0
1782238165.271041,gear_position,N,0
1782238165.271041,shift_lever_displaced,REST,0
1782238165.271041,shift_lever_failed,OK,0
1782238165.280355,kill_switch,RUN,1
1782238165.280355,engine_on_counter,0,0
1782238165.281085,rpm,0,0
1782238165.281085,throttle_position,0,0
1782238165.295898,gear_position,N,0
1782238165.295898,shift_lever_displaced,REST,0
1782238165.295898,shift_lever_failed,OK,0
1782238165.295970,coolant_temp,73.2,732
1782238165.295970,warmup_index,0,0
1782238165.295970,side_stand,UP,1
1782238165.296109,kill_switch,RUN,1
1782238165.296109,engine_on_counter,0,0
1782238165.309538,rpm,0,0
1782238165.309538,throttle_position,0,0
1782238165.320575,gear_position,N,0
1782238165.320575,shift_lever_displaced,REST,0
1782238165.320575,shift_lever_failed,OK,0
1782238165.320654,kill_switch,RUN,1
1782238165.320654,engine_on_counter,0,0
1782238165.320795,rpm,0,0
1782238165.320795,throttle_position,0,0
1782238165.331161,gear_position,N,0
1782238165.331161,shift_lever_displaced,REST,0
1782238165.331161,shift_lever_failed,OK,0
1782238165.331231,kill_switch,RUN,1
1782238165.331231,engine_on_counter,0,0
1782238165.350024,rpm,0,0
1782238165.350024,throttle_position,0,0
1782238165.350345,gear_position,N,0
1782238165.350345,shift_lever_displaced,REST,0
1782238165.350345,shift_lever_failed,OK,0
1782238165.350423,kill_switch,RUN,1
1782238165.350423,engine_on_counter,0,0
1782238165.369368,rpm,0,0
1782238165.369368,throttle_position,0,0
1782238165.380041,gear_position,N,0
1782238165.380041,shift_lever_displaced,REST,0
1782238165.380041,shift_lever_failed,OK,0
1782238165.380129,kill_switch,RUN,1
1782238165.380129,engine_on_counter,0,0
1782238165.380395,rpm,0,0
1782238165.380395,throttle_position,0,0
1782238165.390502,gear_position,N,0
1782238165.390502,shift_lever_displaced,REST,0
1782238165.390502,shift_lever_failed,OK,0
1782238165.390594,coolant_temp,73.2,732
1782238165.390594,warmup_index,0,0
1782238165.390594,side_stand,UP,1
1782238165.409315,kill_switch,RUN,1
1782238165.409315,engine_on_counter,0,0
1782238165.409605,rpm,0,0
1782238165.409605,throttle_position,0,0
1782238165.420467,gear_position,N,0
1782238165.420467,shift_lever_displaced,REST,0
1782238165.420467,shift_lever_failed,OK,0
1782238165.420582,kill_switch,RUN,1
1782238165.420582,engine_on_counter,0,0
1782238165.420811,rpm,0,0
1782238165.420811,throttle_position,0,0
1782238165.430316,gear_position,N,0
1782238165.430316,shift_lever_displaced,REST,0
1782238165.430316,shift_lever_failed,OK,0
1782238165.450913,kill_switch,RUN,1
1782238165.450913,engine_on_counter,0,0
1782238165.451500,rpm,0,0
1782238165.451500,throttle_position,0,0
1782238165.460274,gear_position,N,0
1782238165.460274,shift_lever_displaced,REST,0
1782238165.460274,shift_lever_failed,OK,0
1782238165.460541,kill_switch,RUN,1
1782238165.460541,engine_on_counter,0,0
1782238165.461028,rpm,0,0
1782238165.461028,throttle_position,0,0
1782238165.471533,gear_position,N,0
1782238165.471533,shift_lever_displaced,REST,0
1782238165.471533,shift_lever_failed,OK,0
1782238165.471777,kill_switch,RUN,1
1782238165.471777,engine_on_counter,0,0
1782238165.490288,rpm,0,0
1782238165.490288,throttle_position,0,0
1782238165.490802,gear_position,N,0
1782238165.490802,shift_lever_displaced,REST,0
1782238165.490802,shift_lever_failed,OK,0
1782238165.503256,coolant_temp,73.2,732
1782238165.503256,warmup_index,0,0
1782238165.503256,side_stand,UP,1
1782238165.503404,kill_switch,RUN,1
1782238165.503404,engine_on_counter,0,0
1782238165.503652,rpm,0,0
1782238165.503652,throttle_position,0,0
1782238165.511378,gear_position,N,0
1782238165.511378,shift_lever_displaced,REST,0
1782238165.511378,shift_lever_failed,OK,0
1782238165.511561,kill_switch,RUN,1
1782238165.511561,engine_on_counter,0,0
1782238165.529489,rpm,0,0
1782238165.529489,throttle_position,0,0
1782238165.549844,gear_position,N,0
1782238165.549844,shift_lever_displaced,REST,0
1782238165.549844,shift_lever_failed,OK,0
1782238165.550102,kill_switch,RUN,1
1782238165.550102,engine_on_counter,0,0
1782238165.550306,rpm,0,0
1782238165.550306,throttle_position,0,0
1782238165.560081,gear_position,N,0
1782238165.560081,shift_lever_displaced,REST,0
1782238165.560081,shift_lever_failed,OK,0
1782238165.560170,kill_switch,RUN,1
1782238165.560170,engine_on_counter,0,0
1782238165.560343,rpm,0,0
1782238165.560343,throttle_position,0,0
1782238165.570562,gear_position,N,0
1782238165.570562,shift_lever_displaced,REST,0
1782238165.570562,shift_lever_failed,OK,0
1782238165.570663,kill_switch,RUN,1
1782238165.570663,engine_on_counter,0,0
1782238165.589582,rpm,0,0
1782238165.589582,throttle_position,0,0
1782238165.599927,gear_position,N,0
1782238165.599927,shift_lever_displaced,REST,0
1782238165.599927,shift_lever_failed,OK,0
1782238165.600046,coolant_temp,73.2,732
1782238165.600046,warmup_index,0,0
1782238165.600046,side_stand,UP,1
1782238165.600221,kill_switch,RUN,1
1782238165.600221,engine_on_counter,0,0
1782238165.600399,rpm,0,0
1782238165.600399,throttle_position,0,0
1782238165.610392,gear_position,N,0
1782238165.610392,shift_lever_displaced,REST,0
1782238165.610392,shift_lever_failed,OK,0
1782238165.610495,kill_switch,RUN,1
1782238165.610495,engine_on_counter,0,0
1782238165.629508,rpm,0,0
1782238165.629508,throttle_position,0,0
1782238165.640385,gear_position,N,0
1782238165.640385,shift_lever_displaced,REST,0
1782238165.640385,shift_lever_failed,OK,0
1782238165.640524,kill_switch,RUN,1
1782238165.640524,engine_on_counter,0,0
1782238165.640772,rpm,0,0
1782238165.640772,throttle_position,0,0
1782238165.653421,gear_position,N,0
1782238165.653421,shift_lever_displaced,REST,0
1782238165.653421,shift_lever_failed,OK,0
1782238165.653541,kill_switch,RUN,1
1782238165.653541,engine_on_counter,0,0
1782238165.653777,rpm,0,0
1782238165.653777,throttle_position,0,0
1782238165.670912,gear_position,N,0
1782238165.670912,shift_lever_displaced,REST,0
1782238165.670912,shift_lever_failed,OK,0
1782238165.689198,kill_switch,RUN,1
1782238165.689198,engine_on_counter,0,0
1782238165.689659,rpm,0,0
1782238165.689659,throttle_position,0,0
1782238165.691206,gear_position,N,0
1782238165.691206,shift_lever_displaced,REST,0
1782238165.691206,shift_lever_failed,OK,0
1782238165.691401,coolant_temp,73.2,732
1782238165.691401,warmup_index,0,0
1782238165.691401,side_stand,UP,1
1782238165.691752,kill_switch,RUN,1
1782238165.691752,engine_on_counter,0,0
1782238165.709787,rpm,0,0
1782238165.709787,throttle_position,0,0
1782238165.711025,gear_position,N,0
1782238165.711025,shift_lever_displaced,REST,0
1782238165.711025,shift_lever_failed,OK,0
1782238165.720826,kill_switch,RUN,1
1782238165.720826,engine_on_counter,0,0
1782238165.721141,rpm,0,0
1782238165.721141,throttle_position,0,0
1782238165.731583,gear_position,N,0
1782238165.731583,shift_lever_displaced,REST,0
1782238165.731583,shift_lever_failed,OK,0
1782238165.731820,kill_switch,RUN,1
1782238165.731820,engine_on_counter,0,0
1782238165.750381,rpm,0,0
1782238165.750381,throttle_position,0,0
1782238165.750979,gear_position,N,0
1782238165.750979,shift_lever_displaced,REST,0
1782238165.750979,shift_lever_failed,OK,0
1782238165.751099,kill_switch,RUN,1
1782238165.751099,engine_on_counter,0,0
1782238165.769790,rpm,0,0
1782238165.769790,throttle_position,0,0
1782238165.780236,gear_position,N,0
1782238165.780236,shift_lever_displaced,REST,0
1782238165.780236,shift_lever_failed,OK,0
1782238165.780494,kill_switch,RUN,1
1782238165.780494,engine_on_counter,0,0
1782238165.781214,rpm,0,0
1782238165.781214,throttle_position,0,0
1782238165.796209,gear_position,N,0
1782238165.796209,shift_lever_displaced,REST,0
1782238165.796209,shift_lever_failed,OK,0
1782238165.796273,coolant_temp,73.2,732
1782238165.796273,warmup_index,0,0
1782238165.796273,side_stand,UP,1
1782238165.796413,kill_switch,RUN,1
1782238165.796413,engine_on_counter,0,0
1782238165.809593,rpm,0,0
1782238165.809593,throttle_position,0,0
1782238165.820339,gear_position,N,0
1782238165.820339,shift_lever_displaced,REST,0
1782238165.820339,shift_lever_failed,OK,0
1782238165.820414,kill_switch,RUN,1
1782238165.820414,engine_on_counter,0,0
1782238165.820550,rpm,0,0
1782238165.820550,throttle_position,0,0
1782238165.830313,gear_position,N,0
1782238165.830313,shift_lever_displaced,REST,0
1782238165.830313,shift_lever_failed,OK,0
1782238165.830380,kill_switch,RUN,1
1782238165.830380,engine_on_counter,0,0
1782238165.849901,rpm,0,0
1782238165.849901,throttle_position,0,0
1782238165.850210,gear_position,N,0
1782238165.850210,shift_lever_displaced,REST,0
1782238165.850210,shift_lever_failed,OK,0
1782238165.869481,kill_switch,RUN,1
1782238165.869481,engine_on_counter,0,0
1782238165.869659,rpm,0,0
1782238165.869659,throttle_position,0,0
1782238165.880096,gear_position,N,0
1782238165.880096,shift_lever_displaced,REST,0
1782238165.880096,shift_lever_failed,OK,0
1782238165.880357,kill_switch,RUN,1
1782238165.880357,engine_on_counter,0,0
1782238165.880444,rpm,0,0
1782238165.880444,throttle_position,0,0
1782238165.890392,gear_position,N,0
1782238165.890392,shift_lever_displaced,REST,0
1782238165.890392,shift_lever_failed,OK,0
1782238165.890497,coolant_temp,73.2,732
1782238165.890497,warmup_index,0,0
1782238165.890497,side_stand,UP,1
1782238165.903358,kill_switch,RUN,1
1782238165.903358,engine_on_counter,0,0
1782238165.903606,rpm,0,0
1782238165.903606,throttle_position,0,0
1782238165.920276,gear_position,N,0
1782238165.920276,shift_lever_displaced,REST,0
1782238165.920276,shift_lever_failed,OK,0
1782238165.920394,kill_switch,RUN,1
1782238165.920394,engine_on_counter,0,0
1782238165.920616,rpm,0,0
1782238165.920616,throttle_position,0,0
1782238165.930714,gear_position,N,0
1782238165.930714,shift_lever_displaced,REST,0
1782238165.930714,shift_lever_failed,OK,0
1782238165.951177,kill_switch,RUN,1
1782238165.951177,engine_on_counter,0,0
1782238165.951489,rpm,0,0
1782238165.951489,throttle_position,0,0
1782238165.960229,gear_position,N,0
1782238165.960229,shift_lever_displaced,REST,0
1782238165.960229,shift_lever_failed,OK,0
1782238165.960381,kill_switch,RUN,1
1782238165.960381,engine_on_counter,0,0
1782238165.960660,rpm,0,0
1782238165.960660,throttle_position,0,0
1782238165.970881,gear_position,N,0
1782238165.970881,shift_lever_displaced,REST,0
1782238165.970881,shift_lever_failed,OK,0
1782238165.971172,kill_switch,RUN,1
1782238165.971172,engine_on_counter,0,0
1782238165.989905,rpm,0,0
1782238165.989905,throttle_position,0,0
1782238165.990460,gear_position,N,0
1782238165.990460,shift_lever_displaced,REST,0
1782238165.990460,shift_lever_failed,OK,0
1782238166.000192,coolant_temp,73.2,732
1782238166.000192,warmup_index,0,0
1782238166.000192,side_stand,UP,1
1782238166.000677,kill_switch,RUN,1
1782238166.000677,engine_on_counter,0,0
1782238166.001167,rpm,0,0
1782238166.001167,throttle_position,0,0
1782238166.011604,gear_position,N,0
1782238166.011604,shift_lever_displaced,REST,0
1782238166.011604,shift_lever_failed,OK,0
1782238166.011781,kill_switch,RUN,1
1782238166.011781,engine_on_counter,0,0
1782238166.029635,rpm,0,0
1782238166.029635,throttle_position,0,0
1782238166.048551,gear_position,N,0
1782238166.048551,shift_lever_displaced,REST,0
1782238166.048551,shift_lever_failed,OK,0
1782238166.048729,kill_switch,RUN,1
1782238166.048729,engine_on_counter,0,0
1782238166.048808,rpm,0,0
1782238166.048808,throttle_position,0,0
1782238166.053304,gear_position,N,0
1782238166.053304,shift_lever_displaced,REST,0
1782238166.053304,shift_lever_failed,OK,0
1782238166.053382,kill_switch,RUN,1
1782238166.053382,engine_on_counter,0,0
1782238166.053533,rpm,0,0
1782238166.053533,throttle_position,0,0
1782238166.070312,gear_position,N,0
1782238166.070312,shift_lever_displaced,REST,0
1782238166.070312,shift_lever_failed,OK,0
1782238166.070399,kill_switch,RUN,1
1782238166.070399,engine_on_counter,0,0
1782238166.089726,rpm,0,0
1782238166.089726,throttle_position,0,0
1782238166.099998,gear_position,N,0
1782238166.099998,shift_lever_displaced,REST,0
1782238166.099998,shift_lever_failed,OK,0
1782238166.100094,coolant_temp,73.2,732
1782238166.100094,warmup_index,0,0
1782238166.100094,side_stand,UP,1
1782238166.100268,kill_switch,RUN,1
1782238166.100268,engine_on_counter,0,0
1782238166.100443,rpm,0,0
1782238166.100443,throttle_position,0,0
1782238166.110476,gear_position,N,0
1782238166.110476,shift_lever_displaced,REST,0
1782238166.110476,shift_lever_failed,OK,0
1782238166.110580,kill_switch,RUN,1
1782238166.110580,engine_on_counter,0,0
1782238166.121123,rpm,0,0
1782238166.121123,throttle_position,0,0
1782238166.140446,gear_position,N,0
1782238166.140446,shift_lever_displaced,REST,0
1782238166.140446,shift_lever_failed,OK,0
1782238166.140620,kill_switch,RUN,1
1782238166.140620,engine_on_counter,0,0
1782238166.140901,rpm,0,0
1782238166.140901,throttle_position,0,0
1782238166.152779,gear_position,N,0
1782238166.152779,shift_lever_displaced,REST,0
1782238166.152779,shift_lever_failed,OK,0
1782238166.152891,kill_switch,RUN,1
1782238166.152891,engine_on_counter,0,0
1782238166.169829,rpm,0,0
1782238166.169829,throttle_position,0,0
1782238166.171104,gear_position,N,0
1782238166.171104,shift_lever_displaced,REST,0
1782238166.171104,shift_lever_failed,OK,0
1782238166.189386,kill_switch,RUN,1
1782238166.189386,engine_on_counter,0,0
1782238166.190134,rpm,0,0
1782238166.190134,throttle_position,0,0
1782238166.191132,gear_position,N,0
1782238166.191132,shift_lever_displaced,REST,0
1782238166.191132,shift_lever_failed,OK,0
1782238166.191373,coolant_temp,73.2,732
1782238166.191373,warmup_index,0,0
1782238166.191373,side_stand,UP,1
1782238166.191859,kill_switch,RUN,1
1782238166.191859,engine_on_counter,0,0
1782238166.209775,rpm,0,0
1782238166.209775,throttle_position,0,0
1782238166.220476,gear_position,N,0
1782238166.220476,shift_lever_displaced,REST,0
1782238166.220476,shift_lever_failed,OK,0
1782238166.220608,kill_switch,RUN,1
1782238166.220608,engine_on_counter,0,0
1782238166.220787,rpm,0,0
1782238166.220787,throttle_position,0,0
1782238166.231365,gear_position,N,0
1782238166.231365,shift_lever_displaced,REST,0
1782238166.231365,shift_lever_failed,OK,0
1782238166.231538,kill_switch,RUN,1
1782238166.231538,engine_on_counter,0,0
1782238166.250195,rpm,0,0
1782238166.250195,throttle_position,0,0
1782238166.250625,gear_position,N,0
1782238166.250625,shift_lever_displaced,REST,0
1782238166.250625,shift_lever_failed,OK,0
1782238166.269609,kill_switch,RUN,1
1782238166.269609,engine_on_counter,0,0
1782238166.269811,rpm,0,0
1782238166.269811,throttle_position,0,0
1782238166.280155,gear_position,N,0
1782238166.280155,shift_lever_displaced,REST,0
1782238166.280155,shift_lever_failed,OK,0
1782238166.280448,kill_switch,RUN,1
1782238166.280448,engine_on_counter,0,0
1782238166.281355,rpm,0,0
1782238166.281355,throttle_position,0,0
1782238166.296122,gear_position,N,0
1782238166.296122,shift_lever_displaced,REST,0
1782238166.296122,shift_lever_failed,OK,0
1782238166.296184,coolant_temp,73.2,732
1782238166.296184,warmup_index,0,0
1782238166.296184,side_stand,UP,1
1782238166.309260,kill_switch,RUN,1
1782238166.309260,engine_on_counter,0,0
1782238166.309417,rpm,0,0
1782238166.309417,throttle_position,0,0
1782238166.320372,gear_position,N,0
1782238166.320372,shift_lever_displaced,REST,0
1782238166.320372,shift_lever_failed,OK,0
1782238166.320509,kill_switch,RUN,1
1782238166.320509,engine_on_counter,0,0
1782238166.320600,rpm,0,0
1782238166.320600,throttle_position,0,0
1782238166.330366,gear_position,N,0
1782238166.330366,shift_lever_displaced,REST,0
1782238166.330366,shift_lever_failed,OK,0
1782238166.349555,kill_switch,RUN,1
1782238166.349555,engine_on_counter,0,0
1782238166.349635,rpm,0,0
1782238166.349635,throttle_position,0,0
1782238166.360162,gear_position,N,0
1782238166.360162,shift_lever_displaced,REST,0
1782238166.360162,shift_lever_failed,OK,0
1782238166.360282,kill_switch,RUN,1
1782238166.360282,engine_on_counter,0,0
1782238166.360461,rpm,0,0
1782238166.360461,throttle_position,0,0
1782238166.371128,gear_position,N,0
1782238166.371128,shift_lever_displaced,REST,0
1782238166.371128,shift_lever_failed,OK,0
1782238166.371215,kill_switch,RUN,1
1782238166.371215,engine_on_counter,0,0
1782238166.390021,rpm,0,0
1782238166.390021,throttle_position,0,0
1782238166.390460,gear_position,N,0
1782238166.390460,shift_lever_displaced,REST,0
1782238166.390460,shift_lever_failed,OK,0
1782238166.403278,coolant_temp,73.2,732
1782238166.403278,warmup_index,0,0
1782238166.403278,side_stand,UP,1
1782238166.403472,kill_switch,RUN,1
1782238166.403472,engine_on_counter,0,0
1782238166.403724,rpm,0,0
1782238166.403724,throttle_position,0,0
1782238166.420340,gear_position,N,0
1782238166.420340,shift_lever_displaced,REST,0
1782238166.420340,shift_lever_failed,OK,0
1782238166.420465,kill_switch,RUN,1
1782238166.420465,engine_on_counter,0,0
1782238166.420676,rpm,0,0
1782238166.420676,throttle_position,0,0
1782238166.451906,gear_position,N,0
1782238166.451906,shift_lever_displaced,REST,0
1782238166.451906,shift_lever_failed,OK,0
1782238166.452164,kill_switch,RUN,1
1782238166.452164,engine_on_counter,0,0
1782238166.452272,rpm,0,0
1782238166.452272,throttle_position,0,0
1782238166.460133,gear_position,N,0
1782238166.460133,shift_lever_displaced,REST,0
1782238166.460133,shift_lever_failed,OK,0
1782238166.460281,kill_switch,RUN,1
1782238166.460281,engine_on_counter,0,0
1782238166.460566,rpm,0,0
1782238166.460566,throttle_position,0,0
1782238166.471134,gear_position,N,0
1782238166.471134,shift_lever_displaced,REST,0
1782238166.471134,shift_lever_failed,OK,0
1782238166.489844,kill_switch,RUN,1
1782238166.489844,engine_on_counter,0,0
1782238166.489941,rpm,0,0
1782238166.489941,throttle_position,0,0
1782238166.490260,gear_position,N,0
1782238166.490260,shift_lever_displaced,REST,0
1782238166.490260,shift_lever_failed,OK,0
1782238166.500024,coolant_temp,73.2,732
1782238166.500024,warmup_index,0,0
1782238166.500024,side_stand,UP,1
1782238166.500213,kill_switch,RUN,1
1782238166.500213,engine_on_counter,0,0
1782238166.500394,rpm,0,0
1782238166.500394,throttle_position,0,0
1782238166.510371,gear_position,N,0
1782238166.510371,shift_lever_displaced,REST,0
1782238166.510371,shift_lever_failed,OK,0
1782238166.510462,kill_switch,RUN,1
1782238166.510462,engine_on_counter,0,0
1782238166.529461,rpm,0,0
1782238166.529461,throttle_position,0,0
1782238166.540966,gear_position,N,0
1782238166.540966,shift_lever_displaced,REST,0
1782238166.540966,shift_lever_failed,OK,0
1782238166.541141,kill_switch,RUN,1
1782238166.541141,engine_on_counter,0,0
1782238166.541221,rpm,0,0
1782238166.541221,throttle_position,0,0
1782238166.553309,gear_position,N,0
1782238166.553309,shift_lever_displaced,REST,0
1782238166.553309,shift_lever_failed,OK,0
1782238166.553464,kill_switch,RUN,1
1782238166.553464,engine_on_counter,0,0
1782238166.553543,rpm,0,0
1782238166.553543,throttle_position,0,0
1782238166.570421,gear_position,N,0
1782238166.570421,shift_lever_displaced,REST,0
1782238166.570421,shift_lever_failed,OK,0
1782238166.570509,kill_switch,RUN,1
1782238166.570509,engine_on_counter,0,0
1782238166.589574,rpm,0,0
1782238166.589574,throttle_position,0,0
1782238166.591116,gear_position,N,0
1782238166.591116,shift_lever_displaced,REST,0
1782238166.591116,shift_lever_failed,OK,0
1782238166.591296,coolant_temp,73.2,732
1782238166.591296,warmup_index,0,0
1782238166.591296,side_stand,UP,1
1782238166.591386,kill_switch,RUN,1
1782238166.591386,engine_on_counter,0,0
1782238166.609863,rpm,0,0
1782238166.609863,throttle_position,0,0
1782238166.610418,gear_position,N,0
1782238166.610418,shift_lever_displaced,REST,0
1782238166.610418,shift_lever_failed,OK,0
1782238166.620988,kill_switch,RUN,1
1782238166.620988,engine_on_counter,0,0
1782238166.621141,rpm,0,0
1782238166.621141,throttle_position,0,0
1782238166.640320,kill_switch,RUN,1
1782238166.640320,engine_on_counter,0,0
1782238166.640701,gear_position,N,0
1782238166.640701,shift_lever_displaced,REST,0
1782238166.640701,shift_lever_failed,OK,0
1782238166.641237,rpm,0,0
1782238166.641237,throttle_position,0,0
1782238166.653951,gear_position,N,0
1782238166.653951,shift_lever_displaced,REST,0
1782238166.653951,shift_lever_failed,OK,0
1782238166.669534,kill_switch,RUN,1
1782238166.669534,engine_on_counter,0,0
1782238166.669701,rpm,0,0
1782238166.669701,throttle_position,0,0
1782238166.680071,gear_position,N,0
1782238166.680071,shift_lever_displaced,REST,0
1782238166.680071,shift_lever_failed,OK,0
1782238166.680479,kill_switch,RUN,1
1782238166.680479,engine_on_counter,0,0
1782238166.680597,rpm,0,0
1782238166.680597,throttle_position,0,0
1782238166.690782,gear_position,N,0
1782238166.690782,shift_lever_displaced,REST,0
1782238166.690782,shift_lever_failed,OK,0
1782238166.691007,coolant_temp,73.2,732
1782238166.691007,warmup_index,0,0
1782238166.691007,side_stand,UP,1
1782238166.691115,kill_switch,RUN,1
1782238166.691115,engine_on_counter,0,0
1782238166.709900,rpm,0,0
1782238166.709900,throttle_position,0,0
1782238166.720600,gear_position,N,0
1782238166.720600,shift_lever_displaced,REST,0
1782238166.720600,shift_lever_failed,OK,0
1782238166.721124,kill_switch,RUN,1
1782238166.721124,engine_on_counter,0,0
1782238166.721365,rpm,0,0
1782238166.721365,throttle_position,0,0
1782238166.730985,gear_position,N,0
1782238166.730985,shift_lever_displaced,REST,0
1782238166.730985,shift_lever_failed,OK,0
1782238166.751596,kill_switch,RUN,1
1782238166.751596,engine_on_counter,0,0
1782238166.751767,rpm,0,0
1782238166.751767,throttle_position,0,0
1782238166.752226,gear_position,N,0
1782238166.752226,shift_lever_displaced,REST,0
1782238166.752226,shift_lever_failed,OK,0
1782238166.769600,kill_switch,RUN,1
1782238166.769600,engine_on_counter,0,0
1782238166.769842,rpm,0,0
1782238166.769842,throttle_position,0,0
1782238166.780250,gear_position,N,0
1782238166.780250,shift_lever_displaced,REST,0
1782238166.780250,shift_lever_failed,OK,0
1782238166.780971,kill_switch,RUN,1
1782238166.780971,engine_on_counter,0,0
1782238166.781210,rpm,0,0
1782238166.781210,throttle_position,0,0
1782238166.795758,gear_position,N,0
1782238166.795758,shift_lever_displaced,DISPLACED,1
1782238166.795758,shift_lever_failed,OK,0
1782238166.795884,coolant_temp,73.2,732
1782238166.795884,warmup_index,0,0
1782238166.795884,side_stand,UP,1
1782238166.799996,kill_switch,RUN,1
1782238166.799996,engine_on_counter,0,0
1782238166.800125,rpm,0,0
1782238166.800125,throttle_position,0,0
1782238166.810326,gear_position,N,0
1782238166.810326,shift_lever_displaced,DISPLACED,1
1782238166.810326,shift_lever_failed,OK,0
1782238166.829380,kill_switch,RUN,1
1782238166.829380,engine_on_counter,0,0
1782238166.829476,rpm,0,0
1782238166.829476,throttle_position,0,0
1782238166.840083,gear_position,N,0
1782238166.840083,shift_lever_displaced,DISPLACED,1
1782238166.840083,shift_lever_failed,OK,0
1782238166.840234,kill_switch,RUN,1
1782238166.840234,engine_on_counter,0,0
1782238166.840310,rpm,0,0
1782238166.840310,throttle_position,0,0
1782238166.851226,gear_position,N,0
1782238166.851226,shift_lever_displaced,DISPLACED,1
1782238166.851226,shift_lever_failed,OK,0
1782238166.851378,kill_switch,RUN,1
1782238166.851378,engine_on_counter,0,0
1782238166.869802,rpm,0,0
1782238166.869802,throttle_position,0,0
1782238166.870263,gear_position,N,0
1782238166.870263,shift_lever_displaced,DISPLACED,1
1782238166.870263,shift_lever_failed,OK,0
1782238166.889545,kill_switch,RUN,1
1782238166.889545,engine_on_counter,0,0
1782238166.889651,rpm,0,0
1782238166.889651,throttle_position,0,0
1782238166.891395,gear_position,N,0
1782238166.891395,shift_lever_displaced,DISPLACED,1
1782238166.891395,shift_lever_failed,OK,0
1782238166.891605,coolant_temp,73.2,732
1782238166.891605,warmup_index,0,0
1782238166.891605,side_stand,UP,1
1782238166.891714,kill_switch,RUN,1
1782238166.891714,engine_on_counter,0,0
1782238166.909906,rpm,0,0
1782238166.909906,throttle_position,0,0
1782238166.910636,gear_position,N,0
1782238166.910636,shift_lever_displaced,DISPLACED,1
1782238166.910636,shift_lever_failed,OK,0
1782238166.920718,kill_switch,RUN,1
1782238166.920718,engine_on_counter,0,0
1782238166.920840,rpm,0,0
1782238166.920840,throttle_position,0,0
1782238166.931457,gear_position,N,0
1782238166.931457,shift_lever_displaced,DISPLACED,1
1782238166.931457,shift_lever_failed,OK,0
1782238166.931730,kill_switch,RUN,1
1782238166.931730,engine_on_counter,0,0
1782238166.950752,rpm,0,0
1782238166.950752,throttle_position,0,0
1782238166.951337,gear_position,N,0
1782238166.951337,shift_lever_displaced,DISPLACED,1
1782238166.951337,shift_lever_failed,OK,0
1782238166.969642,kill_switch,RUN,1
1782238166.969642,engine_on_counter,0,0
1782238166.969910,rpm,0,0
1782238166.969910,throttle_position,0,0
1782238166.980195,gear_position,N,0
1782238166.980195,shift_lever_displaced,DISPLACED,1
1782238166.980195,shift_lever_failed,OK,0
1782238166.981052,kill_switch,RUN,1
1782238166.981052,engine_on_counter,0,0
1782238166.987202,rpm,0,0
1782238166.987202,throttle_position,0,0
1782238166.990554,gear_position,N,0
1782238166.990554,shift_lever_displaced,DISPLACED,1
1782238166.990554,shift_lever_failed,OK,0
1782238166.990698,coolant_temp,73.2,732
1782238166.990698,warmup_index,0,0
1782238166.990698,side_stand,UP,1
1782238166.990775,kill_switch,RUN,1
1782238166.990775,engine_on_counter,0,0
1782238167.009592,rpm,0,0
1782238167.009592,throttle_position,0,0
1782238167.020190,kill_switch,RUN,1
1782238167.020190,engine_on_counter,0,0
1782238167.020390,gear_position,N,0
1782238167.020390,shift_lever_displaced,DISPLACED,1
1782238167.020390,shift_lever_failed,OK,0
1782238167.020571,rpm,0,0
1782238167.020571,throttle_position,0,0
1782238167.030463,gear_position,N,0
1782238167.030463,shift_lever_displaced,DISPLACED,1
1782238167.030463,shift_lever_failed,OK,0
1782238167.049817,kill_switch,RUN,1
1782238167.049817,engine_on_counter,0,0
1782238167.049907,rpm,0,0
1782238167.049907,throttle_position,0,0
1782238167.050221,gear_position,N,0
1782238167.050221,shift_lever_displaced,DISPLACED,1
1782238167.050221,shift_lever_failed,OK,0
1782238167.069434,kill_switch,RUN,1
1782238167.069434,engine_on_counter,0,0
1782238167.069523,rpm,0,0
1782238167.069523,throttle_position,0,0
1782238167.071154,gear_position,N,0
1782238167.071154,shift_lever_displaced,DISPLACED,1
1782238167.071154,shift_lever_failed,OK,0
1782238167.071422,kill_switch,RUN,1
1782238167.071422,engine_on_counter,0,0
1782238167.090065,rpm,0,0
1782238167.090065,throttle_position,0,0
1782238167.090459,gear_position,N,0
1782238167.090459,shift_lever_displaced,DISPLACED,1
1782238167.090459,shift_lever_failed,OK,0
1782238167.103167,coolant_temp,73.2,732
1782238167.103167,warmup_index,0,0
1782238167.103167,side_stand,UP,1
1782238167.103293,kill_switch,RUN,1
1782238167.103293,engine_on_counter,0,0
1782238167.103508,rpm,0,0
1782238167.103508,throttle_position,0,0
1782238167.120197,gear_position,N,0
1782238167.120197,shift_lever_displaced,DISPLACED,1
1782238167.120197,shift_lever_failed,OK,0
1782238167.120413,kill_switch,RUN,1
1782238167.120413,engine_on_counter,0,0
1782238167.120518,rpm,0,0
1782238167.120518,throttle_position,0,0
1782238167.130640,gear_position,N,0
1782238167.130640,shift_lever_displaced,DISPLACED,1
1782238167.130640,shift_lever_failed,OK,0
1782238167.152914,kill_switch,RUN,1
1782238167.152914,engine_on_counter,0,0
1782238167.153006,rpm,0,0
1782238167.153006,throttle_position,0,0
1782238167.160014,gear_position,N,0
1782238167.160014,shift_lever_displaced,DISPLACED,1
1782238167.160014,shift_lever_failed,OK,0
1782238167.160198,kill_switch,RUN,1
1782238167.160198,engine_on_counter,0,0
1782238167.160287,rpm,0,0
1782238167.160287,throttle_position,0,0
1782238167.170639,gear_position,N,0
1782238167.170639,shift_lever_displaced,DISPLACED,1
1782238167.170639,shift_lever_failed,OK,0
1782238167.189876,kill_switch,RUN,1
1782238167.189876,engine_on_counter,0,0
1782238167.190034,rpm,0,0
1782238167.190034,throttle_position,0,0
1782238167.190482,gear_position,N,0
1782238167.190482,shift_lever_displaced,DISPLACED,1
1782238167.190482,shift_lever_failed,OK,0
1782238167.200290,coolant_temp,73.2,732
1782238167.200290,warmup_index,0,0
1782238167.200290,side_stand,UP,1
1782238167.200414,kill_switch,RUN,1
1782238167.200414,engine_on_counter,0,0
1782238167.200653,rpm,0,0
1782238167.200653,throttle_position,0,0
1782238167.211696,gear_position,N,0
1782238167.211696,shift_lever_displaced,DISPLACED,1
1782238167.211696,shift_lever_failed,OK,0
1782238167.212055,kill_switch,RUN,1
1782238167.212055,engine_on_counter,0,0
1782238167.229504,rpm,0,0
1782238167.229504,throttle_position,0,0
1782238167.240403,gear_position,N,0
1782238167.240403,shift_lever_displaced,DISPLACED,1
1782238167.240403,shift_lever_failed,OK,0
1782238167.240887,kill_switch,RUN,1
1782238167.240887,engine_on_counter,0,0
1782238167.241104,rpm,0,0
1782238167.241104,throttle_position,0,0
1782238167.253416,gear_position,N,0
1782238167.253416,shift_lever_displaced,DISPLACED,1
1782238167.253416,shift_lever_failed,OK,0
1782238167.253689,kill_switch,RUN,1
1782238167.253689,engine_on_counter,0,0
1782238167.253826,rpm,0,0
1782238167.253826,throttle_position,0,0
1782238167.271070,gear_position,N,0
1782238167.271070,shift_lever_displaced,DISPLACED,1
1782238167.271070,shift_lever_failed,OK,0
1782238167.299174,kill_switch,RUN,1
1782238167.299174,engine_on_counter,0,0
1782238167.299271,rpm,0,0
1782238167.299271,throttle_position,0,0
1782238167.299634,gear_position,N,0
1782238167.299634,shift_lever_displaced,DISPLACED,1
1782238167.299634,shift_lever_failed,OK,0
1782238167.299808,coolant_temp,73.2,732
1782238167.299808,warmup_index,0,0
1782238167.299808,side_stand,UP,1
1782238167.299951,kill_switch,RUN,1
1782238167.299951,engine_on_counter,0,0
1782238167.300154,rpm,0,0
1782238167.300154,throttle_position,0,0
1782238167.310287,gear_position,N,0
1782238167.310287,shift_lever_displaced,DISPLACED,1
1782238167.310287,shift_lever_failed,OK,0
1782238167.320789,kill_switch,RUN,1
1782238167.320789,engine_on_counter,0,0
1782238167.320878,rpm,0,0
1782238167.320878,throttle_position,0,0
1782238167.340155,gear_position,N,0
1782238167.340155,shift_lever_displaced,DISPLACED,1
1782238167.340155,shift_lever_failed,OK,0
1782238167.340328,kill_switch,RUN,1
1782238167.340328,engine_on_counter,0,0
1782238167.340414,rpm,0,0
1782238167.340414,throttle_position,0,0
1782238167.351363,gear_position,N,0
1782238167.351363,shift_lever_displaced,DISPLACED,1
1782238167.351363,shift_lever_failed,OK,0
1782238167.351580,kill_switch,RUN,1
1782238167.351580,engine_on_counter,0,0
1782238167.370048,rpm,0,0
1782238167.370048,throttle_position,0,0
1782238167.370725,gear_position,N,0
1782238167.370725,shift_lever_displaced,DISPLACED,1
1782238167.370725,shift_lever_failed,OK,0
1782238167.380553,kill_switch,RUN,1
1782238167.380553,engine_on_counter,0,0
1782238167.380696,rpm,0,0
1782238167.380696,throttle_position,0,0
1782238167.390816,kill_switch,RUN,1
1782238167.390816,engine_on_counter,0,0
1782238167.391031,gear_position,N,0
1782238167.391031,shift_lever_displaced,DISPLACED,1
1782238167.391031,shift_lever_failed,OK,0
1782238167.391246,coolant_temp,73.2,732
1782238167.391246,warmup_index,0,0
1782238167.391246,side_stand,UP,1
1782238167.409879,rpm,0,0
1782238167.409879,throttle_position,0,0
1782238167.420486,gear_position,N,0
1782238167.420486,shift_lever_displaced,DISPLACED,1
1782238167.420486,shift_lever_failed,OK,0
1782238167.420983,rpm,0,0
1782238167.420983,throttle_position,0,0
1782238167.421233,kill_switch,RUN,1
1782238167.421233,engine_on_counter,0,0
1782238167.432357,gear_position,N,0
1782238167.432357,shift_lever_displaced,DISPLACED,1
1782238167.432357,shift_lever_failed,OK,0
1782238167.432836,rpm,0,0
1782238167.432836,throttle_position,0,0
1782238167.451706,kill_switch,RUN,1
1782238167.451706,engine_on_counter,0,0
1782238167.452195,gear_position,N,0
1782238167.452195,shift_lever_displaced,DISPLACED,1
1782238167.452195,shift_lever_failed,OK,0
1782238167.469536,rpm,0,0
1782238167.469536,throttle_position,0,0
1782238167.469782,kill_switch,RUN,1
1782238167.469782,engine_on_counter,0,0
1782238167.480272,gear_position,N,0
1782238167.480272,shift_lever_displaced,DISPLACED,1
1782238167.480272,shift_lever_failed,OK,0
1782238167.481009,rpm,0,0
1782238167.481009,throttle_position,0,0
1782238167.487176,kill_switch,RUN,1
1782238167.487176,engine_on_counter,0,0
1782238167.490571,gear_position,N,0
1782238167.490571,shift_lever_displaced,DISPLACED,1
1782238167.490571,shift_lever_failed,OK,0
1782238167.490710,coolant_temp,73.2,732
1782238167.490710,warmup_index,0,0
1782238167.490710,side_stand,UP,1
1782238167.509476,rpm,0,0
1782238167.509476,throttle_position,0,0
1782238167.509554,kill_switch,RUN,1
1782238167.509554,engine_on_counter,0,0
1782238167.520320,gear_position,N,0
1782238167.520320,shift_lever_displaced,DISPLACED,1
1782238167.520320,shift_lever_failed,OK,0
1782238167.520499,rpm,0,0
1782238167.520499,throttle_position,0,0
1782238167.520587,kill_switch,RUN,1
1782238167.520587,engine_on_counter,0,0
1782238167.530380,gear_position,N,0
1782238167.530380,shift_lever_displaced,DISPLACED,1
1782238167.530380,shift_lever_failed,OK,0
1782238167.549723,rpm,0,0
1782238167.549723,throttle_position,0,0
1782238167.549803,kill_switch,RUN,1
1782238167.549803,engine_on_counter,0,0
1782238167.560079,gear_position,N,0
1782238167.560079,shift_lever_displaced,DISPLACED,1
1782238167.560079,shift_lever_failed,OK,0
1782238167.560274,rpm,0,0
1782238167.560274,throttle_position,0,0
1782238167.560362,kill_switch,RUN,1
1782238167.560362,engine_on_counter,0,0
1782238167.572651,gear_position,N,0
1782238167.572651,shift_lever_displaced,DISPLACED,1
1782238167.572651,shift_lever_failed,OK,0
1782238167.572914,rpm,0,0
1782238167.572914,throttle_position,0,0
1782238167.590129,kill_switch,RUN,1
1782238167.590129,engine_on_counter,0,0
1782238167.590501,gear_position,N,0
1782238167.590501,shift_lever_displaced,DISPLACED,1
1782238167.590501,shift_lever_failed,OK,0
1782238167.600143,coolant_temp,73.2,732
1782238167.600143,warmup_index,0,0
1782238167.600143,side_stand,UP,1
1782238167.600357,rpm,0,0
1782238167.600357,throttle_position,0,0
1782238167.600462,kill_switch,RUN,1
1782238167.600462,engine_on_counter,0,0
1782238167.612974,gear_position,N,0
1782238167.612974,shift_lever_displaced,DISPLACED,1
1782238167.612974,shift_lever_failed,OK,0
1782238167.613211,rpm,0,0
1782238167.613211,throttle_position,0,0
1782238167.629651,kill_switch,RUN,1
1782238167.629651,engine_on_counter,0,0
1782238167.650318,gear_position,N,0
1782238167.650318,shift_lever_displaced,DISPLACED,1
1782238167.650318,shift_lever_failed,OK,0
1782238167.650649,rpm,0,0
1782238167.650649,throttle_position,0,0
1782238167.650803,kill_switch,RUN,1
1782238167.650803,engine_on_counter,0,0
1782238167.660181,gear_position,N,0
1782238167.660181,shift_lever_displaced,DISPLACED,1
1782238167.660181,shift_lever_failed,OK,0
1782238167.660664,rpm,0,0
1782238167.660664,throttle_position,0,0
1782238167.660908,kill_switch,RUN,1
1782238167.660908,engine_on_counter,0,0
1782238167.671936,gear_position,N,0
1782238167.671936,shift_lever_displaced,DISPLACED,1
1782238167.671936,shift_lever_failed,OK,0
1782238167.689776,rpm,0,0
1782238167.689776,throttle_position,0,0
1782238167.689984,kill_switch,RUN,1
1782238167.689984,engine_on_counter,0,0
1782238167.699799,gear_position,N,0
1782238167.699799,shift_lever_displaced,DISPLACED,1
1782238167.699799,shift_lever_failed,OK,0
1782238167.700310,coolant_temp,73.2,732
1782238167.700310,warmup_index,0,0
1782238167.700310,side_stand,UP,1
1782238167.700790,rpm,0,0
1782238167.700790,throttle_position,0,0
1782238167.701033,kill_switch,RUN,1
1782238167.701033,engine_on_counter,0,0
1782238167.712031,gear_position,N,0
1782238167.712031,shift_lever_displaced,DISPLACED,1
1782238167.712031,shift_lever_failed,OK,0
1782238167.729461,rpm,0,0
1782238167.729461,throttle_position,0,0
1782238167.729719,kill_switch,RUN,1
1782238167.729719,engine_on_counter,0,0
1782238167.741226,gear_position,N,0
1782238167.741226,shift_lever_displaced,DISPLACED,1
1782238167.741226,shift_lever_failed,OK,0
1782238167.741726,rpm,0,0
1782238167.741726,throttle_position,0,0
1782238167.741971,kill_switch,RUN,1
1782238167.741971,engine_on_counter,0,0
1782238167.753164,gear_position,N,0
1782238167.753164,shift_lever_displaced,DISPLACED,1
1782238167.753164,shift_lever_failed,OK,0
1782238167.753643,rpm,0,0
1782238167.753643,throttle_position,0,0
1782238167.753892,kill_switch,RUN,1
1782238167.753892,engine_on_counter,0,0
1782238167.771295,gear_position,N,0
1782238167.771295,shift_lever_displaced,DISPLACED,1
1782238167.771295,shift_lever_failed,OK,0
1782238167.798906,rpm,0,0
1782238167.798906,throttle_position,0,0
1782238167.799006,kill_switch,RUN,1
1782238167.799006,engine_on_counter,0,0
1782238167.799424,gear_position,N,0
1782238167.799424,shift_lever_displaced,DISPLACED,1
1782238167.799424,shift_lever_failed,OK,0
1782238167.799593,coolant_temp,73.2,732
1782238167.799593,warmup_index,0,0
1782238167.799593,side_stand,UP,1
1782238167.799749,rpm,0,0
1782238167.799749,throttle_position,0,0
1782238167.809963,kill_switch,RUN,1
1782238167.809963,engine_on_counter,0,0
1782238167.810422,gear_position,N,0
1782238167.810422,shift_lever_displaced,DISPLACED,1
1782238167.810422,shift_lever_failed,OK,0
1782238167.820833,rpm,0,0
1782238167.820833,throttle_position,0,0
1782238167.820921,kill_switch,RUN,1
1782238167.820921,engine_on_counter,0,0
1782238167.832770,gear_position,N,0
1782238167.832770,shift_lever_displaced,DISPLACED,1
1782238167.832770,shift_lever_failed,OK,0
1782238167.832974,rpm,0,0
1782238167.832974,throttle_position,0,0
1782238167.851048,kill_switch,RUN,1
1782238167.851048,engine_on_counter,0,0
1782238167.851405,gear_position,N,0
1782238167.851405,shift_lever_displaced,DISPLACED,1
1782238167.851405,shift_lever_failed,OK,0
1782238167.869673,rpm,0,0
1782238167.869673,throttle_position,0,0
1782238167.869869,kill_switch,RUN,1
1782238167.869869,engine_on_counter,0,0
1782238167.880088,gear_position,N,0
1782238167.880088,shift_lever_displaced,DISPLACED,1
1782238167.880088,shift_lever_failed,OK,0
1782238167.880577,rpm,0,0
1782238167.880577,throttle_position,0,0
1782238167.880728,kill_switch,RUN,1
1782238167.880728,engine_on_counter,0,0
1782238167.891404,gear_position,N,0
1782238167.891404,shift_lever_displaced,DISPLACED,1
1782238167.891404,shift_lever_failed,OK,0
1782238167.891618,coolant_temp,73.2,732
1782238167.891618,warmup_index,0,0
1782238167.891618,side_stand,UP,1
1782238167.909495,rpm,0,0
1782238167.909495,throttle_position,0,0
1782238167.909699,kill_switch,RUN,1
1782238167.909699,engine_on_counter,0,0
1782238167.920255,gear_position,N,0
1782238167.920255,shift_lever_displaced,DISPLACED,1
1782238167.920255,shift_lever_failed,OK,0
1782238167.920584,rpm,0,0
1782238167.920584,throttle_position,0,0
1782238167.920738,kill_switch,RUN,1
1782238167.920738,engine_on_counter,0,0
1782238167.932047,gear_position,N,0
1782238167.932047,shift_lever_displaced,DISPLACED,1
1782238167.932047,shift_lever_failed,OK,0
1782238167.951442,rpm,0,0
1782238167.951442,throttle_position,0,0
1782238167.951606,kill_switch,RUN,1
1782238167.951606,engine_on_counter,0,0
1782238167.952114,gear_position,N,0
1782238167.952114,shift_lever_displaced,DISPLACED,1
1782238167.952114,shift_lever_failed,OK,0
1782238167.969764,rpm,0,0
1782238167.969764,throttle_position,0,0
1782238167.970008,kill_switch,RUN,1
1782238167.970008,engine_on_counter,0,0
1782238167.980193,gear_position,N,0
1782238167.980193,shift_lever_displaced,DISPLACED,1
1782238167.980193,shift_lever_failed,OK,0
1782238167.980905,rpm,0,0
1782238167.980905,throttle_position,0,0
1782238167.981144,kill_switch,RUN,1
1782238167.981144,engine_on_counter,0,0
1782238167.990532,gear_position,N,0
1782238167.990532,shift_lever_displaced,DISPLACED,1
1782238167.990532,shift_lever_failed,OK,0
1782238168.003152,coolant_temp,73.2,732
1782238168.003152,warmup_index,0,0
1782238168.003152,side_stand,UP,1
1782238168.003318,rpm,0,0
1782238168.003318,throttle_position,0,0
1782238168.003393,kill_switch,RUN,1
1782238168.003393,engine_on_counter,0,0
1782238168.020152,gear_position,N,0
1782238168.020152,shift_lever_displaced,DISPLACED,1
1782238168.020152,shift_lever_failed,OK,0
1782238168.020324,rpm,0,0
1782238168.020324,throttle_position,0,0
1782238168.020410,kill_switch,RUN,1
1782238168.020410,engine_on_counter,0,0
1782238168.030376,gear_position,N,0
1782238168.030376,shift_lever_displaced,DISPLACED,1
1782238168.030376,shift_lever_failed,OK,0
1782238168.049755,rpm,0,0
1782238168.049755,throttle_position,0,0
1782238168.049835,kill_switch,RUN,1
1782238168.049835,engine_on_counter,0,0
1782238168.059881,gear_position,N,0
1782238168.059881,shift_lever_displaced,DISPLACED,1
1782238168.059881,shift_lever_failed,OK,0
1782238168.060060,rpm,0,0
1782238168.060060,throttle_position,0,0
1782238168.060147,kill_switch,RUN,1
1782238168.060147,engine_on_counter,0,0
1782238168.071305,gear_position,N,0
1782238168.071305,shift_lever_displaced,DISPLACED,1
1782238168.071305,shift_lever_failed,OK,0
1782238168.089959,rpm,0,0
1782238168.089959,throttle_position,0,0
1782238168.090065,kill_switch,RUN,1
1782238168.090065,engine_on_counter,0,0
1782238168.090422,gear_position,N,0
1782238168.090422,shift_lever_displaced,DISPLACED,1
1782238168.090422,shift_lever_failed,OK,0
1782238168.100185,coolant_temp,73.2,732
1782238168.100185,warmup_index,0,0
1782238168.100185,side_stand,UP,1
1782238168.100359,rpm,0,0
1782238168.100359,throttle_position,0,0
1782238168.100446,kill_switch,RUN,1
1782238168.100446,engine_on_counter,0,0
1782238168.112811,gear_position,N,0
1782238168.112811,shift_lever_displaced,DISPLACED,1
1782238168.112811,shift_lever_failed,OK,0
1782238168.113019,rpm,0,0
1782238168.113019,throttle_position,0,0
1782238168.129862,kill_switch,RUN,1
1782238168.129862,engine_on_counter,0,0
1782238168.140202,gear_position,N,0
1782238168.140202,shift_lever_displaced,DISPLACED,1
1782238168.140202,shift_lever_failed,OK,0
1782238168.140640,rpm,0,0
1782238168.140640,throttle_position,0,0
1782238168.140803,kill_switch,RUN,1
1782238168.140803,engine_on_counter,0,0
1782238168.153303,gear_position,N,0
1782238168.153303,shift_lever_displaced,DISPLACED,1
1782238168.153303,shift_lever_failed,OK,0
1782238168.153516,rpm,0,0
1782238168.153516,throttle_position,0,0
1782238168.153621,kill_switch,RUN,1
1782238168.153621,engine_on_counter,0,0
1782238168.170715,gear_position,N,0
1782238168.170715,shift_lever_displaced,DISPLACED,1
1782238168.170715,shift_lever_failed,OK,0
1782238168.190041,rpm,0,0
1782238168.190041,throttle_position,0,0
1782238168.190293,kill_switch,RUN,1
1782238168.190293,engine_on_counter,0,0
1782238168.199874,gear_position,N,0
1782238168.199874,shift_lever_displaced,DISPLACED,1
1782238168.199874,shift_lever_failed,OK,0
1782238168.200377,coolant_temp,73.2,732
1782238168.200377,warmup_index,0,0
1782238168.200377,side_stand,UP,1
1782238168.200873,rpm,0,0
1782238168.200873,throttle_position,0,0
1782238168.201117,kill_switch,RUN,1
1782238168.201117,engine_on_counter,0,0
1782238168.211064,gear_position,N,0
1782238168.211064,shift_lever_displaced,DISPLACED,1
1782238168.211064,shift_lever_failed,OK,0
1782238168.220693,rpm,0,0
1782238168.220693,throttle_position,0,0
1782238168.220809,kill_switch,RUN,1
1782238168.220809,engine_on_counter,0,0
1782238168.240249,gear_position,N,0
1782238168.240249,shift_lever_displaced,DISPLACED,1
1782238168.240249,shift_lever_failed,OK,0
1782238168.240553,rpm,0,0
1782238168.240553,throttle_position,0,0
1782238168.240737,kill_switch,RUN,1
1782238168.240737,engine_on_counter,0,0
1782238168.252831,gear_position,N,0
1782238168.252831,shift_lever_displaced,DISPLACED,1
1782238168.252831,shift_lever_failed,OK,0
1782238168.253043,rpm,0,0
1782238168.253043,throttle_position,0,0
1782238168.270003,kill_switch,RUN,1
1782238168.270003,engine_on_counter,0,0
1782238168.270687,gear_position,N,0
1782238168.270687,shift_lever_displaced,DISPLACED,1
1782238168.270687,shift_lever_failed,OK,0
1782238168.299227,rpm,0,0
1782238168.299227,throttle_position,0,0
1782238168.299320,kill_switch,RUN,1
1782238168.299320,engine_on_counter,0,0
1782238168.299641,gear_position,N,0
1782238168.299641,shift_lever_displaced,DISPLACED,1
1782238168.299641,shift_lever_failed,OK,0
1782238168.299804,coolant_temp,73.2,732
1782238168.299804,warmup_index,0,0
1782238168.299804,side_stand,UP,1
1782238168.309615,rpm,0,0
1782238168.309615,throttle_position,0,0
1782238168.309735,kill_switch,RUN,1
1782238168.309735,engine_on_counter,0,0
1782238168.320383,gear_position,N,0
1782238168.320383,shift_lever_displaced,DISPLACED,1
1782238168.320383,shift_lever_failed,OK,0
1782238168.320583,rpm,0,0
1782238168.320583,throttle_position,0,0
1782238168.320671,kill_switch,RUN,1
1782238168.320671,engine_on_counter,0,0
1782238168.332793,gear_position,N,0
1782238168.332793,shift_lever_displaced,DISPLACED,1
1782238168.332793,shift_lever_failed,OK,0
1782238168.333002,rpm,0,0
1782238168.333002,throttle_position,0,0
1782238168.351124,kill_switch,RUN,1
1782238168.351124,engine_on_counter,0,0
1782238168.351492,gear_position,N,0
1782238168.351492,shift_lever_displaced,DISPLACED,1
1782238168.351492,shift_lever_failed,OK,0
1782238168.369502,rpm,0,0
1782238168.369502,throttle_position,0,0
1782238168.369690,kill_switch,RUN,1
1782238168.369690,engine_on_counter,0,0
1782238168.379910,gear_position,N,0
1782238168.379910,shift_lever_displaced,DISPLACED,1
1782238168.379910,shift_lever_failed,OK,0
1782238168.380319,rpm,0,0
1782238168.380319,throttle_position,0,0
1782238168.380442,kill_switch,RUN,1
1782238168.380442,engine_on_counter,0,0
1782238168.390721,gear_position,N,0
1782238168.390721,shift_lever_displaced,DISPLACED,1
1782238168.390721,shift_lever_failed,OK,0
1782238168.390967,coolant_temp,73.2,732
1782238168.390967,warmup_index,0,0
1782238168.390967,side_stand,UP,1
1782238168.409698,rpm,0,0
1782238168.409698,throttle_position,0,0
1782238168.409941,kill_switch,RUN,1
1782238168.409941,engine_on_counter,0,0
1782238168.420444,gear_position,N,0
1782238168.420444,shift_lever_displaced,DISPLACED,1
1782238168.420444,shift_lever_failed,OK,0
1782238168.420926,rpm,0,0
1782238168.420926,throttle_position,0,0
1782238168.421214,kill_switch,RUN,1
1782238168.421214,engine_on_counter,0,0
1782238168.432190,gear_position,N,0
1782238168.432190,shift_lever_displaced,DISPLACED,1
1782238168.432190,shift_lever_failed,OK,0
1782238168.452486,rpm,0,0
1782238168.452486,throttle_position,0,0
1782238168.452634,kill_switch,RUN,1
1782238168.452634,engine_on_counter,0,0
1782238168.460046,gear_position,N,0
1782238168.460046,shift_lever_displaced,DISPLACED,1
1782238168.460046,shift_lever_failed,OK,0
1782238168.460349,rpm,0,0
1782238168.460349,throttle_position,0,0
1782238168.460489,kill_switch,RUN,1
1782238168.460489,engine_on_counter,0,0
1782238168.472966,gear_position,N,0
1782238168.472966,shift_lever_displaced,DISPLACED,1
1782238168.472966,shift_lever_failed,OK,0
1782238168.473690,rpm,0,0
1782238168.473690,throttle_position,0,0
1782238168.490169,kill_switch,RUN,1
1782238168.490169,engine_on_counter,0,0
1782238168.490648,gear_position,N,0
1782238168.490648,shift_lever_displaced,DISPLACED,1
1782238168.490648,shift_lever_failed,OK,0
1782238168.503309,coolant_temp,73.2,732
1782238168.503309,warmup_index,0,0
1782238168.503309,side_stand,UP,1
1782238168.503821,rpm,0,0
1782238168.503821,throttle_position,0,0
1782238168.504065,kill_switch,RUN,1
1782238168.504065,engine_on_counter,0,0
1782238168.513095,gear_position,N,0
1782238168.513095,shift_lever_displaced,DISPLACED,1
1782238168.513095,shift_lever_failed,OK,0
1782238168.513568,rpm,0,0
1782238168.513568,throttle_position,0,0
1782238168.513804,kill_switch,RUN,1
1782238168.513804,engine_on_counter,0,0
1782238168.549459,gear_position,N,0
1782238168.549459,shift_lever_displaced,DISPLACED,1
1782238168.549459,shift_lever_failed,OK,0
1782238168.549618,rpm,0,0
1782238168.549618,throttle_position,0,0
1782238168.549680,kill_switch,RUN,1
1782238168.549680,engine_on_counter,0,0
1782238168.559897,gear_position,N,0
1782238168.559897,shift_lever_displaced,DISPLACED,1
1782238168.559897,shift_lever_failed,OK,0
1782238168.560018,rpm,0,0
1782238168.560018,throttle_position,0,0
1782238168.560079,kill_switch,RUN,1
1782238168.560079,engine_on_counter,0,0
1782238168.571393,gear_position,N,0
1782238168.571393,shift_lever_displaced,DISPLACED,1
1782238168.571393,shift_lever_failed,OK,0
1782238168.589979,rpm,0,0
1782238168.589979,throttle_position,0,0
1782238168.590062,kill_switch,RUN,1
1782238168.590062,engine_on_counter,0,0
1782238168.590334,gear_position,N,0
1782238168.590334,shift_lever_displaced,DISPLACED,1
1782238168.590334,shift_lever_failed,OK,0
1782238168.599918,coolant_temp,73.2,732
1782238168.599918,warmup_index,0,0
1782238168.599918,side_stand,UP,1
1782238168.600069,rpm,0,0
1782238168.600069,throttle_position,0,0
1782238168.600144,kill_switch,RUN,1
1782238168.600144,engine_on_counter,0,0
1782238168.611378,gear_position,N,0
1782238168.611378,shift_lever_displaced,DISPLACED,1
1782238168.611378,shift_lever_failed,OK,0
1782238168.629465,rpm,0,0
1782238168.629465,throttle_position,0,0
1782238168.629578,kill_switch,RUN,1
1782238168.629578,engine_on_counter,0,0
1782238168.640108,gear_position,N,0
1782238168.640108,shift_lever_displaced,DISPLACED,1
1782238168.640108,shift_lever_failed,OK,0
1782238168.640284,rpm,0,0
1782238168.640284,throttle_position,0,0
1782238168.640371,kill_switch,RUN,1
1782238168.640371,engine_on_counter,0,0
1782238168.653361,gear_position,N,0
1782238168.653361,shift_lever_displaced,DISPLACED,1
1782238168.653361,shift_lever_failed,OK,0
1782238168.653574,rpm,0,0
1782238168.653574,throttle_position,0,0
1782238168.653683,kill_switch,RUN,1
1782238168.653683,engine_on_counter,0,0
1782238168.670724,gear_position,N,0
1782238168.670724,shift_lever_displaced,DISPLACED,1
1782238168.670724,shift_lever_failed,OK,0
1782238168.689703,rpm,0,0
1782238168.689703,throttle_position,0,0
1782238168.689836,kill_switch,RUN,1
1782238168.689836,engine_on_counter,0,0
1782238168.692616,gear_position,N,0
1782238168.692616,shift_lever_displaced,DISPLACED,1
1782238168.692616,shift_lever_failed,OK,0
1782238168.692893,coolant_temp,73.2,732
1782238168.692893,warmup_index,0,0
1782238168.692893,side_stand,UP,1
1782238168.693174,rpm,0,0
1782238168.693174,throttle_position,0,0
1782238168.709963,kill_switch,RUN,1
1782238168.709963,engine_on_counter,0,0
1782238168.711170,gear_position,N,0
1782238168.711170,shift_lever_displaced,DISPLACED,1
1782238168.711170,shift_lever_failed,OK,0
1782238168.721082,rpm,0,0
1782238168.721082,throttle_position,0,0
1782238168.721254,kill_switch,RUN,1
1782238168.721254,engine_on_counter,0,0
1782238168.740502,gear_position,N,0
1782238168.740502,shift_lever_displaced,DISPLACED,1
1782238168.740502,shift_lever_failed,OK,0
1782238168.740960,rpm,0,0
1782238168.740960,throttle_position,0,0
1782238168.741133,kill_switch,RUN,1
1782238168.741133,engine_on_counter,0,0
1782238168.751618,gear_position,N,0
1782238168.751618,shift_lever_displaced,DISPLACED,1
1782238168.751618,shift_lever_failed,OK,0
1782238168.769643,rpm,0,0
1782238168.769643,throttle_position,0,0
1782238168.769917,kill_switch,RUN,1
1782238168.769917,engine_on_counter,0,0
1782238168.779979,gear_position,N,0
1782238168.779979,shift_lever_displaced,DISPLACED,1
1782238168.779979,shift_lever_failed,OK,0
1782238168.780708,rpm,0,0
1782238168.780708,throttle_position,0,0
1782238168.780948,kill_switch,RUN,1
1782238168.780948,engine_on_counter,0,0
1782238168.796867,gear_position,N,0
1782238168.796867,shift_lever_displaced,DISPLACED,1
1782238168.796867,shift_lever_failed,OK,0
1782238168.797014,coolant_temp,73.2,732
1782238168.797014,warmup_index,0,0
1782238168.797014,side_stand,UP,1
1782238168.800092,rpm,0,0
1782238168.800092,throttle_position,0,0
1782238168.800165,kill_switch,RUN,1
1782238168.800165,engine_on_counter,0,0
1782238168.812676,gear_position,N,0
1782238168.812676,shift_lever_displaced,DISPLACED,1
1782238168.812676,shift_lever_failed,OK,0
1782238168.812808,rpm,0,0
1782238168.812808,throttle_position,0,0
1782238168.829690,kill_switch,RUN,1
1782238168.829690,engine_on_counter,0,0
1782238168.849475,gear_position,N,0
1782238168.849475,shift_lever_displaced,DISPLACED,1
1782238168.849475,shift_lever_failed,OK,0
1782238168.849635,rpm,0,0
1782238168.849635,throttle_position,0,0
1782238168.849710,kill_switch,RUN,1
1782238168.849710,engine_on_counter,0,0
1782238168.859905,gear_position,N,0
1782238168.859905,shift_lever_displaced,DISPLACED,1
1782238168.859905,shift_lever_failed,OK,0
1782238168.860078,rpm,0,0
1782238168.860078,throttle_position,0,0
1782238168.860162,kill_switch,RUN,1
1782238168.860162,engine_on_counter,0,0
1782238168.870488,gear_position,N,0
1782238168.870488,shift_lever_displaced,DISPLACED,1
1782238168.870488,shift_lever_failed,OK,0
1782238168.889866,rpm,0,0
1782238168.889866,throttle_position,0,0
1782238168.889972,kill_switch,RUN,1
1782238168.889972,engine_on_counter,0,0
1782238168.899759,gear_position,N,0
1782238168.899759,shift_lever_displaced,DISPLACED,1
1782238168.899759,shift_lever_failed,OK,0
1782238168.900118,coolant_temp,73.2,732
1782238168.900118,warmup_index,0,0
1782238168.900118,side_stand,UP,1
1782238168.900376,rpm,0,0
1782238168.900376,throttle_position,0,0
1782238168.900499,kill_switch,RUN,1
1782238168.900499,engine_on_counter,0,0
1782238168.911978,gear_position,N,0
1782238168.911978,shift_lever_displaced,DISPLACED,1
1782238168.911978,shift_lever_failed,OK,0
1782238168.929531,rpm,0,0
1782238168.929531,throttle_position,0,0
1782238168.929687,kill_switch,RUN,1
1782238168.929687,engine_on_counter,0,0
1782238168.940302,gear_position,N,0
1782238168.940302,shift_lever_displaced,DISPLACED,1
1782238168.940302,shift_lever_failed,OK,0
1782238168.940816,rpm,0,0
1782238168.940816,throttle_position,0,0
1782238168.941000,kill_switch,RUN,1
1782238168.941000,engine_on_counter,0,0
1782238168.952930,gear_position,N,0
1782238168.952930,shift_lever_displaced,DISPLACED,1
1782238168.952930,shift_lever_failed,OK,0
1782238168.953207,rpm,0,0
1782238168.953207,throttle_position,0,0
1782238168.969935,kill_switch,RUN,1
1782238168.969935,engine_on_counter,0,0
1782238168.971170,gear_position,N,0
1782238168.971170,shift_lever_displaced,DISPLACED,1
1782238168.971170,shift_lever_failed,OK,0
1782238168.990003,rpm,0,0
1782238168.990003,throttle_position,0,0
1782238168.990249,kill_switch,RUN,1
1782238168.990249,engine_on_counter,0,0
1782238168.992784,gear_position,N,0
1782238168.992784,shift_lever_displaced,DISPLACED,1
1782238168.992784,shift_lever_failed,OK,0
1782238168.993258,coolant_temp,73.2,732
1782238168.993258,warmup_index,0,0
1782238168.993258,side_stand,UP,1
1782238168.993733,rpm,0,0
1782238168.993733,throttle_position,0,0
1782238169.010081,kill_switch,RUN,1
1782238169.010081,engine_on_counter,0,0
1782238169.011356,gear_position,N,0
1782238169.011356,shift_lever_displaced,DISPLACED,1
1782238169.011356,shift_lever_failed,OK,0
1782238169.020679,rpm,0,0
1782238169.020679,throttle_position,0,0
1782238169.020859,kill_switch,RUN,1
1782238169.020859,engine_on_counter,0,0
1782238169.050956,gear_position,N,0
1782238169.050956,shift_lever_displaced,DISPLACED,1
1782238169.050956,shift_lever_failed,OK,0
1782238169.052408,rpm,0,0
1782238169.052408,throttle_position,0,0
1782238169.052496,kill_switch,RUN,1
1782238169.052496,engine_on_counter,0,0
1782238169.052792,gear_position,N,0
1782238169.052792,shift_lever_displaced,DISPLACED,1
1782238169.052792,shift_lever_failed,OK,0
1782238169.069725,rpm,0,0
1782238169.069725,throttle_position,0,0
1782238169.069811,kill_switch,RUN,1
1782238169.069811,engine_on_counter,0,0
1782238169.080028,gear_position,N,0
1782238169.080028,shift_lever_displaced,DISPLACED,1
1782238169.080028,shift_lever_failed,OK,0
1782238169.080330,rpm,0,0
1782238169.080330,throttle_position,0,0
1782238169.082673,kill_switch,RUN,1
1782238169.082673,engine_on_counter,0,0
1782238169.090678,gear_position,N,0
1782238169.090678,shift_lever_displaced,DISPLACED,1
1782238169.090678,shift_lever_failed,OK,0
1782238169.090830,coolant_temp,73.2,732
1782238169.090830,warmup_index,0,0
1782238169.090830,side_stand,UP,1
1782238169.109550,rpm,0,0
1782238169.109550,throttle_position,0,0
1782238169.109637,kill_switch,RUN,1
1782238169.109637,engine_on_counter,0,0
1782238169.120230,gear_position,N,0
1782238169.120230,shift_lever_displaced,DISPLACED,1
1782238169.120230,shift_lever_failed,OK,0
1782238169.120438,rpm,0,0
1782238169.120438,throttle_position,0,0
1782238169.120540,kill_switch,RUN,1
1782238169.120540,engine_on_counter,0,0
1782238169.131865,gear_position,N,0
1782238169.131865,shift_lever_displaced,DISPLACED,1
1782238169.131865,shift_lever_failed,OK,0
1782238169.152207,rpm,0,0
1782238169.152207,throttle_position,0,0
1782238169.152360,kill_switch,RUN,1
1782238169.152360,engine_on_counter,0,0
1782238169.152833,gear_position,N,0
1782238169.152833,shift_lever_displaced,DISPLACED,1
1782238169.152833,shift_lever_failed,OK,0
1782238169.169784,rpm,0,0
1782238169.169784,throttle_position,0,0
1782238169.169980,kill_switch,RUN,1
1782238169.169980,engine_on_counter,0,0
1782238169.172865,gear_position,N,0
1782238169.172865,shift_lever_displaced,DISPLACED,1
1782238169.172865,shift_lever_failed,OK,0
1782238169.173578,rpm,0,0
1782238169.173578,throttle_position,0,0
1782238169.190175,kill_switch,RUN,1
1782238169.190175,engine_on_counter,0,0
1782238169.190444,gear_position,N,0
1782238169.190444,shift_lever_displaced,DISPLACED,1
1782238169.190444,shift_lever_failed,OK,0
1782238169.203205,coolant_temp,73.2,732
1782238169.203205,warmup_index,0,0
1782238169.203205,side_stand,UP,1
1782238169.203341,rpm,0,0
1782238169.203341,throttle_position,0,0
1782238169.203409,kill_switch,RUN,1
1782238169.203409,engine_on_counter,0,0
1782238169.220108,gear_position,N,0
1782238169.220108,shift_lever_displaced,DISPLACED,1
1782238169.220108,shift_lever_failed,OK,0
1782238169.220258,rpm,0,0
1782238169.220258,throttle_position,0,0
1782238169.220332,kill_switch,RUN,1
1782238169.220332,engine_on_counter,0,0
1782238169.230380,gear_position,N,0
1782238169.230380,shift_lever_displaced,DISPLACED,1
1782238169.230380,shift_lever_failed,OK,0
1782238169.249598,rpm,0,0
1782238169.249598,throttle_position,0,0
1782238169.249688,kill_switch,RUN,1
1782238169.249688,engine_on_counter,0,0
1782238169.259837,gear_position,N,0
1782238169.259837,shift_lever_displaced,DISPLACED,1
1782238169.259837,shift_lever_failed,OK,0
1782238169.260042,rpm,0,0
1782238169.260042,throttle_position,0,0
1782238169.260144,kill_switch,RUN,1
1782238169.260144,engine_on_counter,0,0
1782238169.271630,gear_position,N,0
1782238169.271630,shift_lever_displaced,DISPLACED,1
1782238169.271630,shift_lever_failed,OK,0
1782238169.296427,rpm,0,0
1782238169.296427,throttle_position,0,0
1782238169.297228,kill_switch,RUN,1
1782238169.297228,engine_on_counter,0,0
1782238169.300039,gear_position,N,0
1782238169.300039,shift_lever_displaced,DISPLACED,1
1782238169.300039,shift_lever_failed,OK,0
1782238169.300118,coolant_temp,73.2,732
1782238169.300118,warmup_index,0,0
1782238169.300118,side_stand,UP,1
1782238169.300269,rpm,0,0
1782238169.300269,throttle_position,0,0
1782238169.300343,kill_switch,RUN,1
1782238169.300343,engine_on_counter,0,0
1782238169.313781,gear_position,N,0
1782238169.313781,shift_lever_displaced,DISPLACED,1
1782238169.313781,shift_lever_failed,OK,0
1782238169.313950,rpm,0,0
1782238169.313950,throttle_position,0,0
1782238169.329551,kill_switch,RUN,1
1782238169.329551,engine_on_counter,0,0
1782238169.340075,gear_position,N,0
1782238169.340075,shift_lever_displaced,DISPLACED,1
1782238169.340075,shift_lever_failed,OK,0
1782238169.340253,rpm,0,0
1782238169.340253,throttle_position,0,0
1782238169.340339,kill_switch,RUN,1
1782238169.340339,engine_on_counter,0,0
1782238169.354121,gear_position,N,0
1782238169.354121,shift_lever_displaced,DISPLACED,1
1782238169.354121,shift_lever_failed,OK,0
1782238169.354294,rpm,0,0
1782238169.354294,throttle_position,0,0
1782238169.354380,kill_switch,RUN,1
1782238169.354380,engine_on_counter,0,0
1782238169.370644,gear_position,N,0
1782238169.370644,shift_lever_displaced,DISPLACED,1
1782238169.370644,shift_lever_failed,OK,0
1782238169.389984,rpm,0,0
1782238169.389984,throttle_position,0,0
1782238169.390114,kill_switch,RUN,1
1782238169.390114,engine_on_counter,0,0
1782238169.393541,gear_position,N,0
1782238169.393541,shift_lever_displaced,DISPLACED,1
1782238169.393541,shift_lever_failed,OK,0
1782238169.393813,coolant_temp,73.2,732
1782238169.393813,warmup_index,0,0
1782238169.393813,side_stand,UP,1
1782238169.394062,rpm,0,0
1782238169.394062,throttle_position,0,0
1782238169.409915,kill_switch,RUN,1
1782238169.409915,engine_on_counter,0,0
1782238169.411148,gear_position,N,0
1782238169.411148,shift_lever_displaced,DISPLACED,1
1782238169.411148,shift_lever_failed,OK,0
1782238169.420865,rpm,0,0
1782238169.420865,throttle_position,0,0
1782238169.421164,kill_switch,RUN,1
1782238169.421164,engine_on_counter,0,0
1782238169.440321,gear_position,N,0
1782238169.440321,shift_lever_displaced,DISPLACED,1
1782238169.440321,shift_lever_failed,OK,0
1782238169.440805,rpm,0,0
1782238169.440805,throttle_position,0,0
1782238169.441043,kill_switch,RUN,1
1782238169.441043,engine_on_counter,0,0
1782238169.454000,gear_position,N,0
1782238169.454000,shift_lever_displaced,DISPLACED,1
1782238169.454000,shift_lever_failed,OK,0
1782238169.454270,rpm,0,0
1782238169.454270,throttle_position,0,0
1782238169.470082,kill_switch,RUN,1
1782238169.470082,engine_on_counter,0,0
1782238169.471303,gear_position,N,0
1782238169.471303,shift_lever_displaced,DISPLACED,1
1782238169.471303,shift_lever_failed,OK,0
1782238169.480600,rpm,0,0
1782238169.480600,throttle_position,0,0
1782238169.480839,kill_switch,RUN,1
1782238169.480839,engine_on_counter,0,0
1782238169.491353,gear_position,N,0
1782238169.491353,shift_lever_displaced,DISPLACED,1
1782238169.491353,shift_lever_failed,OK,0
1782238169.491488,coolant_temp,73.2,732
1782238169.491488,warmup_index,0,0
1782238169.491488,side_stand,UP,1
1782238169.509730,rpm,0,0
1782238169.509730,throttle_position,0,0
1782238169.509830,kill_switch,RUN,1
1782238169.509830,engine_on_counter,0,0
1782238169.520358,gear_position,N,0
1782238169.520358,shift_lever_displaced,REST,0
1782238169.520358,shift_lever_failed,OK,0
1782238169.520519,rpm,0,0
1782238169.520519,throttle_position,0,0
1782238169.520595,kill_switch,RUN,1
1782238169.520595,engine_on_counter,0,0
1782238169.534320,gear_position,N,0
1782238169.534320,shift_lever_displaced,REST,0
1782238169.534320,shift_lever_failed,OK,0
1782238169.540311,rpm,0,0
1782238169.540311,throttle_position,0,0
1782238169.550007,kill_switch,RUN,1
1782238169.550007,engine_on_counter,0,0
1782238169.550320,gear_position,N,0
1782238169.550320,shift_lever_displaced,REST,0
1782238169.550320,shift_lever_failed,OK,0
1782238169.569562,rpm,0,0
1782238169.569562,throttle_position,0,0
1782238169.569651,kill_switch,RUN,1
1782238169.569651,engine_on_counter,0,0
1782238169.579796,gear_position,N,0
1782238169.579796,shift_lever_displaced,REST,0
1782238169.579796,shift_lever_failed,OK,0
1782238169.580023,rpm,0,0
1782238169.580023,throttle_position,0,0
1782238169.580099,kill_switch,RUN,1
1782238169.580099,engine_on_counter,0,0
1782238169.590769,gear_position,N,0
1782238169.590769,shift_lever_displaced,REST,0
1782238169.590769,shift_lever_failed,OK,0
1782238169.590945,coolant_temp,73.2,732
1782238169.590945,warmup_index,0,0
1782238169.590945,side_stand,UP,1
1782238169.609645,rpm,0,0
1782238169.609645,throttle_position,0,0
1782238169.609752,kill_switch,RUN,1
1782238169.609752,engine_on_counter,0,0
1782238169.620381,gear_position,N,0
1782238169.620381,shift_lever_displaced,REST,0
1782238169.620381,shift_lever_failed,OK,0
1782238169.620603,rpm,0,0
1782238169.620603,throttle_position,0,0
1782238169.620717,kill_switch,RUN,1
1782238169.620717,engine_on_counter,0,0
1782238169.630754,gear_position,N,0
1782238169.630754,shift_lever_displaced,REST,0
1782238169.630754,shift_lever_failed,OK,0
1782238169.652414,rpm,0,0
1782238169.652414,throttle_position,0,0
1782238169.652589,kill_switch,RUN,1
1782238169.652589,engine_on_counter,0,0
1782238169.659998,gear_position,N,0
1782238169.659998,shift_lever_displaced,REST,0
1782238169.659998,shift_lever_failed,OK,0
1782238169.660304,rpm,0,0
1782238169.660304,throttle_position,0,0
1782238169.660442,kill_switch,RUN,1
1782238169.660442,engine_on_counter,0,0
1782238169.674264,gear_position,N,0
1782238169.674264,shift_lever_displaced,REST,0
1782238169.674264,shift_lever_failed,OK,0
1782238169.674748,rpm,0,0
1782238169.674748,throttle_position,0,0
1782238169.690269,kill_switch,RUN,1
1782238169.690269,engine_on_counter,0,0
1782238169.690765,gear_position,N,0
1782238169.690765,shift_lever_displaced,REST,0
1782238169.690765,shift_lever_failed,OK,0
1782238169.700102,coolant_temp,73.2,732
1782238169.700102,warmup_index,0,0
1782238169.700102,side_stand,UP,1
1782238169.700473,rpm,0,0
1782238169.700473,throttle_position,0,0
1782238169.700648,kill_switch,RUN,1
1782238169.700648,engine_on_counter,0,0
1782238169.714194,gear_position,N,0
1782238169.714194,shift_lever_displaced,REST,0
1782238169.714194,shift_lever_failed,OK,0
1782238169.719316,rpm,0,0
1782238169.719316,throttle_position,0,0
1782238169.729773,kill_switch,RUN,1
1782238169.729773,engine_on_counter,0,0
1782238169.749464,gear_position,N,0
1782238169.749464,shift_lever_displaced,REST,0
1782238169.749464,shift_lever_failed,OK,0
1782238169.749717,rpm,0,0
1782238169.749717,throttle_position,0,0
1782238169.749825,kill_switch,RUN,1
1782238169.749825,engine_on_counter,0,0
1782238169.759927,gear_position,N,0
1782238169.759927,shift_lever_displaced,REST,0
1782238169.759927,shift_lever_failed,OK,0
1782238169.760173,rpm,0,0
1782238169.760173,throttle_position,0,0
1782238169.760289,kill_switch,RUN,1
1782238169.760289,engine_on_counter,0,0
1782238169.772186,gear_position,N,0
1782238169.772186,shift_lever_displaced,REST,0
1782238169.772186,shift_lever_failed,OK,0
1782238169.792117,rpm,0,0
1782238169.792117,throttle_position,0,0
1782238169.798136,kill_switch,RUN,1
1782238169.798136,engine_on_counter,0,0
1782238169.799674,gear_position,N,0
1782238169.799674,shift_lever_displaced,REST,0
1782238169.799674,shift_lever_failed,OK,0
1782238169.799830,coolant_temp,73.2,732
1782238169.799830,warmup_index,0,0
1782238169.799830,side_stand,UP,1
1782238169.799963,rpm,0,0
1782238169.799963,throttle_position,0,0
1782238169.800030,kill_switch,RUN,1
1782238169.800030,engine_on_counter,0,0
1782238169.811445,gear_position,N,0
1782238169.811445,shift_lever_displaced,REST,0
1782238169.811445,shift_lever_failed,OK,0
1782238169.829572,rpm,0,0
1782238169.829572,throttle_position,0,0
1782238169.829724,kill_switch,RUN,1
1782238169.829724,engine_on_counter,0,0
1782238169.840077,gear_position,N,0
1782238169.840077,shift_lever_displaced,REST,0
1782238169.840077,shift_lever_failed,OK,0
1782238169.840229,rpm,0,0
1782238169.840229,throttle_position,0,0
1782238169.840306,kill_switch,RUN,1
1782238169.840306,engine_on_counter,0,0
1782238169.853723,gear_position,N,0
1782238169.853723,shift_lever_displaced,REST,0
1782238169.853723,shift_lever_failed,OK,0
1782238169.853899,rpm,0,0
1782238169.853899,throttle_position,0,0
1782238169.869959,kill_switch,RUN,1
1782238169.869959,engine_on_counter,0,0
1782238169.870505,gear_position,N,0
1782238169.870505,shift_lever_displaced,REST,0
1782238169.870505,shift_lever_failed,OK,0
1782238169.889842,rpm,0,0
1782238169.889842,throttle_position,0,0
1782238169.889950,kill_switch,RUN,1
1782238169.889950,engine_on_counter,0,0
1782238169.893610,gear_position,N,0
1782238169.893610,shift_lever_displaced,REST,0
1782238169.893610,shift_lever_failed,OK,0
1782238169.893859,coolant_temp,73.2,732
1782238169.893859,warmup_index,0,0
1782238169.893859,side_stand,UP,1
1782238169.894089,rpm,0,0
1782238169.894089,throttle_position,0,0
1782238169.910161,kill_switch,RUN,1
1782238169.910161,engine_on_counter,0,0
1782238169.911446,gear_position,N,0
1782238169.911446,shift_lever_displaced,REST,0
1782238169.911446,shift_lever_failed,OK,0
1782238169.921210,rpm,0,0
1782238169.921210,throttle_position,0,0
1782238169.921321,kill_switch,RUN,1
1782238169.921321,engine_on_counter,0,0
1782238169.933827,gear_position,N,0
1782238169.933827,shift_lever_displaced,REST,0
1782238169.933827,shift_lever_failed,OK,0
1782238169.933981,rpm,0,0
1782238169.933981,throttle_position,0,0
1782238169.951158,kill_switch,RUN,1
1782238169.951158,engine_on_counter,0,0
1782238169.951480,gear_position,N,0
1782238169.951480,shift_lever_displaced,REST,0
1782238169.951480,shift_lever_failed,OK,0
1782238169.969754,rpm,0,0
1782238169.969754,throttle_position,0,0
1782238169.969863,kill_switch,RUN,1
1782238169.969863,engine_on_counter,0,0
1782238169.979969,gear_position,N,0
1782238169.979969,shift_lever_displaced,REST,0
1782238169.979969,shift_lever_failed,OK,0
1782238169.980302,rpm,0,0
1782238169.980302,throttle_position,0,0
1782238169.980407,kill_switch,RUN,1
1782238169.980407,engine_on_counter,0,0
1782238169.991487,gear_position,N,0
1782238169.991487,shift_lever_displaced,REST,0
1782238169.991487,shift_lever_failed,OK,0
1782238169.991693,coolant_temp,73.2,732
1782238169.991693,warmup_index,0,0
1782238169.991693,side_stand,UP,1
1782238170.009649,rpm,0,0
1782238170.009649,throttle_position,0,0
1782238170.009853,kill_switch,RUN,1
1782238170.009853,engine_on_counter,0,0
1782238170.020212,gear_position,N,0
1782238170.020212,shift_lever_displaced,REST,0
1782238170.020212,shift_lever_failed,OK,0
1782238170.020473,rpm,0,0
1782238170.020473,throttle_position,0,0
1782238170.020605,kill_switch,RUN,1
1782238170.020605,engine_on_counter,0,0
1782238170.049488,gear_position,N,0
1782238170.049488,shift_lever_displaced,REST,0
1782238170.049488,shift_lever_failed,OK,0
1782238170.050093,rpm,0,0
1782238170.050093,throttle_position,0,0
1782238170.050188,kill_switch,RUN,1
1782238170.050188,engine_on_counter,0,0
1782238170.069550,gear_position,N,0
1782238170.069550,shift_lever_displaced,REST,0
1782238170.069550,shift_lever_failed,OK,0
1782238170.069642,rpm,0,0
1782238170.069642,throttle_position,0,0
1782238170.069727,kill_switch,RUN,1
1782238170.069727,engine_on_counter,0,0
1782238170.079848,gear_position,N,0
1782238170.079848,shift_lever_displaced,REST,0
1782238170.079848,shift_lever_failed,OK,0
1782238170.080164,rpm,0,0
1782238170.080164,throttle_position,0,0
1782238170.080305,kill_switch,RUN,1
1782238170.080305,engine_on_counter,0,0
1782238170.090570,gear_position,N,0
1782238170.090570,shift_lever_displaced,REST,0
1782238170.090570,shift_lever_failed,OK,0
1782238170.103178,coolant_temp,73.2,732
1782238170.103178,warmup_index,0,0
1782238170.103178,side_stand,UP,1
1782238170.103375,rpm,0,0
1782238170.103375,throttle_position,0,0
1782238170.103462,kill_switch,RUN,1
1782238170.103462,engine_on_counter,0,0
1782238170.120011,gear_position,N,0
1782238170.120011,shift_lever_displaced,REST,0
1782238170.120011,shift_lever_failed,OK,0
1782238170.120222,rpm,0,0
1782238170.120222,throttle_position,0,0
1782238170.120324,kill_switch,RUN,1
1782238170.120324,engine_on_counter,0,0
1782238170.130829,gear_position,N,0
1782238170.130829,shift_lever_displaced,REST,0
1782238170.130829,shift_lever_failed,OK,0
1782238170.153139,rpm,0,0
1782238170.153139,throttle_position,0,0
1782238170.153319,kill_switch,RUN,1
1782238170.153319,engine_on_counter,0,0
1782238170.159768,gear_position,N,0
1782238170.159768,shift_lever_displaced,REST,0
1782238170.159768,shift_lever_failed,OK,0
1782238170.160085,rpm,0,0
1782238170.160085,throttle_position,0,0
1782238170.160224,kill_switch,RUN,1
1782238170.160224,engine_on_counter,0,0
1782238170.171912,gear_position,N,0
1782238170.171912,shift_lever_displaced,REST,0
1782238170.171912,shift_lever_failed,OK,0
1782238170.190002,rpm,0,0
1782238170.190002,throttle_position,0,0
1782238170.190143,kill_switch,RUN,1
1782238170.190143,engine_on_counter,0,0
1782238170.190611,gear_position,N,0
1782238170.190611,shift_lever_displaced,REST,0
1782238170.190611,shift_lever_failed,OK,0
1782238170.200101,coolant_temp,73.2,732
1782238170.200101,warmup_index,0,0
1782238170.200101,side_stand,UP,1
1782238170.200459,rpm,0,0
1782238170.200459,throttle_position,0,0
1782238170.200638,kill_switch,RUN,1
1782238170.200638,engine_on_counter,0,0
1782238170.214280,gear_position,N,0
1782238170.214280,shift_lever_displaced,REST,0
1782238170.214280,shift_lever_failed,OK,0
1782238170.221071,rpm,0,0
1782238170.221071,throttle_position,0,0
1782238170.229917,kill_switch,RUN,1
1782238170.229917,engine_on_counter,0,0
1782238170.240060,gear_position,N,0
1782238170.240060,shift_lever_displaced,REST,0
1782238170.240060,shift_lever_failed,OK,0
1782238170.240545,rpm,0,0
1782238170.240545,throttle_position,0,0
1782238170.240786,kill_switch,RUN,1
1782238170.240786,engine_on_counter,0,0
1782238170.254258,gear_position,N,0
1782238170.254258,shift_lever_displaced,REST,0
1782238170.254258,shift_lever_failed,OK,0
1782238170.254645,rpm,0,0
1782238170.254645,throttle_position,0,0
1782238170.254792,kill_switch,RUN,1
1782238170.254792,engine_on_counter,0,0
1782238170.271277,gear_position,N,0
1782238170.271277,shift_lever_displaced,REST,0
1782238170.271277,shift_lever_failed,OK,0
1782238170.296175,rpm,0,0
1782238170.296175,throttle_position,0,0
1782238170.296257,kill_switch,RUN,1
1782238170.296257,engine_on_counter,0,0
1782238170.299654,gear_position,N,0
1782238170.299654,shift_lever_displaced,REST,0
1782238170.299654,shift_lever_failed,OK,0
1782238170.299812,coolant_temp,73.2,732
1782238170.299812,warmup_index,0,0
1782238170.299812,side_stand,UP,1
1782238170.299950,rpm,0,0
1782238170.299950,throttle_position,0,0
1782238170.300019,kill_switch,RUN,1
1782238170.300019,engine_on_counter,0,0
1782238170.310381,gear_position,N,0
1782238170.310381,shift_lever_displaced,REST,0
1782238170.310381,shift_lever_failed,OK,0
1782238170.320612,rpm,0,0
1782238170.320612,throttle_position,0,0
1782238170.320688,kill_switch,RUN,1
1782238170.320688,engine_on_counter,0,0
1782238170.339902,gear_position,N,0
1782238170.339902,shift_lever_displaced,REST,0
1782238170.339902,shift_lever_failed,OK,0
1782238170.340081,rpm,0,0
1782238170.340081,throttle_position,0,0
1782238170.340170,kill_switch,RUN,1
1782238170.340170,engine_on_counter,0,0
1782238170.353790,gear_position,N,0
1782238170.353790,shift_lever_displaced,REST,0
1782238170.353790,shift_lever_failed,OK,0
1782238170.353968,rpm,0,0
1782238170.353968,throttle_position,0,0
1782238170.370090,kill_switch,RUN,1
1782238170.370090,engine_on_counter,0,0
1782238170.370710,gear_position,N,0
1782238170.370710,shift_lever_displaced,REST,0
1782238170.370710,shift_lever_failed,OK,0
1782238170.389867,rpm,0,0
1782238170.389867,throttle_position,0,0
1782238170.389986,kill_switch,RUN,1
1782238170.389986,engine_on_counter,0,0
1782238170.391626,gear_position,N,0
1782238170.391626,shift_lever_displaced,REST,0
1782238170.391626,shift_lever_failed,OK,0
1782238170.391751,coolant_temp,73.10000000000001,731
1782238170.391751,warmup_index,0,0
1782238170.391751,side_stand,UP,1
1782238170.409881,rpm,0,0
1782238170.409881,throttle_position,0,0
1782238170.410155,kill_switch,RUN,1
1782238170.410155,engine_on_counter,0,0
1782238170.420586,gear_position,N,0
1782238170.420586,shift_lever_displaced,REST,0
1782238170.420586,shift_lever_failed,OK,0
1782238170.420742,rpm,0,0
1782238170.420742,throttle_position,0,0
1782238170.420810,kill_switch,RUN,1
1782238170.420810,engine_on_counter,0,0
1782238170.433813,gear_position,N,0
1782238170.433813,shift_lever_displaced,REST,0
1782238170.433813,shift_lever_failed,OK,0
1782238170.433888,rpm,0,0
1782238170.433888,throttle_position,0,0
1782238170.451257,kill_switch,RUN,1
1782238170.451257,engine_on_counter,0,0
1782238170.451617,gear_position,N,0
1782238170.451617,shift_lever_displaced,REST,0
1782238170.451617,shift_lever_failed,OK,0
1782238170.469595,rpm,0,0
1782238170.469595,throttle_position,0,0
1782238170.469703,kill_switch,RUN,1
1782238170.469703,engine_on_counter,0,0
1782238170.479753,gear_position,N,0
1782238170.479753,shift_lever_displaced,REST,0
1782238170.479753,shift_lever_failed,OK,0
1782238170.480084,rpm,0,0
1782238170.480084,throttle_position,0,0
1782238170.480189,kill_switch,RUN,1
1782238170.480189,engine_on_counter,0,0
1782238170.490864,gear_position,N,0
1782238170.490864,shift_lever_displaced,REST,0
1782238170.490864,shift_lever_failed,OK,0
1782238170.491072,coolant_temp,73.10000000000001,731
1782238170.491072,warmup_index,0,0
1782238170.491072,side_stand,UP,1
1782238170.509785,rpm,0,0
1782238170.509785,throttle_position,0,0
1782238170.509912,kill_switch,RUN,1
1782238170.509912,engine_on_counter,0,0
1782238170.520265,gear_position,N,0
1782238170.520265,shift_lever_displaced,REST,0
1782238170.520265,shift_lever_failed,OK,0
1782238170.520667,rpm,0,0
1782238170.520667,throttle_position,0,0
1782238170.520869,kill_switch,RUN,1
1782238170.520869,engine_on_counter,0,0
1782238170.546595,gear_position,N,0
1782238170.546595,shift_lever_displaced,REST,0
1782238170.546595,shift_lever_failed,OK,0
1782238170.549879,rpm,0,0
1782238170.549879,throttle_position,0,0
1782238170.549978,kill_switch,RUN,1
1782238170.549978,engine_on_counter,0,0
1782238170.559936,gear_position,N,0
1782238170.559936,shift_lever_displaced,REST,0
1782238170.559936,shift_lever_failed,OK,0
1782238170.560132,rpm,0,0
1782238170.560132,throttle_position,0,0
1782238170.560219,kill_switch,RUN,1
1782238170.560219,engine_on_counter,0,0
1782238170.573702,gear_position,N,0
1782238170.573702,shift_lever_displaced,REST,0
1782238170.573702,shift_lever_failed,OK,0
1782238170.574011,rpm,0,0
1782238170.574011,throttle_position,0,0
1782238170.590287,kill_switch,RUN,1
1782238170.590287,engine_on_counter,0,0
1782238170.590733,gear_position,N,0
1782238170.590733,shift_lever_displaced,REST,0
1782238170.590733,shift_lever_failed,OK,0
1782238170.603251,coolant_temp,73.10000000000001,731
1782238170.603251,warmup_index,0,0
1782238170.603251,side_stand,UP,1
1782238170.603468,rpm,0,0
1782238170.603468,throttle_position,0,0
1782238170.603570,kill_switch,RUN,1
1782238170.603570,engine_on_counter,0,0
1782238170.613950,gear_position,N,0
1782238170.613950,shift_lever_displaced,REST,0
1782238170.613950,shift_lever_failed,OK,0
1782238170.614206,rpm,0,0
1782238170.614206,throttle_position,0,0
1782238170.629774,kill_switch,RUN,1
1782238170.629774,engine_on_counter,0,0
1782238170.650506,gear_position,N,0
1782238170.650506,shift_lever_displaced,REST,0
1782238170.650506,shift_lever_failed,OK,0
1782238170.650657,rpm,0,0
1782238170.650657,throttle_position,0,0
1782238170.650801,kill_switch,RUN,1
1782238170.650801,engine_on_counter,0,0
1782238170.659905,gear_position,N,0
1782238170.659905,shift_lever_displaced,REST,0
1782238170.659905,shift_lever_failed,OK,0
1782238170.660281,rpm,0,0
1782238170.660281,throttle_position,0,0
1782238170.660463,kill_switch,RUN,1
1782238170.660463,engine_on_counter,0,0
1782238170.672306,gear_position,N,0
1782238170.672306,shift_lever_displaced,REST,0
1782238170.672306,shift_lever_failed,OK,0
1782238170.690108,rpm,0,0
1782238170.690108,throttle_position,0,0
1782238170.690246,kill_switch,RUN,1
1782238170.690246,engine_on_counter,0,0
1782238170.690725,gear_position,N,0
1782238170.690725,shift_lever_displaced,REST,0
1782238170.690725,shift_lever_failed,OK,0
1782238170.699997,coolant_temp,73.10000000000001,731
1782238170.699997,warmup_index,0,0
1782238170.699997,side_stand,UP,1
1782238170.700349,rpm,0,0
1782238170.700349,throttle_position,0,0
1782238170.700522,kill_switch,RUN,1
1782238170.700522,engine_on_counter,0,0
1782238170.712472,gear_position,N,0
1782238170.712472,shift_lever_displaced,REST,0
1782238170.712472,shift_lever_failed,OK,0
1782238170.729586,rpm,0,0
1782238170.729586,throttle_position,0,0
1782238170.729838,kill_switch,RUN,1
1782238170.729838,engine_on_counter,0,0
1782238170.740455,gear_position,N,0
1782238170.740455,shift_lever_displaced,REST,0
1782238170.740455,shift_lever_failed,OK,0
1782238170.740772,rpm,0,0
1782238170.740772,throttle_position,0,0
1782238170.741071,kill_switch,RUN,1
1782238170.741071,engine_on_counter,0,0
1782238170.754870,gear_position,N,0
1782238170.754870,shift_lever_displaced,REST,0
1782238170.754870,shift_lever_failed,OK,0
1782238170.755150,rpm,0,0
1782238170.755150,throttle_position,0,0
1782238170.755395,kill_switch,RUN,1
1782238170.755395,engine_on_counter,0,0
1782238170.771199,gear_position,N,0
1782238170.771199,shift_lever_displaced,REST,0
1782238170.771199,shift_lever_failed,OK,0
1782238170.796507,rpm,0,0
1782238170.796507,throttle_position,0,0
1782238170.796603,kill_switch,RUN,1
1782238170.796603,engine_on_counter,0,0
1782238170.796935,gear_position,N,0
1782238170.796935,shift_lever_displaced,REST,0
1782238170.796935,shift_lever_failed,OK,0
1782238170.796997,coolant_temp,73.10000000000001,731
1782238170.796997,warmup_index,0,0
1782238170.796997,side_stand,UP,1
1782238170.797155,rpm,0,0
1782238170.797155,throttle_position,0,0
1782238170.803369,kill_switch,RUN,1
1782238170.803369,engine_on_counter,0,0
1782238170.819928,gear_position,N,0
1782238170.819928,shift_lever_displaced,REST,0
1782238170.819928,shift_lever_failed,OK,0
1782238170.819996,rpm,0,0
1782238170.819996,throttle_position,0,0
1782238170.820065,kill_switch,RUN,1
1782238170.820065,engine_on_counter,0,0
1782238170.849784,gear_position,N,0
1782238170.849784,shift_lever_displaced,REST,0
1782238170.849784,shift_lever_failed,OK,0
1782238170.849866,rpm,0,0
1782238170.849866,throttle_position,0,0
1782238170.849944,kill_switch,RUN,1
1782238170.849944,engine_on_counter,0,0
1782238170.859991,gear_position,N,0
1782238170.859991,shift_lever_displaced,REST,0
1782238170.859991,shift_lever_failed,OK,0
1782238170.860079,rpm,0,0
1782238170.860079,throttle_position,0,0
1782238170.860166,kill_switch,RUN,1
1782238170.860166,engine_on_counter,0,0
1782238170.873767,gear_position,N,0
1782238170.873767,shift_lever_displaced,REST,0
1782238170.873767,shift_lever_failed,OK,0
1782238170.873942,rpm,0,0
1782238170.873942,throttle_position,0,0
1782238170.890112,kill_switch,RUN,1
1782238170.890112,engine_on_counter,0,0
1782238170.899933,gear_position,N,0
1782238170.899933,shift_lever_displaced,REST,0
1782238170.899933,shift_lever_failed,OK,0
1782238170.900144,coolant_temp,73.10000000000001,731
1782238170.900144,warmup_index,0,0
1782238170.900144,side_stand,UP,1
1782238170.900404,rpm,0,0
1782238170.900404,throttle_position,0,0
1782238170.900529,kill_switch,RUN,1
1782238170.900529,engine_on_counter,0,0
1782238170.913933,gear_position,N,0
1782238170.913933,shift_lever_displaced,REST,0
1782238170.913933,shift_lever_failed,OK,0
1782238170.914220,rpm,0,0
1782238170.914220,throttle_position,0,0
1782238170.929832,kill_switch,RUN,1
1782238170.929832,engine_on_counter,0,0
1782238170.949926,gear_position,N,0
1782238170.949926,shift_lever_displaced,REST,0
1782238170.949926,shift_lever_failed,OK,0
1782238170.950186,rpm,0,0
1782238170.950186,throttle_position,0,0
1782238170.950435,kill_switch,RUN,1
1782238170.950435,engine_on_counter,0,0
1782238170.954553,gear_position,N,0
1782238170.954553,shift_lever_displaced,REST,0
1782238170.954553,shift_lever_failed,OK,0
1782238170.954740,rpm,0,0
1782238170.954740,throttle_position,0,0
1782238170.954924,kill_switch,RUN,1
1782238170.954924,engine_on_counter,0,0
1782238170.971439,gear_position,N,0
1782238170.971439,shift_lever_displaced,REST,0
1782238170.971439,shift_lever_failed,OK,0
1782238170.990002,rpm,0,0
1782238170.990002,throttle_position,0,0
1782238170.990069,kill_switch,RUN,1
1782238170.990069,engine_on_counter,0,0
1782238170.999739,gear_position,N,0
1782238170.999739,shift_lever_displaced,REST,0
1782238170.999739,shift_lever_failed,OK,0
1782238170.999807,coolant_temp,73.10000000000001,731
1782238170.999807,warmup_index,0,0
1782238170.999807,side_stand,UP,1
1782238170.999944,rpm,0,0
1782238170.999944,throttle_position,0,0
1782238171.000013,kill_switch,RUN,1
1782238171.000013,engine_on_counter,0,0
1782238171.011569,gear_position,N,0
1782238171.011569,shift_lever_displaced,REST,0
1782238171.011569,shift_lever_failed,OK,0
1782238171.029575,rpm,0,0
1782238171.029575,throttle_position,0,0
1782238171.029661,kill_switch,RUN,1
1782238171.029661,engine_on_counter,0,0
1782238171.040265,gear_position,N,0
1782238171.040265,shift_lever_displaced,REST,0
1782238171.040265,shift_lever_failed,OK,0
1782238171.040334,rpm,0,0
1782238171.040334,throttle_position,0,0
1782238171.040402,kill_switch,RUN,1
1782238171.040402,engine_on_counter,0,0
1782238171.053751,gear_position,N,0
1782238171.053751,shift_lever_displaced,REST,0
1782238171.053751,shift_lever_failed,OK,0
1782238171.053818,rpm,0,0
1782238171.053818,throttle_position,0,0
1782238171.069988,kill_switch,RUN,1
1782238171.069988,engine_on_counter,0,0
1782238171.089555,gear_position,N,0
1782238171.089555,shift_lever_displaced,REST,0
1782238171.089555,shift_lever_failed,OK,0
1782238171.089715,rpm,0,0
1782238171.089715,throttle_position,0,0
1782238171.089791,kill_switch,RUN,1
1782238171.089791,engine_on_counter,0,0
1782238171.093645,gear_position,N,0
1782238171.093645,shift_lever_displaced,REST,0
1782238171.093645,shift_lever_failed,OK,0
1782238171.093718,coolant_temp,73.10000000000001,731
1782238171.093718,warmup_index,0,0
1782238171.093718,side_stand,UP,1
1782238171.093865,rpm,0,0
1782238171.093865,throttle_position,0,0
1782238171.109863,kill_switch,RUN,1
1782238171.109863,engine_on_counter,0,0
1782238171.120325,gear_position,N,0
1782238171.120325,shift_lever_displaced,REST,0
1782238171.120325,shift_lever_failed,OK,0
1782238171.120434,rpm,0,0
1782238171.120434,throttle_position,0,0
1782238171.120538,kill_switch,RUN,1
1782238171.120538,engine_on_counter,0,0
1782238171.134129,gear_position,N,0
1782238171.134129,shift_lever_displaced,REST,0
1782238171.134129,shift_lever_failed,OK,0
1782238171.134244,rpm,0,0
1782238171.134244,throttle_position,0,0
1782238171.151994,kill_switch,RUN,1
1782238171.151994,engine_on_counter,0,0
1782238171.152622,gear_position,N,0
1782238171.152622,shift_lever_displaced,REST,0
1782238171.152622,shift_lever_failed,OK,0
1782238171.169874,rpm,0,0
1782238171.169874,throttle_position,0,0
1782238171.170170,kill_switch,RUN,1
1782238171.170170,engine_on_counter,0,0
1782238171.180254,gear_position,N,0
1782238171.180254,shift_lever_displaced,REST,0
1782238171.180254,shift_lever_failed,OK,0
1782238171.180747,rpm,0,0
1782238171.180747,throttle_position,0,0
1782238171.180991,kill_switch,RUN,1
1782238171.180991,engine_on_counter,0,0
1782238171.190758,gear_position,N,0
1782238171.190758,shift_lever_displaced,REST,0
1782238171.190758,shift_lever_failed,OK,0
1782238171.190820,coolant_temp,73.10000000000001,731
1782238171.190820,warmup_index,0,0
1782238171.190820,side_stand,UP,1
1782238171.209634,rpm,0,0
1782238171.209634,throttle_position,0,0
1782238171.209711,kill_switch,RUN,1
1782238171.209711,engine_on_counter,0,0
1782238171.220152,gear_position,N,0
1782238171.220152,shift_lever_displaced,REST,0
1782238171.220152,shift_lever_failed,OK,0
1782238171.220228,rpm,0,0
1782238171.220228,throttle_position,0,0
1782238171.220303,kill_switch,RUN,1
1782238171.220303,engine_on_counter,0,0
1782238171.231770,gear_position,N,0
1782238171.231770,shift_lever_displaced,REST,0
1782238171.231770,shift_lever_failed,OK,0
1782238171.250042,rpm,0,0
1782238171.250042,throttle_position,0,0
1782238171.250138,kill_switch,RUN,1
1782238171.250138,engine_on_counter,0,0
1782238171.259962,gear_position,N,0
1782238171.259962,shift_lever_displaced,REST,0
1782238171.259962,shift_lever_failed,OK,0
1782238171.260070,rpm,0,0
1782238171.260070,throttle_position,0,0
1782238171.260174,kill_switch,RUN,1
1782238171.260174,engine_on_counter,0,0
1782238171.273962,gear_position,N,0
1782238171.273962,shift_lever_displaced,REST,0
1782238171.273962,shift_lever_failed,OK,0
1782238171.274216,rpm,0,0
1782238171.274216,throttle_position,0,0
1782238171.290488,kill_switch,RUN,1
1782238171.290488,engine_on_counter,0,0
1782238171.298711,gear_position,N,0
1782238171.298711,shift_lever_displaced,REST,0
1782238171.298711,shift_lever_failed,OK,0
1782238171.303196,coolant_temp,73.10000000000001,731
1782238171.303196,warmup_index,0,0
1782238171.303196,side_stand,UP,1
1782238171.303358,rpm,0,0
1782238171.303358,throttle_position,0,0
1782238171.303433,kill_switch,RUN,1
1782238171.303433,engine_on_counter,0,0
1782238171.320012,gear_position,N,0
1782238171.320012,shift_lever_displaced,REST,0
1782238171.320012,shift_lever_failed,OK,0
1782238171.320100,rpm,0,0
1782238171.320100,throttle_position,0,0
1782238171.320187,kill_switch,RUN,1
1782238171.320187,engine_on_counter,0,0
1782238171.349537,gear_position,N,0
1782238171.349537,shift_lever_displaced,REST,0
1782238171.349537,shift_lever_failed,OK,0
1782238171.349626,rpm,0,0
1782238171.349626,throttle_position,0,0
1782238171.349712,kill_switch,RUN,1
1782238171.349712,engine_on_counter,0,0
1782238171.359836,gear_position,N,0
1782238171.359836,shift_lever_displaced,REST,0
1782238171.359836,shift_lever_failed,OK,0
1782238171.359937,rpm,0,0
1782238171.359937,throttle_position,0,0
1782238171.360039,kill_switch,RUN,1
1782238171.360039,engine_on_counter,0,0
1782238171.371899,gear_position,N,0
1782238171.371899,shift_lever_displaced,REST,0
1782238171.371899,shift_lever_failed,OK,0
1782238171.390059,rpm,0,0
1782238171.390059,throttle_position,0,0
1782238171.390252,kill_switch,RUN,1
1782238171.390252,engine_on_counter,0,0
1782238171.399950,gear_position,N,0
1782238171.399950,shift_lever_displaced,REST,0
1782238171.399950,shift_lever_failed,OK,0
1782238171.400156,coolant_temp,73.0,730
1782238171.400156,warmup_index,0,0
1782238171.400156,side_stand,UP,1
1782238171.400526,rpm,0,0
1782238171.400526,throttle_position,0,0
1782238171.400700,kill_switch,RUN,1
1782238171.400700,engine_on_counter,0,0
1782238171.412379,gear_position,N,0
1782238171.412379,shift_lever_displaced,REST,0
1782238171.412379,shift_lever_failed,OK,0
1782238171.412617,rpm,0,0
1782238171.412617,throttle_position,0,0
1782238171.429689,kill_switch,RUN,1
1782238171.429689,engine_on_counter,0,0
1782238171.440368,gear_position,N,0
1782238171.440368,shift_lever_displaced,REST,0
1782238171.440368,shift_lever_failed,OK,0
1782238171.440609,rpm,0,0
1782238171.440609,throttle_position,0,0
1782238171.440845,kill_switch,RUN,1
1782238171.440845,engine_on_counter,0,0
1782238171.454784,gear_position,N,0
1782238171.454784,shift_lever_displaced,REST,0
1782238171.454784,shift_lever_failed,OK,0
1782238171.455034,rpm,0,0
1782238171.455034,throttle_position,0,0
1782238171.455282,kill_switch,RUN,1
1782238171.455282,engine_on_counter,0,0
1782238171.471573,gear_position,N,0
1782238171.471573,shift_lever_displaced,REST,0
1782238171.471573,shift_lever_failed,OK,0
1782238171.490027,rpm,0,0
1782238171.490027,throttle_position,0,0
1782238171.490206,kill_switch,RUN,1
1782238171.490206,engine_on_counter,0,0
1782238171.495144,gear_position,N,0
1782238171.495144,shift_lever_displaced,REST,0
1782238171.495144,shift_lever_failed,OK,0
1782238171.495289,coolant_temp,73.0,730
1782238171.495289,warmup_index,0,0
1782238171.495289,side_stand,UP,1
1782238171.495576,rpm,0,0
1782238171.495576,throttle_position,0,0
1782238171.509996,kill_switch,RUN,1
1782238171.509996,engine_on_counter,0,0
1782238171.521032,gear_position,N,0
1782238171.521032,shift_lever_displaced,REST,0
1782238171.521032,shift_lever_failed,OK,0
1782238171.521298,rpm,0,0
1782238171.521298,throttle_position,0,0
1782238171.521547,kill_switch,RUN,1
1782238171.521547,engine_on_counter,0,0
1782238171.551252,gear_position,N,0
1782238171.551252,shift_lever_displaced,REST,0
1782238171.551252,shift_lever_failed,OK,0
1782238171.551343,rpm,0,0
1782238171.551343,throttle_position,0,0
1782238171.551430,kill_switch,RUN,1
1782238171.551430,engine_on_counter,0,0
1782238171.553867,gear_position,N,0
1782238171.553867,shift_lever_displaced,REST,0
1782238171.553867,shift_lever_failed,OK,0
1782238171.553954,rpm,0,0
1782238171.553954,throttle_position,0,0
1782238171.569770,kill_switch,RUN,1
1782238171.569770,engine_on_counter,0,0
1782238171.580126,gear_position,N,0
1782238171.580126,shift_lever_displaced,REST,0
1782238171.580126,shift_lever_failed,OK,0
1782238171.580256,rpm,0,0
1782238171.580256,throttle_position,0,0
1782238171.585639,kill_switch,RUN,1
1782238171.585639,engine_on_counter,0,0
1782238171.591642,gear_position,N,0
1782238171.591642,shift_lever_displaced,REST,0
1782238171.591642,shift_lever_failed,OK,0
1782238171.591727,coolant_temp,73.0,730
1782238171.591727,warmup_index,0,0
1782238171.591727,side_stand,UP,1
1782238171.609780,rpm,0,0
1782238171.609780,throttle_position,0,0
1782238171.609903,kill_switch,RUN,1
1782238171.609903,engine_on_counter,0,0
1782238171.620362,gear_position,N,0
1782238171.620362,shift_lever_displaced,REST,0
1782238171.620362,shift_lever_failed,OK,0
1782238171.620466,rpm,0,0
1782238171.620466,throttle_position,0,0
1782238171.620569,kill_switch,RUN,1
1782238171.620569,engine_on_counter,0,0
1782238171.634141,gear_position,N,0
1782238171.634141,shift_lever_displaced,REST,0
1782238171.634141,shift_lever_failed,OK,0
1782238171.634280,rpm,0,0
1782238171.634280,throttle_position,0,0
1782238171.652965,kill_switch,RUN,1
1782238171.652965,engine_on_counter,0,0
1782238171.669507,gear_position,N,0
1782238171.669507,shift_lever_displaced,REST,0
1782238171.669507,shift_lever_failed,OK,0
1782238171.669779,rpm,0,0
1782238171.669779,throttle_position,0,0
1782238171.670026,kill_switch,RUN,1
1782238171.670026,engine_on_counter,0,0
1782238171.679866,gear_position,N,0
1782238171.679866,shift_lever_displaced,REST,0
1782238171.679866,shift_lever_failed,OK,0
1782238171.680114,rpm,0,0
1782238171.680114,throttle_position,0,0
1782238171.680237,kill_switch,RUN,1
1782238171.680237,engine_on_counter,0,0
1782238171.690966,gear_position,N,0
1782238171.690966,shift_lever_displaced,REST,0
1782238171.690966,shift_lever_failed,OK,0
1782238171.691081,coolant_temp,73.0,730
1782238171.691081,warmup_index,0,0
1782238171.691081,side_stand,UP,1
1782238171.709871,rpm,0,0
1782238171.709871,throttle_position,0,0
1782238171.710115,kill_switch,RUN,1
1782238171.710115,engine_on_counter,0,0
1782238171.719984,gear_position,N,0
1782238171.719984,shift_lever_displaced,REST,0
1782238171.719984,shift_lever_failed,OK,0
1782238171.720073,rpm,0,0
1782238171.720073,throttle_position,0,0
1782238171.720163,kill_switch,RUN,1
1782238171.720163,engine_on_counter,0,0
1782238171.749858,gear_position,N,0
1782238171.749858,shift_lever_displaced,REST,0
1782238171.749858,shift_lever_failed,OK,0
1782238171.749968,rpm,0,0
1782238171.749968,throttle_position,0,0
1782238171.750073,kill_switch,RUN,1
1782238171.750073,engine_on_counter,0,0
1782238171.760097,gear_position,N,0
1782238171.760097,shift_lever_displaced,REST,0
1782238171.760097,shift_lever_failed,OK,0
1782238171.760206,rpm,0,0
1782238171.760206,throttle_position,0,0
1782238171.760314,kill_switch,RUN,1
1782238171.760314,engine_on_counter,0,0
1782238171.773869,gear_position,N,0
1782238171.773869,shift_lever_displaced,REST,0
1782238171.773869,shift_lever_failed,OK,0
1782238171.774110,rpm,0,0
1782238171.774110,throttle_position,0,0
1782238171.792929,kill_switch,RUN,1
1782238171.792929,engine_on_counter,0,0
1782238171.802840,gear_position,N,0
1782238171.802840,shift_lever_displaced,REST,0
1782238171.802840,shift_lever_failed,OK,0
1782238171.802930,coolant_temp,73.0,730
1782238171.802930,warmup_index,0,0
1782238171.802930,side_stand,UP,1
1782238171.803126,rpm,0,0
1782238171.803126,throttle_position,0,0
1782238171.803226,kill_switch,RUN,1
1782238171.803226,engine_on_counter,0,0
1782238171.813823,gear_position,N,0
1782238171.813823,shift_lever_displaced,REST,0
1782238171.813823,shift_lever_failed,OK,0
1782238171.813914,rpm,0,0
1782238171.813914,throttle_position,0,0
1782238171.829695,kill_switch,RUN,1
1782238171.829695,engine_on_counter,0,0
1782238171.849652,gear_position,N,0
1782238171.849652,shift_lever_displaced,REST,0
1782238171.849652,shift_lever_failed,OK,0
1782238171.849757,rpm,0,0
1782238171.849757,throttle_position,0,0
1782238171.849863,kill_switch,RUN,1
1782238171.849863,engine_on_counter,0,0
1782238171.859891,gear_position,N,0
1782238171.859891,shift_lever_displaced,REST,0
1782238171.859891,shift_lever_failed,OK,0
1782238171.859997,rpm,0,0
1782238171.859997,throttle_position,0,0
1782238171.860100,kill_switch,RUN,1
1782238171.860100,engine_on_counter,0,0
1782238171.870934,gear_position,N,0
1782238171.870934,shift_lever_displaced,REST,0
1782238171.870934,shift_lever_failed,OK,0
1782238171.889847,rpm,0,0
1782238171.889847,throttle_position,0,0
1782238171.889990,kill_switch,RUN,1
1782238171.889990,engine_on_counter,0,0
1782238171.899783,gear_position,N,0
1782238171.899783,shift_lever_displaced,DISPLACED,1
1782238171.899783,shift_lever_failed,OK,0
1782238171.899996,coolant_temp,73.0,730
1782238171.899996,warmup_index,0,0
1782238171.899996,side_stand,UP,1
1782238171.900319,rpm,0,0
1782238171.900319,throttle_position,0,0
1782238171.900462,kill_switch,RUN,1
1782238171.900462,engine_on_counter,0,0
1782238171.912535,gear_position,N,0
1782238171.912535,shift_lever_displaced,DISPLACED,1
1782238171.912535,shift_lever_failed,OK,0
1782238171.929516,rpm,0,0
1782238171.929516,throttle_position,0,0
1782238171.929599,kill_switch,RUN,1
1782238171.929599,engine_on_counter,0,0
1782238171.940071,gear_position,N,0
1782238171.940071,shift_lever_displaced,DISPLACED,1
1782238171.940071,shift_lever_failed,OK,0
1782238171.940138,rpm,0,0
1782238171.940138,throttle_position,0,0
1782238171.940207,kill_switch,RUN,1
1782238171.940207,engine_on_counter,0,0
1782238171.953399,gear_position,N,0
1782238171.953399,shift_lever_displaced,DISPLACED,1
1782238171.953399,shift_lever_failed,OK,0
1782238171.953477,rpm,0,0
1782238171.953477,throttle_position,0,0
1782238171.970070,kill_switch,RUN,1
1782238171.970070,engine_on_counter,0,0
1782238171.989439,gear_position,N,0
1782238171.989439,shift_lever_displaced,DISPLACED,1
1782238171.989439,shift_lever_failed,OK,0
1782238171.989655,rpm,0,0
1782238171.989655,throttle_position,0,0
1782238171.989744,kill_switch,RUN,1
1782238171.989744,engine_on_counter,0,0
1782238171.994709,gear_position,N,0
1782238171.994709,shift_lever_displaced,DISPLACED,1
1782238171.994709,shift_lever_failed,OK,0
1782238171.994816,coolant_temp,73.0,730
1782238171.994816,warmup_index,0,0
1782238171.994816,side_stand,UP,1
1782238171.995027,rpm,0,0
1782238171.995027,throttle_position,0,0
1782238172.010068,kill_switch,RUN,1
1782238172.010068,engine_on_counter,0,0
1782238172.020258,gear_position,N,0
1782238172.020258,shift_lever_displaced,DISPLACED,1
1782238172.020258,shift_lever_failed,OK,0
1782238172.020396,rpm,0,0
1782238172.020396,throttle_position,0,0
1782238172.020510,kill_switch,RUN,1
1782238172.020510,engine_on_counter,0,0
1782238172.050652,gear_position,N,0
1782238172.050652,shift_lever_displaced,DISPLACED,1
1782238172.050652,shift_lever_failed,OK,0
1782238172.050741,rpm,0,0
1782238172.050741,throttle_position,0,0
1782238172.051314,kill_switch,RUN,1
1782238172.051314,engine_on_counter,0,0
1782238172.051689,gear_position,N,0
1782238172.051689,shift_lever_displaced,DISPLACED,1
1782238172.051689,shift_lever_failed,OK,0
1782238172.069705,rpm,0,0
1782238172.069705,throttle_position,0,0
1782238172.069891,kill_switch,RUN,1
1782238172.069891,engine_on_counter,0,0
1782238172.079985,gear_position,N,0
1782238172.079985,shift_lever_displaced,DISPLACED,1
1782238172.079985,shift_lever_failed,OK,0
1782238172.080156,rpm,0,0
1782238172.080156,throttle_position,0,0
1782238172.082348,kill_switch,RUN,1
1782238172.082348,engine_on_counter,0,0
1782238172.091700,gear_position,N,0
1782238172.091700,shift_lever_displaced,DISPLACED,1
1782238172.091700,shift_lever_failed,OK,0
1782238172.091787,coolant_temp,73.0,730
1782238172.091787,warmup_index,0,0
1782238172.091787,side_stand,UP,1
1782238172.109577,rpm,0,0
1782238172.109577,throttle_position,0,0
1782238172.109668,kill_switch,RUN,1
1782238172.109668,engine_on_counter,0,0
1782238172.120150,gear_position,N,0
1782238172.120150,shift_lever_displaced,DISPLACED,1
1782238172.120150,shift_lever_failed,OK,0
1782238172.120253,rpm,0,0
1782238172.120253,throttle_position,0,0
1782238172.120360,kill_switch,RUN,1
1782238172.120360,engine_on_counter,0,0
1782238172.132153,gear_position,N,0
1782238172.132153,shift_lever_displaced,DISPLACED,1
1782238172.132153,shift_lever_failed,OK,0
1782238172.152641,rpm,0,0
1782238172.152641,throttle_position,0,0
1782238172.152920,kill_switch,RUN,1
1782238172.152920,engine_on_counter,0,0
1782238172.169577,gear_position,N,0
1782238172.169577,shift_lever_displaced,DISPLACED,1
1782238172.169577,shift_lever_failed,OK,0
1782238172.169838,rpm,0,0
1782238172.169838,throttle_position,0,0
1782238172.170350,kill_switch,RUN,1
1782238172.170350,engine_on_counter,0,0
1782238172.175903,gear_position,N,0
1782238172.175903,shift_lever_displaced,DISPLACED,1
1782238172.175903,shift_lever_failed,OK,0
1782238172.176259,rpm,0,0
1782238172.176259,throttle_position,0,0
1782238172.176434,kill_switch,RUN,1
1782238172.176434,engine_on_counter,0,0
1782238172.191315,gear_position,N,0
1782238172.191315,shift_lever_displaced,DISPLACED,1
1782238172.191315,shift_lever_failed,OK,0
1782238172.203185,coolant_temp,73.0,730
1782238172.203185,warmup_index,0,0
1782238172.203185,side_stand,UP,1
1782238172.203726,rpm,0,0
1782238172.203726,throttle_position,0,0
1782238172.203966,kill_switch,RUN,1
1782238172.203966,engine_on_counter,0,0
1782238172.220477,gear_position,N,0
1782238172.220477,shift_lever_displaced,DISPLACED,1
1782238172.220477,shift_lever_failed,OK,0
1782238172.220713,rpm,0,0
1782238172.220713,throttle_position,0,0
1782238172.220956,kill_switch,RUN,1
1782238172.220956,engine_on_counter,0,0
1782238172.252819,gear_position,N,0
1782238172.252819,shift_lever_displaced,DISPLACED,1
1782238172.252819,shift_lever_failed,OK,0
1782238172.252933,rpm,0,0
1782238172.252933,throttle_position,0,0
1782238172.253038,kill_switch,RUN,1
1782238172.253038,engine_on_counter,0,0
1782238172.259840,gear_position,N,0
1782238172.259840,shift_lever_displaced,DISPLACED,1
1782238172.259840,shift_lever_failed,OK,0
1782238172.259945,rpm,0,0
1782238172.259945,throttle_position,0,0
1782238172.260185,kill_switch,RUN,1
1782238172.260185,engine_on_counter,0,0
1782238172.271868,gear_position,N,0
1782238172.271868,shift_lever_displaced,DISPLACED,1
1782238172.271868,shift_lever_failed,OK,0
1782238172.296911,rpm,0,0
1782238172.296911,throttle_position,0,0
1782238172.297224,kill_switch,RUN,1
1782238172.297224,engine_on_counter,0,0
1782238172.299863,gear_position,N,0
1782238172.299863,shift_lever_displaced,DISPLACED,1
1782238172.299863,shift_lever_failed,OK,0
1782238172.299954,coolant_temp,73.0,730
1782238172.299954,warmup_index,0,0
1782238172.299954,side_stand,UP,1
1782238172.300129,rpm,0,0
1782238172.300129,throttle_position,0,0
1782238172.300215,kill_switch,RUN,1
1782238172.300215,engine_on_counter,0,0
1782238172.316680,gear_position,N,0
1782238172.316680,shift_lever_displaced,DISPLACED,1
1782238172.316680,shift_lever_failed,OK,0
1782238172.316768,rpm,0,0
1782238172.316768,throttle_position,0,0
1782238172.329493,kill_switch,RUN,1
1782238172.329493,engine_on_counter,0,0
1782238172.340011,gear_position,N,0
1782238172.340011,shift_lever_displaced,DISPLACED,1
1782238172.340011,shift_lever_failed,OK,0
1782238172.340102,rpm,0,0
1782238172.340102,throttle_position,0,0
1782238172.340188,kill_switch,RUN,1
1782238172.340188,engine_on_counter,0,0
1782238172.355796,gear_position,N,0
1782238172.355796,shift_lever_displaced,DISPLACED,1
1782238172.355796,shift_lever_failed,OK,0
1782238172.355900,rpm,0,0
1782238172.355900,throttle_position,0,0
1782238172.370277,kill_switch,RUN,1
1782238172.370277,engine_on_counter,0,0
1782238172.371038,gear_position,N,0
1782238172.371038,shift_lever_displaced,DISPLACED,1
1782238172.371038,shift_lever_failed,OK,0
1782238172.389940,rpm,0,0
1782238172.389940,throttle_position,0,0
1782238172.390096,kill_switch,RUN,1
1782238172.390096,engine_on_counter,0,0
1782238172.399842,gear_position,N,0
1782238172.399842,shift_lever_displaced,DISPLACED,1
1782238172.399842,shift_lever_failed,OK,0
1782238172.400056,coolant_temp,73.0,730
1782238172.400056,warmup_index,0,0
1782238172.400056,side_stand,UP,1
1782238172.400408,rpm,0,0
1782238172.400408,throttle_position,0,0
1782238172.400580,kill_switch,RUN,1
1782238172.400580,engine_on_counter,0,0
1782238172.420362,gear_position,N,0
1782238172.420362,shift_lever_displaced,DISPLACED,1
1782238172.420362,shift_lever_failed,OK,0
1782238172.420484,rpm,0,0
1782238172.420484,throttle_position,0,0
1782238172.420563,kill_switch,RUN,1
1782238172.420563,engine_on_counter,0,0
1782238172.439865,gear_position,N,0
1782238172.439865,shift_lever_displaced,DISPLACED,1
1782238172.439865,shift_lever_failed,OK,0
1782238172.439952,rpm,0,0
1782238172.439952,throttle_position,0,0
1782238172.440039,kill_switch,RUN,1
1782238172.440039,engine_on_counter,0,0
1782238172.453486,gear_position,N,0
1782238172.453486,shift_lever_displaced,DISPLACED,1
1782238172.453486,shift_lever_failed,OK,0
1782238172.453573,rpm,0,0
1782238172.453573,throttle_position,0,0
1782238172.470134,kill_switch,RUN,1
1782238172.470134,engine_on_counter,0,0
1782238172.480076,gear_position,N,0
1782238172.480076,shift_lever_displaced,DISPLACED,1
1782238172.480076,shift_lever_failed,OK,0
1782238172.480211,rpm,0,0
1782238172.480211,throttle_position,0,0
1782238172.480337,kill_switch,RUN,1
1782238172.480337,engine_on_counter,0,0
1782238172.491672,gear_position,N,0
1782238172.491672,shift_lever_displaced,DISPLACED,1
1782238172.491672,shift_lever_failed,OK,0
1782238172.491779,coolant_temp,73.0,730
1782238172.491779,warmup_index,0,0
1782238172.491779,side_stand,UP,1
1782238172.509704,rpm,0,0
1782238172.509704,throttle_position,0,0
1782238172.509973,kill_switch,RUN,1
1782238172.509973,engine_on_counter,0,0
1782238172.520435,gear_position,N,0
1782238172.520435,shift_lever_displaced,DISPLACED,1
1782238172.520435,shift_lever_failed,OK,0
1782238172.520679,rpm,0,0
1782238172.520679,throttle_position,0,0
1782238172.520921,kill_switch,RUN,1
1782238172.520921,engine_on_counter,0,0
1782238172.545256,gear_position,N,0
1782238172.545256,shift_lever_displaced,DISPLACED,1
1782238172.545256,shift_lever_failed,OK,0
1782238172.545337,rpm,0,0
1782238172.545337,throttle_position,0,0
1782238172.551400,kill_switch,RUN,1
1782238172.551400,engine_on_counter,0,0
1782238172.551790,gear_position,N,0
1782238172.551790,shift_lever_displaced,DISPLACED,1
1782238172.551790,shift_lever_failed,OK,0
1782238172.569535,rpm,0,0
1782238172.569535,throttle_position,0,0
1782238172.569690,kill_switch,RUN,1
1782238172.569690,engine_on_counter,0,0
1782238172.579731,gear_position,N,0
1782238172.579731,shift_lever_displaced,DISPLACED,1
1782238172.579731,shift_lever_failed,OK,0
1782238172.579903,rpm,0,0
1782238172.579903,throttle_position,0,0
1782238172.579989,kill_switch,RUN,1
1782238172.579989,engine_on_counter,0,0
1782238172.590731,gear_position,N,0
1782238172.590731,shift_lever_displaced,DISPLACED,1
1782238172.590731,shift_lever_failed,OK,0
1782238172.590807,coolant_temp,73.0,730
1782238172.590807,warmup_index,0,0
1782238172.590807,side_stand,UP,1
1782238172.609641,rpm,0,0
1782238172.609641,throttle_position,0,0
1782238172.609726,kill_switch,RUN,1
1782238172.609726,engine_on_counter,0,0
1782238172.620179,gear_position,N,0
1782238172.620179,shift_lever_displaced,DISPLACED,1
1782238172.620179,shift_lever_failed,OK,0
1782238172.620281,rpm,0,0
1782238172.620281,throttle_position,0,0
1782238172.620384,kill_switch,RUN,1
1782238172.620384,engine_on_counter,0,0
1782238172.630742,gear_position,N,0
1782238172.630742,shift_lever_displaced,DISPLACED,1
1782238172.630742,shift_lever_failed,OK,0
1782238172.652394,rpm,0,0
1782238172.652394,throttle_position,0,0
1782238172.652555,kill_switch,RUN,1
1782238172.652555,engine_on_counter,0,0
1782238172.660029,gear_position,N,0
1782238172.660029,shift_lever_displaced,DISPLACED,1
1782238172.660029,shift_lever_failed,OK,0
1782238172.660150,rpm,0,0
1782238172.660150,throttle_position,0,0
1782238172.660387,kill_switch,RUN,1
1782238172.660387,engine_on_counter,0,0
1782238172.676252,gear_position,N,0
1782238172.676252,shift_lever_displaced,DISPLACED,1
1782238172.676252,shift_lever_failed,OK,0
1782238172.676759,rpm,0,0
1782238172.676759,throttle_position,0,0
1782238172.690284,kill_switch,RUN,1
1782238172.690284,engine_on_counter,0,0
1782238172.690893,gear_position,N,0
1782238172.690893,shift_lever_displaced,DISPLACED,1
1782238172.690893,shift_lever_failed,OK,0
1782238172.703297,coolant_temp,73.0,730
1782238172.703297,warmup_index,0,0
1782238172.703297,side_stand,UP,1
1782238172.703794,rpm,0,0
1782238172.703794,throttle_position,0,0
1782238172.704039,kill_switch,RUN,1
1782238172.704039,engine_on_counter,0,0
1782238172.719415,gear_position,N,0
1782238172.719415,shift_lever_displaced,DISPLACED,1
1782238172.719415,shift_lever_failed,OK,0
1782238172.719503,rpm,0,0
1782238172.719503,throttle_position,0,0
1782238172.729692,kill_switch,RUN,1
1782238172.729692,engine_on_counter,0,0
1782238172.750288,gear_position,N,0
1782238172.750288,shift_lever_displaced,DISPLACED,1
1782238172.750288,shift_lever_failed,OK,0
1782238172.750405,rpm,0,0
1782238172.750405,throttle_position,0,0
1782238172.750513,kill_switch,RUN,1
1782238172.750513,engine_on_counter,0,0
1782238172.759909,gear_position,N,0
1782238172.759909,shift_lever_displaced,DISPLACED,1
1782238172.759909,shift_lever_failed,OK,0
1782238172.760019,rpm,0,0
1782238172.760019,throttle_position,0,0
1782238172.760251,kill_switch,RUN,1
1782238172.760251,engine_on_counter,0,0
1782238172.771853,gear_position,N,0
1782238172.771853,shift_lever_displaced,DISPLACED,1
1782238172.771853,shift_lever_failed,OK,0
1782238172.796189,rpm,0,0
1782238172.796189,throttle_position,0,0
1782238172.797596,kill_switch,RUN,1
1782238172.797596,engine_on_counter,0,0
1782238172.798017,gear_position,N,0
1782238172.798017,shift_lever_displaced,DISPLACED,1
1782238172.798017,shift_lever_failed,OK,0
1782238172.798120,coolant_temp,73.0,730
1782238172.798120,warmup_index,0,0
1782238172.798120,side_stand,UP,1
1782238172.798312,rpm,0,0
1782238172.798312,throttle_position,0,0
1782238172.809831,kill_switch,RUN,1
1782238172.809831,engine_on_counter,0,0
1782238172.820287,gear_position,N,0
1782238172.820287,shift_lever_displaced,DISPLACED,1
1782238172.820287,shift_lever_failed,OK,0
1782238172.820376,rpm,0,0
1782238172.820376,throttle_position,0,0
1782238172.820464,kill_switch,RUN,1
1782238172.820464,engine_on_counter,0,0
1782238172.831913,gear_position,N,0
1782238172.831913,shift_lever_displaced,DISPLACED,1
1782238172.831913,shift_lever_failed,OK,0
1782238172.849971,rpm,0,0
1782238172.849971,throttle_position,0,0
1782238172.850068,kill_switch,RUN,1
1782238172.850068,engine_on_counter,0,0
1782238172.869565,gear_position,N,0
1782238172.869565,shift_lever_displaced,DISPLACED,1
1782238172.869565,shift_lever_failed,OK,0
1782238172.869776,rpm,0,0
1782238172.869776,throttle_position,0,0
1782238172.870019,kill_switch,RUN,1
1782238172.870019,engine_on_counter,0,0
1782238172.879886,gear_position,N,0
1782238172.879886,shift_lever_displaced,DISPLACED,1
1782238172.879886,shift_lever_failed,OK,0
1782238172.880147,rpm,0,0
1782238172.880147,throttle_position,0,0
1782238172.880268,kill_switch,RUN,1
1782238172.880268,engine_on_counter,0,0
1782238172.890911,gear_position,N,0
1782238172.890911,shift_lever_displaced,DISPLACED,1
1782238172.890911,shift_lever_failed,OK,0
1782238172.891017,coolant_temp,73.0,730
1782238172.891017,warmup_index,0,0
1782238172.891017,side_stand,UP,1
1782238172.903567,rpm,0,0
1782238172.903567,throttle_position,0,0
1782238172.903752,kill_switch,RUN,1
1782238172.903752,engine_on_counter,0,0
1782238172.920404,gear_position,N,0
1782238172.920404,shift_lever_displaced,DISPLACED,1
1782238172.920404,shift_lever_failed,OK,0
1782238172.920648,rpm,0,0
1782238172.920648,throttle_position,0,0
1782238172.920890,kill_switch,RUN,1
1782238172.920890,engine_on_counter,0,0
1782238172.950492,gear_position,N,0
1782238172.950492,shift_lever_displaced,DISPLACED,1
1782238172.950492,shift_lever_failed,OK,0
1782238172.950731,rpm,0,0
1782238172.950731,throttle_position,0,0
1782238172.950853,kill_switch,RUN,1
1782238172.950853,engine_on_counter,0,0
1782238172.960042,gear_position,N,0
1782238172.960042,shift_lever_displaced,DISPLACED,1
1782238172.960042,shift_lever_failed,OK,0
1782238172.960161,rpm,0,0
1782238172.960161,throttle_position,0,0
1782238172.960395,kill_switch,RUN,1
1782238172.960395,engine_on_counter,0,0
1782238172.976567,gear_position,N,0
1782238172.976567,shift_lever_displaced,DISPLACED,1
1782238172.976567,shift_lever_failed,OK,0
1782238172.976806,rpm,0,0
1782238172.976806,throttle_position,0,0
1782238172.990055,kill_switch,RUN,1
1782238172.990055,engine_on_counter,0,0
1782238172.999845,gear_position,N,0
1782238172.999845,shift_lever_displaced,DISPLACED,1
1782238172.999845,shift_lever_failed,OK,0
1782238172.999933,coolant_temp,73.0,730
1782238172.999933,warmup_index,0,0
1782238172.999933,side_stand,UP,1
1782238173.000085,rpm,0,0
1782238173.000085,throttle_position,0,0
1782238173.000158,kill_switch,RUN,1
1782238173.000158,engine_on_counter,0,0
1782238173.015796,gear_position,N,0
1782238173.015796,shift_lever_displaced,DISPLACED,1
1782238173.015796,shift_lever_failed,OK,0
1782238173.015870,rpm,0,0
1782238173.015870,throttle_position,0,0
1782238173.029767,kill_switch,RUN,1
1782238173.029767,engine_on_counter,0,0
1782238173.049559,gear_position,N,0
1782238173.049559,shift_lever_displaced,DISPLACED,1
1782238173.049559,shift_lever_failed,OK,0
1782238173.049637,rpm,0,0
1782238173.049637,throttle_position,0,0
1782238173.049714,kill_switch,RUN,1
1782238173.049714,engine_on_counter,0,0
1782238173.055667,gear_position,N,0
1782238173.055667,shift_lever_displaced,DISPLACED,1
1782238173.055667,shift_lever_failed,OK,0
1782238173.055745,rpm,0,0
1782238173.055745,throttle_position,0,0
1782238173.070132,kill_switch,RUN,1
1782238173.070132,engine_on_counter,0,0
1782238173.089915,gear_position,N,0
1782238173.089915,shift_lever_displaced,DISPLACED,1
1782238173.089915,shift_lever_failed,OK,0
1782238173.090020,rpm,0,0
1782238173.090020,throttle_position,0,0
1782238173.090110,kill_switch,RUN,1
1782238173.090110,engine_on_counter,0,0
1782238173.099615,gear_position,N,0
1782238173.099615,shift_lever_displaced,DISPLACED,1
1782238173.099615,shift_lever_failed,OK,0
1782238173.099703,coolant_temp,73.0,730
1782238173.099703,warmup_index,0,0
1782238173.099703,side_stand,UP,1
1782238173.099899,rpm,0,0
1782238173.099899,throttle_position,0,0
1782238173.099986,kill_switch,RUN,1
1782238173.099986,engine_on_counter,0,0
1782238173.111914,gear_position,N,0
1782238173.111914,shift_lever_displaced,DISPLACED,1
1782238173.111914,shift_lever_failed,OK,0
1782238173.129570,rpm,0,0
1782238173.129570,throttle_position,0,0
1782238173.129774,kill_switch,RUN,1
1782238173.129774,engine_on_counter,0,0
1782238173.139935,gear_position,N,0
1782238173.139935,shift_lever_displaced,DISPLACED,1
1782238173.139935,shift_lever_failed,OK,0
1782238173.140056,rpm,0,0
1782238173.140056,throttle_position,0,0
1782238173.140175,kill_switch,RUN,1
1782238173.140175,engine_on_counter,0,0
1782238173.153630,gear_position,N,0
1782238173.153630,shift_lever_displaced,DISPLACED,1
1782238173.153630,shift_lever_failed,OK,0
1782238173.153747,rpm,0,0
1782238173.153747,throttle_position,0,0
1782238173.170186,kill_switch,RUN,1
1782238173.170186,engine_on_counter,0,0
1782238173.189727,gear_position,N,0
1782238173.189727,shift_lever_displaced,DISPLACED,1
1782238173.189727,shift_lever_failed,OK,0
1782238173.189975,rpm,0,0
1782238173.189975,throttle_position,0,0
1782238173.190227,kill_switch,RUN,1
1782238173.190227,engine_on_counter,0,0
1782238173.197046,gear_position,N,0
1782238173.197046,shift_lever_displaced,DISPLACED,1
1782238173.197046,shift_lever_failed,OK,0
1782238173.197286,coolant_temp,73.0,730
1782238173.197286,warmup_index,0,0
1782238173.197286,side_stand,UP,1
1782238173.197819,rpm,0,0
1782238173.197819,throttle_position,0,0
1782238173.209908,kill_switch,RUN,1
1782238173.209908,engine_on_counter,0,0
1782238173.221037,gear_position,N,0
1782238173.221037,shift_lever_displaced,DISPLACED,1
1782238173.221037,shift_lever_failed,OK,0
1782238173.221193,rpm,0,0
1782238173.221193,throttle_position,0,0
1782238173.221339,kill_switch,RUN,1
1782238173.221339,engine_on_counter,0,0
1782238173.237494,gear_position,N,0
1782238173.237494,shift_lever_displaced,DISPLACED,1
1782238173.237494,shift_lever_failed,OK,0
1782238173.237742,rpm,0,0
1782238173.237742,throttle_position,0,0
1782238173.251374,kill_switch,RUN,1
1782238173.251374,engine_on_counter,0,0
1782238173.252020,gear_position,N,0
1782238173.252020,shift_lever_displaced,DISPLACED,1
1782238173.252020,shift_lever_failed,OK,0
1782238173.269753,rpm,0,0
1782238173.269753,throttle_position,0,0
1782238173.270261,kill_switch,RUN,1
1782238173.270261,engine_on_counter,0,0
1782238173.280515,gear_position,N,0
1782238173.280515,shift_lever_displaced,DISPLACED,1
1782238173.280515,shift_lever_failed,OK,0
1782238173.280762,rpm,0,0
1782238173.280762,throttle_position,0,0
1782238173.281003,kill_switch,RUN,1
1782238173.281003,engine_on_counter,0,0
1782238173.295536,gear_position,N,0
1782238173.295536,shift_lever_displaced,DISPLACED,1
1782238173.295536,shift_lever_failed,OK,0
1782238173.295604,coolant_temp,73.0,730
1782238173.295604,warmup_index,0,0
1782238173.295604,side_stand,UP,1
1782238173.309497,rpm,0,0
1782238173.309497,throttle_position,0,0
1782238173.309565,kill_switch,RUN,1
1782238173.309565,engine_on_counter,0,0
1782238173.320033,gear_position,N,0
1782238173.320033,shift_lever_displaced,DISPLACED,1
1782238173.320033,shift_lever_failed,OK,0
1782238173.320100,rpm,0,0
1782238173.320100,throttle_position,0,0
1782238173.320165,kill_switch,RUN,1
1782238173.320165,engine_on_counter,0,0
1782238173.331738,gear_position,N,0
1782238173.331738,shift_lever_displaced,DISPLACED,1
1782238173.331738,shift_lever_failed,OK,0
1782238173.349990,rpm,0,0
1782238173.349990,throttle_position,0,0
1782238173.350078,kill_switch,RUN,1
1782238173.350078,engine_on_counter,0,0
1782238173.359897,gear_position,N,0
1782238173.359897,shift_lever_displaced,DISPLACED,1
1782238173.359897,shift_lever_failed,OK,0
1782238173.359987,rpm,0,0
1782238173.359987,throttle_position,0,0
1782238173.360159,kill_switch,RUN,1
1782238173.360159,engine_on_counter,0,0
1782238173.376779,gear_position,N,0
1782238173.376779,shift_lever_displaced,DISPLACED,1
1782238173.376779,shift_lever_failed,OK,0
1782238173.376865,rpm,0,0
1782238173.376865,throttle_position,0,0
1782238173.390188,kill_switch,RUN,1
1782238173.390188,engine_on_counter,0,0
1782238173.390734,gear_position,N,0
1782238173.390734,shift_lever_displaced,DISPLACED,1
1782238173.390734,shift_lever_failed,OK,0
1782238173.403206,coolant_temp,73.0,730
1782238173.403206,warmup_index,0,0
1782238173.403206,side_stand,UP,1
1782238173.403510,rpm,0,0
1782238173.403510,throttle_position,0,0
1782238173.403628,kill_switch,RUN,1
1782238173.403628,engine_on_counter,0,0
1782238173.420128,gear_position,N,0
1782238173.420128,shift_lever_displaced,DISPLACED,1
1782238173.420128,shift_lever_failed,OK,0
1782238173.420284,rpm,0,0
1782238173.420284,throttle_position,0,0
1782238173.420449,kill_switch,RUN,1
1782238173.420449,engine_on_counter,0,0
1782238173.451759,gear_position,N,0
1782238173.451759,shift_lever_displaced,DISPLACED,1
1782238173.451759,shift_lever_failed,OK,0
1782238173.451894,rpm,0,0
1782238173.451894,throttle_position,0,0
1782238173.452018,kill_switch,RUN,1
1782238173.452018,engine_on_counter,0,0
1782238173.459830,gear_position,N,0
1782238173.459830,shift_lever_displaced,DISPLACED,1
1782238173.459830,shift_lever_failed,OK,0
1782238173.459968,rpm,0,0
1782238173.459968,throttle_position,0,0
1782238173.460255,kill_switch,RUN,1
1782238173.460255,engine_on_counter,0,0
1782238173.472841,gear_position,N,0
1782238173.472841,shift_lever_displaced,DISPLACED,1
1782238173.472841,shift_lever_failed,OK,0
1782238173.489988,rpm,0,0
1782238173.489988,throttle_position,0,0
1782238173.490094,kill_switch,RUN,1
1782238173.490094,engine_on_counter,0,0
1782238173.499904,gear_position,N,0
1782238173.499904,shift_lever_displaced,DISPLACED,1
1782238173.499904,shift_lever_failed,OK,0
1782238173.500023,coolant_temp,73.0,730
1782238173.500023,warmup_index,0,0
1782238173.500023,side_stand,UP,1
1782238173.500243,rpm,0,0
1782238173.500243,throttle_position,0,0
1782238173.500350,kill_switch,RUN,1
1782238173.500350,engine_on_counter,0,0
1782238173.511955,gear_position,N,0
1782238173.511955,shift_lever_displaced,DISPLACED,1
1782238173.511955,shift_lever_failed,OK,0
1782238173.529374,rpm,0,0
1782238173.529374,throttle_position,0,0
1782238173.529559,kill_switch,RUN,1
1782238173.529559,engine_on_counter,0,0
1782238173.545124,gear_position,N,0
1782238173.545124,shift_lever_displaced,DISPLACED,1
1782238173.545124,shift_lever_failed,OK,0
1782238173.545219,rpm,0,0
1782238173.545219,throttle_position,0,0
1782238173.545308,kill_switch,RUN,1
1782238173.545308,engine_on_counter,0,0
1782238173.556756,gear_position,N,0
1782238173.556756,shift_lever_displaced,DISPLACED,1
1782238173.556756,shift_lever_failed,OK,0
1782238173.556843,rpm,0,0
1782238173.556843,throttle_position,0,0
1782238173.570169,kill_switch,RUN,1
1782238173.570169,engine_on_counter,0,0
1782238173.589779,gear_position,N,0
1782238173.589779,shift_lever_displaced,DISPLACED,1
1782238173.589779,shift_lever_failed,OK,0
1782238173.589897,rpm,0,0
1782238173.589897,throttle_position,0,0
1782238173.590001,kill_switch,RUN,1
1782238173.590001,engine_on_counter,0,0
1782238173.596658,gear_position,N,0
1782238173.596658,shift_lever_displaced,DISPLACED,1
1782238173.596658,shift_lever_failed,OK,0
1782238173.596764,coolant_temp,73.0,730
1782238173.596764,warmup_index,0,0
1782238173.596764,side_stand,UP,1
1782238173.596974,rpm,0,0
1782238173.596974,throttle_position,0,0
1782238173.610014,kill_switch,RUN,1
1782238173.610014,engine_on_counter,0,0
1782238173.620358,gear_position,N,0
1782238173.620358,shift_lever_displaced,DISPLACED,1
1782238173.620358,shift_lever_failed,OK,0
1782238173.620506,rpm,0,0
1782238173.620506,throttle_position,0,0
1782238173.620618,kill_switch,RUN,1
1782238173.620618,engine_on_counter,0,0
1782238173.640398,gear_position,N,0
1782238173.640398,shift_lever_displaced,DISPLACED,1
1782238173.640398,shift_lever_failed,OK,0
1782238173.640644,rpm,0,0
1782238173.640644,throttle_position,0,0
1782238173.640890,kill_switch,RUN,1
1782238173.640890,engine_on_counter,0,0
1782238173.653778,gear_position,N,0
1782238173.653778,shift_lever_displaced,DISPLACED,1
1782238173.653778,shift_lever_failed,OK,0
1782238173.653918,rpm,0,0
1782238173.653918,throttle_position,0,0
1782238173.670075,kill_switch,RUN,1
1782238173.670075,engine_on_counter,0,0
1782238173.679925,gear_position,N,0
1782238173.679925,shift_lever_displaced,DISPLACED,1
1782238173.679925,shift_lever_failed,OK,0
1782238173.680042,rpm,0,0
1782238173.680042,throttle_position,0,0
1782238173.680159,kill_switch,RUN,1
1782238173.680159,engine_on_counter,0,0
1782238173.692052,gear_position,N,0
1782238173.692052,shift_lever_displaced,DISPLACED,1
1782238173.692052,shift_lever_failed,OK,0
1782238173.692225,coolant_temp,72.9,729
1782238173.692225,warmup_index,0,0
1782238173.692225,side_stand,UP,1
1782238173.709778,rpm,0,0
1782238173.709778,throttle_position,0,0
1782238173.710046,kill_switch,RUN,1
1782238173.710046,engine_on_counter,0,0
1782238173.720436,gear_position,N,0
1782238173.720436,shift_lever_displaced,DISPLACED,1
1782238173.720436,shift_lever_failed,OK,0
1782238173.720673,rpm,0,0
1782238173.720673,throttle_position,0,0
1782238173.720908,kill_switch,RUN,1
1782238173.720908,engine_on_counter,0,0
1782238173.737528,gear_position,N,0
1782238173.737528,shift_lever_displaced,DISPLACED,1
1782238173.737528,shift_lever_failed,OK,0
1782238173.737813,rpm,0,0
1782238173.737813,throttle_position,0,0
1782238173.750366,kill_switch,RUN,1
1782238173.750366,engine_on_counter,0,0
1782238173.769383,gear_position,N,0
1782238173.769383,shift_lever_displaced,DISPLACED,1
1782238173.769383,shift_lever_failed,OK,0
1782238173.769651,rpm,0,0
1782238173.769651,throttle_position,0,0
1782238173.770147,kill_switch,RUN,1
1782238173.770147,engine_on_counter,0,0
1782238173.780278,gear_position,N,0
1782238173.780278,shift_lever_displaced,DISPLACED,1
1782238173.780278,shift_lever_failed,OK,0
1782238173.780518,rpm,0,0
1782238173.780518,throttle_position,0,0
1782238173.780757,kill_switch,RUN,1
1782238173.780757,engine_on_counter,0,0
1782238173.803862,gear_position,N,0
1782238173.803862,shift_lever_displaced,DISPLACED,1
1782238173.803862,shift_lever_failed,OK,0
1782238173.803960,coolant_temp,72.9,729
1782238173.803960,warmup_index,0,0
1782238173.803960,side_stand,UP,1
1782238173.809531,rpm,0,0
1782238173.809531,throttle_position,0,0
1782238173.809627,kill_switch,RUN,1
1782238173.809627,engine_on_counter,0,0
1782238173.819816,gear_position,N,0
1782238173.819816,shift_lever_displaced,DISPLACED,1
1782238173.819816,shift_lever_failed,OK,0
1782238173.819902,rpm,0,0
1782238173.819902,throttle_position,0,0
1782238173.819989,kill_switch,RUN,1
1782238173.819989,engine_on_counter,0,0
1782238173.849894,gear_position,N,0
1782238173.849894,shift_lever_displaced,DISPLACED,1
1782238173.849894,shift_lever_failed,OK,0
1782238173.850004,rpm,0,0
1782238173.850004,throttle_position,0,0
1782238173.850109,kill_switch,RUN,1
1782238173.850109,engine_on_counter,0,0
1782238173.859899,gear_position,N,0
1782238173.859899,shift_lever_displaced,DISPLACED,1
1782238173.859899,shift_lever_failed,OK,0
1782238173.860001,rpm,0,0
1782238173.860001,throttle_position,0,0
1782238173.860209,kill_switch,RUN,1
1782238173.860209,engine_on_counter,0,0
1782238173.877125,gear_position,N,0
1782238173.877125,shift_lever_displaced,DISPLACED,1
1782238173.877125,shift_lever_failed,OK,0
1782238173.877267,rpm,0,0
1782238173.877267,throttle_position,0,0
1782238173.890288,kill_switch,RUN,1
1782238173.890288,engine_on_counter,0,0
1782238173.890922,gear_position,N,0
1782238173.890922,shift_lever_displaced,DISPLACED,1
1782238173.890922,shift_lever_failed,OK,0
1782238173.899883,coolant_temp,72.9,729
1782238173.899883,warmup_index,0,0
1782238173.899883,side_stand,UP,1
1782238173.900279,rpm,0,0
1782238173.900279,throttle_position,0,0
1782238173.900477,kill_switch,RUN,1
1782238173.900477,engine_on_counter,0,0
1782238173.918434,gear_position,N,0
1782238173.918434,shift_lever_displaced,DISPLACED,1
1782238173.918434,shift_lever_failed,OK,0
1782238173.918552,rpm,0,0
1782238173.918552,throttle_position,0,0
1782238173.929776,kill_switch,RUN,1
1782238173.929776,engine_on_counter,0,0
1782238173.950809,gear_position,N,0
1782238173.950809,shift_lever_displaced,DISPLACED,1
1782238173.950809,shift_lever_failed,OK,0
1782238173.950952,rpm,0,0
1782238173.950952,throttle_position,0,0
1782238173.951093,kill_switch,RUN,1
1782238173.951093,engine_on_counter,0,0
1782238173.959939,gear_position,N,0
1782238173.959939,shift_lever_displaced,DISPLACED,1
1782238173.959939,shift_lever_failed,OK,0
1782238173.960118,rpm,0,0
1782238173.960118,throttle_position,0,0
1782238173.960467,kill_switch,RUN,1
1782238173.960467,engine_on_counter,0,0
1782238173.989692,gear_position,N,0
1782238173.989692,shift_lever_displaced,DISPLACED,1
1782238173.989692,shift_lever_failed,OK,0
1782238173.989986,rpm,0,0
1782238173.989986,throttle_position,0,0
1782238173.990236,kill_switch,RUN,1
1782238173.990236,engine_on_counter,0,0
1782238173.999740,gear_position,N,0
1782238173.999740,shift_lever_displaced,DISPLACED,1
1782238173.999740,shift_lever_failed,OK,0
1782238173.999977,coolant_temp,72.9,729
1782238173.999977,warmup_index,0,0
1782238173.999977,side_stand,UP,1
1782238174.000455,rpm,0,0
1782238174.000455,throttle_position,0,0
1782238174.000695,kill_switch,RUN,1
1782238174.000695,engine_on_counter,0,0
1782238174.012866,gear_position,N,0
1782238174.012866,shift_lever_displaced,DISPLACED,1
1782238174.012866,shift_lever_failed,OK,0
1782238174.029453,rpm,0,0
1782238174.029453,throttle_position,0,0
1782238174.029708,kill_switch,RUN,1
1782238174.029708,engine_on_counter,0,0
1782238174.045757,gear_position,N,0
1782238174.045757,shift_lever_displaced,DISPLACED,1
1782238174.045757,shift_lever_failed,OK,0
1782238174.045846,rpm,0,0
1782238174.045846,throttle_position,0,0
1782238174.045935,kill_switch,RUN,1
1782238174.045935,engine_on_counter,0,0
1782238174.053451,gear_position,N,0
1782238174.053451,shift_lever_displaced,DISPLACED,1
1782238174.053451,shift_lever_failed,OK,0
1782238174.053537,rpm,0,0
1782238174.053537,throttle_position,0,0
1782238174.069976,kill_switch,RUN,1
1782238174.069976,engine_on_counter,0,0
1782238174.089508,gear_position,N,0
1782238174.089508,shift_lever_displaced,DISPLACED,1
1782238174.089508,shift_lever_failed,OK,0
1782238174.089614,rpm,0,0
1782238174.089614,throttle_position,0,0
1782238174.089718,kill_switch,RUN,1
1782238174.089718,engine_on_counter,0,0
1782238174.096707,gear_position,N,0
1782238174.096707,shift_lever_displaced,DISPLACED,1
1782238174.096707,shift_lever_failed,OK,0
1782238174.096808,coolant_temp,72.9,729
1782238174.096808,warmup_index,0,0
1782238174.096808,side_stand,UP,1
1782238174.097012,rpm,0,0
1782238174.097012,throttle_position,0,0
1782238174.110166,kill_switch,RUN,1
1782238174.110166,engine_on_counter,0,0
1782238174.120131,gear_position,N,0
1782238174.120131,shift_lever_displaced,DISPLACED,1
1782238174.120131,shift_lever_failed,OK,0
1782238174.120284,rpm,0,0
1782238174.120284,throttle_position,0,0
1782238174.120396,kill_switch,RUN,1
1782238174.120396,engine_on_counter,0,0
1782238174.137211,gear_position,N,0
1782238174.137211,shift_lever_displaced,DISPLACED,1
1782238174.137211,shift_lever_failed,OK,0
1782238174.137392,rpm,0,0
1782238174.137392,throttle_position,0,0
1782238174.151444,kill_switch,RUN,1
1782238174.151444,engine_on_counter,0,0
1782238174.152360,gear_position,N,0
1782238174.152360,shift_lever_displaced,DISPLACED,1
1782238174.152360,shift_lever_failed,OK,0
1782238174.169667,rpm,0,0
1782238174.169667,throttle_position,0,0
1782238174.170181,kill_switch,RUN,1
1782238174.170181,engine_on_counter,0,0
1782238174.180301,gear_position,N,0
1782238174.180301,shift_lever_displaced,DISPLACED,1
1782238174.180301,shift_lever_failed,OK,0
1782238174.180538,rpm,0,0
1782238174.180538,throttle_position,0,0
1782238174.180775,kill_switch,RUN,1
1782238174.180775,engine_on_counter,0,0
1782238174.191781,gear_position,N,0
1782238174.191781,shift_lever_displaced,DISPLACED,1
1782238174.191781,shift_lever_failed,OK,0
1782238174.191853,coolant_temp,72.9,729
1782238174.191853,warmup_index,0,0
1782238174.191853,side_stand,UP,1
1782238174.209436,rpm,0,0
1782238174.209436,throttle_position,0,0
1782238174.209521,kill_switch,RUN,1
1782238174.209521,engine_on_counter,0,0
1782238174.220042,gear_position,N,0
1782238174.220042,shift_lever_displaced,DISPLACED,1
1782238174.220042,shift_lever_failed,OK,0
1782238174.220132,rpm,0,0
1782238174.220132,throttle_position,0,0
1782238174.220221,kill_switch,RUN,1
1782238174.220221,engine_on_counter,0,0
1782238174.232325,gear_position,N,0
1782238174.232325,shift_lever_displaced,DISPLACED,1
1782238174.232325,shift_lever_failed,OK,0
1782238174.249991,rpm,0,0
1782238174.249991,throttle_position,0,0
1782238174.250108,kill_switch,RUN,1
1782238174.250108,engine_on_counter,0,0
1782238174.269485,gear_position,N,0
1782238174.269485,shift_lever_displaced,DISPLACED,1
1782238174.269485,shift_lever_failed,OK,0
1782238174.269695,rpm,0,0
1782238174.269695,throttle_position,0,0
1782238174.270024,kill_switch,RUN,1
1782238174.270024,engine_on_counter,0,0
1782238174.277413,gear_position,N,0
1782238174.277413,shift_lever_displaced,DISPLACED,1
1782238174.277413,shift_lever_failed,OK,0
1782238174.277655,rpm,0,0
1782238174.277655,throttle_position,0,0
1782238174.292188,kill_switch,RUN,1
1782238174.292188,engine_on_counter,0,0
1782238174.297776,gear_position,N,0
1782238174.297776,shift_lever_displaced,DISPLACED,1
1782238174.297776,shift_lever_failed,OK,0
1782238174.303159,coolant_temp,72.9,729
1782238174.303159,warmup_index,0,0
1782238174.303159,side_stand,UP,1
1782238174.303301,rpm,0,0
1782238174.303301,throttle_position,0,0
1782238174.303357,kill_switch,RUN,1
1782238174.303357,engine_on_counter,0,0
1782238174.319801,gear_position,N,0
1782238174.319801,shift_lever_displaced,DISPLACED,1
1782238174.319801,shift_lever_failed,OK,0
1782238174.319862,rpm,0,0
1782238174.319862,throttle_position,0,0
1782238174.319925,kill_switch,RUN,1
1782238174.319925,engine_on_counter,0,0
1782238174.349880,gear_position,N,0
1782238174.349880,shift_lever_displaced,DISPLACED,1
1782238174.349880,shift_lever_failed,OK,0
1782238174.349961,rpm,0,0
1782238174.349961,throttle_position,0,0
1782238174.350031,kill_switch,RUN,1
1782238174.350031,engine_on_counter,0,0
1782238174.359591,gear_position,N,0
1782238174.359591,shift_lever_displaced,DISPLACED,1
1782238174.359591,shift_lever_failed,OK,0
1782238174.359667,rpm,0,0
1782238174.359667,throttle_position,0,0
1782238174.359819,kill_switch,RUN,1
1782238174.359819,engine_on_counter,0,0
1782238174.371828,gear_position,N,0
1782238174.371828,shift_lever_displaced,DISPLACED,1
1782238174.371828,shift_lever_failed,OK,0
1782238174.390014,rpm,0,0
1782238174.390014,throttle_position,0,0
1782238174.390111,kill_switch,RUN,1
1782238174.390111,engine_on_counter,0,0
1782238174.399755,gear_position,N,0
1782238174.399755,shift_lever_displaced,DISPLACED,1
1782238174.399755,shift_lever_failed,OK,0
1782238174.399848,coolant_temp,72.9,729
1782238174.399848,warmup_index,0,0
1782238174.399848,side_stand,UP,1
1782238174.400026,rpm,0,0
1782238174.400026,throttle_position,0,0
1782238174.400114,kill_switch,RUN,1
1782238174.400114,engine_on_counter,0,0
1782238174.417071,gear_position,N,0
1782238174.417071,shift_lever_displaced,DISPLACED,1
1782238174.417071,shift_lever_failed,OK,0
1782238174.417185,rpm,0,0
1782238174.417185,throttle_position,0,0
1782238174.429422,kill_switch,RUN,1
1782238174.429422,engine_on_counter,0,0
1782238174.440096,gear_position,N,0
1782238174.440096,shift_lever_displaced,DISPLACED,1
1782238174.440096,shift_lever_failed,OK,0
1782238174.440274,rpm,0,0
1782238174.440274,throttle_position,0,0
1782238174.440457,kill_switch,RUN,1
1782238174.440457,engine_on_counter,0,0
1782238174.456850,gear_position,N,0
1782238174.456850,shift_lever_displaced,DISPLACED,1
1782238174.456850,shift_lever_failed,OK,0
1782238174.456967,rpm,0,0
1782238174.456967,throttle_position,0,0
1782238174.470123,kill_switch,RUN,1
1782238174.470123,engine_on_counter,0,0
1782238174.489946,gear_position,N,0
1782238174.489946,shift_lever_displaced,DISPLACED,1
1782238174.489946,shift_lever_failed,OK,0
1782238174.490216,rpm,0,0
1782238174.490216,throttle_position,0,0
1782238174.490465,kill_switch,RUN,1
1782238174.490465,engine_on_counter,0,0
1782238174.499827,gear_position,N,0
1782238174.499827,shift_lever_displaced,DISPLACED,1
1782238174.499827,shift_lever_failed,OK,0
1782238174.500072,coolant_temp,72.9,729
1782238174.500072,warmup_index,0,0
1782238174.500072,side_stand,UP,1
1782238174.500558,rpm,0,0
1782238174.500558,throttle_position,0,0
1782238174.500796,kill_switch,RUN,1
1782238174.500796,engine_on_counter,0,0
1782238174.520281,gear_position,N,0
1782238174.520281,shift_lever_displaced,DISPLACED,1
1782238174.520281,shift_lever_failed,OK,0
1782238174.520406,rpm,0,0
1782238174.520406,throttle_position,0,0
1782238174.520515,kill_switch,RUN,1
1782238174.520515,engine_on_counter,0,0
1782238174.548813,gear_position,N,0
1782238174.548813,shift_lever_displaced,DISPLACED,1
1782238174.548813,shift_lever_failed,OK,0
1782238174.548903,rpm,0,0
1782238174.548903,throttle_position,0,0
1782238174.548992,kill_switch,RUN,1
1782238174.548992,engine_on_counter,0,0
1782238174.553501,gear_position,N,0
1782238174.553501,shift_lever_displaced,DISPLACED,1
1782238174.553501,shift_lever_failed,OK,0
1782238174.553590,rpm,0,0
1782238174.553590,throttle_position,0,0
1782238174.570015,kill_switch,RUN,1
1782238174.570015,engine_on_counter,0,0
1782238174.580035,gear_position,N,0
1782238174.580035,shift_lever_displaced,DISPLACED,1
1782238174.580035,shift_lever_failed,OK,0
1782238174.580143,rpm,0,0
1782238174.580143,throttle_position,0,0
1782238174.584985,kill_switch,RUN,1
1782238174.584985,engine_on_counter,0,0
1782238174.591814,gear_position,N,0
1782238174.591814,shift_lever_displaced,DISPLACED,1
1782238174.591814,shift_lever_failed,OK,0
1782238174.591903,coolant_temp,72.9,729
1782238174.591903,warmup_index,0,0
1782238174.591903,side_stand,UP,1
1782238174.610043,rpm,0,0
1782238174.610043,throttle_position,0,0
1782238174.610231,kill_switch,RUN,1
1782238174.610231,engine_on_counter,0,0
1782238174.620130,gear_position,N,0
1782238174.620130,shift_lever_displaced,DISPLACED,1
1782238174.620130,shift_lever_failed,OK,0
1782238174.620241,rpm,0,0
1782238174.620241,throttle_position,0,0
1782238174.620346,kill_switch,RUN,1
1782238174.620346,engine_on_counter,0,0
1782238174.639253,gear_position,N,0
1782238174.639253,shift_lever_displaced,DISPLACED,1
1782238174.639253,shift_lever_failed,OK,0
1782238174.639428,rpm,0,0
1782238174.639428,throttle_position,0,0
1782238174.651553,kill_switch,RUN,1
1782238174.651553,engine_on_counter,0,0
1782238174.652176,gear_position,N,0
1782238174.652176,shift_lever_displaced,DISPLACED,1
1782238174.652176,shift_lever_failed,OK,0
1782238174.669603,rpm,0,0
1782238174.669603,throttle_position,0,0
1782238174.670119,kill_switch,RUN,1
1782238174.670119,engine_on_counter,0,0
1782238174.680182,gear_position,N,0
1782238174.680182,shift_lever_displaced,DISPLACED,1
1782238174.680182,shift_lever_failed,OK,0
1782238174.680424,rpm,0,0
1782238174.680424,throttle_position,0,0
1782238174.680681,kill_switch,RUN,1
1782238174.680681,engine_on_counter,0,0
1782238174.691149,gear_position,N,0
1782238174.691149,shift_lever_displaced,DISPLACED,1
1782238174.691149,shift_lever_failed,OK,0
1782238174.691289,coolant_temp,72.9,729
1782238174.691289,warmup_index,0,0
1782238174.691289,side_stand,UP,1
1782238174.709782,rpm,0,0
1782238174.709782,throttle_position,0,0
1782238174.710031,kill_switch,RUN,1
1782238174.710031,engine_on_counter,0,0
1782238174.720370,gear_position,N,0
1782238174.720370,shift_lever_displaced,DISPLACED,1
1782238174.720370,shift_lever_failed,OK,0
1782238174.720616,rpm,0,0
1782238174.720616,throttle_position,0,0
1782238174.720860,kill_switch,RUN,1
1782238174.720860,engine_on_counter,0,0
1782238174.750406,gear_position,N,0
1782238174.750406,shift_lever_displaced,DISPLACED,1
1782238174.750406,shift_lever_failed,OK,0
1782238174.750681,rpm,0,0
1782238174.750681,throttle_position,0,0
1782238174.750843,kill_switch,RUN,1
1782238174.750843,engine_on_counter,0,0
1782238174.759882,gear_position,N,0
1782238174.759882,shift_lever_displaced,DISPLACED,1
1782238174.759882,shift_lever_failed,OK,0
1782238174.760063,rpm,0,0
1782238174.760063,throttle_position,0,0
1782238174.760418,kill_switch,RUN,1
1782238174.760418,engine_on_counter,0,0
1782238174.779543,gear_position,N,0
1782238174.779543,shift_lever_displaced,DISPLACED,1
1782238174.779543,shift_lever_failed,OK,0
1782238174.779809,rpm,0,0
1782238174.779809,throttle_position,0,0
1782238174.795245,kill_switch,RUN,1
1782238174.795245,engine_on_counter,0,0
1782238174.795556,gear_position,N,0
1782238174.795556,shift_lever_displaced,DISPLACED,1
1782238174.795556,shift_lever_failed,OK,0
1782238174.799390,coolant_temp,72.9,729
1782238174.799390,warmup_index,0,0
1782238174.799390,side_stand,UP,1
1782238174.799502,rpm,0,0
1782238174.799502,throttle_position,0,0
1782238174.810153,kill_switch,RUN,1
1782238174.810153,engine_on_counter,0,0
1782238174.820455,gear_position,N,0
1782238174.820455,shift_lever_displaced,DISPLACED,1
1782238174.820455,shift_lever_failed,OK,0
1782238174.820518,rpm,0,0
1782238174.820518,throttle_position,0,0
1782238174.820578,kill_switch,RUN,1
1782238174.820578,engine_on_counter,0,0
1782238174.839840,gear_position,N,0
1782238174.839840,shift_lever_displaced,DISPLACED,1
1782238174.839840,shift_lever_failed,OK,0
1782238174.839907,rpm,0,0
1782238174.839907,throttle_position,0,0
1782238174.851621,kill_switch,RUN,1
1782238174.851621,engine_on_counter,0,0
1782238174.851818,gear_position,N,0
1782238174.851818,shift_lever_displaced,REST,0
1782238174.851818,shift_lever_failed,OK,0
1782238174.869582,rpm,0,0
1782238174.869582,throttle_position,0,0
1782238174.869906,kill_switch,RUN,1
1782238174.869906,engine_on_counter,0,0
1782238174.880042,gear_position,N,0
1782238174.880042,shift_lever_displaced,REST,0
1782238174.880042,shift_lever_failed,OK,0
1782238174.880128,rpm,0,0
1782238174.880128,throttle_position,0,0
1782238174.891634,kill_switch,RUN,1
1782238174.891634,engine_on_counter,0,0
1782238174.891931,gear_position,N,0
1782238174.891931,shift_lever_displaced,REST,0
1782238174.891931,shift_lever_failed,OK,0
1782238174.892020,coolant_temp,72.9,729
1782238174.892020,warmup_index,0,0
1782238174.892020,side_stand,UP,1
1782238174.909926,rpm,0,0
1782238174.909926,throttle_position,0,0
1782238174.910308,kill_switch,RUN,1
1782238174.910308,engine_on_counter,0,0
1782238174.920095,gear_position,N,0
1782238174.920095,shift_lever_displaced,REST,0
1782238174.920095,shift_lever_failed,OK,0
1782238174.920210,rpm,0,0
1782238174.920210,throttle_position,0,0
1782238174.920327,kill_switch,RUN,1
1782238174.920327,engine_on_counter,0,0
1782238174.932405,gear_position,N,0
1782238174.932405,shift_lever_displaced,REST,0
1782238174.932405,shift_lever_failed,OK,0
1782238174.951238,rpm,0,0
1782238174.951238,throttle_position,0,0
1782238174.951730,kill_switch,RUN,1
1782238174.951730,engine_on_counter,0,0
1782238174.969466,gear_position,N,0
1782238174.969466,shift_lever_displaced,REST,0
1782238174.969466,shift_lever_failed,OK,0
1782238174.969724,rpm,0,0
1782238174.969724,throttle_position,0,0
1782238174.970709,kill_switch,RUN,1
1782238174.970709,engine_on_counter,0,0
1782238174.980405,gear_position,N,0
1782238174.980405,shift_lever_displaced,REST,0
1782238174.980405,shift_lever_failed,OK,0
1782238174.980648,rpm,0,0
1782238174.980648,throttle_position,0,0
1782238174.991093,kill_switch,RUN,1
1782238174.991093,engine_on_counter,0,0
1782238174.991305,gear_position,N,0
1782238174.991305,shift_lever_displaced,REST,0
1782238174.991305,shift_lever_failed,OK,0
1782238174.991372,coolant_temp,72.9,729
1782238174.991372,warmup_index,0,0
1782238174.991372,side_stand,UP,1
1782238175.003305,rpm,0,0
1782238175.003305,throttle_position,0,0
1782238175.003538,kill_switch,RUN,1
1782238175.003538,engine_on_counter,0,0
1782238175.019987,gear_position,N,0
1782238175.019987,shift_lever_displaced,REST,0
1782238175.019987,shift_lever_failed,OK,0
1782238175.020065,rpm,0,0
1782238175.020065,throttle_position,0,0
1782238175.020141,kill_switch,RUN,1
1782238175.020141,engine_on_counter,0,0
1782238175.049820,gear_position,N,0
1782238175.049820,shift_lever_displaced,REST,0
1782238175.049820,shift_lever_failed,OK,0
1782238175.049897,rpm,0,0
1782238175.049897,throttle_position,0,0
1782238175.050101,kill_switch,RUN,1
1782238175.050101,engine_on_counter,0,0
1782238175.059964,gear_position,N,0
1782238175.059964,shift_lever_displaced,REST,0
1782238175.059964,shift_lever_failed,OK,0
1782238175.060041,rpm,0,0
1782238175.060041,throttle_position,0,0
1782238175.071570,kill_switch,RUN,1
1782238175.071570,engine_on_counter,0,0
1782238175.071872,gear_position,N,0
1782238175.071872,shift_lever_displaced,REST,0
1782238175.071872,shift_lever_failed,OK,0
1782238175.071946,rpm,0,0
1782238175.071946,throttle_position,0,0
1782238175.090340,kill_switch,RUN,1
1782238175.090340,engine_on_counter,0,0
1782238175.099825,gear_position,N,0
1782238175.099825,shift_lever_displaced,REST,0
1782238175.099825,shift_lever_failed,OK,0
1782238175.099919,coolant_temp,72.9,729
1782238175.099919,warmup_index,0,0
1782238175.099919,side_stand,UP,1
1782238175.100094,rpm,0,0
1782238175.100094,throttle_position,0,0
1782238175.119412,kill_switch,RUN,1
1782238175.119412,engine_on_counter,0,0
1782238175.119847,gear_position,N,0
1782238175.119847,shift_lever_displaced,REST,0
1782238175.119847,shift_lever_failed,OK,0
1782238175.119950,rpm,0,0
1782238175.119950,throttle_position,0,0
1782238175.130004,kill_switch,RUN,1
1782238175.130004,engine_on_counter,0,0
1782238175.152401,gear_position,N,0
1782238175.152401,shift_lever_displaced,REST,0
1782238175.152401,shift_lever_failed,OK,0
1782238175.152526,rpm,0,0
1782238175.152526,throttle_position,0,0
1782238175.152863,kill_switch,RUN,1
1782238175.152863,engine_on_counter,0,0
1782238175.159743,gear_position,N,0
1782238175.159743,shift_lever_displaced,REST,0
1782238175.159743,shift_lever_failed,OK,0
1782238175.159864,rpm,0,0
1782238175.159864,throttle_position,0,0
1782238175.170575,kill_switch,RUN,1
1782238175.170575,engine_on_counter,0,0
1782238175.189885,gear_position,N,0
1782238175.189885,shift_lever_displaced,REST,0
1782238175.189885,shift_lever_failed,OK,0
1782238175.190171,rpm,0,0
1782238175.190171,throttle_position,0,0
1782238175.190903,kill_switch,RUN,1
1782238175.190903,engine_on_counter,0,0
1782238175.199911,gear_position,N,0
1782238175.199911,shift_lever_displaced,REST,0
1782238175.199911,shift_lever_failed,OK,0
1782238175.200153,coolant_temp,72.9,729
1782238175.200153,warmup_index,0,0
1782238175.200153,side_stand,UP,1
1782238175.200634,rpm,0,0
1782238175.200634,throttle_position,0,0
1782238175.211718,kill_switch,RUN,1
1782238175.211718,engine_on_counter,0,0
1782238175.212160,gear_position,N,0
1782238175.212160,shift_lever_displaced,REST,0
1782238175.212160,shift_lever_failed,OK,0
1782238175.220476,rpm,0,0
1782238175.220476,throttle_position,0,0
1782238175.220915,kill_switch,RUN,1
1782238175.220915,engine_on_counter,0,0
1782238175.240370,gear_position,N,0
1782238175.240370,shift_lever_displaced,REST,0
1782238175.240370,shift_lever_failed,OK,0
1782238175.240609,rpm,0,0
1782238175.240609,throttle_position,0,0
1782238175.253265,kill_switch,RUN,1
1782238175.253265,engine_on_counter,0,0
1782238175.253682,gear_position,N,0
1782238175.253682,shift_lever_displaced,REST,0
1782238175.253682,shift_lever_failed,OK,0
1782238175.253823,rpm,0,0
1782238175.253823,throttle_position,0,0
1782238175.270653,kill_switch,RUN,1
1782238175.270653,engine_on_counter,0,0
1782238175.290613,gear_position,N,0
1782238175.290613,shift_lever_displaced,REST,0
1782238175.290613,shift_lever_failed,OK,0
1782238175.295806,rpm,0,0
1782238175.295806,throttle_position,0,0
1782238175.296016,kill_switch,RUN,1
1782238175.296016,engine_on_counter,0,0
1782238175.299509,gear_position,N,0
1782238175.299509,shift_lever_displaced,REST,0
1782238175.299509,shift_lever_failed,OK,0
1782238175.299569,coolant_temp,72.9,729
1782238175.299569,warmup_index,0,0
1782238175.299569,side_stand,UP,1
1782238175.299692,rpm,0,0
1782238175.299692,throttle_position,0,0
1782238175.310050,kill_switch,RUN,1
1782238175.310050,engine_on_counter,0,0
1782238175.320285,gear_position,N,0
1782238175.320285,shift_lever_displaced,REST,0
1782238175.320285,shift_lever_failed,OK,0
1782238175.320353,rpm,0,0
1782238175.320353,throttle_position,0,0
1782238175.320420,kill_switch,RUN,1
1782238175.320420,engine_on_counter,0,0
1782238175.339615,gear_position,N,0
1782238175.339615,shift_lever_displaced,REST,0
1782238175.339615,shift_lever_failed,OK,0
1782238175.339682,rpm,0,0
1782238175.339682,throttle_position,0,0
1782238175.351806,kill_switch,RUN,1
1782238175.351806,engine_on_counter,0,0
1782238175.352034,gear_position,N,0
1782238175.352034,shift_lever_displaced,REST,0
1782238175.352034,shift_lever_failed,OK,0
1782238175.369666,rpm,0,0
1782238175.369666,throttle_position,0,0
1782238175.370037,kill_switch,RUN,1
1782238175.370037,engine_on_counter,0,0
1782238175.379834,gear_position,N,0
1782238175.379834,shift_lever_displaced,REST,0
1782238175.379834,shift_lever_failed,OK,0
1782238175.379922,rpm,0,0
1782238175.379922,throttle_position,0,0
1782238175.390659,kill_switch,RUN,1
1782238175.390659,engine_on_counter,0,0
1782238175.390933,gear_position,N,0
1782238175.390933,shift_lever_displaced,REST,0
1782238175.390933,shift_lever_failed,OK,0
1782238175.391020,coolant_temp,72.9,729
1782238175.391020,warmup_index,0,0
1782238175.391020,side_stand,UP,1
1782238175.409591,rpm,0,0
1782238175.409591,throttle_position,0,0
1782238175.409941,kill_switch,RUN,1
1782238175.409941,engine_on_counter,0,0
1782238175.420186,gear_position,N,0
1782238175.420186,shift_lever_displaced,REST,0
1782238175.420186,shift_lever_failed,OK,0
1782238175.420296,rpm,0,0
1782238175.420296,throttle_position,0,0
1782238175.431802,kill_switch,RUN,1
1782238175.431802,engine_on_counter,0,0
1782238175.432379,gear_position,N,0
1782238175.432379,shift_lever_displaced,REST,0
1782238175.432379,shift_lever_failed,OK,0
1782238175.452200,rpm,0,0
1782238175.452200,throttle_position,0,0
1782238175.452648,kill_switch,RUN,1
1782238175.452648,engine_on_counter,0,0
1782238175.459991,gear_position,N,0
1782238175.459991,shift_lever_displaced,REST,0
1782238175.459991,shift_lever_failed,OK,0
1782238175.460188,rpm,0,0
1782238175.460188,throttle_position,0,0
1782238175.479322,kill_switch,RUN,1
1782238175.479322,engine_on_counter,0,0
1782238175.480323,gear_position,N,0
1782238175.480323,shift_lever_displaced,REST,0
1782238175.480323,shift_lever_failed,OK,0
1782238175.480559,rpm,0,0
1782238175.480559,throttle_position,0,0
1782238175.490862,kill_switch,RUN,1
1782238175.490862,engine_on_counter,0,0
1782238175.491572,gear_position,N,0
1782238175.491572,shift_lever_displaced,REST,0
1782238175.491572,shift_lever_failed,OK,0
1782238175.503215,coolant_temp,72.9,729
1782238175.503215,warmup_index,0,0
1782238175.503215,side_stand,UP,1
1782238175.503695,rpm,0,0
1782238175.503695,throttle_position,0,0
1782238175.504408,kill_switch,RUN,1
1782238175.504408,engine_on_counter,0,0
1782238175.520106,gear_position,N,0
1782238175.520106,shift_lever_displaced,REST,0
1782238175.520106,shift_lever_failed,OK,0
1782238175.520221,rpm,0,0
1782238175.520221,throttle_position,0,0
1782238175.520336,kill_switch,RUN,1
1782238175.520336,engine_on_counter,0,0
1782238175.549408,gear_position,N,0
1782238175.549408,shift_lever_displaced,REST,0
1782238175.549408,shift_lever_failed,OK,0
1782238175.549485,rpm,0,0
1782238175.549485,throttle_position,0,0
1782238175.549674,kill_switch,RUN,1
1782238175.549674,engine_on_counter,0,0
1782238175.559746,gear_position,N,0
1782238175.559746,shift_lever_displaced,REST,0
1782238175.559746,shift_lever_failed,OK,0
1782238175.559812,rpm,0,0
1782238175.559812,throttle_position,0,0
1782238175.571548,kill_switch,RUN,1
1782238175.571548,engine_on_counter,0,0
1782238175.571818,gear_position,N,0
1782238175.571818,shift_lever_displaced,REST,0
1782238175.571818,shift_lever_failed,OK,0
1782238175.590166,rpm,0,0
1782238175.590166,throttle_position,0,0
1782238175.590407,kill_switch,RUN,1
1782238175.590407,engine_on_counter,0,0
1782238175.599875,gear_position,N,0
1782238175.599875,shift_lever_displaced,REST,0
1782238175.599875,shift_lever_failed,OK,0
1782238175.599953,coolant_temp,72.9,729
1782238175.599953,warmup_index,0,0
1782238175.599953,side_stand,UP,1
1782238175.600103,rpm,0,0
1782238175.600103,throttle_position,0,0
1782238175.611626,kill_switch,RUN,1
1782238175.611626,engine_on_counter,0,0
1782238175.611984,gear_position,N,0
1782238175.611984,shift_lever_displaced,REST,0
1782238175.611984,shift_lever_failed,OK,0
1782238175.629349,rpm,0,0
1782238175.629349,throttle_position,0,0
1782238175.629794,kill_switch,RUN,1
1782238175.629794,engine_on_counter,0,0
1782238175.640042,gear_position,N,0
1782238175.640042,shift_lever_displaced,REST,0
1782238175.640042,shift_lever_failed,OK,0
1782238175.640145,rpm,0,0
1782238175.640145,throttle_position,0,0
1782238175.659466,kill_switch,RUN,1
1782238175.659466,engine_on_counter,0,0
1782238175.659908,gear_position,N,0
1782238175.659908,shift_lever_displaced,REST,0
1782238175.659908,shift_lever_failed,OK,0
1782238175.660033,rpm,0,0
1782238175.660033,throttle_position,0,0
1782238175.670561,kill_switch,RUN,1
1782238175.670561,engine_on_counter,0,0
1782238175.689445,gear_position,N,0
1782238175.689445,shift_lever_displaced,REST,0
1782238175.689445,shift_lever_failed,OK,0
1782238175.689596,rpm,0,0
1782238175.689596,throttle_position,0,0
1782238175.689976,kill_switch,RUN,1
1782238175.689976,engine_on_counter,0,0
1782238175.699654,gear_position,N,0
1782238175.699654,shift_lever_displaced,REST,0
1782238175.699654,shift_lever_failed,OK,0
1782238175.699831,coolant_temp,72.9,729
1782238175.699831,warmup_index,0,0
1782238175.699831,side_stand,UP,1
1782238175.700184,rpm,0,0
1782238175.700184,throttle_position,0,0
1782238175.710627,kill_switch,RUN,1
1782238175.710627,engine_on_counter,0,0
1782238175.720454,gear_position,N,0
1782238175.720454,shift_lever_displaced,REST,0
1782238175.720454,shift_lever_failed,OK,0
1782238175.720579,rpm,0,0
1782238175.720579,throttle_position,0,0
1782238175.721013,kill_switch,RUN,1
1782238175.721013,engine_on_counter,0,0
1782238175.740070,gear_position,N,0
1782238175.740070,shift_lever_displaced,REST,0
1782238175.740070,shift_lever_failed,OK,0
1782238175.740182,rpm,0,0
1782238175.740182,throttle_position,0,0
1782238175.753317,kill_switch,RUN,1
1782238175.753317,engine_on_counter,0,0
1782238175.753796,gear_position,N,0
1782238175.753796,shift_lever_displaced,REST,0
1782238175.753796,shift_lever_failed,OK,0
1782238175.753959,rpm,0,0
1782238175.753959,throttle_position,0,0
1782238175.770459,kill_switch,RUN,1
1782238175.770459,engine_on_counter,0,0
1782238175.780316,gear_position,N,0
1782238175.780316,shift_lever_displaced,REST,0
1782238175.780316,shift_lever_failed,OK,0
1782238175.780560,rpm,0,0
1782238175.780560,throttle_position,0,0
1782238175.795080,kill_switch,RUN,1
1782238175.795080,engine_on_counter,0,0
1782238175.795467,gear_position,N,0
1782238175.795467,shift_lever_displaced,REST,0
1782238175.795467,shift_lever_failed,OK,0
1782238175.795537,coolant_temp,72.9,729
1782238175.795537,warmup_index,0,0
1782238175.795537,side_stand,UP,1
1782238175.809916,rpm,0,0
1782238175.809916,throttle_position,0,0
1782238175.810105,kill_switch,RUN,1
1782238175.810105,engine_on_counter,0,0
1782238175.820277,gear_position,N,0
1782238175.820277,shift_lever_displaced,REST,0
1782238175.820277,shift_lever_failed,OK,0
1782238175.820344,rpm,0,0
1782238175.820344,throttle_position,0,0
1782238175.831628,kill_switch,RUN,1
1782238175.831628,engine_on_counter,0,0
1782238175.831898,gear_position,N,0
1782238175.831898,shift_lever_displaced,REST,0
1782238175.831898,shift_lever_failed,OK,0
1782238175.831966,rpm,0,0
1782238175.831966,throttle_position,0,0
1782238175.850374,kill_switch,RUN,1
1782238175.850374,engine_on_counter,0,0
1782238175.869341,gear_position,N,0
1782238175.869341,shift_lever_displaced,REST,0
1782238175.869341,shift_lever_failed,OK,0
1782238175.869448,rpm,0,0
1782238175.869448,throttle_position,0,0
1782238175.869794,kill_switch,RUN,1
1782238175.869794,engine_on_counter,0,0
1782238175.879862,gear_position,N,0
1782238175.879862,shift_lever_displaced,REST,0
1782238175.879862,shift_lever_failed,OK,0
1782238175.879948,rpm,0,0
1782238175.879948,throttle_position,0,0
1782238175.890791,kill_switch,RUN,1
1782238175.890791,engine_on_counter,0,0
1782238175.891100,gear_position,N,0
1782238175.891100,shift_lever_displaced,REST,0
1782238175.891100,shift_lever_failed,OK,0
1782238175.891204,coolant_temp,72.9,729
1782238175.891204,warmup_index,0,0
1782238175.891204,side_stand,UP,1
1782238175.909688,rpm,0,0
1782238175.909688,throttle_position,0,0
1782238175.910107,kill_switch,RUN,1
1782238175.910107,engine_on_counter,0,0
1782238175.919991,gear_position,N,0
1782238175.919991,shift_lever_displaced,REST,0
1782238175.919991,shift_lever_failed,OK,0
1782238175.920116,rpm,0,0
1782238175.920116,throttle_position,0,0
1782238175.930470,kill_switch,RUN,1
1782238175.930470,engine_on_counter,0,0
1782238175.950898,gear_position,N,0
1782238175.950898,shift_lever_displaced,REST,0
1782238175.950898,shift_lever_failed,OK,0
1782238175.951062,rpm,0,0
1782238175.951062,throttle_position,0,0
1782238175.951487,kill_switch,RUN,1
1782238175.951487,engine_on_counter,0,0
1782238175.960030,gear_position,N,0
1782238175.960030,shift_lever_displaced,REST,0
1782238175.960030,shift_lever_failed,OK,0
1782238175.960172,rpm,0,0
1782238175.960172,throttle_position,0,0
1782238175.979413,kill_switch,RUN,1
1782238175.979413,engine_on_counter,0,0
1782238175.980386,gear_position,N,0
1782238175.980386,shift_lever_displaced,REST,0
1782238175.980386,shift_lever_failed,OK,0
1782238175.980629,rpm,0,0
1782238175.980629,throttle_position,0,0
1782238175.990390,kill_switch,RUN,1
1782238175.990390,engine_on_counter,0,0
1782238175.990716,gear_position,N,0
1782238175.990716,shift_lever_displaced,REST,0
1782238175.990716,shift_lever_failed,OK,0
1782238175.999927,coolant_temp,72.9,729
1782238175.999927,warmup_index,0,0
1782238175.999927,side_stand,UP,1
1782238176.000198,rpm,0,0
1782238176.000198,throttle_position,0,0
1782238176.019473,kill_switch,RUN,1
1782238176.019473,engine_on_counter,0,0
1782238176.020111,gear_position,N,0
1782238176.020111,shift_lever_displaced,REST,0
1782238176.020111,shift_lever_failed,OK,0
1782238176.020253,rpm,0,0
1782238176.020253,throttle_position,0,0
1782238176.030552,kill_switch,RUN,1
1782238176.030552,engine_on_counter,0,0
1782238176.049474,gear_position,N,0
1782238176.049474,shift_lever_displaced,REST,0
1782238176.049474,shift_lever_failed,OK,0
1782238176.049555,rpm,0,0
1782238176.049555,throttle_position,0,0
1782238176.049786,kill_switch,RUN,1
1782238176.049786,engine_on_counter,0,0
1782238176.059801,gear_position,N,0
1782238176.059801,shift_lever_displaced,REST,0
1782238176.059801,shift_lever_failed,OK,0
1782238176.059889,rpm,0,0
1782238176.059889,throttle_position,0,0
1782238176.070290,kill_switch,RUN,1
1782238176.070290,engine_on_counter,0,0
1782238176.089827,gear_position,N,0
1782238176.089827,shift_lever_displaced,REST,0
1782238176.089827,shift_lever_failed,OK,0
1782238176.089969,rpm,0,0
1782238176.089969,throttle_position,0,0
1782238176.090294,kill_switch,RUN,1
1782238176.090294,engine_on_counter,0,0
1782238176.099689,gear_position,N,0
1782238176.099689,shift_lever_displaced,REST,0
1782238176.099689,shift_lever_failed,OK,0
1782238176.099796,coolant_temp,72.9,729
1782238176.099796,warmup_index,0,0
1782238176.099796,side_stand,UP,1
1782238176.100009,rpm,0,0
1782238176.100009,throttle_position,0,0
1782238176.112014,kill_switch,RUN,1
1782238176.112014,engine_on_counter,0,0
1782238176.112520,gear_position,N,0
1782238176.112520,shift_lever_displaced,REST,0
1782238176.112520,shift_lever_failed,OK,0
1782238176.129407,rpm,0,0
1782238176.129407,throttle_position,0,0
1782238176.129944,kill_switch,RUN,1
1782238176.129944,engine_on_counter,0,0
1782238176.139967,gear_position,N,0
1782238176.139967,shift_lever_displaced,REST,0
1782238176.139967,shift_lever_failed,OK,0
1782238176.140108,rpm,0,0
1782238176.140108,throttle_position,0,0
1782238176.153185,kill_switch,RUN,1
1782238176.153185,engine_on_counter,0,0
1782238176.153638,gear_position,N,0
1782238176.153638,shift_lever_displaced,REST,0
1782238176.153638,shift_lever_failed,OK,0
1782238176.153779,rpm,0,0
1782238176.153779,throttle_position,0,0
1782238176.170663,kill_switch,RUN,1
1782238176.170663,engine_on_counter,0,0
1782238176.189611,gear_position,N,0
1782238176.189611,shift_lever_displaced,REST,0
1782238176.189611,shift_lever_failed,OK,0
1782238176.189853,rpm,0,0
1782238176.189853,throttle_position,0,0
1782238176.190577,kill_switch,RUN,1
1782238176.190577,engine_on_counter,0,0
1782238176.199835,gear_position,N,0
1782238176.199835,shift_lever_displaced,REST,0
1782238176.199835,shift_lever_failed,OK,0
1782238176.200073,coolant_temp,72.9,729
1782238176.200073,warmup_index,0,0
1782238176.200073,side_stand,UP,1
1782238176.200556,rpm,0,0
1782238176.200556,throttle_position,0,0
1782238176.210729,kill_switch,RUN,1
1782238176.210729,engine_on_counter,0,0
1782238176.220221,gear_position,N,0
1782238176.220221,shift_lever_displaced,REST,0
1782238176.220221,shift_lever_failed,OK,0
1782238176.220333,rpm,0,0
1782238176.220333,throttle_position,0,0
1782238176.239257,kill_switch,RUN,1
1782238176.239257,engine_on_counter,0,0
1782238176.240448,gear_position,N,0
1782238176.240448,shift_lever_displaced,REST,0
1782238176.240448,shift_lever_failed,OK,0
1782238176.240707,rpm,0,0
1782238176.240707,throttle_position,0,0
1782238176.251837,kill_switch,RUN,1
1782238176.251837,engine_on_counter,0,0
1782238176.252157,gear_position,N,0
1782238176.252157,shift_lever_displaced,REST,0
1782238176.252157,shift_lever_failed,OK,0
1782238176.269612,rpm,0,0
1782238176.269612,throttle_position,0,0
1782238176.270261,kill_switch,RUN,1
1782238176.270261,engine_on_counter,0,0
1782238176.280217,gear_position,N,0
1782238176.280217,shift_lever_displaced,REST,0
1782238176.280217,shift_lever_failed,OK,0
1782238176.280388,rpm,0,0
1782238176.280388,throttle_position,0,0
1782238176.291230,kill_switch,RUN,1
1782238176.291230,engine_on_counter,0,0
1782238176.299279,gear_position,N,0
1782238176.299279,shift_lever_displaced,REST,0
1782238176.299279,shift_lever_failed,OK,0
1782238176.299367,coolant_temp,72.9,729
1782238176.299367,warmup_index,0,0
1782238176.299367,side_stand,UP,1
1782238176.309439,rpm,0,0
1782238176.309439,throttle_position,0,0
1782238176.309709,kill_switch,RUN,1
1782238176.309709,engine_on_counter,0,0
1782238176.320036,gear_position,N,0
1782238176.320036,shift_lever_displaced,REST,0
1782238176.320036,shift_lever_failed,OK,0
1782238176.320124,rpm,0,0
1782238176.320124,throttle_position,0,0
1782238176.331808,kill_switch,RUN,1
1782238176.331808,engine_on_counter,0,0
1782238176.332219,gear_position,N,0
1782238176.332219,shift_lever_displaced,REST,0
1782238176.332219,shift_lever_failed,OK,0
1782238176.350124,rpm,0,0
1782238176.350124,throttle_position,0,0
1782238176.350408,kill_switch,RUN,1
1782238176.350408,engine_on_counter,0,0
1782238176.369409,gear_position,N,0
1782238176.369409,shift_lever_displaced,REST,0
1782238176.369409,shift_lever_failed,OK,0
1782238176.369599,rpm,0,0
1782238176.369599,throttle_position,0,0
1782238176.370066,kill_switch,RUN,1
1782238176.370066,engine_on_counter,0,0
1782238176.379836,gear_position,N,0
1782238176.379836,shift_lever_displaced,REST,0
1782238176.379836,shift_lever_failed,OK,0
1782238176.379956,rpm,0,0
1782238176.379956,throttle_position,0,0
1782238176.390654,kill_switch,RUN,1
1782238176.390654,engine_on_counter,0,0
1782238176.391011,gear_position,N,0
1782238176.391011,shift_lever_displaced,REST,0
1782238176.391011,shift_lever_failed,OK,0
1782238176.403183,coolant_temp,72.9,729
1782238176.403183,warmup_index,0,0
1782238176.403183,side_stand,UP,1
1782238176.403696,rpm,0,0
1782238176.403696,throttle_position,0,0
1782238176.404441,kill_switch,RUN,1
1782238176.404441,engine_on_counter,0,0
1782238176.420446,gear_position,N,0
1782238176.420446,shift_lever_displaced,REST,0
1782238176.420446,shift_lever_failed,OK,0
1782238176.420688,rpm,0,0
1782238176.420688,throttle_position,0,0
1782238176.430891,kill_switch,RUN,1
1782238176.430891,engine_on_counter,0,0
1782238176.450448,gear_position,N,0
1782238176.450448,shift_lever_displaced,REST,0
1782238176.450448,shift_lever_failed,OK,0
1782238176.450592,rpm,0,0
1782238176.450592,throttle_position,0,0
1782238176.450958,kill_switch,RUN,1
1782238176.450958,engine_on_counter,0,0
1782238176.459808,gear_position,N,0
1782238176.459808,shift_lever_displaced,REST,0
1782238176.459808,shift_lever_failed,OK,0
1782238176.459981,rpm,0,0
1782238176.459981,throttle_position,0,0
1782238176.471872,kill_switch,RUN,1
1782238176.471872,engine_on_counter,0,0
1782238176.472870,gear_position,N,0
1782238176.472870,shift_lever_displaced,REST,0
1782238176.472870,shift_lever_failed,OK,0
1782238176.490285,rpm,0,0
1782238176.490285,throttle_position,0,0
1782238176.491040,kill_switch,RUN,1
1782238176.491040,engine_on_counter,0,0
1782238176.499903,gear_position,N,0
1782238176.499903,shift_lever_displaced,REST,0
1782238176.499903,shift_lever_failed,OK,0
1782238176.500157,coolant_temp,72.9,729
1782238176.500157,warmup_index,0,0
1782238176.500157,side_stand,UP,1
1782238176.500636,rpm,0,0
1782238176.500636,throttle_position,0,0
1782238176.519466,kill_switch,RUN,1
1782238176.519466,engine_on_counter,0,0
1782238176.520029,gear_position,N,0
1782238176.520029,shift_lever_displaced,REST,0
1782238176.520029,shift_lever_failed,OK,0
1782238176.520165,rpm,0,0
1782238176.520165,throttle_position,0,0
1782238176.530252,kill_switch,RUN,1
1782238176.530252,engine_on_counter,0,0
1782238176.550074,gear_position,N,0
1782238176.550074,shift_lever_displaced,REST,0
1782238176.550074,shift_lever_failed,OK,0
1782238176.552054,rpm,0,0
1782238176.552054,throttle_position,0,0
1782238176.559375,kill_switch,RUN,1
1782238176.559375,engine_on_counter,0,0
1782238176.559643,gear_position,N,0
1782238176.559643,shift_lever_displaced,REST,0
1782238176.559643,shift_lever_failed,OK,0
1782238176.559730,rpm,0,0
1782238176.559730,throttle_position,0,0
1782238176.570431,kill_switch,RUN,1
1782238176.570431,engine_on_counter,0,0
1782238176.589932,gear_position,N,0
1782238176.589932,shift_lever_displaced,REST,0
1782238176.589932,shift_lever_failed,OK,0
1782238176.590046,rpm,0,0
1782238176.590046,throttle_position,0,0
1782238176.590359,kill_switch,RUN,1
1782238176.590359,engine_on_counter,0,0
1782238176.599428,gear_position,N,0
1782238176.599428,shift_lever_displaced,REST,0
1782238176.599428,shift_lever_failed,OK,0
1782238176.599530,coolant_temp,72.9,729
1782238176.599530,warmup_index,0,0
1782238176.599530,side_stand,UP,1
1782238176.599740,rpm,0,0
1782238176.599740,throttle_position,0,0
1782238176.610384,kill_switch,RUN,1
1782238176.610384,engine_on_counter,0,0
1782238176.620336,gear_position,N,0
1782238176.620336,shift_lever_displaced,REST,0
1782238176.620336,shift_lever_failed,OK,0
1782238176.620464,rpm,0,0
1782238176.620464,throttle_position,0,0
1782238176.620886,kill_switch,RUN,1
1782238176.620886,engine_on_counter,0,0
1782238176.640160,gear_position,N,0
1782238176.640160,shift_lever_displaced,REST,0
1782238176.640160,shift_lever_failed,OK,0
1782238176.640310,rpm,0,0
1782238176.640310,throttle_position,0,0
1782238176.653315,kill_switch,RUN,1
1782238176.653315,engine_on_counter,0,0
1782238176.653714,gear_position,N,0
1782238176.653714,shift_lever_displaced,REST,0
1782238176.653714,shift_lever_failed,OK,0
1782238176.653837,rpm,0,0
1782238176.653837,throttle_position,0,0
1782238176.670843,kill_switch,RUN,1
1782238176.670843,engine_on_counter,0,0
1782238176.679998,gear_position,N,0
1782238176.679998,shift_lever_displaced,REST,0
1782238176.679998,shift_lever_failed,OK,0
1782238176.680122,rpm,0,0
1782238176.680122,throttle_position,0,0
1782238176.691692,kill_switch,RUN,1
1782238176.691692,engine_on_counter,0,0
1782238176.692138,gear_position,N,0
1782238176.692138,shift_lever_displaced,REST,0
1782238176.692138,shift_lever_failed,OK,0
1782238176.692278,coolant_temp,72.9,729
1782238176.692278,warmup_index,0,0
1782238176.692278,side_stand,UP,1
1782238176.709938,rpm,0,0
1782238176.709938,throttle_position,0,0
1782238176.710678,kill_switch,RUN,1
1782238176.710678,engine_on_counter,0,0
1782238176.720422,gear_position,N,0
1782238176.720422,shift_lever_displaced,REST,0
1782238176.720422,shift_lever_failed,OK,0
1782238176.720657,rpm,0,0
1782238176.720657,throttle_position,0,0
1782238176.739361,kill_switch,RUN,1
1782238176.739361,engine_on_counter,0,0
1782238176.740361,gear_position,N,0
1782238176.740361,shift_lever_displaced,REST,0
1782238176.740361,shift_lever_failed,OK,0
1782238176.740602,rpm,0,0
1782238176.740602,throttle_position,0,0
1782238176.751042,kill_switch,RUN,1
1782238176.751042,engine_on_counter,0,0
1782238176.751473,gear_position,N,0
1782238176.751473,shift_lever_displaced,REST,0
1782238176.751473,shift_lever_failed,OK,0
1782238176.769515,rpm,0,0
1782238176.769515,throttle_position,0,0
1782238176.770509,kill_switch,RUN,1
1782238176.770509,engine_on_counter,0,0
1782238176.780255,gear_position,N,0
1782238176.780255,shift_lever_displaced,REST,0
1782238176.780255,shift_lever_failed,OK,0
1782238176.780494,rpm,0,0
1782238176.780494,throttle_position,0,0
1782238176.801279,kill_switch,RUN,1
1782238176.801279,engine_on_counter,0,0
1782238176.801547,gear_position,N,0
1782238176.801547,shift_lever_displaced,REST,0
1782238176.801547,shift_lever_failed,OK,0
1782238176.801638,coolant_temp,72.9,729
1782238176.801638,warmup_index,0,0
1782238176.801638,side_stand,UP,1
1782238176.801801,rpm,0,0
1782238176.801801,throttle_position,0,0
1782238176.811743,kill_switch,RUN,1
1782238176.811743,engine_on_counter,0,0
1782238176.812097,gear_position,N,0
1782238176.812097,shift_lever_displaced,REST,0
1782238176.812097,shift_lever_failed,OK,0
1782238176.829304,rpm,0,0
1782238176.829304,throttle_position,0,0
1782238176.829860,kill_switch,RUN,1
1782238176.829860,engine_on_counter,0,0
1782238176.840013,gear_position,N,0
1782238176.840013,shift_lever_displaced,REST,0
1782238176.840013,shift_lever_failed,OK,0
1782238176.840101,rpm,0,0
1782238176.840101,throttle_position,0,0
1782238176.859390,kill_switch,RUN,1
1782238176.859390,engine_on_counter,0,0
1782238176.859717,gear_position,N,0
1782238176.859717,shift_lever_displaced,REST,0
1782238176.859717,shift_lever_failed,OK,0
1782238176.859823,rpm,0,0
1782238176.859823,throttle_position,0,0
1782238176.870549,kill_switch,RUN,1
1782238176.870549,engine_on_counter,0,0
1782238176.889476,gear_position,N,0
1782238176.889476,shift_lever_displaced,REST,0
1782238176.889476,shift_lever_failed,OK,0
1782238176.889645,rpm,0,0
1782238176.889645,throttle_position,0,0
1782238176.890121,kill_switch,RUN,1
1782238176.890121,engine_on_counter,0,0
1782238176.899683,gear_position,N,0
1782238176.899683,shift_lever_displaced,REST,0
1782238176.899683,shift_lever_failed,OK,0
1782238176.899884,coolant_temp,72.9,729
1782238176.899884,warmup_index,0,0
1782238176.899884,side_stand,UP,1
1782238176.900251,rpm,0,0
1782238176.900251,throttle_position,0,0
1782238176.910737,kill_switch,RUN,1
1782238176.910737,engine_on_counter,0,0
1782238176.920813,gear_position,N,0
1782238176.920813,shift_lever_displaced,REST,0
1782238176.920813,shift_lever_failed,OK,0
1782238176.920911,rpm,0,0
1782238176.920911,throttle_position,0,0
1782238176.921236,kill_switch,RUN,1
1782238176.921236,engine_on_counter,0,0
1782238176.939761,gear_position,N,0
1782238176.939761,shift_lever_displaced,REST,0
1782238176.939761,shift_lever_failed,OK,0
1782238176.939837,rpm,0,0
1782238176.939837,throttle_position,0,0
1782238176.951781,kill_switch,RUN,1
1782238176.951781,engine_on_counter,0,0
1782238176.952048,gear_position,N,0
1782238176.952048,shift_lever_displaced,REST,0
1782238176.952048,shift_lever_failed,OK,0
1782238176.969492,rpm,0,0
1782238176.969492,throttle_position,0,0
1782238176.969921,kill_switch,RUN,1
1782238176.969921,engine_on_counter,0,0
1782238176.980133,gear_position,N,0
1782238176.980133,shift_lever_displaced,REST,0
1782238176.980133,shift_lever_failed,OK,0
1782238176.980249,rpm,0,0
1782238176.980249,throttle_position,0,0
1782238176.991757,kill_switch,RUN,1
1782238176.991757,engine_on_counter,0,0
1782238176.992089,gear_position,N,0
1782238176.992089,shift_lever_displaced,REST,0
1782238176.992089,shift_lever_failed,OK,0
1782238176.992194,coolant_temp,72.9,729
1782238176.992194,warmup_index,0,0
1782238176.992194,side_stand,UP,1
1782238177.010052,rpm,0,0
1782238177.010052,throttle_position,0,0
1782238177.010503,kill_switch,RUN,1
1782238177.010503,engine_on_counter,0,0
1782238177.020080,gear_position,N,0
1782238177.020080,shift_lever_displaced,REST,0
1782238177.020080,shift_lever_failed,OK,0
1782238177.020212,rpm,0,0
1782238177.020212,throttle_position,0,0
1782238177.037086,kill_switch,RUN,1
1782238177.037086,engine_on_counter,0,0
1782238177.048246,gear_position,N,0
1782238177.048246,shift_lever_displaced,REST,0
1782238177.048246,shift_lever_failed,OK,0
1782238177.050215,rpm,0,0
1782238177.050215,throttle_position,0,0
1782238177.050486,kill_switch,RUN,1
1782238177.050486,engine_on_counter,0,0
1782238177.069333,gear_position,N,0
1782238177.069333,shift_lever_displaced,REST,0
1782238177.069333,shift_lever_failed,OK,0
1782238177.069425,rpm,0,0
1782238177.069425,throttle_position,0,0
1782238177.069775,kill_switch,RUN,1
1782238177.069775,engine_on_counter,0,0
1782238177.079935,gear_position,N,0
1782238177.079935,shift_lever_displaced,REST,0
1782238177.079935,shift_lever_failed,OK,0
1782238177.080039,rpm,0,0
1782238177.080039,throttle_position,0,0
1782238177.090780,kill_switch,RUN,1
1782238177.090780,engine_on_counter,0,0
1782238177.091046,gear_position,N,0
1782238177.091046,shift_lever_displaced,REST,0
1782238177.091046,shift_lever_failed,OK,0
1782238177.091133,coolant_temp,72.9,729
1782238177.091133,warmup_index,0,0
1782238177.091133,side_stand,UP,1
1782238177.103367,rpm,0,0
1782238177.103367,throttle_position,0,0
1782238177.103683,kill_switch,RUN,1
1782238177.103683,engine_on_counter,0,0
1782238177.119951,gear_position,N,0
1782238177.119951,shift_lever_displaced,REST,0
1782238177.119951,shift_lever_failed,OK,0
1782238177.120057,rpm,0,0
1782238177.120057,throttle_position,0,0
1782238177.130615,kill_switch,RUN,1
1782238177.130615,engine_on_counter,0,0
1782238177.151728,gear_position,N,0
1782238177.151728,shift_lever_displaced,REST,0
1782238177.151728,shift_lever_failed,OK,0
1782238177.151913,rpm,0,0
1782238177.151913,throttle_position,0,0
1782238177.152280,kill_switch,RUN,1
1782238177.152280,engine_on_counter,0,0
1782238177.160037,gear_position,N,0
1782238177.160037,shift_lever_displaced,REST,0
1782238177.160037,shift_lever_failed,OK,0
1782238177.160183,rpm,0,0
1782238177.160183,throttle_position,0,0
1782238177.171791,kill_switch,RUN,1
1782238177.171791,engine_on_counter,0,0
1782238177.172833,gear_position,N,0
1782238177.172833,shift_lever_displaced,REST,0
1782238177.172833,shift_lever_failed,OK,0
1782238177.190191,rpm,0,0
1782238177.190191,throttle_position,0,0
1782238177.190450,kill_switch,RUN,1
1782238177.190450,engine_on_counter,0,0
1782238177.199807,gear_position,N,0
1782238177.199807,shift_lever_displaced,REST,0
1782238177.199807,shift_lever_failed,OK,0
1782238177.199890,coolant_temp,72.9,729
1782238177.199890,warmup_index,0,0
1782238177.199890,side_stand,UP,1
1782238177.200033,rpm,0,0
1782238177.200033,throttle_position,0,0
1782238177.219379,kill_switch,RUN,1
1782238177.219379,engine_on_counter,0,0
1782238177.219697,gear_position,N,0
1782238177.219697,shift_lever_displaced,REST,0
1782238177.219697,shift_lever_failed,OK,0
1782238177.219779,rpm,0,0
1782238177.219779,throttle_position,0,0
1782238177.230291,kill_switch,RUN,1
1782238177.230291,engine_on_counter,0,0
1782238177.249390,gear_position,N,0
1782238177.249390,shift_lever_displaced,REST,0
1782238177.249390,shift_lever_failed,OK,0
1782238177.249481,rpm,0,0
1782238177.249481,throttle_position,0,0
1782238177.249748,kill_switch,RUN,1
1782238177.249748,engine_on_counter,0,0
1782238177.259506,gear_position,N,0
1782238177.259506,shift_lever_displaced,REST,0
1782238177.259506,shift_lever_failed,OK,0
1782238177.259594,rpm,0,0
1782238177.259594,throttle_position,0,0
1782238177.270628,kill_switch,RUN,1
1782238177.270628,engine_on_counter,0,0
1782238177.296444,gear_position,N,0
1782238177.296444,shift_lever_displaced,REST,0
1782238177.296444,shift_lever_failed,OK,0
1782238177.296695,rpm,0,0
1782238177.296695,throttle_position,0,0
1782238177.296940,kill_switch,RUN,1
1782238177.296940,engine_on_counter,0,0
1782238177.299576,gear_position,N,0
1782238177.299576,shift_lever_displaced,REST,0
1782238177.299576,shift_lever_failed,OK,0
1782238177.299652,coolant_temp,72.9,729
1782238177.299652,warmup_index,0,0
1782238177.299652,side_stand,UP,1
1782238177.299804,rpm,0,0
1782238177.299804,throttle_position,0,0
1782238177.311953,kill_switch,RUN,1
1782238177.311953,engine_on_counter,0,0
1782238177.312307,gear_position,N,0
1782238177.312307,shift_lever_displaced,REST,0
1782238177.312307,shift_lever_failed,OK,0
1782238177.320361,rpm,0,0
1782238177.320361,throttle_position,0,0
1782238177.320727,kill_switch,RUN,1
1782238177.320727,engine_on_counter,0,0
1782238177.339764,gear_position,N,0
1782238177.339764,shift_lever_displaced,REST,0
1782238177.339764,shift_lever_failed,OK,0
1782238177.339854,rpm,0,0
1782238177.339854,throttle_position,0,0
1782238177.353201,kill_switch,RUN,1
1782238177.353201,engine_on_counter,0,0
1782238177.353476,gear_position,N,0
1782238177.353476,shift_lever_displaced,REST,0
1782238177.353476,shift_lever_failed,OK,0
1782238177.353566,rpm,0,0
1782238177.353566,throttle_position,0,0
1782238177.370330,kill_switch,RUN,1
1782238177.370330,engine_on_counter,0,0
1782238177.389529,gear_position,N,0
1782238177.389529,shift_lever_displaced,REST,0
1782238177.389529,shift_lever_failed,OK,0
1782238177.389669,rpm,0,0
1782238177.389669,throttle_position,0,0
1782238177.390040,kill_switch,RUN,1
1782238177.390040,engine_on_counter,0,0
1782238177.399836,gear_position,N,0
1782238177.399836,shift_lever_displaced,REST,0
1782238177.399836,shift_lever_failed,OK,0
1782238177.400051,coolant_temp,72.9,729
1782238177.400051,warmup_index,0,0
1782238177.400051,side_stand,UP,1
1782238177.400415,rpm,0,0
1782238177.400415,throttle_position,0,0
1782238177.410656,kill_switch,RUN,1
1782238177.410656,engine_on_counter,0,0
1782238177.420157,gear_position,N,0
1782238177.420157,shift_lever_displaced,REST,0
1782238177.420157,shift_lever_failed,OK,0
1782238177.420266,rpm,0,0
1782238177.420266,throttle_position,0,0
1782238177.439246,kill_switch,RUN,1
1782238177.439246,engine_on_counter,0,0
1782238177.439738,gear_position,N,0
1782238177.439738,shift_lever_displaced,REST,0
1782238177.439738,shift_lever_failed,OK,0
1782238177.439856,rpm,0,0
1782238177.439856,throttle_position,0,0
1782238177.451944,kill_switch,RUN,1
1782238177.451944,engine_on_counter,0,0
1782238177.452403,gear_position,N,0
1782238177.452403,shift_lever_displaced,REST,0
1782238177.452403,shift_lever_failed,OK,0
1782238177.469638,rpm,0,0
1782238177.469638,throttle_position,0,0
1782238177.470632,kill_switch,RUN,1
1782238177.470632,engine_on_counter,0,0
1782238177.480171,gear_position,N,0
1782238177.480171,shift_lever_displaced,REST,0
1782238177.480171,shift_lever_failed,OK,0
1782238177.480434,rpm,0,0
1782238177.480434,throttle_position,0,0
1782238177.490819,kill_switch,RUN,1
1782238177.490819,engine_on_counter,0,0
1782238177.491175,gear_position,N,0
1782238177.491175,shift_lever_displaced,REST,0
1782238177.491175,shift_lever_failed,OK,0
1782238177.491291,coolant_temp,72.9,729
1782238177.491291,warmup_index,0,0
1782238177.491291,side_stand,UP,1
1782238177.509559,rpm,0,0
1782238177.509559,throttle_position,0,0
1782238177.510286,kill_switch,RUN,1
1782238177.510286,engine_on_counter,0,0
1782238177.520113,gear_position,N,0
1782238177.520113,shift_lever_displaced,REST,0
1782238177.520113,shift_lever_failed,OK,0
1782238177.520252,rpm,0,0
1782238177.520252,throttle_position,0,0
1782238177.538583,kill_switch,RUN,1
1782238177.538583,engine_on_counter,0,0
1782238177.549831,gear_position,N,0
1782238177.549831,shift_lever_displaced,REST,0
1782238177.549831,shift_lever_failed,OK,0
1782238177.550265,rpm,0,0
1782238177.550265,throttle_position,0,0
1782238177.550502,kill_switch,RUN,1
1782238177.550502,engine_on_counter,0,0
1782238177.559895,gear_position,N,0
1782238177.559895,shift_lever_displaced,REST,0
1782238177.559895,shift_lever_failed,OK,0
1782238177.559986,rpm,0,0
1782238177.559986,throttle_position,0,0
1782238177.579324,kill_switch,RUN,1
1782238177.579324,engine_on_counter,0,0
1782238177.579832,gear_position,N,0
1782238177.579832,shift_lever_displaced,REST,0
1782238177.579832,shift_lever_failed,OK,0
1782238177.579940,rpm,0,0
1782238177.579940,throttle_position,0,0
1782238177.590744,kill_switch,RUN,1
1782238177.590744,engine_on_counter,0,0
1782238177.591013,gear_position,N,0
1782238177.591013,shift_lever_displaced,REST,0
1782238177.591013,shift_lever_failed,OK,0
1782238177.603205,coolant_temp,72.9,729
1782238177.603205,warmup_index,0,0
1782238177.603205,side_stand,UP,1
1782238177.603425,rpm,0,0
1782238177.603425,throttle_position,0,0
1782238177.603743,kill_switch,RUN,1
1782238177.603743,engine_on_counter,0,0
1782238177.620192,gear_position,N,0
1782238177.620192,shift_lever_displaced,REST,0
1782238177.620192,shift_lever_failed,OK,0
1782238177.620311,rpm,0,0
1782238177.620311,throttle_position,0,0
1782238177.630477,kill_switch,RUN,1
1782238177.630477,engine_on_counter,0,0
1782238177.652302,gear_position,N,0
1782238177.652302,shift_lever_displaced,REST,0
1782238177.652302,shift_lever_failed,OK,0
1782238177.652420,rpm,0,0
1782238177.652420,throttle_position,0,0
1782238177.652746,kill_switch,RUN,1
1782238177.652746,engine_on_counter,0,0
1782238177.659786,gear_position,N,0
1782238177.659786,shift_lever_displaced,REST,0
1782238177.659786,shift_lever_failed,OK,0
1782238177.659926,rpm,0,0
1782238177.659926,throttle_position,0,0
1782238177.671962,kill_switch,RUN,1
1782238177.671962,engine_on_counter,0,0
1782238177.673044,gear_position,N,0
1782238177.673044,shift_lever_displaced,REST,0
1782238177.673044,shift_lever_failed,OK,0
1782238177.690293,rpm,0,0
1782238177.690293,throttle_position,0,0
1782238177.690504,kill_switch,RUN,1
1782238177.690504,engine_on_counter,0,0
1782238177.699857,gear_position,N,0
1782238177.699857,shift_lever_displaced,REST,0
1782238177.699857,shift_lever_failed,OK,0
1782238177.699932,coolant_temp,72.9,729
1782238177.699932,warmup_index,0,0
1782238177.699932,side_stand,UP,1
1782238177.700072,rpm,0,0
1782238177.700072,throttle_position,0,0
1782238177.711747,kill_switch,RUN,1
1782238177.711747,engine_on_counter,0,0
1782238177.712059,gear_position,N,0
1782238177.712059,shift_lever_displaced,REST,0
1782238177.712059,shift_lever_failed,OK,0
1782238177.729221,rpm,0,0
1782238177.729221,throttle_position,0,0
1782238177.729543,kill_switch,RUN,1
1782238177.729543,engine_on_counter,0,0
1782238177.739888,gear_position,N,0
1782238177.739888,shift_lever_displaced,REST,0
1782238177.739888,shift_lever_failed,OK,0
1782238177.739977,rpm,0,0
1782238177.739977,throttle_position,0,0
1782238177.759292,kill_switch,RUN,1
1782238177.759292,engine_on_counter,0,0
1782238177.759569,gear_position,N,0
1782238177.759569,shift_lever_displaced,REST,0
1782238177.759569,shift_lever_failed,OK,0
1782238177.759660,rpm,0,0
1782238177.759660,throttle_position,0,0
1782238177.770527,kill_switch,RUN,1
1782238177.770527,engine_on_counter,0,0
1782238177.789863,gear_position,N,0
1782238177.789863,shift_lever_displaced,REST,0
1782238177.789863,shift_lever_failed,OK,0
1782238177.790017,rpm,0,0
1782238177.790017,throttle_position,0,0
1782238177.790396,kill_switch,RUN,1
1782238177.790396,engine_on_counter,0,0
1782238177.799392,gear_position,N,0
1782238177.799392,shift_lever_displaced,REST,0
1782238177.799392,shift_lever_failed,OK,0
1782238177.799470,coolant_temp,72.9,729
1782238177.799470,warmup_index,0,0
1782238177.799470,side_stand,UP,1
1782238177.799624,rpm,0,0
1782238177.799624,throttle_position,0,0
1782238177.810400,kill_switch,RUN,1
1782238177.810400,engine_on_counter,0,0
1782238177.820337,gear_position,N,0
1782238177.820337,shift_lever_displaced,REST,0
1782238177.820337,shift_lever_failed,OK,0
1782238177.820436,rpm,0,0
1782238177.820436,throttle_position,0,0
1782238177.820801,kill_switch,RUN,1
1782238177.820801,engine_on_counter,0,0
1782238177.839804,gear_position,N,0
1782238177.839804,shift_lever_displaced,REST,0
1782238177.839804,shift_lever_failed,OK,0
1782238177.839892,rpm,0,0
1782238177.839892,throttle_position,0,0
1782238177.853245,kill_switch,RUN,1
1782238177.853245,engine_on_counter,0,0
1782238177.853516,gear_position,N,0
1782238177.853516,shift_lever_displaced,REST,0
1782238177.853516,shift_lever_failed,OK,0
1782238177.853605,rpm,0,0
1782238177.853605,throttle_position,0,0
1782238177.869890,kill_switch,RUN,1
1782238177.869890,engine_on_counter,0,0
1782238177.880104,gear_position,N,0
1782238177.880104,shift_lever_displaced,REST,0
1782238177.880104,shift_lever_failed,OK,0
1782238177.880225,rpm,0,0
1782238177.880225,throttle_position,0,0
1782238177.891827,kill_switch,RUN,1
1782238177.891827,engine_on_counter,0,0
1782238177.892154,gear_position,N,0
1782238177.892154,shift_lever_displaced,REST,0
1782238177.892154,shift_lever_failed,OK,0
1782238177.892262,coolant_temp,72.9,729
1782238177.892262,warmup_index,0,0
1782238177.892262,side_stand,UP,1
1782238177.910071,rpm,0,0
1782238177.910071,throttle_position,0,0
1782238177.910632,kill_switch,RUN,1
1782238177.910632,engine_on_counter,0,0
1782238177.920262,gear_position,N,0
1782238177.920262,shift_lever_displaced,REST,0
1782238177.920262,shift_lever_failed,OK,0
1782238177.920405,rpm,0,0
1782238177.920405,throttle_position,0,0
1782238177.931965,kill_switch,RUN,1
1782238177.931965,engine_on_counter,0,0
1782238177.932958,gear_position,N,0
1782238177.932958,shift_lever_displaced,REST,0
1782238177.932958,shift_lever_failed,OK,0
1782238177.951119,rpm,0,0
1782238177.951119,throttle_position,0,0
1782238177.951619,kill_switch,RUN,1
1782238177.951619,engine_on_counter,0,0
1782238177.969244,gear_position,N,0
1782238177.969244,shift_lever_displaced,REST,0
1782238177.969244,shift_lever_failed,OK,0
1782238177.969427,rpm,0,0
1782238177.969427,throttle_position,0,0
1782238177.969831,kill_switch,RUN,1
1782238177.969831,engine_on_counter,0,0
1782238177.980409,gear_position,N,0
1782238177.980409,shift_lever_displaced,REST,0
1782238177.980409,shift_lever_failed,OK,0
1782238177.980656,rpm,0,0
1782238177.980656,throttle_position,0,0
1782238177.990820,kill_switch,RUN,1
1782238177.990820,engine_on_counter,0,0
1782238177.991170,gear_position,N,0
1782238177.991170,shift_lever_displaced,REST,0
1782238177.991170,shift_lever_failed,OK,0
1782238177.991286,coolant_temp,72.9,729
1782238177.991286,warmup_index,0,0
1782238177.991286,side_stand,UP,1
1782238178.009545,rpm,0,0
1782238178.009545,throttle_position,0,0
1782238178.010083,kill_switch,RUN,1
1782238178.010083,engine_on_counter,0,0
1782238178.019945,gear_position,N,0
1782238178.019945,shift_lever_displaced,REST,0
1782238178.019945,shift_lever_failed,OK,0
1782238178.020085,rpm,0,0
1782238178.020085,throttle_position,0,0
1782238178.030993,kill_switch,RUN,1
1782238178.030993,engine_on_counter,0,0
1782238178.049984,gear_position,N,0
1782238178.049984,shift_lever_displaced,REST,0
1782238178.049984,shift_lever_failed,OK,0
1782238178.050038,rpm,0,0
1782238178.050038,throttle_position,0,0
1782238178.050162,kill_switch,RUN,1
1782238178.050162,engine_on_counter,0,0
1782238178.059837,gear_position,N,0
1782238178.059837,shift_lever_displaced,REST,0
1782238178.059837,shift_lever_failed,OK,0
1782238178.059882,rpm,0,0
1782238178.059882,throttle_position,0,0
1782238178.079289,kill_switch,RUN,1
1782238178.079289,engine_on_counter,0,0
1782238178.079586,gear_position,N,0
1782238178.079586,shift_lever_displaced,REST,0
1782238178.079586,shift_lever_failed,OK,0
1782238178.079630,rpm,0,0
1782238178.079630,throttle_position,0,0
1782238178.090586,kill_switch,RUN,1
1782238178.090586,engine_on_counter,0,0
1782238178.099700,gear_position,N,0
1782238178.099700,shift_lever_displaced,REST,0
1782238178.099700,shift_lever_failed,OK,0
1782238178.099823,coolant_temp,72.9,729
1782238178.099823,warmup_index,0,0
1782238178.099823,side_stand,UP,1
1782238178.100035,rpm,0,0
1782238178.100035,throttle_position,0,0
1782238178.119347,kill_switch,RUN,1
1782238178.119347,engine_on_counter,0,0
1782238178.119890,gear_position,N,0
1782238178.119890,shift_lever_displaced,REST,0
1782238178.119890,shift_lever_failed,OK,0
1782238178.120023,rpm,0,0
1782238178.120023,throttle_position,0,0
1782238178.130560,kill_switch,RUN,1
1782238178.130560,engine_on_counter,0,0
1782238178.152174,gear_position,N,0
1782238178.152174,shift_lever_displaced,REST,0
1782238178.152174,shift_lever_failed,OK,0
1782238178.152286,rpm,0,0
1782238178.152286,throttle_position,0,0
1782238178.152611,kill_switch,RUN,1
1782238178.152611,engine_on_counter,0,0
1782238178.159766,gear_position,N,0
1782238178.159766,shift_lever_displaced,REST,0
1782238178.159766,shift_lever_failed,OK,0
1782238178.159876,rpm,0,0
1782238178.159876,throttle_position,0,0
1782238178.170414,kill_switch,RUN,1
1782238178.170414,engine_on_counter,0,0
1782238178.190055,gear_position,N,0
1782238178.190055,shift_lever_displaced,REST,0
1782238178.190055,shift_lever_failed,OK,0
1782238178.190227,rpm,0,0
1782238178.190227,throttle_position,0,0
1782238178.190645,kill_switch,RUN,1
1782238178.190645,engine_on_counter,0,0
1782238178.199725,gear_position,N,0
1782238178.199725,shift_lever_displaced,REST,0
1782238178.199725,shift_lever_failed,OK,0
1782238178.199964,coolant_temp,72.9,729
1782238178.199964,warmup_index,0,0
1782238178.199964,side_stand,UP,1
1782238178.200443,rpm,0,0
1782238178.200443,throttle_position,0,0
1782238178.212000,kill_switch,RUN,1
1782238178.212000,engine_on_counter,0,0
1782238178.212976,gear_position,N,0
1782238178.212976,shift_lever_displaced,REST,0
1782238178.212976,shift_lever_failed,OK,0
1782238178.229308,rpm,0,0
1782238178.229308,throttle_position,0,0
1782238178.229770,kill_switch,RUN,1
1782238178.229770,engine_on_counter,0,0
1782238178.239708,gear_position,N,0
1782238178.239708,shift_lever_displaced,REST,0
1782238178.239708,shift_lever_failed,OK,0
1782238178.239807,rpm,0,0
1782238178.239807,throttle_position,0,0
1782238178.253256,kill_switch,RUN,1
1782238178.253256,engine_on_counter,0,0
1782238178.253603,gear_position,N,0
1782238178.253603,shift_lever_displaced,REST,0
1782238178.253603,shift_lever_failed,OK,0
1782238178.253722,rpm,0,0
1782238178.253722,throttle_position,0,0
1782238178.270952,kill_switch,RUN,1
1782238178.270952,engine_on_counter,0,0
1782238178.290452,gear_position,N,0
1782238178.290452,shift_lever_displaced,REST,0
1782238178.290452,shift_lever_failed,OK,0
1782238178.298135,rpm,0,0
1782238178.298135,throttle_position,0,0
1782238178.298602,kill_switch,RUN,1
1782238178.298602,engine_on_counter,0,0
1782238178.299397,gear_position,N,0
1782238178.299397,shift_lever_displaced,REST,0
1782238178.299397,shift_lever_failed,OK,0
1782238178.299473,coolant_temp,72.9,729
1782238178.299473,warmup_index,0,0
1782238178.299473,side_stand,UP,1
1782238178.299626,rpm,0,0
1782238178.299626,throttle_position,0,0
1782238178.310500,kill_switch,RUN,1
1782238178.310500,engine_on_counter,0,0
1782238178.320138,gear_position,N,0
1782238178.320138,shift_lever_displaced,REST,0
1782238178.320138,shift_lever_failed,OK,0
1782238178.320226,rpm,0,0
1782238178.320226,throttle_position,0,0
1782238178.339183,kill_switch,RUN,1
1782238178.339183,engine_on_counter,0,0
1782238178.339542,gear_position,N,0
1782238178.339542,shift_lever_displaced,REST,0
1782238178.339542,shift_lever_failed,OK,0
1782238178.339629,rpm,0,0
1782238178.339629,throttle_position,0,0
1782238178.351827,kill_switch,RUN,1
1782238178.351827,engine_on_counter,0,0
1782238178.352087,gear_position,N,0
1782238178.352087,shift_lever_displaced,REST,0
1782238178.352087,shift_lever_failed,OK,0
1782238178.369578,rpm,0,0
1782238178.369578,throttle_position,0,0
1782238178.370143,kill_switch,RUN,1
1782238178.370143,engine_on_counter,0,0
1782238178.380019,gear_position,N,0
1782238178.380019,shift_lever_displaced,REST,0
1782238178.380019,shift_lever_failed,OK,0
1782238178.380141,rpm,0,0
1782238178.380141,throttle_position,0,0
1782238178.390870,kill_switch,RUN,1
1782238178.390870,engine_on_counter,0,0
1782238178.391289,gear_position,N,0
1782238178.391289,shift_lever_displaced,REST,0
1782238178.391289,shift_lever_failed,OK,0
1782238178.391407,coolant_temp,72.9,729
1782238178.391407,warmup_index,0,0
1782238178.391407,side_stand,UP,1
1782238178.409463,rpm,0,0
1782238178.409463,throttle_position,0,0
1782238178.410183,kill_switch,RUN,1
1782238178.410183,engine_on_counter,0,0
1782238178.420312,gear_position,N,0
1782238178.420312,shift_lever_displaced,REST,0
1782238178.420312,shift_lever_failed,OK,0
1782238178.420551,rpm,0,0
1782238178.420551,throttle_position,0,0
1782238178.432081,kill_switch,RUN,1
1782238178.432081,engine_on_counter,0,0
1782238178.433061,gear_position,N,0
1782238178.433061,shift_lever_displaced,REST,0
1782238178.433061,shift_lever_failed,OK,0
1782238178.451692,rpm,0,0
1782238178.451692,throttle_position,0,0
1782238178.452089,kill_switch,RUN,1
1782238178.452089,engine_on_counter,0,0
1782238178.469275,gear_position,N,0
1782238178.469275,shift_lever_displaced,REST,0
1782238178.469275,shift_lever_failed,OK,0
1782238178.469472,rpm,0,0
1782238178.469472,throttle_position,0,0
1782238178.470179,kill_switch,RUN,1
1782238178.470179,engine_on_counter,0,0
1782238178.480172,gear_position,N,0
1782238178.480172,shift_lever_displaced,REST,0
1782238178.480172,shift_lever_failed,OK,0
1782238178.480409,rpm,0,0
1782238178.480409,throttle_position,0,0
1782238178.490813,kill_switch,RUN,1
1782238178.490813,engine_on_counter,0,0
1782238178.491154,gear_position,N,0
1782238178.491154,shift_lever_displaced,REST,0
1782238178.491154,shift_lever_failed,OK,0
1782238178.503188,coolant_temp,72.9,729
1782238178.503188,warmup_index,0,0
1782238178.503188,side_stand,UP,1
1782238178.503486,rpm,0,0
1782238178.503486,throttle_position,0,0
1782238178.503854,kill_switch,RUN,1
1782238178.503854,engine_on_counter,0,0
1782238178.520415,gear_position,N,0
1782238178.520415,shift_lever_displaced,REST,0
1782238178.520415,shift_lever_failed,OK,0
1782238178.520658,rpm,0,0
1782238178.520658,throttle_position,0,0
1782238178.530949,kill_switch,RUN,1
1782238178.530949,engine_on_counter,0,0
1782238178.549310,gear_position,N,0
1782238178.549310,shift_lever_displaced,REST,0
1782238178.549310,shift_lever_failed,OK,0
1782238178.549411,rpm,0,0
1782238178.549411,throttle_position,0,0
1782238178.549678,kill_switch,RUN,1
1782238178.549678,engine_on_counter,0,0
1782238178.559623,gear_position,N,0
1782238178.559623,shift_lever_displaced,REST,0
1782238178.559623,shift_lever_failed,OK,0
1782238178.559709,rpm,0,0
1782238178.559709,throttle_position,0,0
1782238178.571728,kill_switch,RUN,1
1782238178.571728,engine_on_counter,0,0
1782238178.572147,gear_position,N,0
1782238178.572147,shift_lever_displaced,REST,0
1782238178.572147,shift_lever_failed,OK,0
1782238178.590236,rpm,0,0
1782238178.590236,throttle_position,0,0
1782238178.590525,kill_switch,RUN,1
1782238178.590525,engine_on_counter,0,0
1782238178.599731,gear_position,N,0
1782238178.599731,shift_lever_displaced,REST,0
1782238178.599731,shift_lever_failed,OK,0
1782238178.599842,coolant_temp,72.9,729
1782238178.599842,warmup_index,0,0
1782238178.599842,side_stand,UP,1
1782238178.600053,rpm,0,0
1782238178.600053,throttle_position,0,0
1782238178.619369,kill_switch,RUN,1
1782238178.619369,engine_on_counter,0,0
1782238178.619890,gear_position,N,0
1782238178.619890,shift_lever_displaced,REST,0
1782238178.619890,shift_lever_failed,OK,0
1782238178.620003,rpm,0,0
1782238178.620003,throttle_position,0,0
1782238178.629607,kill_switch,RUN,1
1782238178.629607,engine_on_counter,0,0
1782238178.640019,gear_position,N,0
1782238178.640019,shift_lever_displaced,REST,0
1782238178.640019,shift_lever_failed,OK,0
1782238178.640221,rpm,0,0
1782238178.640221,throttle_position,0,0
1782238178.659269,kill_switch,RUN,1
1782238178.659269,engine_on_counter,0,0
1782238178.659729,gear_position,N,0
1782238178.659729,shift_lever_displaced,REST,0
1782238178.659729,shift_lever_failed,OK,0
1782238178.659869,rpm,0,0
1782238178.659869,throttle_position,0,0
1782238178.670787,kill_switch,RUN,1
1782238178.670787,engine_on_counter,0,0
1782238178.690066,gear_position,N,0
1782238178.690066,shift_lever_displaced,REST,0
1782238178.690066,shift_lever_failed,OK,0
1782238178.690264,rpm,0,0
1782238178.690264,throttle_position,0,0
1782238178.690798,kill_switch,RUN,1
1782238178.690798,engine_on_counter,0,0
1782238178.699590,gear_position,N,0
1782238178.699590,shift_lever_displaced,REST,0
1782238178.699590,shift_lever_failed,OK,0
1782238178.699832,coolant_temp,72.9,729
1782238178.699832,warmup_index,0,0
1782238178.699832,side_stand,UP,1
1782238178.700310,rpm,0,0
1782238178.700310,throttle_position,0,0
1782238178.710680,kill_switch,RUN,1
1782238178.710680,engine_on_counter,0,0
1782238178.720220,gear_position,N,0
1782238178.720220,shift_lever_displaced,REST,0
1782238178.720220,shift_lever_failed,OK,0
1782238178.720355,rpm,0,0
1782238178.720355,throttle_position,0,0
1782238178.720737,kill_switch,RUN,1
1782238178.720737,engine_on_counter,0,0
1782238178.739764,gear_position,N,0
1782238178.739764,shift_lever_displaced,REST,0
1782238178.739764,shift_lever_failed,OK,0
1782238178.739871,rpm,0,0
1782238178.739871,throttle_position,0,0
1782238178.753394,kill_switch,RUN,1
1782238178.753394,engine_on_counter,0,0
1782238178.753747,gear_position,N,0
1782238178.753747,shift_lever_displaced,REST,0
1782238178.753747,shift_lever_failed,OK,0
1782238178.753854,rpm,0,0
1782238178.753854,throttle_position,0,0
1782238178.770518,kill_switch,RUN,1
1782238178.770518,engine_on_counter,0,0
1782238178.779966,gear_position,N,0
1782238178.779966,shift_lever_displaced,REST,0
1782238178.779966,shift_lever_failed,OK,0
1782238178.780151,rpm,0,0
1782238178.780151,throttle_position,0,0
1782238178.797984,kill_switch,RUN,1
1782238178.797984,engine_on_counter,0,0
1782238178.798582,gear_position,N,0
1782238178.798582,shift_lever_displaced,REST,0
1782238178.798582,shift_lever_failed,OK,0
1782238178.798669,coolant_temp,72.9,729
1782238178.798669,warmup_index,0,0
1782238178.798669,side_stand,UP,1
1782238178.803170,rpm,0,0
1782238178.803170,throttle_position,0,0
1782238178.803647,kill_switch,RUN,1
1782238178.803647,engine_on_counter,0,0
1782238178.819627,gear_position,N,0
1782238178.819627,shift_lever_displaced,REST,0
1782238178.819627,shift_lever_failed,OK,0
1782238178.819713,rpm,0,0
1782238178.819713,throttle_position,0,0
1782238178.830434,kill_switch,RUN,1
1782238178.830434,engine_on_counter,0,0
1782238178.849658,gear_position,N,0
1782238178.849658,shift_lever_displaced,REST,0
1782238178.849658,shift_lever_failed,OK,0
1782238178.849765,rpm,0,0
1782238178.849765,throttle_position,0,0
1782238178.850041,kill_switch,RUN,1
1782238178.850041,engine_on_counter,0,0
1782238178.859632,gear_position,N,0
1782238178.859632,shift_lever_displaced,REST,0
1782238178.859632,shift_lever_failed,OK,0
1782238178.859734,rpm,0,0
1782238178.859734,throttle_position,0,0
1782238178.871897,kill_switch,RUN,1
1782238178.871897,engine_on_counter,0,0
1782238178.872362,gear_position,N,0
1782238178.872362,shift_lever_displaced,REST,0
1782238178.872362,shift_lever_failed,OK,0
1782238178.890069,rpm,0,0
1782238178.890069,throttle_position,0,0
1782238178.890453,kill_switch,RUN,1
1782238178.890453,engine_on_counter,0,0
1782238178.899514,gear_position,N,0
1782238178.899514,shift_lever_displaced,REST,0
1782238178.899514,shift_lever_failed,OK,0
1782238178.899700,coolant_temp,72.9,729
1782238178.899700,warmup_index,0,0
1782238178.899700,side_stand,UP,1
1782238178.900063,rpm,0,0
1782238178.900063,throttle_position,0,0
1782238178.911884,kill_switch,RUN,1
1782238178.911884,engine_on_counter,0,0
1782238178.912858,gear_position,N,0
1782238178.912858,shift_lever_displaced,REST,0
1782238178.912858,shift_lever_failed,OK,0
1782238178.929225,rpm,0,0
1782238178.929225,throttle_position,0,0
1782238178.929528,kill_switch,RUN,1
1782238178.929528,engine_on_counter,0,0
1782238178.939794,gear_position,N,0
1782238178.939794,shift_lever_displaced,REST,0
1782238178.939794,shift_lever_failed,OK,0
1782238178.939862,rpm,0,0
1782238178.939862,throttle_position,0,0
1782238178.959204,kill_switch,RUN,1
1782238178.959204,engine_on_counter,0,0
1782238178.959446,gear_position,N,0
1782238178.959446,shift_lever_displaced,REST,0
1782238178.959446,shift_lever_failed,OK,0
1782238178.959523,rpm,0,0
1782238178.959523,throttle_position,0,0
1782238178.970243,kill_switch,RUN,1
1782238178.970243,engine_on_counter,0,0
1782238178.989288,gear_position,N,0
1782238178.989288,shift_lever_displaced,REST,0
1782238178.989288,shift_lever_failed,OK,0
1782238178.989400,rpm,0,0
1782238178.989400,throttle_position,0,0
1782238178.989717,kill_switch,RUN,1
1782238178.989717,engine_on_counter,0,0
1782238178.999374,gear_position,N,0
1782238178.999374,shift_lever_displaced,REST,0
1782238178.999374,shift_lever_failed,OK,0
1782238178.999479,coolant_temp,72.9,729
1782238178.999479,warmup_index,0,0
1782238178.999479,side_stand,UP,1
1782238178.999690,rpm,0,0
1782238178.999690,throttle_position,0,0
1782238179.010603,kill_switch,RUN,1
1782238179.010603,engine_on_counter,0,0
1782238179.020196,gear_position,N,0
1782238179.020196,shift_lever_displaced,REST,0
1782238179.020196,shift_lever_failed,OK,0
1782238179.020335,rpm,0,0
1782238179.020335,throttle_position,0,0
1782238179.020772,kill_switch,RUN,1
1782238179.020772,engine_on_counter,0,0
1782238179.044276,gear_position,N,0
1782238179.044276,shift_lever_displaced,REST,0
1782238179.044276,shift_lever_failed,OK,0
1782238179.044373,rpm,0,0
1782238179.044373,throttle_position,0,0
1782238179.052043,kill_switch,RUN,1
1782238179.052043,engine_on_counter,0,0
1782238179.052310,gear_position,N,0
1782238179.052310,shift_lever_displaced,REST,0
1782238179.052310,shift_lever_failed,OK,0
1782238179.069368,rpm,0,0
1782238179.069368,throttle_position,0,0
1782238179.069809,kill_switch,RUN,1
1782238179.069809,engine_on_counter,0,0
1782238179.079959,gear_position,N,0
1782238179.079959,shift_lever_displaced,REST,0
1782238179.079959,shift_lever_failed,OK,0
1782238179.080085,rpm,0,0
1782238179.080085,throttle_position,0,0
1782238179.091856,kill_switch,RUN,1
1782238179.091856,engine_on_counter,0,0
1782238179.092188,gear_position,N,0
1782238179.092188,shift_lever_displaced,REST,0
1782238179.092188,shift_lever_failed,OK,0
1782238179.092294,coolant_temp,72.9,729
1782238179.092294,warmup_index,0,0
1782238179.092294,side_stand,UP,1
1782238179.110163,rpm,0,0
1782238179.110163,throttle_position,0,0
1782238179.110647,kill_switch,RUN,1
1782238179.110647,engine_on_counter,0,0
1782238179.120003,gear_position,N,0
1782238179.120003,shift_lever_displaced,REST,0
1782238179.120003,shift_lever_failed,OK,0
1782238179.120119,rpm,0,0
1782238179.120119,throttle_position,0,0
1782238179.131835,kill_switch,RUN,1
1782238179.131835,engine_on_counter,0,0
1782238179.132402,gear_position,N,0
1782238179.132402,shift_lever_displaced,REST,0
1782238179.132402,shift_lever_failed,OK,0
1782238179.151489,rpm,0,0
1782238179.151489,throttle_position,0,0
1782238179.152104,kill_switch,RUN,1
1782238179.152104,engine_on_counter,0,0
1782238179.169224,gear_position,N,0
1782238179.169224,shift_lever_displaced,REST,0
1782238179.169224,shift_lever_failed,OK,0
1782238179.169488,rpm,0,0
1782238179.169488,throttle_position,0,0
1782238179.170481,kill_switch,RUN,1
1782238179.170481,engine_on_counter,0,0
1782238179.180194,gear_position,N,0
1782238179.180194,shift_lever_displaced,REST,0
1782238179.180194,shift_lever_failed,OK,0
1782238179.180442,rpm,0,0
1782238179.180442,throttle_position,0,0
1782238179.190637,kill_switch,RUN,1
1782238179.190637,engine_on_counter,0,0
1782238179.190847,gear_position,N,0
1782238179.190847,shift_lever_displaced,REST,0
1782238179.190847,shift_lever_failed,OK,0
1782238179.190918,coolant_temp,72.9,729
1782238179.190918,warmup_index,0,0
1782238179.190918,side_stand,UP,1
1782238179.203301,rpm,0,0
1782238179.203301,throttle_position,0,0
1782238179.203508,kill_switch,RUN,1
1782238179.203508,engine_on_counter,0,0
1782238179.219730,gear_position,N,0
1782238179.219730,shift_lever_displaced,REST,0
1782238179.219730,shift_lever_failed,OK,0
1782238179.219807,rpm,0,0
1782238179.219807,throttle_position,0,0
1782238179.230470,kill_switch,RUN,1
1782238179.230470,engine_on_counter,0,0
1782238179.250004,gear_position,N,0
1782238179.250004,shift_lever_displaced,REST,0
1782238179.250004,shift_lever_failed,OK,0
1782238179.250102,rpm,0,0
1782238179.250102,throttle_position,0,0
1782238179.250368,kill_switch,RUN,1
1782238179.250368,engine_on_counter,0,0
1782238179.259788,gear_position,N,0
1782238179.259788,shift_lever_displaced,REST,0
1782238179.259788,shift_lever_failed,OK,0
1782238179.259894,rpm,0,0
1782238179.259894,throttle_position,0,0
1782238179.271770,kill_switch,RUN,1
1782238179.271770,engine_on_counter,0,0
1782238179.272298,gear_position,N,0
1782238179.272298,shift_lever_displaced,REST,0
1782238179.272298,shift_lever_failed,OK,0
1782238179.296625,rpm,0,0
1782238179.296625,throttle_position,0,0
1782238179.297828,kill_switch,RUN,1
1782238179.297828,engine_on_counter,0,0
1782238179.299591,gear_position,N,0
1782238179.299591,shift_lever_displaced,REST,0
1782238179.299591,shift_lever_failed,OK,0
1782238179.299685,coolant_temp,72.9,729
1782238179.299685,warmup_index,0,0
1782238179.299685,side_stand,UP,1
1782238179.299839,rpm,0,0
1782238179.299839,throttle_position,0,0
1782238179.319238,kill_switch,RUN,1
1782238179.319238,engine_on_counter,0,0
1782238179.319623,gear_position,N,0
1782238179.319623,shift_lever_displaced,REST,0
1782238179.319623,shift_lever_failed,OK,0
1782238179.319712,rpm,0,0
1782238179.319712,throttle_position,0,0
1782238179.330405,kill_switch,RUN,1
1782238179.330405,engine_on_counter,0,0
1782238179.339705,gear_position,N,0
1782238179.339705,shift_lever_displaced,REST,0
1782238179.339705,shift_lever_failed,OK,0
1782238179.339792,rpm,0,0
1782238179.339792,throttle_position,0,0
1782238179.340051,kill_switch,RUN,1
1782238179.340051,engine_on_counter,0,0
1782238179.359415,gear_position,N,0
1782238179.359415,shift_lever_displaced,REST,0
1782238179.359415,shift_lever_failed,OK,0
1782238179.359521,rpm,0,0
1782238179.359521,throttle_position,0,0
1782238179.370575,kill_switch,RUN,1
1782238179.370575,engine_on_counter,0,0
1782238179.390034,gear_position,N,0
1782238179.390034,shift_lever_displaced,REST,0
1782238179.390034,shift_lever_failed,OK,0
1782238179.390184,rpm,0,0
1782238179.390184,throttle_position,0,0
1782238179.390531,kill_switch,RUN,1
1782238179.390531,engine_on_counter,0,0
1782238179.399569,gear_position,N,0
1782238179.399569,shift_lever_displaced,REST,0
1782238179.399569,shift_lever_failed,OK,0
1782238179.399731,coolant_temp,72.9,729
1782238179.399731,warmup_index,0,0
1782238179.399731,side_stand,UP,1
1782238179.400051,rpm,0,0
1782238179.400051,throttle_position,0,0
1782238179.412047,kill_switch,RUN,1
1782238179.412047,engine_on_counter,0,0
1782238179.413034,gear_position,N,0
1782238179.413034,shift_lever_displaced,REST,0
1782238179.413034,shift_lever_failed,OK,0
1782238179.420255,rpm,0,0
1782238179.420255,throttle_position,0,0
1782238179.420711,kill_switch,RUN,1
1782238179.420711,engine_on_counter,0,0
1782238179.439844,gear_position,N,0
1782238179.439844,shift_lever_displaced,REST,0
1782238179.439844,shift_lever_failed,OK,0
1782238179.440012,rpm,0,0
1782238179.440012,throttle_position,0,0
1782238179.453301,kill_switch,RUN,1
1782238179.453301,engine_on_counter,0,0
1782238179.453786,gear_position,N,0
1782238179.453786,shift_lever_displaced,REST,0
1782238179.453786,shift_lever_failed,OK,0
1782238179.453925,rpm,0,0
1782238179.453925,throttle_position,0,0
1782238179.470858,kill_switch,RUN,1
1782238179.470858,engine_on_counter,0,0
1782238179.489273,gear_position,N,0
1782238179.489273,shift_lever_displaced,REST,0
1782238179.489273,shift_lever_failed,OK,0
1782238179.489370,rpm,0,0
1782238179.489370,throttle_position,0,0
1782238179.489645,kill_switch,RUN,1
1782238179.489645,engine_on_counter,0,0
1782238179.492028,gear_position,N,0
1782238179.492028,shift_lever_displaced,REST,0
1782238179.492028,shift_lever_failed,OK,0
1782238179.492122,coolant_temp,72.9,729
1782238179.492122,warmup_index,0,0
1782238179.492122,side_stand,UP,1
1782238179.492302,rpm,0,0
1782238179.492302,throttle_position,0,0
1782238179.510341,kill_switch,RUN,1
1782238179.510341,engine_on_counter,0,0
1782238179.520107,gear_position,N,0
1782238179.520107,shift_lever_displaced,REST,0
1782238179.520107,shift_lever_failed,OK,0
1782238179.520218,rpm,0,0
1782238179.520218,throttle_position,0,0
1782238179.546576,kill_switch,RUN,1
1782238179.546576,engine_on_counter,0,0
1782238179.548145,gear_position,N,0
1782238179.548145,shift_lever_displaced,REST,0
1782238179.548145,shift_lever_failed,OK,0
1782238179.548234,rpm,0,0
1782238179.548234,throttle_position,0,0
1782238179.552077,kill_switch,RUN,1
1782238179.552077,engine_on_counter,0,0
1782238179.552347,gear_position,N,0
1782238179.552347,shift_lever_displaced,REST,0
1782238179.552347,shift_lever_failed,OK,0
1782238179.569435,rpm,0,0
1782238179.569435,throttle_position,0,0
1782238179.569865,kill_switch,RUN,1
1782238179.569865,engine_on_counter,0,0
1782238179.579794,gear_position,N,0
1782238179.579794,shift_lever_displaced,REST,0
1782238179.579794,shift_lever_failed,OK,0
1782238179.579973,rpm,0,0
1782238179.579973,throttle_position,0,0
1782238179.590861,kill_switch,RUN,1
1782238179.590861,engine_on_counter,0,0
1782238179.591127,gear_position,N,0
1782238179.591127,shift_lever_displaced,REST,0
1782238179.591127,shift_lever_failed,OK,0
1782238179.591215,coolant_temp,72.9,729
1782238179.591215,warmup_index,0,0
1782238179.591215,side_stand,UP,1
1782238179.609308,rpm,0,0
1782238179.609308,throttle_position,0,0
1782238179.609627,kill_switch,RUN,1
1782238179.609627,engine_on_counter,0,0
1782238179.620028,gear_position,N,0
1782238179.620028,shift_lever_displaced,REST,0
1782238179.620028,shift_lever_failed,OK,0
1782238179.620136,rpm,0,0
1782238179.620136,throttle_position,0,0
1782238179.632022,kill_switch,RUN,1
1782238179.632022,engine_on_counter,0,0
1782238179.632513,gear_position,N,0
1782238179.632513,shift_lever_displaced,REST,0
1782238179.632513,shift_lever_failed,OK,0
1782238179.650627,rpm,0,0
1782238179.650627,throttle_position,0,0
1782238179.651201,kill_switch,RUN,1
1782238179.651201,engine_on_counter,0,0
1782238179.659775,gear_position,N,0
1782238179.659775,shift_lever_displaced,REST,0
1782238179.659775,shift_lever_failed,OK,0
1782238179.659986,rpm,0,0
1782238179.659986,throttle_position,0,0
1782238179.679125,kill_switch,RUN,1
1782238179.679125,engine_on_counter,0,0
1782238179.679833,gear_position,N,0
1782238179.679833,shift_lever_displaced,REST,0
1782238179.679833,shift_lever_failed,OK,0
1782238179.679952,rpm,0,0
1782238179.679952,throttle_position,0,0
1782238179.690799,kill_switch,RUN,1
1782238179.690799,engine_on_counter,0,0
1782238179.691153,gear_position,N,0
1782238179.691153,shift_lever_displaced,REST,0
1782238179.691153,shift_lever_failed,OK,0
1782238179.703248,coolant_temp,72.9,729
1782238179.703248,warmup_index,0,0
1782238179.703248,side_stand,UP,1
1782238179.703748,rpm,0,0
1782238179.703748,throttle_position,0,0
1782238179.704488,kill_switch,RUN,1
1782238179.704488,engine_on_counter,0,0
1782238179.719782,gear_position,N,0
1782238179.719782,shift_lever_displaced,REST,0
1782238179.719782,shift_lever_failed,OK,0
1782238179.719871,rpm,0,0
1782238179.719871,throttle_position,0,0
1782238179.730334,kill_switch,RUN,1
1782238179.730334,engine_on_counter,0,0
1782238179.749807,gear_position,N,0
1782238179.749807,shift_lever_displaced,REST,0
1782238179.749807,shift_lever_failed,OK,0
1782238179.749958,rpm,0,0
1782238179.749958,throttle_position,0,0
1782238179.750409,kill_switch,RUN,1
1782238179.750409,engine_on_counter,0,0
1782238179.759709,gear_position,N,0
1782238179.759709,shift_lever_displaced,REST,0
1782238179.759709,shift_lever_failed,OK,0
1782238179.759821,rpm,0,0
1782238179.759821,throttle_position,0,0
1782238179.771855,kill_switch,RUN,1
1782238179.771855,engine_on_counter,0,0
1782238179.772332,gear_position,N,0
1782238179.772332,shift_lever_displaced,REST,0
1782238179.772332,shift_lever_failed,OK,0
1782238179.791467,rpm,0,0
1782238179.791467,throttle_position,0,0
1782238179.799437,kill_switch,RUN,1
1782238179.799437,engine_on_counter,0,0
1782238179.799892,gear_position,N,0
1782238179.799892,shift_lever_displaced,REST,0
1782238179.799892,shift_lever_failed,OK,0
1782238179.799980,coolant_temp,72.9,729
1782238179.799980,warmup_index,0,0
1782238179.799980,side_stand,UP,1
1782238179.800137,rpm,0,0
1782238179.800137,throttle_position,0,0
1782238179.811999,kill_switch,RUN,1
1782238179.811999,engine_on_counter,0,0
1782238179.812364,gear_position,N,0
1782238179.812364,shift_lever_displaced,REST,0
1782238179.812364,shift_lever_failed,OK,0
1782238179.829143,rpm,0,0
1782238179.829143,throttle_position,0,0
1782238179.829558,kill_switch,RUN,1
1782238179.829558,engine_on_counter,0,0
1782238179.839777,gear_position,N,0
1782238179.839777,shift_lever_displaced,REST,0
1782238179.839777,shift_lever_failed,OK,0
1782238179.839865,rpm,0,0
1782238179.839865,throttle_position,0,0
1782238179.859146,kill_switch,RUN,1
1782238179.859146,engine_on_counter,0,0
1782238179.859464,gear_position,N,0
1782238179.859464,shift_lever_displaced,REST,0
1782238179.859464,shift_lever_failed,OK,0
1782238179.859568,rpm,0,0
1782238179.859568,throttle_position,0,0
1782238179.870535,kill_switch,RUN,1
1782238179.870535,engine_on_counter,0,0
1782238179.889278,gear_position,N,0
1782238179.889278,shift_lever_displaced,REST,0
1782238179.889278,shift_lever_failed,OK,0
1782238179.889475,rpm,0,0
1782238179.889475,throttle_position,0,0
1782238179.889962,kill_switch,RUN,1
1782238179.889962,engine_on_counter,0,0
1782238179.899522,gear_position,N,0
1782238179.899522,shift_lever_displaced,REST,0
1782238179.899522,shift_lever_failed,OK,0
1782238179.899722,coolant_temp,72.9,729
1782238179.899722,warmup_index,0,0
1782238179.899722,side_stand,UP,1
1782238179.900123,rpm,0,0
1782238179.900123,throttle_position,0,0
1782238179.910957,kill_switch,RUN,1
1782238179.910957,engine_on_counter,0,0
1782238179.920201,gear_position,N,0
1782238179.920201,shift_lever_displaced,REST,0
1782238179.920201,shift_lever_failed,OK,0
1782238179.920368,rpm,0,0
1782238179.920368,throttle_position,0,0
1782238179.920937,kill_switch,RUN,1
1782238179.920937,engine_on_counter,0,0
1782238179.940897,gear_position,N,0
1782238179.940897,shift_lever_displaced,REST,0
1782238179.940897,shift_lever_failed,OK,0
1782238179.941113,rpm,0,0
1782238179.941113,throttle_position,0,0
1782238179.951978,kill_switch,RUN,1
1782238179.951978,engine_on_counter,0,0
1782238179.952319,gear_position,N,0
1782238179.952319,shift_lever_displaced,REST,0
1782238179.952319,shift_lever_failed,OK,0
1782238179.952426,rpm,0,0
1782238179.952426,throttle_position,0,0
1782238179.969842,kill_switch,RUN,1
1782238179.969842,engine_on_counter,0,0
1782238179.979947,gear_position,N,0
1782238179.979947,shift_lever_displaced,REST,0
1782238179.979947,shift_lever_failed,OK,0
1782238179.980145,rpm,0,0
1782238179.980145,throttle_position,0,0
1782238179.991792,kill_switch,RUN,1
1782238179.991792,engine_on_counter,0,0
1782238179.992222,gear_position,N,0
1782238179.992222,shift_lever_displaced,REST,0
1782238179.992222,shift_lever_failed,OK,0
1782238179.992359,coolant_temp,72.9,729
1782238179.992359,warmup_index,0,0
1782238179.992359,side_stand,UP,1
1782238180.010075,rpm,0,0
1782238180.010075,throttle_position,0,0
1782238180.010651,kill_switch,RUN,1
1782238180.010651,engine_on_counter,0,0
1782238180.020197,gear_position,N,0
1782238180.020197,shift_lever_displaced,REST,0
1782238180.020197,shift_lever_failed,OK,0
1782238180.020342,rpm,0,0
1782238180.020342,throttle_position,0,0
1782238180.036775,kill_switch,RUN,1
1782238180.036775,engine_on_counter,0,0
1782238180.046035,gear_position,N,0
1782238180.046035,shift_lever_displaced,REST,0
1782238180.046035,shift_lever_failed,OK,0
1782238180.050281,rpm,0,0
1782238180.050281,throttle_position,0,0
1782238180.050564,kill_switch,RUN,1
1782238180.050564,engine_on_counter,0,0
1782238180.069110,gear_position,N,0
1782238180.069110,shift_lever_displaced,REST,0
1782238180.069110,shift_lever_failed,OK,0
1782238180.069238,rpm,0,0
1782238180.069238,throttle_position,0,0
1782238180.069667,kill_switch,RUN,1
1782238180.069667,engine_on_counter,0,0
1782238180.079738,gear_position,N,0
1782238180.079738,shift_lever_displaced,REST,0
1782238180.079738,shift_lever_failed,OK,0
1782238180.079844,rpm,0,0
1782238180.079844,throttle_position,0,0
1782238180.090948,kill_switch,RUN,1
1782238180.090948,engine_on_counter,0,0
1782238180.091225,gear_position,N,0
1782238180.091225,shift_lever_displaced,REST,0
1782238180.091225,shift_lever_failed,OK,0
1782238180.091314,coolant_temp,72.9,729
1782238180.091314,warmup_index,0,0
1782238180.091314,side_stand,UP,1
1782238180.103350,rpm,0,0
1782238180.103350,throttle_position,0,0
1782238180.103677,kill_switch,RUN,1
1782238180.103677,engine_on_counter,0,0
1782238180.119804,gear_position,N,0
1782238180.119804,shift_lever_displaced,REST,0
1782238180.119804,shift_lever_failed,OK,0
1782238180.119922,rpm,0,0
1782238180.119922,throttle_position,0,0
1782238180.130653,kill_switch,RUN,1
1782238180.130653,engine_on_counter,0,0
1782238180.151538,gear_position,N,0
1782238180.151538,shift_lever_displaced,REST,0
1782238180.151538,shift_lever_failed,OK,0
1782238180.151871,rpm,0,0
1782238180.151871,throttle_position,0,0
1782238180.152312,kill_switch,RUN,1
1782238180.152312,engine_on_counter,0,0
1782238180.159863,gear_position,N,0
1782238180.159863,shift_lever_displaced,REST,0
1782238180.159863,shift_lever_failed,OK,0
1782238180.160043,rpm,0,0
1782238180.160043,throttle_position,0,0
1782238180.179278,kill_switch,RUN,1
1782238180.179278,engine_on_counter,0,0
1782238180.180281,gear_position,N,0
1782238180.180281,shift_lever_displaced,REST,0
1782238180.180281,shift_lever_failed,OK,0
1782238180.180526,rpm,0,0
1782238180.180526,throttle_position,0,0
1782238180.190492,kill_switch,RUN,1
1782238180.190492,engine_on_counter,0,0
1782238180.199526,gear_position,N,0
1782238180.199526,shift_lever_displaced,REST,0
1782238180.199526,shift_lever_failed,OK,0
1782238180.199612,coolant_temp,72.9,729
1782238180.199612,warmup_index,0,0
1782238180.199612,side_stand,UP,1
1782238180.199753,rpm,0,0
1782238180.199753,throttle_position,0,0
1782238180.219226,kill_switch,RUN,1
1782238180.219226,engine_on_counter,0,0
1782238180.219522,gear_position,N,0
1782238180.219522,shift_lever_displaced,REST,0
1782238180.219522,shift_lever_failed,OK,0
1782238180.219592,rpm,0,0
1782238180.219592,throttle_position,0,0
1782238180.230359,kill_switch,RUN,1
1782238180.230359,engine_on_counter,0,0
1782238180.249313,gear_position,N,0
1782238180.249313,shift_lever_displaced,REST,0
1782238180.249313,shift_lever_failed,OK,0
1782238180.249403,rpm,0,0
1782238180.249403,throttle_position,0,0
1782238180.249669,kill_switch,RUN,1
1782238180.249669,engine_on_counter,0,0
1782238180.259341,gear_position,N,0
1782238180.259341,shift_lever_displaced,REST,0
1782238180.259341,shift_lever_failed,OK,0
1782238180.259431,rpm,0,0
1782238180.259431,throttle_position,0,0
1782238180.270492,kill_switch,RUN,1
1782238180.270492,engine_on_counter,0,0
1782238180.293412,gear_position,N,0
1782238180.293412,shift_lever_displaced,REST,0
1782238180.293412,shift_lever_failed,OK,0
1782238180.293734,rpm,0,0
1782238180.293734,throttle_position,0,0
1782238180.294014,kill_switch,RUN,1
1782238180.294014,engine_on_counter,0,0
1782238180.299466,gear_position,N,0
1782238180.299466,shift_lever_displaced,REST,0
1782238180.299466,shift_lever_failed,OK,0
1782238180.299554,coolant_temp,72.9,729
1782238180.299554,warmup_index,0,0
1782238180.299554,side_stand,UP,1
1782238180.299737,rpm,0,0
1782238180.299737,throttle_position,0,0
1782238180.312040,kill_switch,RUN,1
1782238180.312040,engine_on_counter,0,0
1782238180.312389,gear_position,N,0
1782238180.312389,shift_lever_displaced,REST,0
1782238180.312389,shift_lever_failed,OK,0
1782238180.329144,rpm,0,0
1782238180.329144,throttle_position,0,0
1782238180.329578,kill_switch,RUN,1
1782238180.329578,engine_on_counter,0,0
1782238180.339592,gear_position,N,0
1782238180.339592,shift_lever_displaced,REST,0
1782238180.339592,shift_lever_failed,OK,0
1782238180.339680,rpm,0,0
1782238180.339680,throttle_position,0,0
1782238180.353207,kill_switch,RUN,1
1782238180.353207,engine_on_counter,0,0
1782238180.353529,gear_position,N,0
1782238180.353529,shift_lever_displaced,REST,0
1782238180.353529,shift_lever_failed,OK,0
1782238180.353638,rpm,0,0
1782238180.353638,throttle_position,0,0
1782238180.370655,kill_switch,RUN,1
1782238180.370655,engine_on_counter,0,0
1782238180.389236,gear_position,N,0
1782238180.389236,shift_lever_displaced,REST,0
1782238180.389236,shift_lever_failed,OK,0
1782238180.389330,rpm,0,0
1782238180.389330,throttle_position,0,0
1782238180.389599,kill_switch,RUN,1
1782238180.389599,engine_on_counter,0,0
1782238180.399350,gear_position,N,0
1782238180.399350,shift_lever_displaced,REST,0
1782238180.399350,shift_lever_failed,OK,0
1782238180.399456,coolant_temp,72.9,729
1782238180.399456,warmup_index,0,0
1782238180.399456,side_stand,UP,1
1782238180.399695,rpm,0,0
1782238180.399695,throttle_position,0,0
1782238180.410419,kill_switch,RUN,1
1782238180.410419,engine_on_counter,0,0
1782238180.419997,gear_position,N,0
1782238180.419997,shift_lever_displaced,REST,0
1782238180.419997,shift_lever_failed,OK,0
1782238180.420112,rpm,0,0
1782238180.420112,throttle_position,0,0
1782238180.439085,kill_switch,RUN,1
1782238180.439085,engine_on_counter,0,0
1782238180.439800,gear_position,N,0
1782238180.439800,shift_lever_displaced,REST,0
1782238180.439800,shift_lever_failed,OK,0
1782238180.439948,rpm,0,0
1782238180.439948,throttle_position,0,0
1782238180.452177,kill_switch,RUN,1
1782238180.452177,engine_on_counter,0,0
1782238180.452442,gear_position,N,0
1782238180.452442,shift_lever_displaced,REST,0
1782238180.452442,shift_lever_failed,OK,0
1782238180.469339,rpm,0,0
1782238180.469339,throttle_position,0,0
1782238180.469770,kill_switch,RUN,1
1782238180.469770,engine_on_counter,0,0
1782238180.479921,gear_position,N,0
1782238180.479921,shift_lever_displaced,REST,0
1782238180.479921,shift_lever_failed,OK,0
1782238180.480044,rpm,0,0
1782238180.480044,throttle_position,0,0
1782238180.490858,kill_switch,RUN,1
1782238180.490858,engine_on_counter,0,0
1782238180.491269,gear_position,N,0
1782238180.491269,shift_lever_displaced,REST,0
1782238180.491269,shift_lever_failed,OK,0
1782238180.491403,coolant_temp,72.9,729
1782238180.491403,warmup_index,0,0
1782238180.491403,side_stand,UP,1
1782238180.509376,rpm,0,0
1782238180.509376,throttle_position,0,0
1782238180.510113,kill_switch,RUN,1
1782238180.510113,engine_on_counter,0,0
1782238180.520046,gear_position,N,0
1782238180.520046,shift_lever_displaced,REST,0
1782238180.520046,shift_lever_failed,OK,0
1782238180.520219,rpm,0,0
1782238180.520219,throttle_position,0,0
1782238180.543607,kill_switch,RUN,1
1782238180.543607,engine_on_counter,0,0
1782238180.544134,gear_position,N,0
1782238180.544134,shift_lever_displaced,REST,0
1782238180.544134,shift_lever_failed,OK,0
1782238180.550306,rpm,0,0
1782238180.550306,throttle_position,0,0
1782238180.550545,kill_switch,RUN,1
1782238180.550545,engine_on_counter,0,0
1782238180.559640,gear_position,N,0
1782238180.559640,shift_lever_displaced,REST,0
1782238180.559640,shift_lever_failed,OK,0
1782238180.559731,rpm,0,0
1782238180.559731,throttle_position,0,0
1782238180.560076,kill_switch,RUN,1
1782238180.560076,engine_on_counter,0,0
1782238180.579495,gear_position,N,0
1782238180.579495,shift_lever_displaced,REST,0
1782238180.579495,shift_lever_failed,OK,0
1782238180.579601,rpm,0,0
1782238180.579601,throttle_position,0,0
1782238180.590729,kill_switch,RUN,1
1782238180.590729,engine_on_counter,0,0
1782238180.590995,gear_position,N,0
1782238180.590995,shift_lever_displaced,REST,0
1782238180.590995,shift_lever_failed,OK,0
1782238180.603147,coolant_temp,72.9,729
1782238180.603147,warmup_index,0,0
1782238180.603147,side_stand,UP,1
1782238180.603376,rpm,0,0
1782238180.603376,throttle_position,0,0
1782238180.603698,kill_switch,RUN,1
1782238180.603698,engine_on_counter,0,0
1782238180.619783,gear_position,N,0
1782238180.619783,shift_lever_displaced,REST,0
1782238180.619783,shift_lever_failed,OK,0
1782238180.619891,rpm,0,0
1782238180.619891,throttle_position,0,0
1782238180.630744,kill_switch,RUN,1
1782238180.630744,engine_on_counter,0,0
1782238180.651209,gear_position,N,0
1782238180.651209,shift_lever_displaced,REST,0
1782238180.651209,shift_lever_failed,OK,0
1782238180.651366,rpm,0,0
1782238180.651366,throttle_position,0,0
1782238180.651758,kill_switch,RUN,1
1782238180.651758,engine_on_counter,0,0
1782238180.659728,gear_position,N,0
1782238180.659728,shift_lever_displaced,REST,0
1782238180.659728,shift_lever_failed,OK,0
1782238180.659907,rpm,0,0
1782238180.659907,throttle_position,0,0
1782238180.672053,kill_switch,RUN,1
1782238180.672053,engine_on_counter,0,0
1782238180.673036,gear_position,N,0
1782238180.673036,shift_lever_displaced,REST,0
1782238180.673036,shift_lever_failed,OK,0
1782238180.690512,rpm,0,0
1782238180.690512,throttle_position,0,0
1782238180.690885,kill_switch,RUN,1
1782238180.690885,engine_on_counter,0,0
1782238180.699605,gear_position,N,0
1782238180.699605,shift_lever_displaced,REST,0
1782238180.699605,shift_lever_failed,OK,0
1782238180.699803,coolant_temp,72.9,729
1782238180.699803,warmup_index,0,0
1782238180.699803,side_stand,UP,1
1782238180.700152,rpm,0,0
1782238180.700152,throttle_position,0,0
1782238180.711784,kill_switch,RUN,1
1782238180.711784,engine_on_counter,0,0
1782238180.712766,gear_position,N,0
1782238180.712766,shift_lever_displaced,REST,0
1782238180.712766,shift_lever_failed,OK,0
1782238180.713003,rpm,0,0
1782238180.713003,throttle_position,0,0
1782238180.730159,kill_switch,RUN,1
1782238180.730159,engine_on_counter,0,0
1782238180.740064,gear_position,N,0
1782238180.740064,shift_lever_displaced,REST,0
1782238180.740064,shift_lever_failed,OK,0
1782238180.740303,rpm,0,0
1782238180.740303,throttle_position,0,0
1782238180.759173,kill_switch,RUN,1
1782238180.759173,engine_on_counter,0,0
1782238180.759937,gear_position,N,0
1782238180.759937,shift_lever_displaced,REST,0
1782238180.759937,shift_lever_failed,OK,0
1782238180.760175,rpm,0,0
1782238180.760175,throttle_position,0,0
1782238180.770893,kill_switch,RUN,1
1782238180.770893,engine_on_counter,0,0
1782238180.795545,gear_position,N,0
1782238180.795545,shift_lever_displaced,REST,0
1782238180.795545,shift_lever_failed,OK,0
1782238180.795653,rpm,0,0
1782238180.795653,throttle_position,0,0
1782238180.795884,kill_switch,RUN,1
1782238180.795884,engine_on_counter,0,0
1782238180.796094,gear_position,N,0
1782238180.796094,shift_lever_displaced,REST,0
1782238180.796094,shift_lever_failed,OK,0
1782238180.796169,coolant_temp,72.9,729
1782238180.796169,warmup_index,0,0
1782238180.796169,side_stand,UP,1
1782238180.796346,rpm,0,0
1782238180.796346,throttle_position,0,0
1782238180.809458,kill_switch,RUN,1
1782238180.809458,engine_on_counter,0,0
1782238180.819807,gear_position,N,0
1782238180.819807,shift_lever_displaced,REST,0
1782238180.819807,shift_lever_failed,OK,0
1782238180.819883,rpm,0,0
1782238180.819883,throttle_position,0,0
1782238180.830504,kill_switch,RUN,1
1782238180.830504,engine_on_counter,0,0
1782238180.850039,gear_position,N,0
1782238180.850039,shift_lever_displaced,REST,0
1782238180.850039,shift_lever_failed,OK,0
1782238180.850156,rpm,0,0
1782238180.850156,throttle_position,0,0
1782238180.850415,kill_switch,RUN,1
1782238180.850415,engine_on_counter,0,0
1782238180.859686,gear_position,N,0
1782238180.859686,shift_lever_displaced,REST,0
1782238180.859686,shift_lever_failed,OK,0
1782238180.859773,rpm,0,0
1782238180.859773,throttle_position,0,0
1782238180.879077,kill_switch,RUN,1
1782238180.879077,engine_on_counter,0,0
1782238180.879512,gear_position,N,0
1782238180.879512,shift_lever_displaced,REST,0
1782238180.879512,shift_lever_failed,OK,0
1782238180.879613,rpm,0,0
1782238180.879613,throttle_position,0,0
1782238180.890823,kill_switch,RUN,1
1782238180.890823,engine_on_counter,0,0
1782238180.891133,gear_position,N,0
1782238180.891133,shift_lever_displaced,REST,0
1782238180.891133,shift_lever_failed,OK,0
1782238180.903249,coolant_temp,72.9,729
1782238180.903249,warmup_index,0,0
1782238180.903249,side_stand,UP,1
1782238180.903561,rpm,0,0
1782238180.903561,throttle_position,0,0
1782238180.903936,kill_switch,RUN,1
1782238180.903936,engine_on_counter,0,0
1782238180.919652,gear_position,N,0
1782238180.919652,shift_lever_displaced,REST,0
1782238180.919652,shift_lever_failed,OK,0
1782238180.919770,rpm,0,0
1782238180.919770,throttle_position,0,0
1782238180.930929,kill_switch,RUN,1
1782238180.930929,engine_on_counter,0,0
1782238180.951144,gear_position,N,0
1782238180.951144,shift_lever_displaced,REST,0
1782238180.951144,shift_lever_failed,OK,0
1782238180.951299,rpm,0,0
1782238180.951299,throttle_position,0,0
1782238180.951727,kill_switch,RUN,1
1782238180.951727,engine_on_counter,0,0
1782238180.959616,gear_position,N,0
1782238180.959616,shift_lever_displaced,REST,0
1782238180.959616,shift_lever_failed,OK,0
1782238180.959761,rpm,0,0
1782238180.959761,throttle_position,0,0
1782238180.972127,kill_switch,RUN,1
1782238180.972127,engine_on_counter,0,0
1782238180.973085,gear_position,N,0
1782238180.973085,shift_lever_displaced,REST,0
1782238180.973085,shift_lever_failed,OK,0
1782238180.990216,rpm,0,0
1782238180.990216,throttle_position,0,0
1782238180.990933,kill_switch,RUN,1
1782238180.990933,engine_on_counter,0,0
1782238180.999507,gear_position,N,0
1782238180.999507,shift_lever_displaced,REST,0
1782238180.999507,shift_lever_failed,OK,0
1782238180.999759,coolant_temp,72.9,729
1782238180.999759,warmup_index,0,0
1782238180.999759,side_stand,UP,1
1782238181.000240,rpm,0,0
1782238181.000240,throttle_position,0,0
1782238181.011948,kill_switch,RUN,1
1782238181.011948,engine_on_counter,0,0
1782238181.012805,gear_position,N,0
1782238181.012805,shift_lever_displaced,REST,0
1782238181.012805,shift_lever_failed,OK,0
1782238181.029062,rpm,0,0
1782238181.029062,throttle_position,0,0
1782238181.029691,kill_switch,RUN,1
1782238181.029691,engine_on_counter,0,0
1782238181.049432,gear_position,N,0
1782238181.049432,shift_lever_displaced,REST,0
1782238181.049432,shift_lever_failed,OK,0
1782238181.049509,rpm,0,0
1782238181.049509,throttle_position,0,0
1782238181.059035,kill_switch,RUN,1
1782238181.059035,engine_on_counter,0,0
1782238181.059263,gear_position,N,0
1782238181.059263,shift_lever_displaced,REST,0
1782238181.059263,shift_lever_failed,OK,0
1782238181.059322,rpm,0,0
1782238181.059322,throttle_position,0,0
1782238181.070505,kill_switch,RUN,1
1782238181.070505,engine_on_counter,0,0
1782238181.089132,gear_position,N,0
1782238181.089132,shift_lever_displaced,REST,0
1782238181.089132,shift_lever_failed,OK,0
1782238181.089218,rpm,0,0
1782238181.089218,throttle_position,0,0
1782238181.089476,kill_switch,RUN,1
1782238181.089476,engine_on_counter,0,0
1782238181.099211,gear_position,N,0
1782238181.099211,shift_lever_displaced,REST,0
1782238181.099211,shift_lever_failed,OK,0
1782238181.099298,coolant_temp,72.9,729
1782238181.099298,warmup_index,0,0
1782238181.099298,side_stand,UP,1
1782238181.099475,rpm,0,0
1782238181.099475,throttle_position,0,0
1782238181.110564,kill_switch,RUN,1
1782238181.110564,engine_on_counter,0,0
1782238181.120159,gear_position,N,0
1782238181.120159,shift_lever_displaced,REST,0
1782238181.120159,shift_lever_failed,OK,0
1782238181.120268,rpm,0,0
1782238181.120268,throttle_position,0,0
1782238181.120678,kill_switch,RUN,1
1782238181.120678,engine_on_counter,0,0
1782238181.139612,gear_position,N,0
1782238181.139612,shift_lever_displaced,REST,0
1782238181.139612,shift_lever_failed,OK,0
1782238181.139747,rpm,0,0
1782238181.139747,throttle_position,0,0
1782238181.152099,kill_switch,RUN,1
1782238181.152099,engine_on_counter,0,0
1782238181.152553,gear_position,N,0
1782238181.152553,shift_lever_displaced,REST,0
1782238181.152553,shift_lever_failed,OK,0
1782238181.169304,rpm,0,0
1782238181.169304,throttle_position,0,0
1782238181.170284,kill_switch,RUN,1
1782238181.170284,engine_on_counter,0,0
1782238181.179666,gear_position,N,0
1782238181.179666,shift_lever_displaced,REST,0
1782238181.179666,shift_lever_failed,OK,0
1782238181.179764,rpm,0,0
1782238181.179764,throttle_position,0,0
1782238181.191830,kill_switch,RUN,1
1782238181.191830,engine_on_counter,0,0
1782238181.192117,gear_position,N,0
1782238181.192117,shift_lever_displaced,REST,0
1782238181.192117,shift_lever_failed,OK,0
1782238181.192207,coolant_temp,72.9,729
1782238181.192207,warmup_index,0,0
1782238181.192207,side_stand,UP,1
1782238181.210114,rpm,0,0
1782238181.210114,throttle_position,0,0
1782238181.210428,kill_switch,RUN,1
1782238181.210428,engine_on_counter,0,0
1782238181.219820,gear_position,N,0
1782238181.219820,shift_lever_displaced,REST,0
1782238181.219820,shift_lever_failed,OK,0
1782238181.219937,rpm,0,0
1782238181.219937,throttle_position,0,0
1782238181.231981,kill_switch,RUN,1
1782238181.231981,engine_on_counter,0,0
1782238181.232532,gear_position,N,0
1782238181.232532,shift_lever_displaced,REST,0
1782238181.232532,shift_lever_failed,OK,0
1782238181.250317,rpm,0,0
1782238181.250317,throttle_position,0,0
1782238181.250840,kill_switch,RUN,1
1782238181.250840,engine_on_counter,0,0
1782238181.269120,gear_position,N,0
1782238181.269120,shift_lever_displaced,REST,0
1782238181.269120,shift_lever_failed,OK,0
1782238181.269376,rpm,0,0
1782238181.269376,throttle_position,0,0
1782238181.270327,kill_switch,RUN,1
1782238181.270327,engine_on_counter,0,0
1782238181.280118,gear_position,N,0
1782238181.280118,shift_lever_displaced,REST,0
1782238181.280118,shift_lever_failed,OK,0
1782238181.280355,rpm,0,0
1782238181.280355,throttle_position,0,0
1782238181.296155,kill_switch,RUN,1
1782238181.296155,engine_on_counter,0,0
1782238181.296334,gear_position,N,0
1782238181.296334,shift_lever_displaced,REST,0
1782238181.296334,shift_lever_failed,OK,0
1782238181.303136,coolant_temp,72.9,729
1782238181.303136,warmup_index,0,0
1782238181.303136,side_stand,UP,1
1782238181.303298,rpm,0,0
1782238181.303298,throttle_position,0,0
1782238181.303480,kill_switch,RUN,1
1782238181.303480,engine_on_counter,0,0
1782238181.319628,gear_position,N,0
1782238181.319628,shift_lever_displaced,REST,0
1782238181.319628,shift_lever_failed,OK,0
1782238181.319697,rpm,0,0
1782238181.319697,throttle_position,0,0
1782238181.330531,kill_switch,RUN,1
1782238181.330531,engine_on_counter,0,0
1782238181.350174,gear_position,N,0
1782238181.350174,shift_lever_displaced,REST,0
1782238181.350174,shift_lever_failed,OK,0
1782238181.350267,rpm,0,0
1782238181.350267,throttle_position,0,0
1782238181.350508,kill_switch,RUN,1
1782238181.350508,engine_on_counter,0,0
1782238181.359666,gear_position,N,0
1782238181.359666,shift_lever_displaced,REST,0
1782238181.359666,shift_lever_failed,OK,0
1782238181.359742,rpm,0,0
1782238181.359742,throttle_position,0,0
1782238181.371818,kill_switch,RUN,1
1782238181.371818,engine_on_counter,0,0
1782238181.372164,gear_position,N,0
1782238181.372164,shift_lever_displaced,REST,0
1782238181.372164,shift_lever_failed,OK,0
1782238181.390335,rpm,0,0
1782238181.390335,throttle_position,0,0
1782238181.390618,kill_switch,RUN,1
1782238181.390618,engine_on_counter,0,0
1782238181.399515,gear_position,N,0
1782238181.399515,shift_lever_displaced,REST,0
1782238181.399515,shift_lever_failed,OK,0
1782238181.399652,coolant_temp,72.9,729
1782238181.399652,warmup_index,0,0
1782238181.399652,side_stand,UP,1
1782238181.399908,rpm,0,0
1782238181.399908,throttle_position,0,0
1782238181.419154,kill_switch,RUN,1
1782238181.419154,engine_on_counter,0,0
1782238181.419705,gear_position,N,0
1782238181.419705,shift_lever_displaced,REST,0
1782238181.419705,shift_lever_failed,OK,0
1782238181.419825,rpm,0,0
1782238181.419825,throttle_position,0,0
1782238181.430797,kill_switch,RUN,1
1782238181.430797,engine_on_counter,0,0
1782238181.439979,gear_position,N,0
1782238181.439979,shift_lever_displaced,REST,0
1782238181.439979,shift_lever_failed,OK,0
1782238181.440229,rpm,0,0
1782238181.440229,throttle_position,0,0
1782238181.459048,kill_switch,RUN,1
1782238181.459048,engine_on_counter,0,0
1782238181.459514,gear_position,N,0
1782238181.459514,shift_lever_displaced,REST,0
1782238181.459514,shift_lever_failed,OK,0
1782238181.459652,rpm,0,0
1782238181.459652,throttle_position,0,0
1782238181.470878,kill_switch,RUN,1
1782238181.470878,engine_on_counter,0,0
1782238181.490168,gear_position,N,0
1782238181.490168,shift_lever_displaced,REST,0
1782238181.490168,shift_lever_failed,OK,0
1782238181.490430,rpm,0,0
1782238181.490430,throttle_position,0,0
1782238181.491151,kill_switch,RUN,1
1782238181.491151,engine_on_counter,0,0
1782238181.499588,gear_position,N,0
1782238181.499588,shift_lever_displaced,REST,0
1782238181.499588,shift_lever_failed,OK,0
1782238181.499826,coolant_temp,72.9,729
1782238181.499826,warmup_index,0,0
1782238181.499826,side_stand,UP,1
1782238181.500311,rpm,0,0
1782238181.500311,throttle_position,0,0
1782238181.512125,kill_switch,RUN,1
1782238181.512125,engine_on_counter,0,0
1782238181.513158,gear_position,N,0
1782238181.513158,shift_lever_displaced,REST,0
1782238181.513158,shift_lever_failed,OK,0
1782238181.520175,rpm,0,0
1782238181.520175,throttle_position,0,0
1782238181.520604,kill_switch,RUN,1
1782238181.520604,engine_on_counter,0,0
1782238181.545064,gear_position,N,0
1782238181.545064,shift_lever_displaced,REST,0
1782238181.545064,shift_lever_failed,OK,0
1782238181.545170,rpm,0,0
1782238181.545170,throttle_position,0,0
1782238181.553235,kill_switch,RUN,1
1782238181.553235,engine_on_counter,0,0
1782238181.553498,gear_position,N,0
1782238181.553498,shift_lever_displaced,REST,0
1782238181.553498,shift_lever_failed,OK,0
1782238181.553584,rpm,0,0
1782238181.553584,throttle_position,0,0
1782238181.570459,kill_switch,RUN,1
1782238181.570459,engine_on_counter,0,0
1782238181.589201,gear_position,N,0
1782238181.589201,shift_lever_displaced,REST,0
1782238181.589201,shift_lever_failed,OK,0
1782238181.589289,rpm,0,0
1782238181.589289,throttle_position,0,0
1782238181.589546,kill_switch,RUN,1
1782238181.589546,engine_on_counter,0,0
1782238181.592015,gear_position,N,0
1782238181.592015,shift_lever_displaced,REST,0
1782238181.592015,shift_lever_failed,OK,0
1782238181.592102,coolant_temp,72.9,729
1782238181.592102,warmup_index,0,0
1782238181.592102,side_stand,UP,1
1782238181.610172,rpm,0,0
1782238181.610172,throttle_position,0,0
1782238181.610649,kill_switch,RUN,1
1782238181.610649,engine_on_counter,0,0
1782238181.619924,gear_position,N,0
1782238181.619924,shift_lever_displaced,REST,0
1782238181.619924,shift_lever_failed,OK,0
1782238181.620026,rpm,0,0
1782238181.620026,throttle_position,0,0
1782238181.639043,kill_switch,RUN,1
1782238181.639043,engine_on_counter,0,0
1782238181.639809,gear_position,N,0
1782238181.639809,shift_lever_displaced,REST,0
1782238181.639809,shift_lever_failed,OK,0
1782238181.639981,rpm,0,0
1782238181.639981,throttle_position,0,0
1782238181.652133,kill_switch,RUN,1
1782238181.652133,engine_on_counter,0,0
1782238181.652555,gear_position,N,0
1782238181.652555,shift_lever_displaced,REST,0
1782238181.652555,shift_lever_failed,OK,0
1782238181.669425,rpm,0,0
1782238181.669425,throttle_position,0,0
1782238181.670426,kill_switch,RUN,1
1782238181.670426,engine_on_counter,0,0
1782238181.679679,gear_position,N,0
1782238181.679679,shift_lever_displaced,REST,0
1782238181.679679,shift_lever_failed,OK,0
1782238181.679835,rpm,0,0
1782238181.679835,throttle_position,0,0
1782238181.691002,kill_switch,RUN,1
1782238181.691002,engine_on_counter,0,0
1782238181.691367,gear_position,N,0
1782238181.691367,shift_lever_displaced,REST,0
1782238181.691367,shift_lever_failed,OK,0
1782238181.691483,coolant_temp,72.9,729
1782238181.691483,warmup_index,0,0
1782238181.691483,side_stand,UP,1
1782238181.709402,rpm,0,0
1782238181.709402,throttle_position,0,0
1782238181.710132,kill_switch,RUN,1
1782238181.710132,engine_on_counter,0,0
1782238181.719903,gear_position,N,0
1782238181.719903,shift_lever_displaced,REST,0
1782238181.719903,shift_lever_failed,OK,0
1782238181.720021,rpm,0,0
1782238181.720021,throttle_position,0,0
1782238181.732202,kill_switch,RUN,1
1782238181.732202,engine_on_counter,0,0
1782238181.733162,gear_position,N,0
1782238181.733162,shift_lever_displaced,REST,0
1782238181.733162,shift_lever_failed,OK,0
1782238181.750196,rpm,0,0
1782238181.750196,throttle_position,0,0
1782238181.750651,kill_switch,RUN,1
1782238181.750651,engine_on_counter,0,0
1782238181.759693,gear_position,N,0
1782238181.759693,shift_lever_displaced,REST,0
1782238181.759693,shift_lever_failed,OK,0
1782238181.759871,rpm,0,0
1782238181.759871,throttle_position,0,0
1782238181.779007,kill_switch,RUN,1
1782238181.779007,engine_on_counter,0,0
1782238181.780123,gear_position,N,0
1782238181.780123,shift_lever_displaced,REST,0
1782238181.780123,shift_lever_failed,OK,0
1782238181.780368,rpm,0,0
1782238181.780368,throttle_position,0,0
1782238181.796655,kill_switch,RUN,1
1782238181.796655,engine_on_counter,0,0
1782238181.796876,gear_position,N,0
1782238181.796876,shift_lever_displaced,REST,0
1782238181.796876,shift_lever_failed,OK,0
1782238181.803191,coolant_temp,72.9,729
1782238181.803191,warmup_index,0,0
1782238181.803191,side_stand,UP,1
1782238181.803334,rpm,0,0
1782238181.803334,throttle_position,0,0
1782238181.803537,kill_switch,RUN,1
1782238181.803537,engine_on_counter,0,0
1782238181.819661,gear_position,N,0
1782238181.819661,shift_lever_displaced,REST,0
1782238181.819661,shift_lever_failed,OK,0
1782238181.819737,rpm,0,0
1782238181.819737,throttle_position,0,0
1782238181.830615,kill_switch,RUN,1
1782238181.830615,engine_on_counter,0,0
1782238181.849072,gear_position,N,0
1782238181.849072,shift_lever_displaced,REST,0
1782238181.849072,shift_lever_failed,OK,0
1782238181.849149,rpm,0,0
1782238181.849149,throttle_position,0,0
1782238181.849378,kill_switch,RUN,1
1782238181.849378,engine_on_counter,0,0
1782238181.859435,gear_position,N,0
1782238181.859435,shift_lever_displaced,REST,0
1782238181.859435,shift_lever_failed,OK,0
1782238181.859521,rpm,0,0
1782238181.859521,throttle_position,0,0
1782238181.871940,kill_switch,RUN,1
1782238181.871940,engine_on_counter,0,0
1782238181.872283,gear_position,N,0
1782238181.872283,shift_lever_displaced,REST,0
1782238181.872283,shift_lever_failed,OK,0
1782238181.890422,rpm,0,0
1782238181.890422,throttle_position,0,0
1782238181.890747,kill_switch,RUN,1
1782238181.890747,engine_on_counter,0,0
1782238181.899336,gear_position,N,0
1782238181.899336,shift_lever_displaced,REST,0
1782238181.899336,shift_lever_failed,OK,0
1782238181.899511,coolant_temp,72.9,729
1782238181.899511,warmup_index,0,0
1782238181.899511,side_stand,UP,1
1782238181.899782,rpm,0,0
1782238181.899782,throttle_position,0,0
1782238181.911881,kill_switch,RUN,1
1782238181.911881,engine_on_counter,0,0
1782238181.912391,gear_position,N,0
1782238181.912391,shift_lever_displaced,REST,0
1782238181.912391,shift_lever_failed,OK,0
1782238181.929045,rpm,0,0
1782238181.929045,throttle_position,0,0
1782238181.929580,kill_switch,RUN,1
1782238181.929580,engine_on_counter,0,0
1782238181.939929,gear_position,N,0
1782238181.939929,shift_lever_displaced,REST,0
1782238181.939929,shift_lever_failed,OK,0
1782238181.940105,rpm,0,0
1782238181.940105,throttle_position,0,0
1782238181.959139,kill_switch,RUN,1
1782238181.959139,engine_on_counter,0,0
1782238181.959703,gear_position,N,0
1782238181.959703,shift_lever_displaced,REST,0
1782238181.959703,shift_lever_failed,OK,0
1782238181.959879,rpm,0,0
1782238181.959879,throttle_position,0,0
1782238181.971022,kill_switch,RUN,1
1782238181.971022,engine_on_counter,0,0
1782238181.989199,gear_position,N,0
1782238181.989199,shift_lever_displaced,REST,0
1782238181.989199,shift_lever_failed,OK,0
1782238181.989448,rpm,0,0
1782238181.989448,throttle_position,0,0
1782238181.990164,kill_switch,RUN,1
1782238181.990164,engine_on_counter,0,0
1782238181.999476,gear_position,N,0
1782238181.999476,shift_lever_displaced,REST,0
1782238181.999476,shift_lever_failed,OK,0
1782238181.999714,coolant_temp,72.9,729
1782238181.999714,warmup_index,0,0
1782238181.999714,side_stand,UP,1
1782238182.000195,rpm,0,0
1782238182.000195,throttle_position,0,0
1782238182.010797,kill_switch,RUN,1
1782238182.010797,engine_on_counter,0,0
1782238182.020111,gear_position,N,0
1782238182.020111,shift_lever_displaced,REST,0
1782238182.020111,shift_lever_failed,OK,0
1782238182.020276,rpm,0,0
1782238182.020276,throttle_position,0,0
1782238182.020841,kill_switch,RUN,1
1782238182.020841,engine_on_counter,0,0
1782238182.043783,gear_position,N,0
1782238182.043783,shift_lever_displaced,REST,0
1782238182.043783,shift_lever_failed,OK,0
1782238182.043870,rpm,0,0
1782238182.043870,throttle_position,0,0
1782238182.051914,kill_switch,RUN,1
1782238182.051914,engine_on_counter,0,0
1782238182.052178,gear_position,N,0
1782238182.052178,shift_lever_displaced,REST,0
1782238182.052178,shift_lever_failed,OK,0
1782238182.069232,rpm,0,0
1782238182.069232,throttle_position,0,0
1782238182.069612,kill_switch,RUN,1
1782238182.069612,engine_on_counter,0,0
1782238182.079698,gear_position,N,0
1782238182.079698,shift_lever_displaced,REST,0
1782238182.079698,shift_lever_failed,OK,0
1782238182.079802,rpm,0,0
1782238182.079802,throttle_position,0,0
1782238182.092054,kill_switch,RUN,1
1782238182.092054,engine_on_counter,0,0
1782238182.092327,gear_position,N,0
1782238182.092327,shift_lever_displaced,REST,0
1782238182.092327,shift_lever_failed,OK,0
1782238182.092413,coolant_temp,72.9,729
1782238182.092413,warmup_index,0,0
1782238182.092413,side_stand,UP,1
1782238182.110239,rpm,0,0
1782238182.110239,throttle_position,0,0
1782238182.110669,kill_switch,RUN,1
1782238182.110669,engine_on_counter,0,0
1782238182.120009,gear_position,N,0
1782238182.120009,shift_lever_displaced,REST,0
1782238182.120009,shift_lever_failed,OK,0
1782238182.120136,rpm,0,0
1782238182.120136,throttle_position,0,0
1782238182.131977,kill_switch,RUN,1
1782238182.131977,engine_on_counter,0,0
1782238182.132559,gear_position,N,0
1782238182.132559,shift_lever_displaced,REST,0
1782238182.132559,shift_lever_failed,OK,0
1782238182.151826,rpm,0,0
1782238182.151826,throttle_position,0,0
1782238182.152447,kill_switch,RUN,1
1782238182.152447,engine_on_counter,0,0
1782238182.169090,gear_position,N,0
1782238182.169090,shift_lever_displaced,REST,0
1782238182.169090,shift_lever_failed,OK,0
1782238182.169395,rpm,0,0
1782238182.169395,throttle_position,0,0
1782238182.170367,kill_switch,RUN,1
1782238182.170367,engine_on_counter,0,0
1782238182.180048,gear_position,N,0
1782238182.180048,shift_lever_displaced,REST,0
1782238182.180048,shift_lever_failed,OK,0
1782238182.180294,rpm,0,0
1782238182.180294,throttle_position,0,0
1782238182.191091,kill_switch,RUN,1
1782238182.191091,engine_on_counter,0,0
1782238182.191404,gear_position,N,0
1782238182.191404,shift_lever_displaced,REST,0
1782238182.191404,shift_lever_failed,OK,0
1782238182.191507,coolant_temp,72.9,729
1782238182.191507,warmup_index,0,0
1782238182.191507,side_stand,UP,1
1782238182.203382,rpm,0,0
1782238182.203382,throttle_position,0,0
1782238182.203791,kill_switch,RUN,1
1782238182.203791,engine_on_counter,0,0
1782238182.220067,gear_position,N,0
1782238182.220067,shift_lever_displaced,REST,0
1782238182.220067,shift_lever_failed,OK,0
1782238182.220305,rpm,0,0
1782238182.220305,throttle_position,0,0
1782238182.230929,kill_switch,RUN,1
1782238182.230929,engine_on_counter,0,0
1782238182.251323,gear_position,N,0
1782238182.251323,shift_lever_displaced,REST,0
1782238182.251323,shift_lever_failed,OK,0
1782238182.251489,rpm,0,0
1782238182.251489,throttle_position,0,0
1782238182.251858,kill_switch,RUN,1
1782238182.251858,engine_on_counter,0,0
1782238182.259709,gear_position,N,0
1782238182.259709,shift_lever_displaced,REST,0
1782238182.259709,shift_lever_failed,OK,0
1782238182.259849,rpm,0,0
1782238182.259849,throttle_position,0,0
1782238182.279101,kill_switch,RUN,1
1782238182.279101,engine_on_counter,0,0
1782238182.280071,gear_position,N,0
1782238182.280071,shift_lever_displaced,REST,0
1782238182.280071,shift_lever_failed,OK,0
1782238182.280311,rpm,0,0
1782238182.280311,throttle_position,0,0
1782238182.296121,kill_switch,RUN,1
1782238182.296121,engine_on_counter,0,0
1782238182.299466,gear_position,N,0
1782238182.299466,shift_lever_displaced,REST,0
1782238182.299466,shift_lever_failed,OK,0
1782238182.299616,coolant_temp,72.9,729
1782238182.299616,warmup_index,0,0
1782238182.299616,side_stand,UP,1
1782238182.299776,rpm,0,0
1782238182.299776,throttle_position,0,0
1782238182.319067,kill_switch,RUN,1
1782238182.319067,engine_on_counter,0,0
1782238182.319447,gear_position,N,0
1782238182.319447,shift_lever_displaced,REST,0
1782238182.319447,shift_lever_failed,OK,0
1782238182.319532,rpm,0,0
1782238182.319532,throttle_position,0,0
1782238182.330573,kill_switch,RUN,1
1782238182.330573,engine_on_counter,0,0
1782238182.349635,gear_position,N,0
1782238182.349635,shift_lever_displaced,REST,0
1782238182.349635,shift_lever_failed,OK,0
1782238182.349732,rpm,0,0
1782238182.349732,throttle_position,0,0
1782238182.349999,kill_switch,RUN,1
1782238182.349999,engine_on_counter,0,0
1782238182.359264,gear_position,N,0
1782238182.359264,shift_lever_displaced,REST,0
1782238182.359264,shift_lever_failed,OK,0
1782238182.359370,rpm,0,0
1782238182.359370,throttle_position,0,0
1782238182.370693,kill_switch,RUN,1
1782238182.370693,engine_on_counter,0,0
1782238182.390159,gear_position,N,0
1782238182.390159,shift_lever_displaced,REST,0
1782238182.390159,shift_lever_failed,OK,0
1782238182.390338,rpm,0,0
1782238182.390338,throttle_position,0,0
1782238182.390814,kill_switch,RUN,1
1782238182.390814,engine_on_counter,0,0
1782238182.399391,gear_position,N,0
1782238182.399391,shift_lever_displaced,REST,0
1782238182.399391,shift_lever_failed,OK,0
1782238182.399590,coolant_temp,72.9,729
1782238182.399590,warmup_index,0,0
1782238182.399590,side_stand,UP,1
1782238182.399985,rpm,0,0
1782238182.399985,throttle_position,0,0
1782238182.412104,kill_switch,RUN,1
1782238182.412104,engine_on_counter,0,0
1782238182.413073,gear_position,N,0
1782238182.413073,shift_lever_displaced,REST,0
1782238182.413073,shift_lever_failed,OK,0
1782238182.429086,rpm,0,0
1782238182.429086,throttle_position,0,0
1782238182.429462,kill_switch,RUN,1
1782238182.429462,engine_on_counter,0,0
1782238182.439482,gear_position,N,0
1782238182.439482,shift_lever_displaced,REST,0
1782238182.439482,shift_lever_failed,OK,0
1782238182.439571,rpm,0,0
1782238182.439571,throttle_position,0,0
1782238182.453204,kill_switch,RUN,1
1782238182.453204,engine_on_counter,0,0
1782238182.453525,gear_position,N,0
1782238182.453525,shift_lever_displaced,REST,0
1782238182.453525,shift_lever_failed,OK,0
1782238182.453630,rpm,0,0
1782238182.453630,throttle_position,0,0
1782238182.470668,kill_switch,RUN,1
1782238182.470668,engine_on_counter,0,0
1782238182.489095,gear_position,N,0
1782238182.489095,shift_lever_displaced,REST,0
1782238182.489095,shift_lever_failed,OK,0
1782238182.489164,rpm,0,0
1782238182.489164,throttle_position,0,0
1782238182.489375,kill_switch,RUN,1
1782238182.489375,engine_on_counter,0,0
1782238182.499193,gear_position,N,0
1782238182.499193,shift_lever_displaced,REST,0
1782238182.499193,shift_lever_failed,OK,0
1782238182.499269,coolant_temp,72.9,729
1782238182.499269,warmup_index,0,0
1782238182.499269,side_stand,UP,1
1782238182.499425,rpm,0,0
1782238182.499425,throttle_position,0,0
1782238182.510395,kill_switch,RUN,1
1782238182.510395,engine_on_counter,0,0
1782238182.519884,gear_position,N,0
1782238182.519884,shift_lever_displaced,REST,0
1782238182.519884,shift_lever_failed,OK,0
1782238182.519963,rpm,0,0
1782238182.519963,throttle_position,0,0
1782238182.539561,kill_switch,RUN,1
1782238182.539561,engine_on_counter,0,0
1782238182.540068,gear_position,N,0
1782238182.540068,shift_lever_displaced,REST,0
1782238182.540068,shift_lever_failed,OK,0
1782238182.540156,rpm,0,0
1782238182.540156,throttle_position,0,0
1782238182.551983,kill_switch,RUN,1
1782238182.551983,engine_on_counter,0,0
1782238182.552217,gear_position,N,0
1782238182.552217,shift_lever_displaced,REST,0
1782238182.552217,shift_lever_failed,OK,0
1782238182.569305,rpm,0,0
1782238182.569305,throttle_position,0,0
1782238182.569677,kill_switch,RUN,1
1782238182.569677,engine_on_counter,0,0
1782238182.579798,gear_position,N,0
1782238182.579798,shift_lever_displaced,REST,0
1782238182.579798,shift_lever_failed,OK,0
1782238182.579887,rpm,0,0
1782238182.579887,throttle_position,0,0
1782238182.591218,kill_switch,RUN,1
1782238182.591218,engine_on_counter,0,0
1782238182.591487,gear_position,N,0
1782238182.591487,shift_lever_displaced,REST,0
1782238182.591487,shift_lever_failed,OK,0
1782238182.591575,coolant_temp,72.9,729
1782238182.591575,warmup_index,0,0
1782238182.591575,side_stand,UP,1
1782238182.609130,rpm,0,0
1782238182.609130,throttle_position,0,0
1782238182.609451,kill_switch,RUN,1
1782238182.609451,engine_on_counter,0,0
1782238182.620017,gear_position,N,0
1782238182.620017,shift_lever_displaced,REST,0
1782238182.620017,shift_lever_failed,OK,0
1782238182.620127,rpm,0,0
1782238182.620127,throttle_position,0,0
1782238182.632241,kill_switch,RUN,1
1782238182.632241,engine_on_counter,0,0
1782238182.632740,gear_position,N,0
1782238182.632740,shift_lever_displaced,REST,0
1782238182.632740,shift_lever_failed,OK,0
1782238182.652711,rpm,0,0
1782238182.652711,throttle_position,0,0
1782238182.653275,kill_switch,RUN,1
1782238182.653275,engine_on_counter,0,0
1782238182.659586,gear_position,N,0
1782238182.659586,shift_lever_displaced,REST,0
1782238182.659586,shift_lever_failed,OK,0
1782238182.659718,rpm,0,0
1782238182.659718,throttle_position,0,0
1782238182.678931,kill_switch,RUN,1
1782238182.678931,engine_on_counter,0,0
1782238182.680071,gear_position,N,0
1782238182.680071,shift_lever_displaced,REST,0
1782238182.680071,shift_lever_failed,OK,0
1782238182.680327,rpm,0,0
1782238182.680327,throttle_position,0,0
1782238182.691029,kill_switch,RUN,1
1782238182.691029,engine_on_counter,0,0
1782238182.691387,gear_position,N,0
1782238182.691387,shift_lever_displaced,REST,0
1782238182.691387,shift_lever_failed,OK,0
1782238182.703209,coolant_temp,72.9,729
1782238182.703209,warmup_index,0,0
1782238182.703209,side_stand,UP,1
1782238182.703728,rpm,0,0
1782238182.703728,throttle_position,0,0
1782238182.704535,kill_switch,RUN,1
1782238182.704535,engine_on_counter,0,0
1782238182.719685,gear_position,N,0
1782238182.719685,shift_lever_displaced,REST,0
1782238182.719685,shift_lever_failed,OK,0
1782238182.719797,rpm,0,0
1782238182.719797,throttle_position,0,0
1782238182.730756,kill_switch,RUN,1
1782238182.730756,engine_on_counter,0,0
1782238182.749833,gear_position,N,0
1782238182.749833,shift_lever_displaced,REST,0
1782238182.749833,shift_lever_failed,OK,0
1782238182.750026,rpm,0,0
1782238182.750026,throttle_position,0,0
1782238182.750409,kill_switch,RUN,1
1782238182.750409,engine_on_counter,0,0
1782238182.759577,gear_position,N,0
1782238182.759577,shift_lever_displaced,REST,0
1782238182.759577,shift_lever_failed,OK,0
1782238182.759739,rpm,0,0
1782238182.759739,throttle_position,0,0
1782238182.772092,kill_switch,RUN,1
1782238182.772092,engine_on_counter,0,0
1782238182.773070,gear_position,N,0
1782238182.773070,shift_lever_displaced,REST,0
1782238182.773070,shift_lever_failed,OK,0
1782238182.796576,rpm,0,0
1782238182.796576,throttle_position,0,0
1782238182.796846,kill_switch,RUN,1
1782238182.796846,engine_on_counter,0,0
1782238182.797113,gear_position,N,0
1782238182.797113,shift_lever_displaced,REST,0
1782238182.797113,shift_lever_failed,OK,0
1782238182.797197,coolant_temp,72.9,729
1782238182.797197,warmup_index,0,0
1782238182.797197,side_stand,UP,1
1782238182.797363,rpm,0,0
1782238182.797363,throttle_position,0,0
1782238182.810470,kill_switch,RUN,1
1782238182.810470,engine_on_counter,0,0
1782238182.819889,gear_position,N,0
1782238182.819889,shift_lever_displaced,REST,0
1782238182.819889,shift_lever_failed,OK,0
1782238182.819975,rpm,0,0
1782238182.819975,throttle_position,0,0
1782238182.838994,kill_switch,RUN,1
1782238182.838994,engine_on_counter,0,0
1782238182.839348,gear_position,N,0
1782238182.839348,shift_lever_displaced,REST,0
1782238182.839348,shift_lever_failed,OK,0
1782238182.839436,rpm,0,0
1782238182.839436,throttle_position,0,0
1782238182.850681,kill_switch,RUN,1
1782238182.850681,engine_on_counter,0,0
1782238182.850939,gear_position,N,0
1782238182.850939,shift_lever_displaced,REST,0
1782238182.850939,shift_lever_failed,OK,0
1782238182.869104,rpm,0,0
1782238182.869104,throttle_position,0,0
1782238182.869610,kill_switch,RUN,1
1782238182.869610,engine_on_counter,0,0
1782238182.879572,gear_position,N,0
1782238182.879572,shift_lever_displaced,REST,0
1782238182.879572,shift_lever_failed,OK,0
1782238182.879689,rpm,0,0
1782238182.879689,throttle_position,0,0
1782238182.891062,kill_switch,RUN,1
1782238182.891062,engine_on_counter,0,0
1782238182.891419,gear_position,N,0
1782238182.891419,shift_lever_displaced,REST,0
1782238182.891419,shift_lever_failed,OK,0
1782238182.891535,coolant_temp,72.9,729
1782238182.891535,warmup_index,0,0
1782238182.891535,side_stand,UP,1
1782238182.909358,rpm,0,0
1782238182.909358,throttle_position,0,0
1782238182.910101,kill_switch,RUN,1
1782238182.910101,engine_on_counter,0,0
1782238182.920185,gear_position,N,0
1782238182.920185,shift_lever_displaced,REST,0
1782238182.920185,shift_lever_failed,OK,0
1782238182.920433,rpm,0,0
1782238182.920433,throttle_position,0,0
1782238182.930955,kill_switch,RUN,1
1782238182.930955,engine_on_counter,0,0
1782238182.950518,gear_position,N,0
1782238182.950518,shift_lever_displaced,REST,0
1782238182.950518,shift_lever_failed,OK,0
1782238182.950813,rpm,0,0
1782238182.950813,throttle_position,0,0
1782238182.951253,kill_switch,RUN,1
1782238182.951253,engine_on_counter,0,0
1782238182.959711,gear_position,N,0
1782238182.959711,shift_lever_displaced,REST,0
1782238182.959711,shift_lever_failed,OK,0
1782238182.959889,rpm,0,0
1782238182.959889,throttle_position,0,0
1782238182.979015,kill_switch,RUN,1
1782238182.979015,engine_on_counter,0,0
1782238182.980037,gear_position,N,0
1782238182.980037,shift_lever_displaced,REST,0
1782238182.980037,shift_lever_failed,OK,0
1782238182.980278,rpm,0,0
1782238182.980278,throttle_position,0,0
1782238182.990987,kill_switch,RUN,1
1782238182.990987,engine_on_counter,0,0
1782238182.991279,gear_position,N,0
1782238182.991279,shift_lever_displaced,REST,0
1782238182.991279,shift_lever_failed,OK,0
1782238182.999559,coolant_temp,72.9,729
1782238182.999559,warmup_index,0,0
1782238182.999559,side_stand,UP,1
1782238182.999800,rpm,0,0
1782238182.999800,throttle_position,0,0
1782238183.000146,kill_switch,RUN,1
1782238183.000146,engine_on_counter,0,0
1782238183.019652,gear_position,N,0
1782238183.019652,shift_lever_displaced,REST,0
1782238183.019652,shift_lever_failed,OK,0
1782238183.019790,rpm,0,0
1782238183.019790,throttle_position,0,0
1782238183.031041,kill_switch,RUN,1
1782238183.031041,engine_on_counter,0,0
1782238183.049107,gear_position,N,0
1782238183.049107,shift_lever_displaced,REST,0
1782238183.049107,shift_lever_failed,OK,0
1782238183.049185,rpm,0,0
1782238183.049185,throttle_position,0,0
1782238183.049413,kill_switch,RUN,1
1782238183.049413,engine_on_counter,0,0
1782238183.059408,gear_position,N,0
1782238183.059408,shift_lever_displaced,REST,0
1782238183.059408,shift_lever_failed,OK,0
1782238183.059494,rpm,0,0
1782238183.059494,throttle_position,0,0
1782238183.071952,kill_switch,RUN,1
1782238183.071952,engine_on_counter,0,0
1782238183.072296,gear_position,N,0
1782238183.072296,shift_lever_displaced,REST,0
1782238183.072296,shift_lever_failed,OK,0
1782238183.090260,rpm,0,0
1782238183.090260,throttle_position,0,0
1782238183.090583,kill_switch,RUN,1
1782238183.090583,engine_on_counter,0,0
1782238183.099275,gear_position,N,0
1782238183.099275,shift_lever_displaced,REST,0
1782238183.099275,shift_lever_failed,OK,0
1782238183.099379,coolant_temp,72.9,729
1782238183.099379,warmup_index,0,0
1782238183.099379,side_stand,UP,1
1782238183.099590,rpm,0,0
1782238183.099590,throttle_position,0,0
1782238183.112155,kill_switch,RUN,1
1782238183.112155,engine_on_counter,0,0
1782238183.112720,gear_position,N,0
1782238183.112720,shift_lever_displaced,REST,0
1782238183.112720,shift_lever_failed,OK,0
1782238183.129048,rpm,0,0
1782238183.129048,throttle_position,0,0
1782238183.129680,kill_switch,RUN,1
1782238183.129680,engine_on_counter,0,0
1782238183.140271,gear_position,N,0
1782238183.140271,shift_lever_displaced,REST,0
1782238183.140271,shift_lever_failed,OK,0
1782238183.140424,rpm,0,0
1782238183.140424,throttle_position,0,0
1782238183.153234,kill_switch,RUN,1
1782238183.153234,engine_on_counter,0,0
1782238183.154017,gear_position,N,0
1782238183.154017,shift_lever_displaced,REST,0
1782238183.154017,shift_lever_failed,OK,0
1782238183.154403,rpm,0,0
1782238183.154403,throttle_position,0,0
1782238183.170913,kill_switch,RUN,1
1782238183.170913,engine_on_counter,0,0
1782238183.189245,gear_position,N,0
1782238183.189245,shift_lever_displaced,REST,0
1782238183.189245,shift_lever_failed,OK,0
1782238183.189490,rpm,0,0
1782238183.189490,throttle_position,0,0
1782238183.190210,kill_switch,RUN,1
1782238183.190210,engine_on_counter,0,0
1782238183.199470,gear_position,N,0
1782238183.199470,shift_lever_displaced,REST,0
1782238183.199470,shift_lever_failed,OK,0
1782238183.199710,coolant_temp,72.9,729
1782238183.199710,warmup_index,0,0
1782238183.199710,side_stand,UP,1
1782238183.200191,rpm,0,0
1782238183.200191,throttle_position,0,0
1782238183.210749,kill_switch,RUN,1
1782238183.210749,engine_on_counter,0,0
1782238183.219988,gear_position,N,0
1782238183.219988,shift_lever_displaced,REST,0
1782238183.219988,shift_lever_failed,OK,0
1782238183.220106,rpm,0,0
1782238183.220106,throttle_position,0,0
1782238183.220520,kill_switch,RUN,1
1782238183.220520,engine_on_counter,0,0
1782238183.239926,gear_position,N,0
1782238183.239926,shift_lever_displaced,REST,0
1782238183.239926,shift_lever_failed,OK,0
1782238183.240173,rpm,0,0
1782238183.240173,throttle_position,0,0
1782238183.252131,kill_switch,RUN,1
1782238183.252131,engine_on_counter,0,0
1782238183.252545,gear_position,N,0
1782238183.252545,shift_lever_displaced,REST,0
1782238183.252545,shift_lever_failed,OK,0
1782238183.269238,rpm,0,0
1782238183.269238,throttle_position,0,0
1782238183.270220,kill_switch,RUN,1
1782238183.270220,engine_on_counter,0,0
1782238183.280047,gear_position,N,0
1782238183.280047,shift_lever_displaced,REST,0
1782238183.280047,shift_lever_failed,OK,0
1782238183.280301,rpm,0,0
1782238183.280301,throttle_position,0,0
1782238183.293812,kill_switch,RUN,1
1782238183.293812,engine_on_counter,0,0
1782238183.301445,gear_position,N,0
1782238183.301445,shift_lever_displaced,REST,0
1782238183.301445,shift_lever_failed,OK,0
1782238183.301534,coolant_temp,72.9,729
1782238183.301534,warmup_index,0,0
1782238183.301534,side_stand,UP,1
1782238183.309050,rpm,0,0
1782238183.309050,throttle_position,0,0
1782238183.309280,kill_switch,RUN,1
1782238183.309280,engine_on_counter,0,0
1782238183.319682,gear_position,N,0
1782238183.319682,shift_lever_displaced,REST,0
1782238183.319682,shift_lever_failed,OK,0
1782238183.319771,rpm,0,0
1782238183.319771,throttle_position,0,0
1782238183.332089,kill_switch,RUN,1
1782238183.332089,engine_on_counter,0,0
1782238183.332431,gear_position,N,0
1782238183.332431,shift_lever_displaced,REST,0
1782238183.332431,shift_lever_failed,OK,0
1782238183.350631,rpm,0,0
1782238183.350631,throttle_position,0,0
1782238183.350900,kill_switch,RUN,1
1782238183.350900,engine_on_counter,0,0
1782238183.368987,gear_position,N,0
1782238183.368987,shift_lever_displaced,REST,0
1782238183.368987,shift_lever_failed,OK,0
1782238183.369077,rpm,0,0
1782238183.369077,throttle_position,0,0
1782238183.369418,kill_switch,RUN,1
1782238183.369418,engine_on_counter,0,0
1782238183.379490,gear_position,N,0
1782238183.379490,shift_lever_displaced,REST,0
1782238183.379490,shift_lever_failed,OK,0
1782238183.379685,rpm,0,0
1782238183.379685,throttle_position,0,0
1782238183.390898,kill_switch,RUN,1
1782238183.390898,engine_on_counter,0,0
1782238183.391212,gear_position,N,0
1782238183.391212,shift_lever_displaced,REST,0
1782238183.391212,shift_lever_failed,OK,0
1782238183.403185,coolant_temp,72.9,729
1782238183.403185,warmup_index,0,0
1782238183.403185,side_stand,UP,1
1782238183.403502,rpm,0,0
1782238183.403502,throttle_position,0,0
1782238183.403863,kill_switch,RUN,1
1782238183.403863,engine_on_counter,0,0
1782238183.419771,gear_position,N,0
1782238183.419771,shift_lever_displaced,REST,0
1782238183.419771,shift_lever_failed,OK,0
1782238183.419936,rpm,0,0
1782238183.419936,throttle_position,0,0
1782238183.431037,kill_switch,RUN,1
1782238183.431037,engine_on_counter,0,0
1782238183.452043,gear_position,N,0
1782238183.452043,shift_lever_displaced,REST,0
1782238183.452043,shift_lever_failed,OK,0
1782238183.452225,rpm,0,0
1782238183.452225,throttle_position,0,0
1782238183.452665,kill_switch,RUN,1
1782238183.452665,engine_on_counter,0,0
1782238183.459526,gear_position,N,0
1782238183.459526,shift_lever_displaced,REST,0
1782238183.459526,shift_lever_failed,OK,0
1782238183.459714,rpm,0,0
1782238183.459714,throttle_position,0,0
1782238183.472047,kill_switch,RUN,1
1782238183.472047,engine_on_counter,0,0
1782238183.473038,gear_position,N,0
1782238183.473038,shift_lever_displaced,REST,0
1782238183.473038,shift_lever_failed,OK,0
1782238183.490517,rpm,0,0
1782238183.490517,throttle_position,0,0
1782238183.490776,kill_switch,RUN,1
1782238183.490776,engine_on_counter,0,0
1782238183.499519,gear_position,N,0
1782238183.499519,shift_lever_displaced,REST,0
1782238183.499519,shift_lever_failed,OK,0
1782238183.499616,coolant_temp,72.9,729
1782238183.499616,warmup_index,0,0
1782238183.499616,side_stand,UP,1
1782238183.499759,rpm,0,0
1782238183.499759,throttle_position,0,0
1782238183.519068,kill_switch,RUN,1
1782238183.519068,engine_on_counter,0,0
1782238183.519383,gear_position,N,0
1782238183.519383,shift_lever_displaced,REST,0
1782238183.519383,shift_lever_failed,OK,0
1782238183.519458,rpm,0,0
1782238183.519458,throttle_position,0,0
1782238183.530571,kill_switch,RUN,1
1782238183.530571,engine_on_counter,0,0
1782238183.540063,gear_position,N,0
1782238183.540063,shift_lever_displaced,REST,0
1782238183.540063,shift_lever_failed,OK,0
1782238183.540138,rpm,0,0
1782238183.540138,throttle_position,0,0
1782238183.558935,kill_switch,RUN,1
1782238183.558935,engine_on_counter,0,0
1782238183.559196,gear_position,N,0
1782238183.559196,shift_lever_displaced,REST,0
1782238183.559196,shift_lever_failed,OK,0
1782238183.559270,rpm,0,0
1782238183.559270,throttle_position,0,0
1782238183.570631,kill_switch,RUN,1
1782238183.570631,engine_on_counter,0,0
1782238183.590274,gear_position,N,0
1782238183.590274,shift_lever_displaced,REST,0
1782238183.590274,shift_lever_failed,OK,0
1782238183.590358,rpm,0,0
1782238183.590358,throttle_position,0,0
1782238183.590582,kill_switch,RUN,1
1782238183.590582,engine_on_counter,0,0
1782238183.599262,gear_position,N,0
1782238183.599262,shift_lever_displaced,REST,0
1782238183.599262,shift_lever_failed,OK,0
1782238183.599348,coolant_temp,72.9,729
1782238183.599348,warmup_index,0,0
1782238183.599348,side_stand,UP,1
1782238183.599539,rpm,0,0
1782238183.599539,throttle_position,0,0
1782238183.610616,kill_switch,RUN,1
1782238183.610616,engine_on_counter,0,0
1782238183.610960,gear_position,N,0
1782238183.610960,shift_lever_displaced,REST,0
1782238183.610960,shift_lever_failed,OK,0
1782238183.620068,rpm,0,0
1782238183.620068,throttle_position,0,0
1782238183.620487,kill_switch,RUN,1
1782238183.620487,engine_on_counter,0,0
1782238183.639761,gear_position,N,0
1782238183.639761,shift_lever_displaced,REST,0
1782238183.639761,shift_lever_failed,OK,0
1782238183.639893,rpm,0,0
1782238183.639893,throttle_position,0,0
1782238183.653266,kill_switch,RUN,1
1782238183.653266,engine_on_counter,0,0
1782238183.653646,gear_position,N,0
1782238183.653646,shift_lever_displaced,REST,0
1782238183.653646,shift_lever_failed,OK,0
1782238183.653763,rpm,0,0
1782238183.653763,throttle_position,0,0
1782238183.671049,kill_switch,RUN,1
1782238183.671049,engine_on_counter,0,0
1782238183.689146,gear_position,N,0
1782238183.689146,shift_lever_displaced,REST,0
1782238183.689146,shift_lever_failed,OK,0
1782238183.689266,rpm,0,0
1782238183.689266,throttle_position,0,0
1782238183.689621,kill_switch,RUN,1
1782238183.689621,engine_on_counter,0,0
1782238183.692336,gear_position,N,0
1782238183.692336,shift_lever_displaced,REST,0
1782238183.692336,shift_lever_failed,OK,0
1782238183.692474,coolant_temp,72.9,729
1782238183.692474,warmup_index,0,0
1782238183.692474,side_stand,UP,1
1782238183.710289,rpm,0,0
1782238183.710289,throttle_position,0,0
1782238183.711055,kill_switch,RUN,1
1782238183.711055,engine_on_counter,0,0
1782238183.719944,gear_position,N,0
1782238183.719944,shift_lever_displaced,REST,0
1782238183.719944,shift_lever_failed,OK,0
1782238183.720060,rpm,0,0
1782238183.720060,throttle_position,0,0
1782238183.738890,kill_switch,RUN,1
1782238183.738890,engine_on_counter,0,0
1782238183.739317,gear_position,N,0
1782238183.739317,shift_lever_displaced,REST,0
1782238183.739317,shift_lever_failed,OK,0
1782238183.739421,rpm,0,0
1782238183.739421,throttle_position,0,0
1782238183.752146,kill_switch,RUN,1
1782238183.752146,engine_on_counter,0,0
1782238183.752458,gear_position,N,0
1782238183.752458,shift_lever_displaced,REST,0
1782238183.752458,shift_lever_failed,OK,0
1782238183.769043,rpm,0,0
1782238183.769043,throttle_position,0,0
1782238183.769594,kill_switch,RUN,1
1782238183.769594,engine_on_counter,0,0
1782238183.779669,gear_position,N,0
1782238183.779669,shift_lever_displaced,REST,0
1782238183.779669,shift_lever_failed,OK,0
1782238183.779835,rpm,0,0
1782238183.779835,throttle_position,0,0
1782238183.797844,kill_switch,RUN,1
1782238183.797844,engine_on_counter,0,0
1782238183.798102,gear_position,N,0
1782238183.798102,shift_lever_displaced,REST,0
1782238183.798102,shift_lever_failed,OK,0
1782238183.798181,coolant_temp,72.9,729
1782238183.798181,warmup_index,0,0
1782238183.798181,side_stand,UP,1
1782238183.809043,rpm,0,0
1782238183.809043,throttle_position,0,0
1782238183.809304,kill_switch,RUN,1
1782238183.809304,engine_on_counter,0,0
1782238183.819741,gear_position,N,0
1782238183.819741,shift_lever_displaced,REST,0
1782238183.819741,shift_lever_failed,OK,0
1782238183.819829,rpm,0,0
1782238183.819829,throttle_position,0,0
1782238183.832103,kill_switch,RUN,1
1782238183.832103,engine_on_counter,0,0
1782238183.832519,gear_position,N,0
1782238183.832519,shift_lever_displaced,REST,0
1782238183.832519,shift_lever_failed,OK,0
1782238183.850320,rpm,0,0
1782238183.850320,throttle_position,0,0
1782238183.850592,kill_switch,RUN,1
1782238183.850592,engine_on_counter,0,0
1782238183.859584,gear_position,N,0
1782238183.859584,shift_lever_displaced,REST,0
1782238183.859584,shift_lever_failed,OK,0
1782238183.859687,rpm,0,0
1782238183.859687,throttle_position,0,0
1782238183.878900,kill_switch,RUN,1
1782238183.878900,engine_on_counter,0,0
1782238183.879515,gear_position,N,0
1782238183.879515,shift_lever_displaced,REST,0
1782238183.879515,shift_lever_failed,OK,0
1782238183.879647,rpm,0,0
1782238183.879647,throttle_position,0,0
1782238183.891029,kill_switch,RUN,1
1782238183.891029,engine_on_counter,0,0
1782238183.891350,gear_position,N,0
1782238183.891350,shift_lever_displaced,REST,0
1782238183.891350,shift_lever_failed,OK,0
1782238183.903243,coolant_temp,72.9,729
1782238183.903243,warmup_index,0,0
1782238183.903243,side_stand,UP,1
1782238183.903652,rpm,0,0
1782238183.903652,throttle_position,0,0
1782238183.904240,kill_switch,RUN,1
1782238183.904240,engine_on_counter,0,0
1782238183.919582,gear_position,N,0
1782238183.919582,shift_lever_displaced,REST,0
1782238183.919582,shift_lever_failed,OK,0
1782238183.919671,rpm,0,0
1782238183.919671,throttle_position,0,0
1782238183.930543,kill_switch,RUN,1
1782238183.930543,engine_on_counter,0,0
1782238183.949003,gear_position,N,0
1782238183.949003,shift_lever_displaced,REST,0
1782238183.949003,shift_lever_failed,OK,0
1782238183.949113,rpm,0,0
1782238183.949113,throttle_position,0,0
1782238183.949431,kill_switch,RUN,1
1782238183.949431,engine_on_counter,0,0
1782238183.959521,gear_position,N,0
1782238183.959521,shift_lever_displaced,REST,0
1782238183.959521,shift_lever_failed,OK,0
1782238183.959638,rpm,0,0
1782238183.959638,throttle_position,0,0
1782238183.972079,kill_switch,RUN,1
1782238183.972079,engine_on_counter,0,0
1782238183.972719,gear_position,N,0
1782238183.972719,shift_lever_displaced,REST,0
1782238183.972719,shift_lever_failed,OK,0
1782238183.990538,rpm,0,0
1782238183.990538,throttle_position,0,0
1782238183.990909,kill_switch,RUN,1
1782238183.990909,engine_on_counter,0,0
1782238183.999268,gear_position,N,0
1782238183.999268,shift_lever_displaced,REST,0
1782238183.999268,shift_lever_failed,OK,0
1782238183.999466,coolant_temp,72.9,729
1782238183.999466,warmup_index,0,0
1782238183.999466,side_stand,UP,1
1782238183.999821,rpm,0,0
1782238183.999821,throttle_position,0,0
1782238184.012316,kill_switch,RUN,1
1782238184.012316,engine_on_counter,0,0
1782238184.013153,gear_position,N,0
1782238184.013153,shift_lever_displaced,REST,0
1782238184.013153,shift_lever_failed,OK,0
1782238184.028916,rpm,0,0
1782238184.028916,throttle_position,0,0
1782238184.029506,kill_switch,RUN,1
1782238184.029506,engine_on_counter,0,0
1782238184.048927,gear_position,N,0
1782238184.048927,shift_lever_displaced,REST,0
1782238184.048927,shift_lever_failed,OK,0
1782238184.050182,rpm,0,0
1782238184.050182,throttle_position,0,0
1782238184.058941,kill_switch,RUN,1
1782238184.058941,engine_on_counter,0,0
1782238184.059212,gear_position,N,0
1782238184.059212,shift_lever_displaced,REST,0
1782238184.059212,shift_lever_failed,OK,0
1782238184.059298,rpm,0,0
1782238184.059298,throttle_position,0,0
1782238184.070477,kill_switch,RUN,1
1782238184.070477,engine_on_counter,0,0
1782238184.088952,gear_position,N,0
1782238184.088952,shift_lever_displaced,REST,0
1782238184.088952,shift_lever_failed,OK,0
1782238184.089047,rpm,0,0
1782238184.089047,throttle_position,0,0
1782238184.089328,kill_switch,RUN,1
1782238184.089328,engine_on_counter,0,0
1782238184.099095,gear_position,N,0
1782238184.099095,shift_lever_displaced,REST,0
1782238184.099095,shift_lever_failed,OK,0
1782238184.099181,coolant_temp,72.9,729
1782238184.099181,warmup_index,0,0
1782238184.099181,side_stand,UP,1
1782238184.099355,rpm,0,0
1782238184.099355,throttle_position,0,0
1782238184.110925,kill_switch,RUN,1
1782238184.110925,engine_on_counter,0,0
1782238184.120052,gear_position,N,0
1782238184.120052,shift_lever_displaced,REST,0
1782238184.120052,shift_lever_failed,OK,0
1782238184.120249,rpm,0,0
1782238184.120249,throttle_position,0,0
1782238184.120720,kill_switch,RUN,1
1782238184.120720,engine_on_counter,0,0
1782238184.139952,gear_position,N,0
1782238184.139952,shift_lever_displaced,REST,0
1782238184.139952,shift_lever_failed,OK,0
1782238184.140178,rpm,0,0
1782238184.140178,throttle_position,0,0
1782238184.153119,kill_switch,RUN,1
1782238184.153119,engine_on_counter,0,0
1782238184.153437,gear_position,N,0
1782238184.153437,shift_lever_displaced,REST,0
1782238184.153437,shift_lever_failed,OK,0
1782238184.169139,rpm,0,0
1782238184.169139,throttle_position,0,0
1782238184.169865,kill_switch,RUN,1
1782238184.169865,engine_on_counter,0,0
1782238184.180003,gear_position,N,0
1782238184.180003,shift_lever_displaced,REST,0
1782238184.180003,shift_lever_failed,OK,0
1782238184.180251,rpm,0,0
1782238184.180251,throttle_position,0,0
1782238184.192017,kill_switch,RUN,1
1782238184.192017,engine_on_counter,0,0
1782238184.192489,gear_position,N,0
1782238184.192489,shift_lever_displaced,REST,0
1782238184.192489,shift_lever_failed,OK,0
1782238184.192626,coolant_temp,72.9,729
1782238184.192626,warmup_index,0,0
1782238184.192626,side_stand,UP,1
1782238184.210282,rpm,0,0
1782238184.210282,throttle_position,0,0
1782238184.210784,kill_switch,RUN,1
1782238184.210784,engine_on_counter,0,0
1782238184.219706,gear_position,N,0
1782238184.219706,shift_lever_displaced,REST,0
1782238184.219706,shift_lever_failed,OK,0
1782238184.219845,rpm,0,0
1782238184.219845,throttle_position,0,0
1782238184.232125,kill_switch,RUN,1
1782238184.232125,engine_on_counter,0,0
1782238184.233073,gear_position,N,0
1782238184.233073,shift_lever_displaced,REST,0
1782238184.233073,shift_lever_failed,OK,0
1782238184.251215,rpm,0,0
1782238184.251215,throttle_position,0,0
1782238184.251748,kill_switch,RUN,1
1782238184.251748,engine_on_counter,0,0
1782238184.268969,gear_position,N,0
1782238184.268969,shift_lever_displaced,REST,0
1782238184.268969,shift_lever_failed,OK,0
1782238184.269225,rpm,0,0
1782238184.269225,throttle_position,0,0
1782238184.270175,kill_switch,RUN,1
1782238184.270175,engine_on_counter,0,0
1782238184.279989,gear_position,N,0
1782238184.279989,shift_lever_displaced,REST,0
1782238184.279989,shift_lever_failed,OK,0
1782238184.280229,rpm,0,0
1782238184.280229,throttle_position,0,0
1782238184.295077,kill_switch,RUN,1
1782238184.295077,engine_on_counter,0,0
1782238184.295263,gear_position,N,0
1782238184.295263,shift_lever_displaced,REST,0
1782238184.295263,shift_lever_failed,OK,0
1782238184.295326,coolant_temp,72.9,729
1782238184.295326,warmup_index,0,0
1782238184.295326,side_stand,UP,1
1782238184.303283,rpm,0,0
1782238184.303283,throttle_position,0,0
1782238184.303463,kill_switch,RUN,1
1782238184.303463,engine_on_counter,0,0
1782238184.319457,gear_position,N,0
1782238184.319457,shift_lever_displaced,REST,0
1782238184.319457,shift_lever_failed,OK,0
1782238184.319525,rpm,0,0
1782238184.319525,throttle_position,0,0
1782238184.330646,kill_switch,RUN,1
1782238184.330646,engine_on_counter,0,0
1782238184.350298,gear_position,N,0
1782238184.350298,shift_lever_displaced,REST,0
1782238184.350298,shift_lever_failed,OK,0
1782238184.350383,rpm,0,0
1782238184.350383,throttle_position,0,0
1782238184.350613,kill_switch,RUN,1
1782238184.350613,engine_on_counter,0,0
1782238184.359631,gear_position,N,0
1782238184.359631,shift_lever_displaced,REST,0
1782238184.359631,shift_lever_failed,OK,0
1782238184.359718,rpm,0,0
1782238184.359718,throttle_position,0,0
1782238184.372191,kill_switch,RUN,1
1782238184.372191,engine_on_counter,0,0
1782238184.372545,gear_position,N,0
1782238184.372545,shift_lever_displaced,REST,0
1782238184.372545,shift_lever_failed,OK,0
1782238184.372631,rpm,0,0
1782238184.372631,throttle_position,0,0
1782238184.390811,kill_switch,RUN,1
1782238184.390811,engine_on_counter,0,0
1782238184.399527,gear_position,N,0
1782238184.399527,shift_lever_displaced,REST,0
1782238184.399527,shift_lever_failed,OK,0
1782238184.399692,coolant_temp,72.9,729
1782238184.399692,warmup_index,0,0
1782238184.399692,side_stand,UP,1
1782238184.399931,rpm,0,0
1782238184.399931,throttle_position,0,0
1782238184.418999,kill_switch,RUN,1
1782238184.418999,engine_on_counter,0,0
1782238184.419504,gear_position,N,0
1782238184.419504,shift_lever_displaced,REST,0
1782238184.419504,shift_lever_failed,OK,0
1782238184.419619,rpm,0,0
1782238184.419619,throttle_position,0,0
1782238184.431194,kill_switch,RUN,1
1782238184.431194,engine_on_counter,0,0
1782238184.452063,gear_position,N,0
1782238184.452063,shift_lever_displaced,REST,0
1782238184.452063,shift_lever_failed,OK,0
1782238184.452206,rpm,0,0
1782238184.452206,throttle_position,0,0
1782238184.452623,kill_switch,RUN,1
1782238184.452623,engine_on_counter,0,0
1782238184.459411,gear_position,N,0
1782238184.459411,shift_lever_displaced,REST,0
1782238184.459411,shift_lever_failed,OK,0
1782238184.459588,rpm,0,0
1782238184.459588,throttle_position,0,0
1782238184.471130,kill_switch,RUN,1
1782238184.471130,engine_on_counter,0,0
1782238184.490457,gear_position,N,0
1782238184.490457,shift_lever_displaced,REST,0
1782238184.490457,shift_lever_failed,OK,0
1782238184.490589,rpm,0,0
1782238184.490589,throttle_position,0,0
1782238184.490937,kill_switch,RUN,1
1782238184.490937,engine_on_counter,0,0
1782238184.499305,gear_position,N,0
1782238184.499305,shift_lever_displaced,REST,0
1782238184.499305,shift_lever_failed,OK,0
1782238184.499476,coolant_temp,72.9,729
1782238184.499476,warmup_index,0,0
1782238184.499476,side_stand,UP,1
1782238184.499830,rpm,0,0
1782238184.499830,throttle_position,0,0
1782238184.512194,kill_switch,RUN,1
1782238184.512194,engine_on_counter,0,0
1782238184.513165,gear_position,N,0
1782238184.513165,shift_lever_displaced,REST,0
1782238184.513165,shift_lever_failed,OK,0
1782238184.519933,rpm,0,0
1782238184.519933,throttle_position,0,0
1782238184.520347,kill_switch,RUN,1
1782238184.520347,engine_on_counter,0,0
1782238184.545470,gear_position,N,0
1782238184.545470,shift_lever_displaced,REST,0
1782238184.545470,shift_lever_failed,OK,0
1782238184.545564,rpm,0,0
1782238184.545564,throttle_position,0,0
1782238184.553202,kill_switch,RUN,1
1782238184.553202,engine_on_counter,0,0
1782238184.553471,gear_position,N,0
1782238184.553471,shift_lever_displaced,REST,0
1782238184.553471,shift_lever_failed,OK,0
1782238184.553559,rpm,0,0
1782238184.553559,throttle_position,0,0
1782238184.570662,kill_switch,RUN,1
1782238184.570662,engine_on_counter,0,0
1782238184.589025,gear_position,N,0
1782238184.589025,shift_lever_displaced,REST,0
1782238184.589025,shift_lever_failed,OK,0
1782238184.589116,rpm,0,0
1782238184.589116,throttle_position,0,0
1782238184.589387,kill_switch,RUN,1
1782238184.589387,engine_on_counter,0,0
1782238184.599154,gear_position,N,0
1782238184.599154,shift_lever_displaced,REST,0
1782238184.599154,shift_lever_failed,OK,0
1782238184.599260,coolant_temp,72.9,729
1782238184.599260,warmup_index,0,0
1782238184.599260,side_stand,UP,1
1782238184.599482,rpm,0,0
1782238184.599482,throttle_position,0,0
1782238184.610827,kill_switch,RUN,1
1782238184.610827,engine_on_counter,0,0
1782238184.619810,gear_position,N,0
1782238184.619810,shift_lever_displaced,REST,0
1782238184.619810,shift_lever_failed,OK,0
1782238184.619933,rpm,0,0
1782238184.619933,throttle_position,0,0
1782238184.638880,kill_switch,RUN,1
1782238184.638880,engine_on_counter,0,0
1782238184.639978,gear_position,N,0
1782238184.639978,shift_lever_displaced,REST,0
1782238184.639978,shift_lever_failed,OK,0
1782238184.640251,rpm,0,0
1782238184.640251,throttle_position,0,0
1782238184.652218,kill_switch,RUN,1
1782238184.652218,engine_on_counter,0,0
1782238184.652591,gear_position,N,0
1782238184.652591,shift_lever_displaced,REST,0
1782238184.652591,shift_lever_failed,OK,0
1782238184.669223,rpm,0,0
1782238184.669223,throttle_position,0,0
1782238184.670207,kill_switch,RUN,1
1782238184.670207,engine_on_counter,0,0
1782238184.679485,gear_position,N,0
1782238184.679485,shift_lever_displaced,REST,0
1782238184.679485,shift_lever_failed,OK,0
1782238184.679606,rpm,0,0
1782238184.679606,throttle_position,0,0
1782238184.691133,kill_switch,RUN,1
1782238184.691133,engine_on_counter,0,0
1782238184.691597,gear_position,N,0
1782238184.691597,shift_lever_displaced,REST,0
1782238184.691597,shift_lever_failed,OK,0
1782238184.691738,coolant_temp,72.9,729
1782238184.691738,warmup_index,0,0
1782238184.691738,side_stand,UP,1
1782238184.709125,rpm,0,0
1782238184.709125,throttle_position,0,0
1782238184.709849,kill_switch,RUN,1
1782238184.709849,engine_on_counter,0,0
1782238184.719980,gear_position,N,0
1782238184.719980,shift_lever_displaced,REST,0
1782238184.719980,shift_lever_failed,OK,0
1782238184.720218,rpm,0,0
1782238184.720218,throttle_position,0,0
1782238184.732322,kill_switch,RUN,1
1782238184.732322,engine_on_counter,0,0
1782238184.733286,gear_position,N,0
1782238184.733286,shift_lever_displaced,REST,0
1782238184.733286,shift_lever_failed,OK,0
1782238184.751727,rpm,0,0
1782238184.751727,throttle_position,0,0
1782238184.752164,kill_switch,RUN,1
1782238184.752164,engine_on_counter,0,0
1782238184.759629,gear_position,N,0
1782238184.759629,shift_lever_displaced,REST,0
1782238184.759629,shift_lever_failed,OK,0
1782238184.759826,rpm,0,0
1782238184.759826,throttle_position,0,0
1782238184.778824,kill_switch,RUN,1
1782238184.778824,engine_on_counter,0,0
1782238184.779906,gear_position,N,0
1782238184.779906,shift_lever_displaced,REST,0
1782238184.779906,shift_lever_failed,OK,0
1782238184.780151,rpm,0,0
1782238184.780151,throttle_position,0,0
1782238184.796715,kill_switch,RUN,1
1782238184.796715,engine_on_counter,0,0
1782238184.796921,gear_position,N,0
1782238184.796921,shift_lever_displaced,REST,0
1782238184.796921,shift_lever_failed,OK,0
1782238184.798889,coolant_temp,72.9,729
1782238184.798889,warmup_index,0,0
1782238184.798889,side_stand,UP,1
1782238184.799017,rpm,0,0
1782238184.799017,throttle_position,0,0
1782238184.810670,kill_switch,RUN,1
1782238184.810670,engine_on_counter,0,0
1782238184.819945,gear_position,N,0
1782238184.819945,shift_lever_displaced,REST,0
1782238184.819945,shift_lever_failed,OK,0
1782238184.820036,rpm,0,0
1782238184.820036,throttle_position,0,0
1782238184.820305,kill_switch,RUN,1
1782238184.820305,engine_on_counter,0,0
1782238184.839324,gear_position,N,0
1782238184.839324,shift_lever_displaced,REST,0
1782238184.839324,shift_lever_failed,OK,0
1782238184.839400,rpm,0,0
1782238184.839400,throttle_position,0,0
1782238184.853189,kill_switch,RUN,1
1782238184.853189,engine_on_counter,0,0
1782238184.853431,gear_position,N,0
1782238184.853431,shift_lever_displaced,REST,0
1782238184.853431,shift_lever_failed,OK,0
1782238184.853506,rpm,0,0
1782238184.853506,throttle_position,0,0
1782238184.870809,kill_switch,RUN,1
1782238184.870809,engine_on_counter,0,0
1782238184.879662,gear_position,N,0
1782238184.879662,shift_lever_displaced,REST,0
1782238184.879662,shift_lever_failed,OK,0
1782238184.879750,rpm,0,0
1782238184.879750,throttle_position,0,0
1782238184.892011,kill_switch,RUN,1
1782238184.892011,engine_on_counter,0,0
1782238184.892348,gear_position,N,0
1782238184.892348,shift_lever_displaced,REST,0
1782238184.892348,shift_lever_failed,OK,0
1782238184.892455,coolant_temp,72.9,729
1782238184.892455,warmup_index,0,0
1782238184.892455,side_stand,UP,1
1782238184.910390,rpm,0,0
1782238184.910390,throttle_position,0,0
1782238184.910855,kill_switch,RUN,1
1782238184.910855,engine_on_counter,0,0
1782238184.919889,gear_position,N,0
1782238184.919889,shift_lever_displaced,REST,0
1782238184.919889,shift_lever_failed,OK,0
1782238184.920018,rpm,0,0
1782238184.920018,throttle_position,0,0
1782238184.938992,kill_switch,RUN,1
1782238184.938992,engine_on_counter,0,0
1782238184.939986,gear_position,N,0
1782238184.939986,shift_lever_displaced,REST,0
1782238184.939986,shift_lever_failed,OK,0
1782238184.940236,rpm,0,0
1782238184.940236,throttle_position,0,0
1782238184.950922,kill_switch,RUN,1
1782238184.950922,engine_on_counter,0,0
1782238184.968862,gear_position,N,0
1782238184.968862,shift_lever_displaced,REST,0
1782238184.968862,shift_lever_failed,OK,0
1782238184.969138,rpm,0,0
1782238184.969138,throttle_position,0,0
1782238184.970111,kill_switch,RUN,1
1782238184.970111,engine_on_counter,0,0
1782238184.979883,gear_position,N,0
1782238184.979883,shift_lever_displaced,REST,0
1782238184.979883,shift_lever_failed,OK,0
1782238184.980125,rpm,0,0
1782238184.980125,throttle_position,0,0
1782238184.991285,kill_switch,RUN,1
1782238184.991285,engine_on_counter,0,0
1782238184.991499,gear_position,N,0
1782238184.991499,shift_lever_displaced,REST,0
1782238184.991499,shift_lever_failed,OK,0
1782238184.991567,coolant_temp,72.9,729
1782238184.991567,warmup_index,0,0
1782238184.991567,side_stand,UP,1
1782238185.009003,rpm,0,0
1782238185.009003,throttle_position,0,0
1782238185.009221,kill_switch,RUN,1
1782238185.009221,engine_on_counter,0,0
1782238185.019662,gear_position,N,0
1782238185.019662,shift_lever_displaced,REST,0
1782238185.019662,shift_lever_failed,OK,0
1782238185.019737,rpm,0,0
1782238185.019737,throttle_position,0,0
1782238185.030729,kill_switch,RUN,1
1782238185.030729,engine_on_counter,0,0
1782238185.050287,gear_position,N,0
1782238185.050287,shift_lever_displaced,REST,0
1782238185.050287,shift_lever_failed,OK,0
1782238185.050377,rpm,0,0
1782238185.050377,throttle_position,0,0
1782238185.050577,kill_switch,RUN,1
1782238185.050577,engine_on_counter,0,0
1782238185.059597,gear_position,N,0
1782238185.059597,shift_lever_displaced,REST,0
1782238185.059597,shift_lever_failed,OK,0
1782238185.059673,rpm,0,0
1782238185.059673,throttle_position,0,0
1782238185.078819,kill_switch,RUN,1
1782238185.078819,engine_on_counter,0,0
1782238185.079187,gear_position,N,0
1782238185.079187,shift_lever_displaced,REST,0
1782238185.079187,shift_lever_failed,OK,0
1782238185.079264,rpm,0,0
1782238185.079264,throttle_position,0,0
1782238185.091049,kill_switch,RUN,1
1782238185.091049,engine_on_counter,0,0
1782238185.091315,gear_position,N,0
1782238185.091315,shift_lever_displaced,REST,0
1782238185.091315,shift_lever_failed,OK,0
1782238185.099562,coolant_temp,72.9,729
1782238185.099562,warmup_index,0,0
1782238185.099562,side_stand,UP,1
1782238185.099776,rpm,0,0
1782238185.099776,throttle_position,0,0
1782238185.118913,kill_switch,RUN,1
1782238185.118913,engine_on_counter,0,0
1782238185.119362,gear_position,N,0
1782238185.119362,shift_lever_displaced,REST,0
1782238185.119362,shift_lever_failed,OK,0
1782238185.119467,rpm,0,0
1782238185.119467,throttle_position,0,0
1782238185.130824,kill_switch,RUN,1
1782238185.130824,engine_on_counter,0,0
1782238185.152448,gear_position,N,0
1782238185.152448,shift_lever_displaced,REST,0
1782238185.152448,shift_lever_failed,OK,0
1782238185.152588,rpm,0,0
1782238185.152588,throttle_position,0,0
1782238185.152951,kill_switch,RUN,1
1782238185.152951,engine_on_counter,0,0
1782238185.159423,gear_position,N,0
1782238185.159423,shift_lever_displaced,REST,0
1782238185.159423,shift_lever_failed,OK,0
1782238185.159543,rpm,0,0
1782238185.159543,throttle_position,0,0
1782238185.172361,kill_switch,RUN,1
1782238185.172361,engine_on_counter,0,0
1782238185.173374,gear_position,N,0
1782238185.173374,shift_lever_displaced,REST,0
1782238185.173374,shift_lever_failed,OK,0
1782238185.190396,rpm,0,0
1782238185.190396,throttle_position,0,0
1782238185.190619,kill_switch,RUN,1
1782238185.190619,engine_on_counter,0,0
1782238185.199154,gear_position,N,0
1782238185.199154,shift_lever_displaced,REST,0
1782238185.199154,shift_lever_failed,OK,0
1782238185.199220,coolant_temp,72.9,729
1782238185.199220,warmup_index,0,0
1782238185.199220,side_stand,UP,1
1782238185.199353,rpm,0,0
1782238185.199353,throttle_position,0,0
1782238185.212011,kill_switch,RUN,1
1782238185.212011,engine_on_counter,0,0
1782238185.212315,gear_position,N,0
1782238185.212315,shift_lever_displaced,REST,0
1782238185.212315,shift_lever_failed,OK,0
1782238185.228916,rpm,0,0
1782238185.228916,throttle_position,0,0
1782238185.229350,kill_switch,RUN,1
1782238185.229350,engine_on_counter,0,0
1782238185.239685,gear_position,N,0
1782238185.239685,shift_lever_displaced,REST,0
1782238185.239685,shift_lever_failed,OK,0
1782238185.239774,rpm,0,0
1782238185.239774,throttle_position,0,0
1782238185.253126,kill_switch,RUN,1
1782238185.253126,engine_on_counter,0,0
1782238185.253394,gear_position,N,0
1782238185.253394,shift_lever_displaced,REST,0
1782238185.253394,shift_lever_failed,OK,0
1782238185.253480,rpm,0,0
1782238185.253480,throttle_position,0,0
1782238185.270768,kill_switch,RUN,1
1782238185.270768,engine_on_counter,0,0
1782238185.295868,gear_position,N,0
1782238185.295868,shift_lever_displaced,REST,0
1782238185.295868,shift_lever_failed,OK,0
1782238185.297284,rpm,0,0
1782238185.297284,throttle_position,0,0
1782238185.297537,kill_switch,RUN,1
1782238185.297537,engine_on_counter,0,0
1782238185.298985,gear_position,N,0
1782238185.298985,shift_lever_displaced,REST,0
1782238185.298985,shift_lever_failed,OK,0
1782238185.299063,coolant_temp,72.8,728
1782238185.299063,warmup_index,0,0
1782238185.299063,side_stand,UP,1
1782238185.299236,rpm,0,0
1782238185.299236,throttle_position,0,0
1782238185.310789,kill_switch,RUN,1
1782238185.310789,engine_on_counter,0,0
1782238185.319981,gear_position,N,0
1782238185.319981,shift_lever_displaced,REST,0
1782238185.319981,shift_lever_failed,OK,0
1782238185.320079,rpm,0,0
1782238185.320079,throttle_position,0,0
1782238185.320445,kill_switch,RUN,1
1782238185.320445,engine_on_counter,0,0
1782238185.339129,gear_position,N,0
1782238185.339129,shift_lever_displaced,REST,0
1782238185.339129,shift_lever_failed,OK,0
1782238185.339217,rpm,0,0
1782238185.339217,throttle_position,0,0
1782238185.352191,kill_switch,RUN,1
1782238185.352191,engine_on_counter,0,0
1782238185.352513,gear_position,N,0
1782238185.352513,shift_lever_displaced,REST,0
1782238185.352513,shift_lever_failed,OK,0
1782238185.369178,rpm,0,0
1782238185.369178,throttle_position,0,0
1782238185.369761,kill_switch,RUN,1
1782238185.369761,engine_on_counter,0,0
1782238185.379873,gear_position,N,0
1782238185.379873,shift_lever_displaced,REST,0
1782238185.379873,shift_lever_failed,OK,0
1782238185.380042,rpm,0,0
1782238185.380042,throttle_position,0,0
1782238185.392079,kill_switch,RUN,1
1782238185.392079,engine_on_counter,0,0
1782238185.392415,gear_position,N,0
1782238185.392415,shift_lever_displaced,REST,0
1782238185.392415,shift_lever_failed,OK,0
1782238185.392522,coolant_temp,72.8,728
1782238185.392522,warmup_index,0,0
1782238185.392522,side_stand,UP,1
1782238185.409012,rpm,0,0
1782238185.409012,throttle_position,0,0
1782238185.409739,kill_switch,RUN,1
1782238185.409739,engine_on_counter,0,0
1782238185.419891,gear_position,N,0
1782238185.419891,shift_lever_displaced,REST,0
1782238185.419891,shift_lever_failed,OK,0
1782238185.420134,rpm,0,0
1782238185.420134,throttle_position,0,0
1782238185.432194,kill_switch,RUN,1
1782238185.432194,engine_on_counter,0,0
1782238185.433146,gear_position,N,0
1782238185.433146,shift_lever_displaced,REST,0
1782238185.433146,shift_lever_failed,OK,0
1782238185.450932,rpm,0,0
1782238185.450932,throttle_position,0,0
1782238185.451429,kill_switch,RUN,1
1782238185.451429,engine_on_counter,0,0
1782238185.469006,gear_position,N,0
1782238185.469006,shift_lever_displaced,REST,0
1782238185.469006,shift_lever_failed,OK,0
1782238185.469264,rpm,0,0
1782238185.469264,throttle_position,0,0
1782238185.470215,kill_switch,RUN,1
1782238185.470215,engine_on_counter,0,0
1782238185.479983,gear_position,N,0
1782238185.479983,shift_lever_displaced,REST,0
1782238185.479983,shift_lever_failed,OK,0
1782238185.480223,rpm,0,0
1782238185.480223,throttle_position,0,0
1782238185.491005,kill_switch,RUN,1
1782238185.491005,engine_on_counter,0,0
1782238185.491297,gear_position,N,0
1782238185.491297,shift_lever_displaced,REST,0
1782238185.491297,shift_lever_failed,OK,0
1782238185.503140,coolant_temp,72.8,728
1782238185.503140,warmup_index,0,0
1782238185.503140,side_stand,UP,1
1782238185.503443,rpm,0,0
1782238185.503443,throttle_position,0,0
1782238185.503859,kill_switch,RUN,1
1782238185.503859,engine_on_counter,0,0
1782238185.519757,gear_position,N,0
1782238185.519757,shift_lever_displaced,REST,0
1782238185.519757,shift_lever_failed,OK,0
1782238185.519853,rpm,0,0
1782238185.519853,throttle_position,0,0
1782238185.530889,kill_switch,RUN,1
1782238185.530889,engine_on_counter,0,0
1782238185.550415,gear_position,N,0
1782238185.550415,shift_lever_displaced,REST,0
1782238185.550415,shift_lever_failed,OK,0
1782238185.550526,rpm,0,0
1782238185.550526,throttle_position,0,0
1782238185.550801,kill_switch,RUN,1
1782238185.550801,engine_on_counter,0,0
1782238185.559236,gear_position,N,0
1782238185.559236,shift_lever_displaced,REST,0
1782238185.559236,shift_lever_failed,OK,0
1782238185.559326,rpm,0,0
1782238185.559326,throttle_position,0,0
1782238185.572068,kill_switch,RUN,1
1782238185.572068,engine_on_counter,0,0
1782238185.572489,gear_position,N,0
1782238185.572489,shift_lever_displaced,REST,0
1782238185.572489,shift_lever_failed,OK,0
1782238185.590591,rpm,0,0
1782238185.590591,throttle_position,0,0
1782238185.590940,kill_switch,RUN,1
1782238185.590940,engine_on_counter,0,0
1782238185.599513,gear_position,N,0
1782238185.599513,shift_lever_displaced,REST,0
1782238185.599513,shift_lever_failed,OK,0
1782238185.599641,coolant_temp,72.8,728
1782238185.599641,warmup_index,0,0
1782238185.599641,side_stand,UP,1
1782238185.599856,rpm,0,0
1782238185.599856,throttle_position,0,0
1782238185.618956,kill_switch,RUN,1
1782238185.618956,engine_on_counter,0,0
1782238185.619509,gear_position,N,0
1782238185.619509,shift_lever_displaced,REST,0
1782238185.619509,shift_lever_failed,OK,0
1782238185.619633,rpm,0,0
1782238185.619633,throttle_position,0,0
1782238185.631093,kill_switch,RUN,1
1782238185.631093,engine_on_counter,0,0
1782238185.639938,gear_position,N,0
1782238185.639938,shift_lever_displaced,REST,0
1782238185.639938,shift_lever_failed,OK,0
1782238185.640179,rpm,0,0
1782238185.640179,throttle_position,0,0
1782238185.658888,kill_switch,RUN,1
1782238185.658888,engine_on_counter,0,0
1782238185.659475,gear_position,N,0
1782238185.659475,shift_lever_displaced,REST,0
1782238185.659475,shift_lever_failed,OK,0
1782238185.659655,rpm,0,0
1782238185.659655,throttle_position,0,0
1782238185.671290,kill_switch,RUN,1
1782238185.671290,engine_on_counter,0,0
1782238185.690429,gear_position,N,0
1782238185.690429,shift_lever_displaced,REST,0
1782238185.690429,shift_lever_failed,OK,0
1782238185.690627,rpm,0,0
1782238185.690627,throttle_position,0,0
1782238185.691165,kill_switch,RUN,1
1782238185.691165,engine_on_counter,0,0
1782238185.699409,gear_position,N,0
1782238185.699409,shift_lever_displaced,REST,0
1782238185.699409,shift_lever_failed,OK,0
1782238185.699657,coolant_temp,72.8,728
1782238185.699657,warmup_index,0,0
1782238185.699657,side_stand,UP,1
1782238185.700139,rpm,0,0
1782238185.700139,throttle_position,0,0
1782238185.711101,kill_switch,RUN,1
1782238185.711101,engine_on_counter,0,0
1782238185.719866,gear_position,N,0
1782238185.719866,shift_lever_displaced,REST,0
1782238185.719866,shift_lever_failed,OK,0
1782238185.720009,rpm,0,0
1782238185.720009,throttle_position,0,0
1782238185.720439,kill_switch,RUN,1
1782238185.720439,engine_on_counter,0,0
1782238185.739813,gear_position,N,0
1782238185.739813,shift_lever_displaced,REST,0
1782238185.739813,shift_lever_failed,OK,0
1782238185.740055,rpm,0,0
1782238185.740055,throttle_position,0,0
1782238185.753262,kill_switch,RUN,1
1782238185.753262,engine_on_counter,0,0
1782238185.753725,gear_position,N,0
1782238185.753725,shift_lever_displaced,REST,0
1782238185.753725,shift_lever_failed,OK,0
1782238185.753888,rpm,0,0
1782238185.753888,throttle_position,0,0
1782238185.771313,kill_switch,RUN,1
1782238185.771313,engine_on_counter,0,0
1782238185.790019,gear_position,N,0
1782238185.790019,shift_lever_displaced,REST,0
1782238185.790019,shift_lever_failed,OK,0
1782238185.797007,rpm,0,0
1782238185.797007,throttle_position,0,0
1782238185.797279,kill_switch,RUN,1
1782238185.797279,engine_on_counter,0,0
1782238185.797568,gear_position,N,0
1782238185.797568,shift_lever_displaced,REST,0
1782238185.797568,shift_lever_failed,OK,0
1782238185.797648,coolant_temp,72.8,728
1782238185.797648,warmup_index,0,0
1782238185.797648,side_stand,UP,1
1782238185.810350,rpm,0,0
1782238185.810350,throttle_position,0,0
1782238185.810649,kill_switch,RUN,1
1782238185.810649,engine_on_counter,0,0
1782238185.819793,gear_position,N,0
1782238185.819793,shift_lever_displaced,REST,0
1782238185.819793,shift_lever_failed,OK,0
1782238185.819880,rpm,0,0
1782238185.819880,throttle_position,0,0
1782238185.838776,kill_switch,RUN,1
1782238185.838776,engine_on_counter,0,0
1782238185.839129,gear_position,N,0
1782238185.839129,shift_lever_displaced,REST,0
1782238185.839129,shift_lever_failed,OK,0
1782238185.839216,rpm,0,0
1782238185.839216,throttle_position,0,0
1782238185.852259,kill_switch,RUN,1
1782238185.852259,engine_on_counter,0,0
1782238185.852569,gear_position,N,0
1782238185.852569,shift_lever_displaced,REST,0
1782238185.852569,shift_lever_failed,OK,0
1782238185.868940,rpm,0,0
1782238185.868940,throttle_position,0,0
1782238185.869467,kill_switch,RUN,1
1782238185.869467,engine_on_counter,0,0
1782238185.879515,gear_position,N,0
1782238185.879515,shift_lever_displaced,REST,0
1782238185.879515,shift_lever_failed,OK,0
1782238185.879661,rpm,0,0
1782238185.879661,throttle_position,0,0
1782238185.891255,kill_switch,RUN,1
1782238185.891255,engine_on_counter,0,0
1782238185.891630,gear_position,N,0
1782238185.891630,shift_lever_displaced,REST,0
1782238185.891630,shift_lever_failed,OK,0
1782238185.891747,coolant_temp,72.8,728
1782238185.891747,warmup_index,0,0
1782238185.891747,side_stand,UP,1
1782238185.909211,rpm,0,0
1782238185.909211,throttle_position,0,0
1782238185.909958,kill_switch,RUN,1
1782238185.909958,engine_on_counter,0,0
1782238185.919695,gear_position,N,0
1782238185.919695,shift_lever_displaced,REST,0
1782238185.919695,shift_lever_failed,OK,0
1782238185.919817,rpm,0,0
1782238185.919817,throttle_position,0,0
1782238185.932406,kill_switch,RUN,1
1782238185.932406,engine_on_counter,0,0
1782238185.933390,gear_position,N,0
1782238185.933390,shift_lever_displaced,REST,0
1782238185.933390,shift_lever_failed,OK,0
1782238185.952397,rpm,0,0
1782238185.952397,throttle_position,0,0
1782238185.952876,kill_switch,RUN,1
1782238185.952876,engine_on_counter,0,0
1782238185.959696,gear_position,N,0
1782238185.959696,shift_lever_displaced,REST,0
1782238185.959696,shift_lever_failed,OK,0
1782238185.959849,rpm,0,0
1782238185.959849,throttle_position,0,0
1782238185.978924,kill_switch,RUN,1
1782238185.978924,engine_on_counter,0,0
1782238185.980132,gear_position,N,0
1782238185.980132,shift_lever_displaced,REST,0
1782238185.980132,shift_lever_failed,OK,0
1782238185.980381,rpm,0,0
1782238185.980381,throttle_position,0,0
1782238185.991420,kill_switch,RUN,1
1782238185.991420,engine_on_counter,0,0
1782238185.991752,gear_position,N,0
1782238185.991752,shift_lever_displaced,REST,0
1782238185.991752,shift_lever_failed,OK,0
1782238186.003314,coolant_temp,72.8,728
1782238186.003314,warmup_index,0,0
1782238186.003314,side_stand,UP,1
1782238186.003666,rpm,0,0
1782238186.003666,throttle_position,0,0
1782238186.004261,kill_switch,RUN,1
1782238186.004261,engine_on_counter,0,0
1782238186.021404,gear_position,N,0
1782238186.021404,shift_lever_displaced,REST,0
1782238186.021404,shift_lever_failed,OK,0
1782238186.021506,rpm,0,0
1782238186.021506,throttle_position,0,0
1782238186.030938,kill_switch,RUN,1
1782238186.030938,engine_on_counter,0,0
1782238186.048861,gear_position,N,0
1782238186.048861,shift_lever_displaced,REST,0
1782238186.048861,shift_lever_failed,OK,0
1782238186.048931,rpm,0,0
1782238186.048931,throttle_position,0,0
1782238186.049118,kill_switch,RUN,1
1782238186.049118,engine_on_counter,0,0
1782238186.059185,gear_position,N,0
1782238186.059185,shift_lever_displaced,REST,0
1782238186.059185,shift_lever_failed,OK,0
1782238186.059238,rpm,0,0
1782238186.059238,throttle_position,0,0
1782238186.072215,kill_switch,RUN,1
1782238186.072215,engine_on_counter,0,0
1782238186.072624,gear_position,N,0
1782238186.072624,shift_lever_displaced,REST,0
1782238186.072624,shift_lever_failed,OK,0
1782238186.090990,rpm,0,0
1782238186.090990,throttle_position,0,0
1782238186.091400,kill_switch,RUN,1
1782238186.091400,engine_on_counter,0,0
1782238186.099188,gear_position,N,0
1782238186.099188,shift_lever_displaced,REST,0
1782238186.099188,shift_lever_failed,OK,0
1782238186.099364,coolant_temp,72.8,728
1782238186.099364,warmup_index,0,0
1782238186.099364,side_stand,UP,1
1782238186.099604,rpm,0,0
1782238186.099604,throttle_position,0,0
1782238186.112235,kill_switch,RUN,1
1782238186.112235,engine_on_counter,0,0
1782238186.112966,gear_position,N,0
1782238186.112966,shift_lever_displaced,REST,0
1782238186.112966,shift_lever_failed,OK,0
1782238186.128925,rpm,0,0
1782238186.128925,throttle_position,0,0
1782238186.129550,kill_switch,RUN,1
1782238186.129550,engine_on_counter,0,0
1782238186.140090,gear_position,N,0
1782238186.140090,shift_lever_displaced,REST,0
1782238186.140090,shift_lever_failed,OK,0
1782238186.140335,rpm,0,0
1782238186.140335,throttle_position,0,0
1782238186.158933,kill_switch,RUN,1
1782238186.158933,engine_on_counter,0,0
1782238186.159345,gear_position,N,0
1782238186.159345,shift_lever_displaced,REST,0
1782238186.159345,shift_lever_failed,OK,0
1782238186.159465,rpm,0,0
1782238186.159465,throttle_position,0,0
1782238186.170896,kill_switch,RUN,1
1782238186.170896,engine_on_counter,0,0
1782238186.189036,gear_position,N,0
1782238186.189036,shift_lever_displaced,REST,0
1782238186.189036,shift_lever_failed,OK,0
1782238186.189180,rpm,0,0
1782238186.189180,throttle_position,0,0
1782238186.189611,kill_switch,RUN,1
1782238186.189611,engine_on_counter,0,0
1782238186.199292,gear_position,N,0
1782238186.199292,shift_lever_displaced,REST,0
1782238186.199292,shift_lever_failed,OK,0
1782238186.199545,coolant_temp,72.8,728
1782238186.199545,warmup_index,0,0
1782238186.199545,side_stand,UP,1
1782238186.200032,rpm,0,0
1782238186.200032,throttle_position,0,0
1782238186.211344,kill_switch,RUN,1
1782238186.211344,engine_on_counter,0,0
1782238186.219965,gear_position,N,0
1782238186.219965,shift_lever_displaced,REST,0
1782238186.219965,shift_lever_failed,OK,0
1782238186.220122,rpm,0,0
1782238186.220122,throttle_position,0,0
1782238186.220577,kill_switch,RUN,1
1782238186.220577,engine_on_counter,0,0
1782238186.239431,gear_position,N,0
1782238186.239431,shift_lever_displaced,REST,0
1782238186.239431,shift_lever_failed,OK,0
1782238186.239544,rpm,0,0
1782238186.239544,throttle_position,0,0
1782238186.252247,kill_switch,RUN,1
1782238186.252247,engine_on_counter,0,0
1782238186.252626,gear_position,N,0
1782238186.252626,shift_lever_displaced,REST,0
1782238186.252626,shift_lever_failed,OK,0
1782238186.268966,rpm,0,0
1782238186.268966,throttle_position,0,0
1782238186.269460,kill_switch,RUN,1
1782238186.269460,engine_on_counter,0,0
1782238186.280358,gear_position,N,0
1782238186.280358,shift_lever_displaced,REST,0
1782238186.280358,shift_lever_failed,OK,0
1782238186.280613,rpm,0,0
1782238186.280613,throttle_position,0,0
1782238186.296425,kill_switch,RUN,1
1782238186.296425,engine_on_counter,0,0
1782238186.296676,gear_position,N,0
1782238186.296676,shift_lever_displaced,REST,0
1782238186.296676,shift_lever_failed,OK,0
1782238186.296754,coolant_temp,72.8,728
1782238186.296754,warmup_index,0,0
1782238186.296754,side_stand,UP,1
1782238186.310447,rpm,0,0
1782238186.310447,throttle_position,0,0
1782238186.310684,kill_switch,RUN,1
1782238186.310684,engine_on_counter,0,0
1782238186.319492,gear_position,N,0
1782238186.319492,shift_lever_displaced,REST,0
1782238186.319492,shift_lever_failed,OK,0
1782238186.319571,rpm,0,0
1782238186.319571,throttle_position,0,0
1782238186.332151,kill_switch,RUN,1
1782238186.332151,engine_on_counter,0,0
1782238186.332505,gear_position,N,0
1782238186.332505,shift_lever_displaced,REST,0
1782238186.332505,shift_lever_failed,OK,0
1782238186.350723,rpm,0,0
1782238186.350723,throttle_position,0,0
1782238186.351011,kill_switch,RUN,1
1782238186.351011,engine_on_counter,0,0
1782238186.368842,gear_position,N,0
1782238186.368842,shift_lever_displaced,REST,0
1782238186.368842,shift_lever_failed,OK,0
1782238186.368954,rpm,0,0
1782238186.368954,throttle_position,0,0
1782238186.369384,kill_switch,RUN,1
1782238186.369384,engine_on_counter,0,0
1782238186.379556,gear_position,N,0
1782238186.379556,shift_lever_displaced,REST,0
1782238186.379556,shift_lever_failed,OK,0
1782238186.379674,rpm,0,0
1782238186.379674,throttle_position,0,0
1782238186.391504,kill_switch,RUN,1
1782238186.391504,engine_on_counter,0,0
1782238186.391865,gear_position,N,0
1782238186.391865,shift_lever_displaced,REST,0
1782238186.391865,shift_lever_failed,OK,0
1782238186.391972,coolant_temp,72.8,728
1782238186.391972,warmup_index,0,0
1782238186.391972,side_stand,UP,1
1782238186.403458,rpm,0,0
1782238186.403458,throttle_position,0,0
1782238186.403990,kill_switch,RUN,1
1782238186.403990,engine_on_counter,0,0
1782238186.419878,gear_position,N,0
1782238186.419878,shift_lever_displaced,REST,0
1782238186.419878,shift_lever_failed,OK,0
1782238186.420126,rpm,0,0
1782238186.420126,throttle_position,0,0
1782238186.431202,kill_switch,RUN,1
1782238186.431202,engine_on_counter,0,0
1782238186.451450,gear_position,N,0
1782238186.451450,shift_lever_displaced,REST,0
1782238186.451450,shift_lever_failed,OK,0
1782238186.451696,rpm,0,0
1782238186.451696,throttle_position,0,0
1782238186.452030,kill_switch,RUN,1
1782238186.452030,engine_on_counter,0,0
1782238186.459691,gear_position,N,0
1782238186.459691,shift_lever_displaced,REST,0
1782238186.459691,shift_lever_failed,OK,0
1782238186.459802,rpm,0,0
1782238186.459802,throttle_position,0,0
1782238186.472128,kill_switch,RUN,1
1782238186.472128,engine_on_counter,0,0
1782238186.472852,gear_position,N,0
1782238186.472852,shift_lever_displaced,REST,0
1782238186.472852,shift_lever_failed,OK,0
1782238186.490654,rpm,0,0
1782238186.490654,throttle_position,0,0
1782238186.491040,kill_switch,RUN,1
1782238186.491040,engine_on_counter,0,0
1782238186.499488,gear_position,N,0
1782238186.499488,shift_lever_displaced,REST,0
1782238186.499488,shift_lever_failed,OK,0
1782238186.499678,coolant_temp,72.7,727
1782238186.499678,warmup_index,0,0
1782238186.499678,side_stand,UP,1
1782238186.500030,rpm,0,0
1782238186.500030,throttle_position,0,0
1782238186.518882,kill_switch,RUN,1
1782238186.518882,engine_on_counter,0,0
1782238186.519283,gear_position,N,0
1782238186.519283,shift_lever_displaced,REST,0
1782238186.519283,shift_lever_failed,OK,0
1782238186.519378,rpm,0,0
1782238186.519378,throttle_position,0,0
1782238186.530906,kill_switch,RUN,1
1782238186.530906,engine_on_counter,0,0
1782238186.548928,gear_position,N,0
1782238186.548928,shift_lever_displaced,REST,0
1782238186.548928,shift_lever_failed,OK,0
1782238186.549005,rpm,0,0
1782238186.549005,throttle_position,0,0
1782238186.549241,kill_switch,RUN,1
1782238186.549241,engine_on_counter,0,0
1782238186.558985,gear_position,N,0
1782238186.558985,shift_lever_displaced,REST,0
1782238186.558985,shift_lever_failed,OK,0
1782238186.559061,rpm,0,0
1782238186.559061,throttle_position,0,0
1782238186.570871,kill_switch,RUN,1
1782238186.570871,engine_on_counter,0,0
1782238186.590506,gear_position,N,0
1782238186.590506,shift_lever_displaced,REST,0
1782238186.590506,shift_lever_failed,OK,0
1782238186.590595,rpm,0,0
1782238186.590595,throttle_position,0,0
1782238186.590825,kill_switch,RUN,1
1782238186.590825,engine_on_counter,0,0
1782238186.599093,gear_position,N,0
1782238186.599093,shift_lever_displaced,REST,0
1782238186.599093,shift_lever_failed,OK,0
1782238186.599181,coolant_temp,72.8,728
1782238186.599181,warmup_index,0,0
1782238186.599181,side_stand,UP,1
1782238186.599356,rpm,0,0
1782238186.599356,throttle_position,0,0
1782238186.612206,kill_switch,RUN,1
1782238186.612206,engine_on_counter,0,0
1782238186.612626,gear_position,N,0
1782238186.612626,shift_lever_displaced,REST,0
1782238186.612626,shift_lever_failed,OK,0
1782238186.619891,rpm,0,0
1782238186.619891,throttle_position,0,0
1782238186.620246,kill_switch,RUN,1
1782238186.620246,engine_on_counter,0,0
1782238186.639973,gear_position,N,0
1782238186.639973,shift_lever_displaced,REST,0
1782238186.639973,shift_lever_failed,OK,0
1782238186.640100,rpm,0,0
1782238186.640100,throttle_position,0,0
1782238186.653290,kill_switch,RUN,1
1782238186.653290,engine_on_counter,0,0
1782238186.653617,gear_position,N,0
1782238186.653617,shift_lever_displaced,REST,0
1782238186.653617,shift_lever_failed,OK,0
1782238186.653721,rpm,0,0
1782238186.653721,throttle_position,0,0
1782238186.671058,kill_switch,RUN,1
1782238186.671058,engine_on_counter,0,0
1782238186.689002,gear_position,N,0
1782238186.689002,shift_lever_displaced,REST,0
1782238186.689002,shift_lever_failed,OK,0
1782238186.689130,rpm,0,0
1782238186.689130,throttle_position,0,0
1782238186.689485,kill_switch,RUN,1
1782238186.689485,engine_on_counter,0,0
1782238186.699245,gear_position,N,0
1782238186.699245,shift_lever_displaced,REST,0
1782238186.699245,shift_lever_failed,OK,0
1782238186.699424,coolant_temp,72.7,727
1782238186.699424,warmup_index,0,0
1782238186.699424,side_stand,UP,1
1782238186.699782,rpm,0,0
1782238186.699782,throttle_position,0,0
1782238186.710948,kill_switch,RUN,1
1782238186.710948,engine_on_counter,0,0
1782238186.720065,gear_position,N,0
1782238186.720065,shift_lever_displaced,REST,0
1782238186.720065,shift_lever_failed,OK,0
1782238186.720195,rpm,0,0
1782238186.720195,throttle_position,0,0
1782238186.738794,kill_switch,RUN,1
1782238186.738794,engine_on_counter,0,0
1782238186.739807,gear_position,N,0
1782238186.739807,shift_lever_displaced,REST,0
1782238186.739807,shift_lever_failed,OK,0
1782238186.740048,rpm,0,0
1782238186.740048,throttle_position,0,0
1782238186.752475,kill_switch,RUN,1
1782238186.752475,engine_on_counter,0,0
1782238186.752891,gear_position,N,0
1782238186.752891,shift_lever_displaced,REST,0
1782238186.752891,shift_lever_failed,OK,0
1782238186.769144,rpm,0,0
1782238186.769144,throttle_position,0,0
1782238186.770128,kill_switch,RUN,1
1782238186.770128,engine_on_counter,0,0
1782238186.779709,gear_position,N,0
1782238186.779709,shift_lever_displaced,REST,0
1782238186.779709,shift_lever_failed,OK,0
1782238186.779958,rpm,0,0
1782238186.779958,throttle_position,0,0
1782238186.795243,kill_switch,RUN,1
1782238186.795243,engine_on_counter,0,0
1782238186.795438,gear_position,N,0
1782238186.795438,shift_lever_displaced,REST,0
1782238186.795438,shift_lever_failed,OK,0
1782238186.795505,coolant_temp,72.7,727
1782238186.795505,warmup_index,0,0
1782238186.795505,side_stand,UP,1
1782238186.799586,rpm,0,0
1782238186.799586,throttle_position,0,0
1782238186.812171,kill_switch,RUN,1
1782238186.812171,engine_on_counter,0,0
1782238186.812417,gear_position,N,0
1782238186.812417,shift_lever_displaced,REST,0
1782238186.812417,shift_lever_failed,OK,0
1782238186.812479,rpm,0,0
1782238186.812479,throttle_position,0,0
1782238186.829046,kill_switch,RUN,1
1782238186.829046,engine_on_counter,0,0
1782238186.839675,gear_position,N,0
1782238186.839675,shift_lever_displaced,REST,0
1782238186.839675,shift_lever_failed,OK,0
1782238186.839745,rpm,0,0
1782238186.839745,throttle_position,0,0
1782238186.858807,kill_switch,RUN,1
1782238186.858807,engine_on_counter,0,0
1782238186.859048,gear_position,N,0
1782238186.859048,shift_lever_displaced,REST,0
1782238186.859048,shift_lever_failed,OK,0
1782238186.859126,rpm,0,0
1782238186.859126,throttle_position,0,0
1782238186.870863,kill_switch,RUN,1
1782238186.870863,engine_on_counter,0,0
1782238186.890476,gear_position,N,0
1782238186.890476,shift_lever_displaced,REST,0
1782238186.890476,shift_lever_failed,OK,0
1782238186.890574,rpm,0,0
1782238186.890574,throttle_position,0,0
1782238186.890840,kill_switch,RUN,1
1782238186.890840,engine_on_counter,0,0
1782238186.898948,gear_position,N,0
1782238186.898948,shift_lever_displaced,REST,0
1782238186.898948,shift_lever_failed,OK,0
1782238186.899057,coolant_temp,72.7,727
1782238186.899057,warmup_index,0,0
1782238186.899057,side_stand,UP,1
1782238186.899286,rpm,0,0
1782238186.899286,throttle_position,0,0
1782238186.910974,kill_switch,RUN,1
1782238186.910974,engine_on_counter,0,0
1782238186.919810,gear_position,N,0
1782238186.919810,shift_lever_displaced,REST,0
1782238186.919810,shift_lever_failed,OK,0
1782238186.919943,rpm,0,0
1782238186.919943,throttle_position,0,0
1782238186.920369,kill_switch,RUN,1
1782238186.920369,engine_on_counter,0,0
1782238186.939503,gear_position,N,0
1782238186.939503,shift_lever_displaced,REST,0
1782238186.939503,shift_lever_failed,OK,0
1782238186.939648,rpm,0,0
1782238186.939648,throttle_position,0,0
1782238186.953253,kill_switch,RUN,1
1782238186.953253,engine_on_counter,0,0
1782238186.953633,gear_position,N,0
1782238186.953633,shift_lever_displaced,REST,0
1782238186.953633,shift_lever_failed,OK,0
1782238186.953766,rpm,0,0
1782238186.953766,throttle_position,0,0
1782238186.969941,kill_switch,RUN,1
1782238186.969941,engine_on_counter,0,0
1782238186.979968,gear_position,N,0
1782238186.979968,shift_lever_displaced,REST,0
1782238186.979968,shift_lever_failed,OK,0
1782238186.980218,rpm,0,0
1782238186.980218,throttle_position,0,0
1782238186.992171,kill_switch,RUN,1
1782238186.992171,engine_on_counter,0,0
1782238186.992622,gear_position,N,0
1782238186.992622,shift_lever_displaced,REST,0
1782238186.992622,shift_lever_failed,OK,0
1782238186.992759,coolant_temp,72.7,727
1782238186.992759,warmup_index,0,0
1782238186.992759,side_stand,UP,1
1782238187.010469,rpm,0,0
1782238187.010469,throttle_position,0,0
1782238187.011225,kill_switch,RUN,1
1782238187.011225,engine_on_counter,0,0
1782238187.019793,gear_position,N,0
1782238187.019793,shift_lever_displaced,REST,0
1782238187.019793,shift_lever_failed,OK,0
1782238187.019941,rpm,0,0
1782238187.019941,throttle_position,0,0
1782238187.049431,kill_switch,RUN,1
1782238187.049431,engine_on_counter,0,0
1782238187.049760,gear_position,N,0
1782238187.049760,shift_lever_displaced,REST,0
1782238187.049760,shift_lever_failed,OK,0
1782238187.049838,rpm,0,0
1782238187.049838,throttle_position,0,0
1782238187.050837,kill_switch,RUN,1
1782238187.050837,engine_on_counter,0,0
1782238187.068700,gear_position,N,0
1782238187.068700,shift_lever_displaced,REST,0
1782238187.068700,shift_lever_failed,OK,0
1782238187.068819,rpm,0,0
1782238187.068819,throttle_position,0,0
1782238187.069162,kill_switch,RUN,1
1782238187.069162,engine_on_counter,0,0
1782238187.079189,gear_position,N,0
1782238187.079189,shift_lever_displaced,REST,0
1782238187.079189,shift_lever_failed,OK,0
1782238187.079275,rpm,0,0
1782238187.079275,throttle_position,0,0
1782238187.091243,kill_switch,RUN,1
1782238187.091243,engine_on_counter,0,0
1782238187.091466,gear_position,N,0
1782238187.091466,shift_lever_displaced,REST,0
1782238187.091466,shift_lever_failed,OK,0
1782238187.091540,coolant_temp,72.7,727
1782238187.091540,warmup_index,0,0
1782238187.091540,side_stand,UP,1
1782238187.108903,rpm,0,0
1782238187.108903,throttle_position,0,0
1782238187.109164,kill_switch,RUN,1
1782238187.109164,engine_on_counter,0,0
1782238187.119349,gear_position,N,0
1782238187.119349,shift_lever_displaced,REST,0
1782238187.119349,shift_lever_failed,OK,0
1782238187.119454,rpm,0,0
1782238187.119454,throttle_position,0,0
1782238187.130935,kill_switch,RUN,1
1782238187.130935,engine_on_counter,0,0
1782238187.151822,gear_position,N,0
1782238187.151822,shift_lever_displaced,REST,0
1782238187.151822,shift_lever_failed,OK,0
1782238187.152143,rpm,0,0
1782238187.152143,throttle_position,0,0
1782238187.152572,kill_switch,RUN,1
1782238187.152572,engine_on_counter,0,0
1782238187.159662,gear_position,N,0
1782238187.159662,shift_lever_displaced,REST,0
1782238187.159662,shift_lever_failed,OK,0
1782238187.159792,rpm,0,0
1782238187.159792,throttle_position,0,0
1782238187.178805,kill_switch,RUN,1
1782238187.178805,engine_on_counter,0,0
1782238187.179811,gear_position,N,0
1782238187.179811,shift_lever_displaced,REST,0
1782238187.179811,shift_lever_failed,OK,0
1782238187.180058,rpm,0,0
1782238187.180058,throttle_position,0,0
1782238187.191147,kill_switch,RUN,1
1782238187.191147,engine_on_counter,0,0
1782238187.191354,gear_position,N,0
1782238187.191354,shift_lever_displaced,REST,0
1782238187.191354,shift_lever_failed,OK,0
1782238187.199565,coolant_temp,72.7,727
1782238187.199565,warmup_index,0,0
1782238187.199565,side_stand,UP,1
1782238187.199708,rpm,0,0
1782238187.199708,throttle_position,0,0
1782238187.218788,kill_switch,RUN,1
1782238187.218788,engine_on_counter,0,0
1782238187.219120,gear_position,N,0
1782238187.219120,shift_lever_displaced,REST,0
1782238187.219120,shift_lever_failed,OK,0
1782238187.219195,rpm,0,0
1782238187.219195,throttle_position,0,0
1782238187.230736,kill_switch,RUN,1
1782238187.230736,engine_on_counter,0,0
1782238187.249496,gear_position,N,0
1782238187.249496,shift_lever_displaced,REST,0
1782238187.249496,shift_lever_failed,OK,0
1782238187.249588,rpm,0,0
1782238187.249588,throttle_position,0,0
1782238187.249849,kill_switch,RUN,1
1782238187.249849,engine_on_counter,0,0
1782238187.259250,gear_position,N,0
1782238187.259250,shift_lever_displaced,REST,0
1782238187.259250,shift_lever_failed,OK,0
1782238187.259354,rpm,0,0
1782238187.259354,throttle_position,0,0
1782238187.271052,kill_switch,RUN,1
1782238187.271052,engine_on_counter,0,0
1782238187.271543,gear_position,N,0
1782238187.271543,shift_lever_displaced,REST,0
1782238187.271543,shift_lever_failed,OK,0
1782238187.297618,rpm,0,0
1782238187.297618,throttle_position,0,0
1782238187.297876,kill_switch,RUN,1
1782238187.297876,engine_on_counter,0,0
1782238187.299003,gear_position,N,0
1782238187.299003,shift_lever_displaced,REST,0
1782238187.299003,shift_lever_failed,OK,0
1782238187.299082,coolant_temp,72.7,727
1782238187.299082,warmup_index,0,0
1782238187.299082,side_stand,UP,1
1782238187.299233,rpm,0,0
1782238187.299233,throttle_position,0,0
1782238187.312175,kill_switch,RUN,1
1782238187.312175,engine_on_counter,0,0
1782238187.312530,gear_position,N,0
1782238187.312530,shift_lever_displaced,REST,0
1782238187.312530,shift_lever_failed,OK,0
1782238187.328841,rpm,0,0
1782238187.328841,throttle_position,0,0
1782238187.329279,kill_switch,RUN,1
1782238187.329279,engine_on_counter,0,0
1782238187.339750,gear_position,N,0
1782238187.339750,shift_lever_displaced,REST,0
1782238187.339750,shift_lever_failed,OK,0
1782238187.339841,rpm,0,0
1782238187.339841,throttle_position,0,0
1782238187.353162,kill_switch,RUN,1
1782238187.353162,engine_on_counter,0,0
1782238187.353486,gear_position,N,0
1782238187.353486,shift_lever_displaced,REST,0
1782238187.353486,shift_lever_failed,OK,0
1782238187.353591,rpm,0,0
1782238187.353591,throttle_position,0,0
1782238187.370953,kill_switch,RUN,1
1782238187.370953,engine_on_counter,0,0
1782238187.388963,gear_position,N,0
1782238187.388963,shift_lever_displaced,REST,0
1782238187.388963,shift_lever_failed,OK,0
1782238187.389110,rpm,0,0
1782238187.389110,throttle_position,0,0
1782238187.389538,kill_switch,RUN,1
1782238187.389538,engine_on_counter,0,0
1782238187.399270,gear_position,N,0
1782238187.399270,shift_lever_displaced,REST,0
1782238187.399270,shift_lever_failed,OK,0
1782238187.399488,coolant_temp,72.7,727
1782238187.399488,warmup_index,0,0
1782238187.399488,side_stand,UP,1
1782238187.399881,rpm,0,0
1782238187.399881,throttle_position,0,0
1782238187.411334,kill_switch,RUN,1
1782238187.411334,engine_on_counter,0,0
1782238187.420565,gear_position,N,0
1782238187.420565,shift_lever_displaced,REST,0
1782238187.420565,shift_lever_failed,OK,0
1782238187.420658,rpm,0,0
1782238187.420658,throttle_position,0,0
1782238187.420971,kill_switch,RUN,1
1782238187.420971,engine_on_counter,0,0
1782238187.439026,gear_position,N,0
1782238187.439026,shift_lever_displaced,REST,0
1782238187.439026,shift_lever_failed,OK,0
1782238187.439112,rpm,0,0
1782238187.439112,throttle_position,0,0
1782238187.452280,kill_switch,RUN,1
1782238187.452280,engine_on_counter,0,0
1782238187.452561,gear_position,N,0
1782238187.452561,shift_lever_displaced,REST,0
1782238187.452561,shift_lever_failed,OK,0
1782238187.468979,rpm,0,0
1782238187.468979,throttle_position,0,0
1782238187.469426,kill_switch,RUN,1
1782238187.469426,engine_on_counter,0,0
1782238187.479850,gear_position,N,0
1782238187.479850,shift_lever_displaced,REST,0
1782238187.479850,shift_lever_failed,OK,0
1782238187.479966,rpm,0,0
1782238187.479966,throttle_position,0,0
1782238187.492237,kill_switch,RUN,1
1782238187.492237,engine_on_counter,0,0
1782238187.492603,gear_position,N,0
1782238187.492603,shift_lever_displaced,REST,0
1782238187.492603,shift_lever_failed,OK,0
1782238187.492713,coolant_temp,72.7,727
1782238187.492713,warmup_index,0,0
1782238187.492713,side_stand,UP,1
1782238187.508893,rpm,0,0
1782238187.508893,throttle_position,0,0
1782238187.509450,kill_switch,RUN,1
1782238187.509450,engine_on_counter,0,0
1782238187.519531,gear_position,N,0
1782238187.519531,shift_lever_displaced,REST,0
1782238187.519531,shift_lever_failed,OK,0
1782238187.519655,rpm,0,0
1782238187.519655,throttle_position,0,0
1782238187.544665,kill_switch,RUN,1
1782238187.544665,engine_on_counter,0,0
1782238187.545005,gear_position,N,0
1782238187.545005,shift_lever_displaced,REST,0
1782238187.545005,shift_lever_failed,OK,0
1782238187.550774,rpm,0,0
1782238187.550774,throttle_position,0,0
1782238187.551010,kill_switch,RUN,1
1782238187.551010,engine_on_counter,0,0
1782238187.568774,gear_position,N,0
1782238187.568774,shift_lever_displaced,REST,0
1782238187.568774,shift_lever_failed,OK,0
1782238187.568867,rpm,0,0
1782238187.568867,throttle_position,0,0
1782238187.569218,kill_switch,RUN,1
1782238187.569218,engine_on_counter,0,0
1782238187.578990,gear_position,N,0
1782238187.578990,shift_lever_displaced,REST,0
1782238187.578990,shift_lever_failed,OK,0
1782238187.579078,rpm,0,0
1782238187.579078,throttle_position,0,0
1782238187.591142,kill_switch,RUN,1
1782238187.591142,engine_on_counter,0,0
1782238187.591410,gear_position,N,0
1782238187.591410,shift_lever_displaced,REST,0
1782238187.591410,shift_lever_failed,OK,0
1782238187.603130,coolant_temp,72.7,727
1782238187.603130,warmup_index,0,0
1782238187.603130,side_stand,UP,1
1782238187.603312,rpm,0,0
1782238187.603312,throttle_position,0,0
1782238187.603580,kill_switch,RUN,1
1782238187.603580,engine_on_counter,0,0
1782238187.619398,gear_position,N,0
1782238187.619398,shift_lever_displaced,REST,0
1782238187.619398,shift_lever_failed,OK,0
1782238187.619503,rpm,0,0
1782238187.619503,throttle_position,0,0
1782238187.631146,kill_switch,RUN,1
1782238187.631146,engine_on_counter,0,0
1782238187.653160,gear_position,N,0
1782238187.653160,shift_lever_displaced,REST,0
1782238187.653160,shift_lever_failed,OK,0
1782238187.653331,rpm,0,0
1782238187.653331,throttle_position,0,0
1782238187.653684,kill_switch,RUN,1
1782238187.653684,engine_on_counter,0,0
1782238187.659208,gear_position,N,0
1782238187.659208,shift_lever_displaced,REST,0
1782238187.659208,shift_lever_failed,OK,0
1782238187.659332,rpm,0,0
1782238187.659332,throttle_position,0,0
1782238187.672325,kill_switch,RUN,1
1782238187.672325,engine_on_counter,0,0
1782238187.673335,gear_position,N,0
1782238187.673335,shift_lever_displaced,REST,0
1782238187.673335,shift_lever_failed,OK,0
1782238187.690745,rpm,0,0
1782238187.690745,throttle_position,0,0
1782238187.691117,kill_switch,RUN,1
1782238187.691117,engine_on_counter,0,0
1782238187.699529,gear_position,N,0
1782238187.699529,shift_lever_displaced,REST,0
1782238187.699529,shift_lever_failed,OK,0
1782238187.699729,coolant_temp,72.60000000000001,726
1782238187.699729,warmup_index,0,0
1782238187.699729,side_stand,UP,1
1782238187.700089,rpm,0,0
1782238187.700089,throttle_position,0,0
1782238187.718994,kill_switch,RUN,1
1782238187.718994,engine_on_counter,0,0
1782238187.719371,gear_position,N,0
1782238187.719371,shift_lever_displaced,REST,0
1782238187.719371,shift_lever_failed,OK,0
1782238187.719460,rpm,0,0
1782238187.719460,throttle_position,0,0
1782238187.729029,kill_switch,RUN,1
1782238187.729029,engine_on_counter,0,0
1782238187.739700,gear_position,N,0
1782238187.739700,shift_lever_displaced,REST,0
1782238187.739700,shift_lever_failed,OK,0
1782238187.739807,rpm,0,0
1782238187.739807,throttle_position,0,0
1782238187.758733,kill_switch,RUN,1
1782238187.758733,engine_on_counter,0,0
1782238187.759083,gear_position,N,0
1782238187.759083,shift_lever_displaced,REST,0
1782238187.759083,shift_lever_failed,OK,0
1782238187.759190,rpm,0,0
1782238187.759190,throttle_position,0,0
1782238187.771141,kill_switch,RUN,1
1782238187.771141,engine_on_counter,0,0
1782238187.796433,gear_position,N,0
1782238187.796433,shift_lever_displaced,REST,0
1782238187.796433,shift_lever_failed,OK,0
1782238187.796523,rpm,0,0
1782238187.796523,throttle_position,0,0
1782238187.796736,kill_switch,RUN,1
1782238187.796736,engine_on_counter,0,0
1782238187.799029,gear_position,N,0
1782238187.799029,shift_lever_displaced,REST,0
1782238187.799029,shift_lever_failed,OK,0
1782238187.799095,coolant_temp,72.60000000000001,726
1782238187.799095,warmup_index,0,0
1782238187.799095,side_stand,UP,1
1782238187.799227,rpm,0,0
1782238187.799227,throttle_position,0,0
1782238187.810846,kill_switch,RUN,1
1782238187.810846,engine_on_counter,0,0
1782238187.819749,gear_position,N,0
1782238187.819749,shift_lever_displaced,REST,0
1782238187.819749,shift_lever_failed,OK,0
1782238187.819864,rpm,0,0
1782238187.819864,throttle_position,0,0
1782238187.820168,kill_switch,RUN,1
1782238187.820168,engine_on_counter,0,0
1782238187.839169,gear_position,N,0
1782238187.839169,shift_lever_displaced,REST,0
1782238187.839169,shift_lever_failed,OK,0
1782238187.839243,rpm,0,0
1782238187.839243,throttle_position,0,0
1782238187.853205,kill_switch,RUN,1
1782238187.853205,engine_on_counter,0,0
1782238187.853469,gear_position,N,0
1782238187.853469,shift_lever_displaced,REST,0
1782238187.853469,shift_lever_failed,OK,0
1782238187.853568,rpm,0,0
1782238187.853568,throttle_position,0,0
1782238187.870863,kill_switch,RUN,1
1782238187.870863,engine_on_counter,0,0
1782238187.879673,gear_position,N,0
1782238187.879673,shift_lever_displaced,REST,0
1782238187.879673,shift_lever_failed,OK,0
1782238187.879775,rpm,0,0
1782238187.879775,throttle_position,0,0
1782238187.880192,kill_switch,RUN,1
1782238187.880192,engine_on_counter,0,0
1782238187.892620,gear_position,N,0
1782238187.892620,shift_lever_displaced,REST,0
1782238187.892620,shift_lever_failed,OK,0
1782238187.892733,coolant_temp,72.60000000000001,726
1782238187.892733,warmup_index,0,0
1782238187.892733,side_stand,UP,1
1782238187.910676,rpm,0,0
1782238187.910676,throttle_position,0,0
1782238187.911246,kill_switch,RUN,1
1782238187.911246,engine_on_counter,0,0
1782238187.919663,gear_position,N,0
1782238187.919663,shift_lever_displaced,REST,0
1782238187.919663,shift_lever_failed,OK,0
1782238187.919783,rpm,0,0
1782238187.919783,throttle_position,0,0
1782238187.938767,kill_switch,RUN,1
1782238187.938767,engine_on_counter,0,0
1782238187.939751,gear_position,N,0
1782238187.939751,shift_lever_displaced,REST,0
1782238187.939751,shift_lever_failed,OK,0
1782238187.939993,rpm,0,0
1782238187.939993,throttle_position,0,0
1782238187.952624,kill_switch,RUN,1
1782238187.952624,engine_on_counter,0,0
1782238187.953046,gear_position,N,0
1782238187.953046,shift_lever_displaced,REST,0
1782238187.953046,shift_lever_failed,OK,0
1782238187.968881,rpm,0,0
1782238187.968881,throttle_position,0,0
1782238187.969870,kill_switch,RUN,1
1782238187.969870,engine_on_counter,0,0
1782238187.979722,gear_position,N,0
1782238187.979722,shift_lever_displaced,REST,0
1782238187.979722,shift_lever_failed,OK,0
1782238187.979972,rpm,0,0
1782238187.979972,throttle_position,0,0
1782238187.991371,kill_switch,RUN,1
1782238187.991371,engine_on_counter,0,0
1782238187.991625,gear_position,N,0
1782238187.991625,shift_lever_displaced,REST,0
1782238187.991625,shift_lever_failed,OK,0
1782238187.991704,coolant_temp,72.60000000000001,726
1782238187.991704,warmup_index,0,0
1782238187.991704,side_stand,UP,1
1782238188.008807,rpm,0,0
1782238188.008807,throttle_position,0,0
1782238188.009071,kill_switch,RUN,1
1782238188.009071,engine_on_counter,0,0
1782238188.019529,gear_position,N,0
1782238188.019529,shift_lever_displaced,REST,0
1782238188.019529,shift_lever_failed,OK,0
1782238188.019619,rpm,0,0
1782238188.019619,throttle_position,0,0
1782238188.030921,kill_switch,RUN,1
1782238188.030921,engine_on_counter,0,0
1782238188.041056,gear_position,N,0
1782238188.041056,shift_lever_displaced,REST,0
1782238188.041056,shift_lever_failed,OK,0
1782238188.050549,rpm,0,0
1782238188.050549,throttle_position,0,0
1782238188.050797,kill_switch,RUN,1
1782238188.050797,engine_on_counter,0,0
1782238188.059593,gear_position,N,0
1782238188.059593,shift_lever_displaced,REST,0
1782238188.059593,shift_lever_failed,OK,0
1782238188.059685,rpm,0,0
1782238188.059685,throttle_position,0,0
1782238188.078669,kill_switch,RUN,1
1782238188.078669,engine_on_counter,0,0
1782238188.079046,gear_position,N,0
1782238188.079046,shift_lever_displaced,REST,0
1782238188.079046,shift_lever_failed,OK,0
1782238188.079137,rpm,0,0
1782238188.079137,throttle_position,0,0
1782238188.091247,kill_switch,RUN,1
1782238188.091247,engine_on_counter,0,0
1782238188.091511,gear_position,N,0
1782238188.091511,shift_lever_displaced,REST,0
1782238188.091511,shift_lever_failed,OK,0
1782238188.103190,coolant_temp,72.60000000000001,726
1782238188.103190,warmup_index,0,0
1782238188.103190,side_stand,UP,1
1782238188.103410,rpm,0,0
1782238188.103410,throttle_position,0,0
1782238188.103728,kill_switch,RUN,1
1782238188.103728,engine_on_counter,0,0
1782238188.119345,gear_position,N,0
1782238188.119345,shift_lever_displaced,REST,0
1782238188.119345,shift_lever_failed,OK,0
1782238188.119464,rpm,0,0
1782238188.119464,throttle_position,0,0
1782238188.131059,kill_switch,RUN,1
1782238188.131059,engine_on_counter,0,0
1782238188.152072,gear_position,N,0
1782238188.152072,shift_lever_displaced,REST,0
1782238188.152072,shift_lever_failed,OK,0
1782238188.152264,rpm,0,0
1782238188.152264,throttle_position,0,0
1782238188.152716,kill_switch,RUN,1
1782238188.152716,engine_on_counter,0,0
1782238188.159285,gear_position,N,0
1782238188.159285,shift_lever_displaced,REST,0
1782238188.159285,shift_lever_failed,OK,0
1782238188.159423,rpm,0,0
1782238188.159423,throttle_position,0,0
1782238188.172715,kill_switch,RUN,1
1782238188.172715,engine_on_counter,0,0
1782238188.173706,gear_position,N,0
1782238188.173706,shift_lever_displaced,REST,0
1782238188.173706,shift_lever_failed,OK,0
1782238188.190562,rpm,0,0
1782238188.190562,throttle_position,0,0
1782238188.190785,kill_switch,RUN,1
1782238188.190785,engine_on_counter,0,0
1782238188.198947,gear_position,N,0
1782238188.198947,shift_lever_displaced,REST,0
1782238188.198947,shift_lever_failed,OK,0
1782238188.199027,coolant_temp,72.60000000000001,726
1782238188.199027,warmup_index,0,0
1782238188.199027,side_stand,UP,1
1782238188.199178,rpm,0,0
1782238188.199178,throttle_position,0,0
1782238188.212178,kill_switch,RUN,1
1782238188.212178,engine_on_counter,0,0
1782238188.212488,gear_position,N,0
1782238188.212488,shift_lever_displaced,REST,0
1782238188.212488,shift_lever_failed,OK,0
1782238188.228713,rpm,0,0
1782238188.228713,throttle_position,0,0
1782238188.229118,kill_switch,RUN,1
1782238188.229118,engine_on_counter,0,0
1782238188.239685,gear_position,N,0
1782238188.239685,shift_lever_displaced,REST,0
1782238188.239685,shift_lever_failed,OK,0
1782238188.239773,rpm,0,0
1782238188.239773,throttle_position,0,0
1782238188.258765,kill_switch,RUN,1
1782238188.258765,engine_on_counter,0,0
1782238188.259038,gear_position,N,0
1782238188.259038,shift_lever_displaced,REST,0
1782238188.259038,shift_lever_failed,OK,0
1782238188.259128,rpm,0,0
1782238188.259128,throttle_position,0,0
1782238188.270896,kill_switch,RUN,1
1782238188.270896,engine_on_counter,0,0
1782238188.289325,gear_position,N,0
1782238188.289325,shift_lever_displaced,REST,0
1782238188.289325,shift_lever_failed,OK,0
1782238188.289452,rpm,0,0
1782238188.289452,throttle_position,0,0
1782238188.296820,kill_switch,RUN,1
1782238188.296820,engine_on_counter,0,0
1782238188.298832,gear_position,N,0
1782238188.298832,shift_lever_displaced,REST,0
1782238188.298832,shift_lever_failed,OK,0
1782238188.298907,coolant_temp,72.60000000000001,726
1782238188.298907,warmup_index,0,0
1782238188.298907,side_stand,UP,1
1782238188.299055,rpm,0,0
1782238188.299055,throttle_position,0,0
1782238188.310982,kill_switch,RUN,1
1782238188.310982,engine_on_counter,0,0
1782238188.319772,gear_position,N,0
1782238188.319772,shift_lever_displaced,REST,0
1782238188.319772,shift_lever_failed,OK,0
1782238188.319867,rpm,0,0
1782238188.319867,throttle_position,0,0
1782238188.338722,kill_switch,RUN,1
1782238188.338722,engine_on_counter,0,0
1782238188.338991,gear_position,N,0
1782238188.338991,shift_lever_displaced,REST,0
1782238188.338991,shift_lever_failed,OK,0
1782238188.339077,rpm,0,0
1782238188.339077,throttle_position,0,0
1782238188.352309,kill_switch,RUN,1
1782238188.352309,engine_on_counter,0,0
1782238188.352569,gear_position,N,0
1782238188.352569,shift_lever_displaced,REST,0
1782238188.352569,shift_lever_failed,OK,0
1782238188.368918,rpm,0,0
1782238188.368918,throttle_position,0,0
1782238188.369356,kill_switch,RUN,1
1782238188.369356,engine_on_counter,0,0
1782238188.379928,gear_position,N,0
1782238188.379928,shift_lever_displaced,REST,0
1782238188.379928,shift_lever_failed,OK,0
1782238188.380068,rpm,0,0
1782238188.380068,throttle_position,0,0
1782238188.392293,kill_switch,RUN,1
1782238188.392293,engine_on_counter,0,0
1782238188.392686,gear_position,N,0
1782238188.392686,shift_lever_displaced,REST,0
1782238188.392686,shift_lever_failed,OK,0
1782238188.392794,coolant_temp,72.60000000000001,726
1782238188.392794,warmup_index,0,0
1782238188.392794,side_stand,UP,1
1782238188.410615,rpm,0,0
1782238188.410615,throttle_position,0,0
1782238188.411159,kill_switch,RUN,1
1782238188.411159,engine_on_counter,0,0
1782238188.419665,gear_position,N,0
1782238188.419665,shift_lever_displaced,REST,0
1782238188.419665,shift_lever_failed,OK,0
1782238188.419906,rpm,0,0
1782238188.419906,throttle_position,0,0
1782238188.432704,kill_switch,RUN,1
1782238188.432704,engine_on_counter,0,0
1782238188.433439,gear_position,N,0
1782238188.433439,shift_lever_displaced,REST,0
1782238188.433439,shift_lever_failed,OK,0
1782238188.451823,rpm,0,0
1782238188.451823,throttle_position,0,0
1782238188.452261,kill_switch,RUN,1
1782238188.452261,engine_on_counter,0,0
1782238188.468751,gear_position,N,0
1782238188.468751,shift_lever_displaced,REST,0
1782238188.468751,shift_lever_failed,OK,0
1782238188.469019,rpm,0,0
1782238188.469019,throttle_position,0,0
1782238188.469991,kill_switch,RUN,1
1782238188.469991,engine_on_counter,0,0
1782238188.479721,gear_position,N,0
1782238188.479721,shift_lever_displaced,REST,0
1782238188.479721,shift_lever_failed,OK,0
1782238188.479969,rpm,0,0
1782238188.479969,throttle_position,0,0
1782238188.491210,kill_switch,RUN,1
1782238188.491210,engine_on_counter,0,0
1782238188.491436,gear_position,N,0
1782238188.491436,shift_lever_displaced,REST,0
1782238188.491436,shift_lever_failed,OK,0
1782238188.491506,coolant_temp,72.60000000000001,726
1782238188.491506,warmup_index,0,0
1782238188.491506,side_stand,UP,1
1782238188.503302,rpm,0,0
1782238188.503302,throttle_position,0,0
1782238188.503512,kill_switch,RUN,1
1782238188.503512,engine_on_counter,0,0
1782238188.519243,gear_position,N,0
1782238188.519243,shift_lever_displaced,REST,0
1782238188.519243,shift_lever_failed,OK,0
1782238188.519319,rpm,0,0
1782238188.519319,throttle_position,0,0
1782238188.531131,kill_switch,RUN,1
1782238188.531131,engine_on_counter,0,0
1782238188.550566,gear_position,N,0
1782238188.550566,shift_lever_displaced,REST,0
1782238188.550566,shift_lever_failed,OK,0
1782238188.550645,rpm,0,0
1782238188.550645,throttle_position,0,0
1782238188.550849,kill_switch,RUN,1
1782238188.550849,engine_on_counter,0,0
1782238188.559609,gear_position,N,0
1782238188.559609,shift_lever_displaced,REST,0
1782238188.559609,shift_lever_failed,OK,0
1782238188.559685,rpm,0,0
1782238188.559685,throttle_position,0,0
1782238188.572200,kill_switch,RUN,1
1782238188.572200,engine_on_counter,0,0
1782238188.572560,gear_position,N,0
1782238188.572560,shift_lever_displaced,REST,0
1782238188.572560,shift_lever_failed,OK,0
1782238188.590765,rpm,0,0
1782238188.590765,throttle_position,0,0
1782238188.591034,kill_switch,RUN,1
1782238188.591034,engine_on_counter,0,0
1782238188.599510,gear_position,N,0
1782238188.599510,shift_lever_displaced,REST,0
1782238188.599510,shift_lever_failed,OK,0
1782238188.599620,coolant_temp,72.60000000000001,726
1782238188.599620,warmup_index,0,0
1782238188.599620,side_stand,UP,1
1782238188.599798,rpm,0,0
1782238188.599798,throttle_position,0,0
1782238188.618768,kill_switch,RUN,1
1782238188.618768,engine_on_counter,0,0
1782238188.619196,gear_position,N,0
1782238188.619196,shift_lever_displaced,REST,0
1782238188.619196,shift_lever_failed,OK,0
1782238188.619303,rpm,0,0
1782238188.619303,throttle_position,0,0
1782238188.631231,kill_switch,RUN,1
1782238188.631231,engine_on_counter,0,0
1782238188.639794,gear_position,N,0
1782238188.639794,shift_lever_displaced,REST,0
1782238188.639794,shift_lever_failed,OK,0
1782238188.639924,rpm,0,0
1782238188.639924,throttle_position,0,0
1782238188.640286,kill_switch,RUN,1
1782238188.640286,engine_on_counter,0,0
1782238188.659031,gear_position,N,0
1782238188.659031,shift_lever_displaced,REST,0
1782238188.659031,shift_lever_failed,OK,0
1782238188.659130,rpm,0,0
1782238188.659130,throttle_position,0,0
1782238188.671258,kill_switch,RUN,1
1782238188.671258,engine_on_counter,0,0
1782238188.690604,gear_position,N,0
1782238188.690604,shift_lever_displaced,REST,0
1782238188.690604,shift_lever_failed,OK,0
1782238188.690739,rpm,0,0
1782238188.690739,throttle_position,0,0
1782238188.691066,kill_switch,RUN,1
1782238188.691066,engine_on_counter,0,0
1782238188.699075,gear_position,N,0
1782238188.699075,shift_lever_displaced,REST,0
1782238188.699075,shift_lever_failed,OK,0
1782238188.699217,coolant_temp,72.60000000000001,726
1782238188.699217,warmup_index,0,0
1782238188.699217,side_stand,UP,1
1782238188.699496,rpm,0,0
1782238188.699496,throttle_position,0,0
1782238188.712630,kill_switch,RUN,1
1782238188.712630,engine_on_counter,0,0
1782238188.713202,gear_position,N,0
1782238188.713202,shift_lever_displaced,REST,0
1782238188.713202,shift_lever_failed,OK,0
1782238188.719766,rpm,0,0
1782238188.719766,throttle_position,0,0
1782238188.738890,kill_switch,RUN,1
1782238188.738890,engine_on_counter,0,0
1782238188.739702,gear_position,N,0
1782238188.739702,shift_lever_displaced,REST,0
1782238188.739702,shift_lever_failed,OK,0
1782238188.739942,rpm,0,0
1782238188.739942,throttle_position,0,0
1782238188.753264,kill_switch,RUN,1
1782238188.753264,engine_on_counter,0,0
1782238188.753695,gear_position,N,0
1782238188.753695,shift_lever_displaced,REST,0
1782238188.753695,shift_lever_failed,OK,0
1782238188.753835,rpm,0,0
1782238188.753835,throttle_position,0,0
1782238188.771383,kill_switch,RUN,1
1782238188.771383,engine_on_counter,0,0
1782238188.796732,gear_position,N,0
1782238188.796732,shift_lever_displaced,REST,0
1782238188.796732,shift_lever_failed,OK,0
1782238188.796830,rpm,0,0
1782238188.796830,throttle_position,0,0
1782238188.797082,kill_switch,RUN,1
1782238188.797082,engine_on_counter,0,0
1782238188.797311,gear_position,N,0
1782238188.797311,shift_lever_displaced,REST,0
1782238188.797311,shift_lever_failed,OK,0
1782238188.797380,coolant_temp,72.60000000000001,726
1782238188.797380,warmup_index,0,0
1782238188.797380,side_stand,UP,1
1782238188.797589,rpm,0,0
1782238188.797589,throttle_position,0,0
1782238188.803504,kill_switch,RUN,1
1782238188.803504,engine_on_counter,0,0
1782238188.819252,gear_position,N,0
1782238188.819252,shift_lever_displaced,REST,0
1782238188.819252,shift_lever_failed,OK,0
1782238188.819331,rpm,0,0
1782238188.819331,throttle_position,0,0
1782238188.831113,kill_switch,RUN,1
1782238188.831113,engine_on_counter,0,0
1782238188.849219,gear_position,N,0
1782238188.849219,shift_lever_displaced,REST,0
1782238188.849219,shift_lever_failed,OK,0
1782238188.849320,rpm,0,0
1782238188.849320,throttle_position,0,0
1782238188.849590,kill_switch,RUN,1
1782238188.849590,engine_on_counter,0,0
1782238188.859078,gear_position,N,0
1782238188.859078,shift_lever_displaced,REST,0
1782238188.859078,shift_lever_failed,OK,0
1782238188.859166,rpm,0,0
1782238188.859166,throttle_position,0,0
1782238188.872297,kill_switch,RUN,1
1782238188.872297,engine_on_counter,0,0
1782238188.872718,gear_position,N,0
1782238188.872718,shift_lever_displaced,REST,0
1782238188.872718,shift_lever_failed,OK,0
1782238188.890827,rpm,0,0
1782238188.890827,throttle_position,0,0
1782238188.891242,kill_switch,RUN,1
1782238188.891242,engine_on_counter,0,0
1782238188.899517,gear_position,N,0
1782238188.899517,shift_lever_displaced,REST,0
1782238188.899517,shift_lever_failed,OK,0
1782238188.899691,coolant_temp,72.60000000000001,726
1782238188.899691,warmup_index,0,0
1782238188.899691,side_stand,UP,1
1782238188.900009,rpm,0,0
1782238188.900009,throttle_position,0,0
1782238188.912365,kill_switch,RUN,1
1782238188.912365,engine_on_counter,0,0
1782238188.913406,gear_position,N,0
1782238188.913406,shift_lever_displaced,REST,0
1782238188.913406,shift_lever_failed,OK,0
1782238188.928654,rpm,0,0
1782238188.928654,throttle_position,0,0
1782238188.929047,kill_switch,RUN,1
1782238188.929047,engine_on_counter,0,0
1782238188.939639,gear_position,N,0
1782238188.939639,shift_lever_displaced,REST,0
1782238188.939639,shift_lever_failed,OK,0
1782238188.939707,rpm,0,0
1782238188.939707,throttle_position,0,0
1782238188.958701,kill_switch,RUN,1
1782238188.958701,engine_on_counter,0,0
1782238188.958945,gear_position,N,0
1782238188.958945,shift_lever_displaced,REST,0
1782238188.958945,shift_lever_failed,OK,0
1782238188.959022,rpm,0,0
1782238188.959022,throttle_position,0,0
1782238188.971038,kill_switch,RUN,1
1782238188.971038,engine_on_counter,0,0
1782238188.990623,gear_position,N,0
1782238188.990623,shift_lever_displaced,REST,0
1782238188.990623,shift_lever_failed,OK,0
1782238188.990740,rpm,0,0
1782238188.990740,throttle_position,0,0
1782238188.991063,kill_switch,RUN,1
1782238188.991063,engine_on_counter,0,0
1782238188.998851,gear_position,N,0
1782238188.998851,shift_lever_displaced,REST,0
1782238188.998851,shift_lever_failed,OK,0
1782238188.998958,coolant_temp,72.60000000000001,726
1782238188.998958,warmup_index,0,0
1782238188.998958,side_stand,UP,1
1782238188.999170,rpm,0,0
1782238188.999170,throttle_position,0,0
1782238189.011184,kill_switch,RUN,1
1782238189.011184,engine_on_counter,0,0
1782238189.019688,gear_position,N,0
1782238189.019688,shift_lever_displaced,REST,0
1782238189.019688,shift_lever_failed,OK,0
1782238189.019822,rpm,0,0
1782238189.019822,throttle_position,0,0
1782238189.046891,kill_switch,RUN,1
1782238189.046891,engine_on_counter,0,0
1782238189.048561,gear_position,N,0
1782238189.048561,shift_lever_displaced,REST,0
1782238189.048561,shift_lever_failed,OK,0
1782238189.048651,rpm,0,0
1782238189.048651,throttle_position,0,0
1782238189.053226,kill_switch,RUN,1
1782238189.053226,engine_on_counter,0,0
1782238189.053514,gear_position,N,0
1782238189.053514,shift_lever_displaced,REST,0
1782238189.053514,shift_lever_failed,OK,0
1782238189.053601,rpm,0,0
1782238189.053601,throttle_position,0,0
1782238189.069234,kill_switch,RUN,1
1782238189.069234,engine_on_counter,0,0
1782238189.079707,gear_position,N,0
1782238189.079707,shift_lever_displaced,REST,0
1782238189.079707,shift_lever_failed,OK,0
1782238189.079822,rpm,0,0
1782238189.079822,throttle_position,0,0
1782238189.092372,kill_switch,RUN,1
1782238189.092372,engine_on_counter,0,0
1782238189.092716,gear_position,N,0
1782238189.092716,shift_lever_displaced,REST,0
1782238189.092716,shift_lever_failed,OK,0
1782238189.092823,coolant_temp,72.60000000000001,726
1782238189.092823,warmup_index,0,0
1782238189.092823,side_stand,UP,1
1782238189.110689,rpm,0,0
1782238189.110689,throttle_position,0,0
1782238189.111181,kill_switch,RUN,1
1782238189.111181,engine_on_counter,0,0
1782238189.119608,gear_position,N,0
1782238189.119608,shift_lever_displaced,REST,0
1782238189.119608,shift_lever_failed,OK,0
1782238189.119717,rpm,0,0
1782238189.119717,throttle_position,0,0
1782238189.139009,kill_switch,RUN,1
1782238189.139009,engine_on_counter,0,0
1782238189.139499,gear_position,N,0
1782238189.139499,shift_lever_displaced,REST,0
1782238189.139499,shift_lever_failed,OK,0
1782238189.139656,rpm,0,0
1782238189.139656,throttle_position,0,0
1782238189.151137,kill_switch,RUN,1
1782238189.151137,engine_on_counter,0,0
1782238189.168638,gear_position,N,0
1782238189.168638,shift_lever_displaced,REST,0
1782238189.168638,shift_lever_failed,OK,0
1782238189.168925,rpm,0,0
1782238189.168925,throttle_position,0,0
1782238189.169916,kill_switch,RUN,1
1782238189.169916,engine_on_counter,0,0
1782238189.179592,gear_position,N,0
1782238189.179592,shift_lever_displaced,REST,0
1782238189.179592,shift_lever_failed,OK,0
1782238189.179835,rpm,0,0
1782238189.179835,throttle_position,0,0
1782238189.191416,kill_switch,RUN,1
1782238189.191416,engine_on_counter,0,0
1782238189.191650,gear_position,N,0
1782238189.191650,shift_lever_displaced,REST,0
1782238189.191650,shift_lever_failed,OK,0
1782238189.191730,coolant_temp,72.60000000000001,726
1782238189.191730,warmup_index,0,0
1782238189.191730,side_stand,UP,1
1782238189.208819,rpm,0,0
1782238189.208819,throttle_position,0,0
1782238189.209090,kill_switch,RUN,1
1782238189.209090,engine_on_counter,0,0
1782238189.219226,gear_position,N,0
1782238189.219226,shift_lever_displaced,REST,0
1782238189.219226,shift_lever_failed,OK,0
1782238189.219316,rpm,0,0
1782238189.219316,throttle_position,0,0
1782238189.231135,kill_switch,RUN,1
1782238189.231135,engine_on_counter,0,0
1782238189.251467,gear_position,N,0
1782238189.251467,shift_lever_displaced,REST,0
1782238189.251467,shift_lever_failed,OK,0
1782238189.251619,rpm,0,0
1782238189.251619,throttle_position,0,0
1782238189.251997,kill_switch,RUN,1
1782238189.251997,engine_on_counter,0,0
1782238189.259687,gear_position,N,0
1782238189.259687,shift_lever_displaced,REST,0
1782238189.259687,shift_lever_failed,OK,0
1782238189.259810,rpm,0,0
1782238189.259810,throttle_position,0,0
1782238189.278746,kill_switch,RUN,1
1782238189.278746,engine_on_counter,0,0
1782238189.279817,gear_position,N,0
1782238189.279817,shift_lever_displaced,REST,0
1782238189.279817,shift_lever_failed,OK,0
1782238189.280063,rpm,0,0
1782238189.280063,throttle_position,0,0
1782238189.295633,kill_switch,RUN,1
1782238189.295633,engine_on_counter,0,0
1782238189.295838,gear_position,N,0
1782238189.295838,shift_lever_displaced,REST,0
1782238189.295838,shift_lever_failed,OK,0
1782238189.299560,coolant_temp,72.60000000000001,726
1782238189.299560,warmup_index,0,0
1782238189.299560,side_stand,UP,1
1782238189.299689,rpm,0,0
1782238189.299689,throttle_position,0,0
1782238189.318687,kill_switch,RUN,1
1782238189.318687,engine_on_counter,0,0
1782238189.318996,gear_position,N,0
1782238189.318996,shift_lever_displaced,REST,0
1782238189.318996,shift_lever_failed,OK,0
1782238189.319064,rpm,0,0
1782238189.319064,throttle_position,0,0
1782238189.330936,kill_switch,RUN,1
1782238189.330936,engine_on_counter,0,0
1782238189.349002,gear_position,N,0
1782238189.349002,shift_lever_displaced,REST,0
1782238189.349002,shift_lever_failed,OK,0
1782238189.349081,rpm,0,0
1782238189.349081,throttle_position,0,0
1782238189.349314,kill_switch,RUN,1
1782238189.349314,engine_on_counter,0,0
1782238189.359074,gear_position,N,0
1782238189.359074,shift_lever_displaced,REST,0
1782238189.359074,shift_lever_failed,OK,0
1782238189.359150,rpm,0,0
1782238189.359150,throttle_position,0,0
1782238189.370995,kill_switch,RUN,1
1782238189.370995,engine_on_counter,0,0
1782238189.390629,gear_position,N,0
1782238189.390629,shift_lever_displaced,REST,0
1782238189.390629,shift_lever_failed,OK,0
1782238189.390767,rpm,0,0
1782238189.390767,throttle_position,0,0
1782238189.391089,kill_switch,RUN,1
1782238189.391089,engine_on_counter,0,0
1782238189.399100,gear_position,N,0
1782238189.399100,shift_lever_displaced,REST,0
1782238189.399100,shift_lever_failed,OK,0
1782238189.399223,coolant_temp,72.60000000000001,726
1782238189.399223,warmup_index,0,0
1782238189.399223,side_stand,UP,1
1782238189.399476,rpm,0,0
1782238189.399476,throttle_position,0,0
1782238189.412526,kill_switch,RUN,1
1782238189.412526,engine_on_counter,0,0
1782238189.413127,gear_position,N,0
1782238189.413127,shift_lever_displaced,REST,0
1782238189.413127,shift_lever_failed,OK,0
1782238189.428697,rpm,0,0
1782238189.428697,throttle_position,0,0
1782238189.429313,kill_switch,RUN,1
1782238189.429313,engine_on_counter,0,0
1782238189.440122,gear_position,N,0
1782238189.440122,shift_lever_displaced,REST,0
1782238189.440122,shift_lever_failed,OK,0
1782238189.440360,rpm,0,0
1782238189.440360,throttle_position,0,0
1782238189.453295,kill_switch,RUN,1
1782238189.453295,engine_on_counter,0,0
1782238189.454108,gear_position,N,0
1782238189.454108,shift_lever_displaced,REST,0
1782238189.454108,shift_lever_failed,OK,0
1782238189.454354,rpm,0,0
1782238189.454354,throttle_position,0,0
1782238189.471460,kill_switch,RUN,1
1782238189.471460,engine_on_counter,0,0
1782238189.488934,gear_position,N,0
1782238189.488934,shift_lever_displaced,REST,0
1782238189.488934,shift_lever_failed,OK,0
1782238189.489176,rpm,0,0
1782238189.489176,throttle_position,0,0
1782238189.490136,kill_switch,RUN,1
1782238189.490136,engine_on_counter,0,0
1782238189.499195,gear_position,N,0
1782238189.499195,shift_lever_displaced,REST,0
1782238189.499195,shift_lever_failed,OK,0
1782238189.499434,coolant_temp,72.5,725
1782238189.499434,warmup_index,0,0
1782238189.499434,side_stand,UP,1
1782238189.499908,rpm,0,0
1782238189.499908,throttle_position,0,0
1782238189.511235,kill_switch,RUN,1
1782238189.511235,engine_on_counter,0,0
1782238189.519450,gear_position,N,0
1782238189.519450,shift_lever_displaced,REST,0
1782238189.519450,shift_lever_failed,OK,0
1782238189.519561,rpm,0,0
1782238189.519561,throttle_position,0,0
1782238189.543695,kill_switch,RUN,1
1782238189.543695,engine_on_counter,0,0
1782238189.544119,gear_position,N,0
1782238189.544119,shift_lever_displaced,REST,0
1782238189.544119,shift_lever_failed,OK,0
1782238189.544213,rpm,0,0
1782238189.544213,throttle_position,0,0
1782238189.552433,kill_switch,RUN,1
1782238189.552433,engine_on_counter,0,0
1782238189.552703,gear_position,N,0
1782238189.552703,shift_lever_displaced,REST,0
1782238189.552703,shift_lever_failed,OK,0
1782238189.568909,rpm,0,0
1782238189.568909,throttle_position,0,0
1782238189.569269,kill_switch,RUN,1
1782238189.569269,engine_on_counter,0,0
1782238189.579744,gear_position,N,0
1782238189.579744,shift_lever_displaced,REST,0
1782238189.579744,shift_lever_failed,OK,0
1782238189.579848,rpm,0,0
1782238189.579848,throttle_position,0,0
1782238189.592353,kill_switch,RUN,1
1782238189.592353,engine_on_counter,0,0
1782238189.592686,gear_position,N,0
1782238189.592686,shift_lever_displaced,REST,0
1782238189.592686,shift_lever_failed,OK,0
1782238189.592791,coolant_temp,72.5,725
1782238189.592791,warmup_index,0,0
1782238189.592791,side_stand,UP,1
1782238189.608804,rpm,0,0
1782238189.608804,throttle_position,0,0
1782238189.609262,kill_switch,RUN,1
1782238189.609262,engine_on_counter,0,0
1782238189.619426,gear_position,N,0
1782238189.619426,shift_lever_displaced,REST,0
1782238189.619426,shift_lever_failed,OK,0
1782238189.619532,rpm,0,0
1782238189.619532,throttle_position,0,0
1782238189.632760,kill_switch,RUN,1
1782238189.632760,engine_on_counter,0,0
1782238189.633312,gear_position,N,0
1782238189.633312,shift_lever_displaced,REST,0
1782238189.633312,shift_lever_failed,OK,0
1782238189.650857,rpm,0,0
1782238189.650857,throttle_position,0,0
1782238189.651275,kill_switch,RUN,1
1782238189.651275,engine_on_counter,0,0
1782238189.668758,gear_position,N,0
1782238189.668758,shift_lever_displaced,REST,0
1782238189.668758,shift_lever_failed,OK,0
1782238189.669013,rpm,0,0
1782238189.669013,throttle_position,0,0
1782238189.669982,kill_switch,RUN,1
1782238189.669982,engine_on_counter,0,0
1782238189.679364,gear_position,N,0
1782238189.679364,shift_lever_displaced,REST,0
1782238189.679364,shift_lever_failed,OK,0
1782238189.679488,rpm,0,0
1782238189.679488,throttle_position,0,0
1782238189.691440,kill_switch,RUN,1
1782238189.691440,engine_on_counter,0,0
1782238189.691962,gear_position,N,0
1782238189.691962,shift_lever_displaced,REST,0
1782238189.691962,shift_lever_failed,OK,0
1782238189.703145,coolant_temp,72.5,725
1782238189.703145,warmup_index,0,0
1782238189.703145,side_stand,UP,1
1782238189.703631,rpm,0,0
1782238189.703631,throttle_position,0,0
1782238189.704353,kill_switch,RUN,1
1782238189.704353,engine_on_counter,0,0
1782238189.719764,gear_position,N,0
1782238189.719764,shift_lever_displaced,REST,0
1782238189.719764,shift_lever_failed,OK,0
1782238189.720009,rpm,0,0
1782238189.720009,throttle_position,0,0
1782238189.731641,kill_switch,RUN,1
1782238189.731641,engine_on_counter,0,0
1782238189.750728,gear_position,N,0
1782238189.750728,shift_lever_displaced,REST,0
1782238189.750728,shift_lever_failed,OK,0
1782238189.750902,rpm,0,0
1782238189.750902,throttle_position,0,0
1782238189.751332,kill_switch,RUN,1
1782238189.751332,engine_on_counter,0,0
1782238189.759176,gear_position,N,0
1782238189.759176,shift_lever_displaced,REST,0
1782238189.759176,shift_lever_failed,OK,0
1782238189.759363,rpm,0,0
1782238189.759363,throttle_position,0,0
1782238189.772476,kill_switch,RUN,1
1782238189.772476,engine_on_counter,0,0
1782238189.773441,gear_position,N,0
1782238189.773441,shift_lever_displaced,REST,0
1782238189.773441,shift_lever_failed,OK,0
1782238189.794679,rpm,0,0
1782238189.794679,throttle_position,0,0
1782238189.794979,kill_switch,RUN,1
1782238189.794979,engine_on_counter,0,0
1782238189.799527,gear_position,N,0
1782238189.799527,shift_lever_displaced,REST,0
1782238189.799527,shift_lever_failed,OK,0
1782238189.799592,coolant_temp,72.5,725
1782238189.799592,warmup_index,0,0
1782238189.799592,side_stand,UP,1
1782238189.799723,rpm,0,0
1782238189.799723,throttle_position,0,0
1782238189.818727,kill_switch,RUN,1
1782238189.818727,engine_on_counter,0,0
1782238189.819008,gear_position,N,0
1782238189.819008,shift_lever_displaced,REST,0
1782238189.819008,shift_lever_failed,OK,0
1782238189.819075,rpm,0,0
1782238189.819075,throttle_position,0,0
1782238189.828972,kill_switch,RUN,1
1782238189.828972,engine_on_counter,0,0
1782238189.839642,gear_position,N,0
1782238189.839642,shift_lever_displaced,REST,0
1782238189.839642,shift_lever_failed,OK,0
1782238189.839711,rpm,0,0
1782238189.839711,throttle_position,0,0
1782238189.858647,kill_switch,RUN,1
1782238189.858647,engine_on_counter,0,0
1782238189.858900,gear_position,N,0
1782238189.858900,shift_lever_displaced,REST,0
1782238189.858900,shift_lever_failed,OK,0
1782238189.858976,rpm,0,0
1782238189.858976,throttle_position,0,0
1782238189.871059,kill_switch,RUN,1
1782238189.871059,engine_on_counter,0,0
1782238189.890682,gear_position,N,0
1782238189.890682,shift_lever_displaced,REST,0
1782238189.890682,shift_lever_failed,OK,0
1782238189.890774,rpm,0,0
1782238189.890774,throttle_position,0,0
1782238189.891074,kill_switch,RUN,1
1782238189.891074,engine_on_counter,0,0
1782238189.898983,gear_position,N,0
1782238189.898983,shift_lever_displaced,REST,0
1782238189.898983,shift_lever_failed,OK,0
1782238189.899088,coolant_temp,72.5,725
1782238189.899088,warmup_index,0,0
1782238189.899088,side_stand,UP,1
1782238189.899299,rpm,0,0
1782238189.899299,throttle_position,0,0
1782238189.911147,kill_switch,RUN,1
1782238189.911147,engine_on_counter,0,0
1782238189.919682,gear_position,N,0
1782238189.919682,shift_lever_displaced,REST,0
1782238189.919682,shift_lever_failed,OK,0
1782238189.919823,rpm,0,0
1782238189.919823,throttle_position,0,0
1782238189.938882,kill_switch,RUN,1
1782238189.938882,engine_on_counter,0,0
1782238189.939681,gear_position,N,0
1782238189.939681,shift_lever_displaced,REST,0
1782238189.939681,shift_lever_failed,OK,0
1782238189.939923,rpm,0,0
1782238189.939923,throttle_position,0,0
1782238189.953286,kill_switch,RUN,1
1782238189.953286,engine_on_counter,0,0
1782238189.953712,gear_position,N,0
1782238189.953712,shift_lever_displaced,REST,0
1782238189.953712,shift_lever_failed,OK,0
1782238189.953851,rpm,0,0
1782238189.953851,throttle_position,0,0
1782238189.971608,kill_switch,RUN,1
1782238189.971608,engine_on_counter,0,0
1782238189.979892,gear_position,N,0
1782238189.979892,shift_lever_displaced,REST,0
1782238189.979892,shift_lever_failed,OK,0
1782238189.980138,rpm,0,0
1782238189.980138,throttle_position,0,0
1782238189.992338,kill_switch,RUN,1
1782238189.992338,engine_on_counter,0,0
1782238189.992708,gear_position,N,0
1782238189.992708,shift_lever_displaced,REST,0
1782238189.992708,shift_lever_failed,OK,0
1782238189.992816,coolant_temp,72.5,725
1782238189.992816,warmup_index,0,0
1782238189.992816,side_stand,UP,1
1782238190.010631,rpm,0,0
1782238190.010631,throttle_position,0,0
1782238190.010979,kill_switch,RUN,1
1782238190.010979,engine_on_counter,0,0
1782238190.019525,gear_position,N,0
1782238190.019525,shift_lever_displaced,REST,0
1782238190.019525,shift_lever_failed,OK,0
1782238190.019636,rpm,0,0
1782238190.019636,throttle_position,0,0
1782238190.050688,kill_switch,RUN,1
1782238190.050688,engine_on_counter,0,0
1782238190.050930,gear_position,N,0
1782238190.050930,shift_lever_displaced,REST,0
1782238190.050930,shift_lever_failed,OK,0
1782238190.051007,rpm,0,0
1782238190.051007,throttle_position,0,0
1782238190.052470,kill_switch,RUN,1
1782238190.052470,engine_on_counter,0,0
1782238190.052770,gear_position,N,0
1782238190.052770,shift_lever_displaced,REST,0
1782238190.052770,shift_lever_failed,OK,0
1782238190.068710,rpm,0,0
1782238190.068710,throttle_position,0,0
1782238190.069076,kill_switch,RUN,1
1782238190.069076,engine_on_counter,0,0
1782238190.079096,gear_position,N,0
1782238190.079096,shift_lever_displaced,REST,0
1782238190.079096,shift_lever_failed,OK,0
1782238190.079185,rpm,0,0
1782238190.079185,throttle_position,0,0
1782238190.091436,kill_switch,RUN,1
1782238190.091436,engine_on_counter,0,0
1782238190.091699,gear_position,N,0
1782238190.091699,shift_lever_displaced,REST,0
1782238190.091699,shift_lever_failed,OK,0
1782238190.091786,coolant_temp,72.5,725
1782238190.091786,warmup_index,0,0
1782238190.091786,side_stand,UP,1
1782238190.108797,rpm,0,0
1782238190.108797,throttle_position,0,0
1782238190.109108,kill_switch,RUN,1
1782238190.109108,engine_on_counter,0,0
1782238190.119492,gear_position,N,0
1782238190.119492,shift_lever_displaced,REST,0
1782238190.119492,shift_lever_failed,OK,0
1782238190.119615,rpm,0,0
1782238190.119615,throttle_position,0,0
1782238190.131303,kill_switch,RUN,1
1782238190.131303,engine_on_counter,0,0
1782238190.151254,gear_position,N,0
1782238190.151254,shift_lever_displaced,REST,0
1782238190.151254,shift_lever_failed,OK,0
1782238190.151525,rpm,0,0
1782238190.151525,throttle_position,0,0
1782238190.151969,kill_switch,RUN,1
1782238190.151969,engine_on_counter,0,0
1782238190.159688,gear_position,N,0
1782238190.159688,shift_lever_displaced,REST,0
1782238190.159688,shift_lever_failed,OK,0
1782238190.159868,rpm,0,0
1782238190.159868,throttle_position,0,0
1782238190.178593,kill_switch,RUN,1
1782238190.178593,engine_on_counter,0,0
1782238190.179654,gear_position,N,0
1782238190.179654,shift_lever_displaced,REST,0
1782238190.179654,shift_lever_failed,OK,0
1782238190.179904,rpm,0,0
1782238190.179904,throttle_position,0,0
1782238190.191504,kill_switch,RUN,1
1782238190.191504,engine_on_counter,0,0
1782238190.191709,gear_position,N,0
1782238190.191709,shift_lever_displaced,REST,0
1782238190.191709,shift_lever_failed,OK,0
1782238190.203204,coolant_temp,72.5,725
1782238190.203204,warmup_index,0,0
1782238190.203204,side_stand,UP,1
1782238190.203346,rpm,0,0
1782238190.203346,throttle_position,0,0
1782238190.203551,kill_switch,RUN,1
1782238190.203551,engine_on_counter,0,0
1782238190.218986,gear_position,N,0
1782238190.218986,shift_lever_displaced,REST,0
1782238190.218986,shift_lever_failed,OK,0
1782238190.219062,rpm,0,0
1782238190.219062,throttle_position,0,0
1782238190.231002,kill_switch,RUN,1
1782238190.231002,engine_on_counter,0,0
1782238190.249055,gear_position,N,0
1782238190.249055,shift_lever_displaced,REST,0
1782238190.249055,shift_lever_failed,OK,0
1782238190.249144,rpm,0,0
1782238190.249144,throttle_position,0,0
1782238190.249408,kill_switch,RUN,1
1782238190.249408,engine_on_counter,0,0
1782238190.259126,gear_position,N,0
1782238190.259126,shift_lever_displaced,REST,0
1782238190.259126,shift_lever_failed,OK,0
1782238190.259231,rpm,0,0
1782238190.259231,throttle_position,0,0
1782238190.272536,kill_switch,RUN,1
1782238190.272536,engine_on_counter,0,0
1782238190.273024,gear_position,N,0
1782238190.273024,shift_lever_displaced,REST,0
1782238190.273024,shift_lever_failed,OK,0
1782238190.297755,rpm,0,0
1782238190.297755,throttle_position,0,0
1782238190.298010,kill_switch,RUN,1
1782238190.298010,engine_on_counter,0,0
1782238190.298857,gear_position,N,0
1782238190.298857,shift_lever_displaced,REST,0
1782238190.298857,shift_lever_failed,OK,0
1782238190.298939,coolant_temp,72.5,725
1782238190.298939,warmup_index,0,0
1782238190.298939,side_stand,UP,1
1782238190.299106,rpm,0,0
1782238190.299106,throttle_position,0,0
1782238190.312355,kill_switch,RUN,1
1782238190.312355,engine_on_counter,0,0
1782238190.312711,gear_position,N,0
1782238190.312711,shift_lever_displaced,REST,0
1782238190.312711,shift_lever_failed,OK,0
1782238190.328670,rpm,0,0
1782238190.328670,throttle_position,0,0
1782238190.329215,kill_switch,RUN,1
1782238190.329215,engine_on_counter,0,0
1782238190.339703,gear_position,N,0
1782238190.339703,shift_lever_displaced,REST,0
1782238190.339703,shift_lever_failed,OK,0
1782238190.339790,rpm,0,0
1782238190.339790,throttle_position,0,0
1782238190.358713,kill_switch,RUN,1
1782238190.358713,engine_on_counter,0,0
1782238190.359039,gear_position,N,0
1782238190.359039,shift_lever_displaced,REST,0
1782238190.359039,shift_lever_failed,OK,0
1782238190.359145,rpm,0,0
1782238190.359145,throttle_position,0,0
1782238190.371210,kill_switch,RUN,1
1782238190.371210,engine_on_counter,0,0
1782238190.388881,gear_position,N,0
1782238190.388881,shift_lever_displaced,REST,0
1782238190.388881,shift_lever_failed,OK,0
1782238190.389088,rpm,0,0
1782238190.389088,throttle_position,0,0
1782238190.389640,kill_switch,RUN,1
1782238190.389640,engine_on_counter,0,0
1782238190.399060,gear_position,N,0
1782238190.399060,shift_lever_displaced,REST,0
1782238190.399060,shift_lever_failed,OK,0
1782238190.399255,coolant_temp,72.5,725
1782238190.399255,warmup_index,0,0
1782238190.399255,side_stand,UP,1
1782238190.399652,rpm,0,0
1782238190.399652,throttle_position,0,0
1782238190.411429,kill_switch,RUN,1
1782238190.411429,engine_on_counter,0,0
1782238190.419653,gear_position,N,0
1782238190.419653,shift_lever_displaced,REST,0
1782238190.419653,shift_lever_failed,OK,0
1782238190.419783,rpm,0,0
1782238190.419783,throttle_position,0,0
1782238190.438700,kill_switch,RUN,1
1782238190.438700,engine_on_counter,0,0
1782238190.439428,gear_position,N,0
1782238190.439428,shift_lever_displaced,REST,0
1782238190.439428,shift_lever_failed,OK,0
1782238190.439666,rpm,0,0
1782238190.439666,throttle_position,0,0
1782238190.452700,kill_switch,RUN,1
1782238190.452700,engine_on_counter,0,0
1782238190.453067,gear_position,N,0
1782238190.453067,shift_lever_displaced,REST,0
1782238190.453067,shift_lever_failed,OK,0
1782238190.468824,rpm,0,0
1782238190.468824,throttle_position,0,0
1782238190.469966,kill_switch,RUN,1
1782238190.469966,engine_on_counter,0,0
1782238190.480035,gear_position,N,0
1782238190.480035,shift_lever_displaced,REST,0
1782238190.480035,shift_lever_failed,OK,0
1782238190.480274,rpm,0,0
1782238190.480274,throttle_position,0,0
1782238190.492431,kill_switch,RUN,1
1782238190.492431,engine_on_counter,0,0
1782238190.493155,gear_position,N,0
1782238190.493155,shift_lever_displaced,REST,0
1782238190.493155,shift_lever_failed,OK,0
1782238190.493393,coolant_temp,72.5,725
1782238190.493393,warmup_index,0,0
1782238190.493393,side_stand,UP,1
1782238190.510763,rpm,0,0
1782238190.510763,throttle_position,0,0
1782238190.511476,kill_switch,RUN,1
1782238190.511476,engine_on_counter,0,0
1782238190.519521,gear_position,N,0
1782238190.519521,shift_lever_displaced,REST,0
1782238190.519521,shift_lever_failed,OK,0
1782238190.519760,rpm,0,0
1782238190.519760,throttle_position,0,0
1782238190.545732,kill_switch,RUN,1
1782238190.545732,engine_on_counter,0,0
1782238190.546206,gear_position,N,0
1782238190.546206,shift_lever_displaced,REST,0
1782238190.546206,shift_lever_failed,OK,0
1782238190.551000,rpm,0,0
1782238190.551000,throttle_position,0,0
1782238190.551278,kill_switch,RUN,1
1782238190.551278,engine_on_counter,0,0
1782238190.568677,gear_position,N,0
1782238190.568677,shift_lever_displaced,REST,0
1782238190.568677,shift_lever_failed,OK,0
1782238190.568785,rpm,0,0
1782238190.568785,throttle_position,0,0
1782238190.569201,kill_switch,RUN,1
1782238190.569201,engine_on_counter,0,0
1782238190.579141,gear_position,N,0
1782238190.579141,shift_lever_displaced,REST,0
1782238190.579141,shift_lever_failed,OK,0
1782238190.579242,rpm,0,0
1782238190.579242,throttle_position,0,0
1782238190.591330,kill_switch,RUN,1
1782238190.591330,engine_on_counter,0,0
1782238190.591640,gear_position,N,0
1782238190.591640,shift_lever_displaced,REST,0
1782238190.591640,shift_lever_failed,OK,0
1782238190.603114,coolant_temp,72.5,725
1782238190.603114,warmup_index,0,0
1782238190.603114,side_stand,UP,1
1782238190.603350,rpm,0,0
1782238190.603350,throttle_position,0,0
1782238190.603664,kill_switch,RUN,1
1782238190.603664,engine_on_counter,0,0
1782238190.619372,gear_position,N,0
1782238190.619372,shift_lever_displaced,REST,0
1782238190.619372,shift_lever_failed,OK,0
1782238190.619491,rpm,0,0
1782238190.619491,throttle_position,0,0
1782238190.631368,kill_switch,RUN,1
1782238190.631368,engine_on_counter,0,0
1782238190.651098,gear_position,N,0
1782238190.651098,shift_lever_displaced,REST,0
1782238190.651098,shift_lever_failed,OK,0
1782238190.651283,rpm,0,0
1782238190.651283,throttle_position,0,0
1782238190.651709,kill_switch,RUN,1
1782238190.651709,engine_on_counter,0,0
1782238190.659909,gear_position,N,0
1782238190.659909,shift_lever_displaced,REST,0
1782238190.659909,shift_lever_failed,OK,0
1782238190.660158,rpm,0,0
1782238190.660158,throttle_position,0,0
1782238190.672387,kill_switch,RUN,1
1782238190.672387,engine_on_counter,0,0
1782238190.673093,gear_position,N,0
1782238190.673093,shift_lever_displaced,REST,0
1782238190.673093,shift_lever_failed,OK,0
1782238190.690951,rpm,0,0
1782238190.690951,throttle_position,0,0
1782238190.691529,kill_switch,RUN,1
1782238190.691529,engine_on_counter,0,0
1782238190.699521,gear_position,N,0
1782238190.699521,shift_lever_displaced,REST,0
1782238190.699521,shift_lever_failed,OK,0
1782238190.699767,coolant_temp,72.5,725
1782238190.699767,warmup_index,0,0
1782238190.699767,side_stand,UP,1
1782238190.700244,rpm,0,0
1782238190.700244,throttle_position,0,0
1782238190.718611,kill_switch,RUN,1
1782238190.718611,engine_on_counter,0,0
1782238190.719093,gear_position,N,0
1782238190.719093,shift_lever_displaced,REST,0
1782238190.719093,shift_lever_failed,OK,0
1782238190.719207,rpm,0,0
1782238190.719207,throttle_position,0,0
1782238190.731427,kill_switch,RUN,1
1782238190.731427,engine_on_counter,0,0
1782238190.739887,gear_position,N,0
1782238190.739887,shift_lever_displaced,REST,0
1782238190.739887,shift_lever_failed,OK,0
1782238190.740123,rpm,0,0
1782238190.740123,throttle_position,0,0
1782238190.758652,kill_switch,RUN,1
1782238190.758652,engine_on_counter,0,0
1782238190.759229,gear_position,N,0
1782238190.759229,shift_lever_displaced,REST,0
1782238190.759229,shift_lever_failed,OK,0
1782238190.759405,rpm,0,0
1782238190.759405,throttle_position,0,0
1782238190.771413,kill_switch,RUN,1
1782238190.771413,engine_on_counter,0,0
1782238190.795886,gear_position,N,0
1782238190.795886,shift_lever_displaced,REST,0
1782238190.795886,shift_lever_failed,OK,0
1782238190.796042,rpm,0,0
1782238190.796042,throttle_position,0,0
1782238190.796230,kill_switch,RUN,1
1782238190.796230,engine_on_counter,0,0
1782238190.796442,gear_position,N,0
1782238190.796442,shift_lever_displaced,REST,0
1782238190.796442,shift_lever_failed,OK,0
1782238190.796506,coolant_temp,72.5,725
1782238190.796506,warmup_index,0,0
1782238190.796506,side_stand,UP,1
1782238190.808702,rpm,0,0
1782238190.808702,throttle_position,0,0
1782238190.808882,kill_switch,RUN,1
1782238190.808882,engine_on_counter,0,0
1782238190.819258,gear_position,N,0
1782238190.819258,shift_lever_displaced,REST,0
1782238190.819258,shift_lever_failed,OK,0
1782238190.819324,rpm,0,0
1782238190.819324,throttle_position,0,0
1782238190.832649,kill_switch,RUN,1
1782238190.832649,engine_on_counter,0,0
1782238190.832842,gear_position,N,0
1782238190.832842,shift_lever_displaced,REST,0
1782238190.832842,shift_lever_failed,OK,0
1782238190.850961,rpm,0,0
1782238190.850961,throttle_position,0,0
1782238190.851197,kill_switch,RUN,1
1782238190.851197,engine_on_counter,0,0
1782238190.859541,gear_position,N,0
1782238190.859541,shift_lever_displaced,REST,0
1782238190.859541,shift_lever_failed,OK,0
1782238190.859617,rpm,0,0
1782238190.859617,throttle_position,0,0
1782238190.878471,kill_switch,RUN,1
1782238190.878471,engine_on_counter,0,0
1782238190.878844,gear_position,N,0
1782238190.878844,shift_lever_displaced,REST,0
1782238190.878844,shift_lever_failed,OK,0
1782238190.878929,rpm,0,0
1782238190.878929,throttle_position,0,0
1782238190.891344,kill_switch,RUN,1
1782238190.891344,engine_on_counter,0,0
1782238190.891600,gear_position,N,0
1782238190.891600,shift_lever_displaced,REST,0
1782238190.891600,shift_lever_failed,OK,0
1782238190.903168,coolant_temp,72.5,725
1782238190.903168,warmup_index,0,0
1782238190.903168,side_stand,UP,1
1782238190.903375,rpm,0,0
1782238190.903375,throttle_position,0,0
1782238190.903678,kill_switch,RUN,1
1782238190.903678,engine_on_counter,0,0
1782238190.919368,gear_position,N,0
1782238190.919368,shift_lever_displaced,REST,0
1782238190.919368,shift_lever_failed,OK,0
1782238190.919478,rpm,0,0
1782238190.919478,throttle_position,0,0
1782238190.931219,kill_switch,RUN,1
1782238190.931219,engine_on_counter,0,0
1782238190.951507,gear_position,N,0
1782238190.951507,shift_lever_displaced,REST,0
1782238190.951507,shift_lever_failed,OK,0
1782238190.951668,rpm,0,0
1782238190.951668,throttle_position,0,0
1782238190.952047,kill_switch,RUN,1
1782238190.952047,engine_on_counter,0,0
1782238190.959112,gear_position,N,0
1782238190.959112,shift_lever_displaced,REST,0
1782238190.959112,shift_lever_failed,OK,0
1782238190.959255,rpm,0,0
1782238190.959255,throttle_position,0,0
1782238190.972642,kill_switch,RUN,1
1782238190.972642,engine_on_counter,0,0
1782238190.973624,gear_position,N,0
1782238190.973624,shift_lever_displaced,REST,0
1782238190.973624,shift_lever_failed,OK,0
1782238190.990994,rpm,0,0
1782238190.990994,throttle_position,0,0
1782238190.991430,kill_switch,RUN,1
1782238190.991430,engine_on_counter,0,0
1782238190.999573,gear_position,N,0
1782238190.999573,shift_lever_displaced,REST,0
1782238190.999573,shift_lever_failed,OK,0
1782238190.999759,coolant_temp,72.5,725
1782238190.999759,warmup_index,0,0
1782238190.999759,side_stand,UP,1
1782238191.000111,rpm,0,0
1782238191.000111,throttle_position,0,0
1782238191.012567,kill_switch,RUN,1
1782238191.012567,engine_on_counter,0,0
1782238191.013395,gear_position,N,0
1782238191.013395,shift_lever_displaced,REST,0
1782238191.013395,shift_lever_failed,OK,0
1782238191.028499,rpm,0,0
1782238191.028499,throttle_position,0,0
1782238191.029240,kill_switch,RUN,1
1782238191.029240,engine_on_counter,0,0
1782238191.045209,gear_position,N,0
1782238191.045209,shift_lever_displaced,REST,0
1782238191.045209,shift_lever_failed,OK,0
1782238191.045434,rpm,0,0
1782238191.045434,throttle_position,0,0
1782238191.058681,kill_switch,RUN,1
1782238191.058681,engine_on_counter,0,0
1782238191.058961,gear_position,N,0
1782238191.058961,shift_lever_displaced,REST,0
1782238191.058961,shift_lever_failed,OK,0
1782238191.059050,rpm,0,0
1782238191.059050,throttle_position,0,0
1782238191.071188,kill_switch,RUN,1
1782238191.071188,engine_on_counter,0,0
1782238191.088767,gear_position,N,0
1782238191.088767,shift_lever_displaced,REST,0
1782238191.088767,shift_lever_failed,OK,0
1782238191.088883,rpm,0,0
1782238191.088883,throttle_position,0,0
1782238191.089355,kill_switch,RUN,1
1782238191.089355,engine_on_counter,0,0
1782238191.098804,gear_position,N,0
1782238191.098804,shift_lever_displaced,REST,0
1782238191.098804,shift_lever_failed,OK,0
1782238191.098915,coolant_temp,72.5,725
1782238191.098915,warmup_index,0,0
1782238191.098915,side_stand,UP,1
1782238191.099131,rpm,0,0
1782238191.099131,throttle_position,0,0
1782238191.111435,kill_switch,RUN,1
1782238191.111435,engine_on_counter,0,0
1782238191.119631,gear_position,N,0
1782238191.119631,shift_lever_displaced,REST,0
1782238191.119631,shift_lever_failed,OK,0
1782238191.119772,rpm,0,0
1782238191.119772,throttle_position,0,0
1782238191.138888,kill_switch,RUN,1
1782238191.138888,engine_on_counter,0,0
1782238191.139654,gear_position,N,0
1782238191.139654,shift_lever_displaced,REST,0
1782238191.139654,shift_lever_failed,OK,0
1782238191.139858,rpm,0,0
1782238191.139858,throttle_position,0,0
1782238191.153355,kill_switch,RUN,1
1782238191.153355,engine_on_counter,0,0
1782238191.153809,gear_position,N,0
1782238191.153809,shift_lever_displaced,REST,0
1782238191.153809,shift_lever_failed,OK,0
1782238191.153949,rpm,0,0
1782238191.153949,throttle_position,0,0
1782238191.169817,kill_switch,RUN,1
1782238191.169817,engine_on_counter,0,0
1782238191.180073,gear_position,N,0
1782238191.180073,shift_lever_displaced,REST,0
1782238191.180073,shift_lever_failed,OK,0
1782238191.180322,rpm,0,0
1782238191.180322,throttle_position,0,0
1782238191.192441,kill_switch,RUN,1
1782238191.192441,engine_on_counter,0,0
1782238191.192894,gear_position,N,0
1782238191.192894,shift_lever_displaced,REST,0
1782238191.192894,shift_lever_failed,OK,0
1782238191.193033,coolant_temp,72.5,725
1782238191.193033,warmup_index,0,0
1782238191.193033,side_stand,UP,1
1782238191.210843,rpm,0,0
1782238191.210843,throttle_position,0,0
1782238191.211654,kill_switch,RUN,1
1782238191.211654,engine_on_counter,0,0
1782238191.219557,gear_position,N,0
1782238191.219557,shift_lever_displaced,REST,0
1782238191.219557,shift_lever_failed,OK,0
1782238191.219678,rpm,0,0
1782238191.219678,throttle_position,0,0
1782238191.232777,kill_switch,RUN,1
1782238191.232777,engine_on_counter,0,0
1782238191.233509,gear_position,N,0
1782238191.233509,shift_lever_displaced,REST,0
1782238191.233509,shift_lever_failed,OK,0
1782238191.233749,rpm,0,0
1782238191.233749,throttle_position,0,0
1782238191.252625,kill_switch,RUN,1
1782238191.252625,engine_on_counter,0,0
1782238191.268530,gear_position,N,0
1782238191.268530,shift_lever_displaced,REST,0
1782238191.268530,shift_lever_failed,OK,0
1782238191.268668,rpm,0,0
1782238191.268668,throttle_position,0,0
1782238191.269138,kill_switch,RUN,1
1782238191.269138,engine_on_counter,0,0
1782238191.279541,gear_position,N,0
1782238191.279541,shift_lever_displaced,REST,0
1782238191.279541,shift_lever_failed,OK,0
1782238191.279787,rpm,0,0
1782238191.279787,throttle_position,0,0
1782238191.295621,kill_switch,RUN,1
1782238191.295621,engine_on_counter,0,0
1782238191.295810,gear_position,N,0
1782238191.295810,shift_lever_displaced,REST,0
1782238191.295810,shift_lever_failed,OK,0
1782238191.295873,coolant_temp,72.5,725
1782238191.295873,warmup_index,0,0
1782238191.295873,side_stand,UP,1
1782238191.308733,rpm,0,0
1782238191.308733,throttle_position,0,0
1782238191.308936,kill_switch,RUN,1
1782238191.308936,engine_on_counter,0,0
1782238191.319058,gear_position,N,0
1782238191.319058,shift_lever_displaced,REST,0
1782238191.319058,shift_lever_failed,OK,0
1782238191.319125,rpm,0,0
1782238191.319125,throttle_position,0,0
1782238191.331304,kill_switch,RUN,1
1782238191.331304,engine_on_counter,0,0
1782238191.350743,gear_position,N,0
1782238191.350743,shift_lever_displaced,REST,0
1782238191.350743,shift_lever_failed,OK,0
1782238191.350827,rpm,0,0
1782238191.350827,throttle_position,0,0
1782238191.351054,kill_switch,RUN,1
1782238191.351054,engine_on_counter,0,0
1782238191.359588,gear_position,N,0
1782238191.359588,shift_lever_displaced,REST,0
1782238191.359588,shift_lever_failed,OK,0
1782238191.359673,rpm,0,0
1782238191.359673,throttle_position,0,0
1782238191.378542,kill_switch,RUN,1
1782238191.378542,engine_on_counter,0,0
1782238191.378889,gear_position,N,0
1782238191.378889,shift_lever_displaced,REST,0
1782238191.378889,shift_lever_failed,OK,0
1782238191.378975,rpm,0,0
1782238191.378975,throttle_position,0,0
1782238191.391235,kill_switch,RUN,1
1782238191.391235,engine_on_counter,0,0
1782238191.391547,gear_position,N,0
1782238191.391547,shift_lever_displaced,REST,0
1782238191.391547,shift_lever_failed,OK,0
1782238191.399619,coolant_temp,72.5,725
1782238191.399619,warmup_index,0,0
1782238191.399619,side_stand,UP,1
1782238191.399914,rpm,0,0
1782238191.399914,throttle_position,0,0
1782238191.418583,kill_switch,RUN,1
1782238191.418583,engine_on_counter,0,0
1782238191.419071,gear_position,N,0
1782238191.419071,shift_lever_displaced,REST,0
1782238191.419071,shift_lever_failed,OK,0
1782238191.419173,rpm,0,0
1782238191.419173,throttle_position,0,0
1782238191.431283,kill_switch,RUN,1
1782238191.431283,engine_on_counter,0,0
1782238191.450893,gear_position,N,0
1782238191.450893,shift_lever_displaced,REST,0
1782238191.450893,shift_lever_failed,OK,0
1782238191.451019,rpm,0,0
1782238191.451019,throttle_position,0,0
1782238191.451378,kill_switch,RUN,1
1782238191.451378,engine_on_counter,0,0
1782238191.459119,gear_position,N,0
1782238191.459119,shift_lever_displaced,REST,0
1782238191.459119,shift_lever_failed,OK,0
1782238191.459260,rpm,0,0
1782238191.459260,throttle_position,0,0
1782238191.471361,kill_switch,RUN,1
1782238191.471361,engine_on_counter,0,0
1782238191.490695,gear_position,N,0
1782238191.490695,shift_lever_displaced,REST,0
1782238191.490695,shift_lever_failed,OK,0
1782238191.490810,rpm,0,0
1782238191.490810,throttle_position,0,0
1782238191.491032,kill_switch,RUN,1
1782238191.491032,engine_on_counter,0,0
1782238191.498812,gear_position,N,0
1782238191.498812,shift_lever_displaced,REST,0
1782238191.498812,shift_lever_failed,OK,0
1782238191.498881,coolant_temp,72.5,725
1782238191.498881,warmup_index,0,0
1782238191.498881,side_stand,UP,1
1782238191.499026,rpm,0,0
1782238191.499026,throttle_position,0,0
1782238191.512420,kill_switch,RUN,1
1782238191.512420,engine_on_counter,0,0
1782238191.512734,gear_position,N,0
1782238191.512734,shift_lever_displaced,REST,0
1782238191.512734,shift_lever_failed,OK,0
1782238191.528582,rpm,0,0
1782238191.528582,throttle_position,0,0
1782238191.529054,kill_switch,RUN,1
1782238191.529054,engine_on_counter,0,0
1782238191.539602,gear_position,N,0
1782238191.539602,shift_lever_displaced,REST,0
1782238191.539602,shift_lever_failed,OK,0
1782238191.539672,rpm,0,0
1782238191.539672,throttle_position,0,0
1782238191.553148,kill_switch,RUN,1
1782238191.553148,engine_on_counter,0,0
1782238191.553390,gear_position,N,0
1782238191.553390,shift_lever_displaced,REST,0
1782238191.553390,shift_lever_failed,OK,0
1782238191.553467,rpm,0,0
1782238191.553467,throttle_position,0,0
1782238191.571008,kill_switch,RUN,1
1782238191.571008,engine_on_counter,0,0
1782238191.588671,gear_position,N,0
1782238191.588671,shift_lever_displaced,REST,0
1782238191.588671,shift_lever_failed,OK,0
1782238191.588761,rpm,0,0
1782238191.588761,throttle_position,0,0
1782238191.589027,kill_switch,RUN,1
1782238191.589027,engine_on_counter,0,0
1782238191.598751,gear_position,N,0
1782238191.598751,shift_lever_displaced,REST,0
1782238191.598751,shift_lever_failed,OK,0
1782238191.598857,coolant_temp,72.5,725
1782238191.598857,warmup_index,0,0
1782238191.598857,side_stand,UP,1
1782238191.599068,rpm,0,0
1782238191.599068,throttle_position,0,0
1782238191.611347,kill_switch,RUN,1
1782238191.611347,engine_on_counter,0,0
1782238191.619361,gear_position,N,0
1782238191.619361,shift_lever_displaced,REST,0
1782238191.619361,shift_lever_failed,OK,0
1782238191.619502,rpm,0,0
1782238191.619502,throttle_position,0,0
1782238191.638734,kill_switch,RUN,1
1782238191.638734,engine_on_counter,0,0
1782238191.639484,gear_position,N,0
1782238191.639484,shift_lever_displaced,REST,0
1782238191.639484,shift_lever_failed,OK,0
1782238191.639729,rpm,0,0
1782238191.639729,throttle_position,0,0
1782238191.652689,kill_switch,RUN,1
1782238191.652689,engine_on_counter,0,0
1782238191.653106,gear_position,N,0
1782238191.653106,shift_lever_displaced,REST,0
1782238191.653106,shift_lever_failed,OK,0
1782238191.668818,rpm,0,0
1782238191.668818,throttle_position,0,0
1782238191.669810,kill_switch,RUN,1
1782238191.669810,engine_on_counter,0,0
1782238191.679761,gear_position,N,0
1782238191.679761,shift_lever_displaced,REST,0
1782238191.679761,shift_lever_failed,OK,0
1782238191.679880,rpm,0,0
1782238191.679880,throttle_position,0,0
1782238191.691701,kill_switch,RUN,1
1782238191.691701,engine_on_counter,0,0
1782238191.692127,gear_position,N,0
1782238191.692127,shift_lever_displaced,REST,0
1782238191.692127,shift_lever_failed,OK,0
1782238191.692262,coolant_temp,72.5,725
1782238191.692262,warmup_index,0,0
1782238191.692262,side_stand,UP,1
1782238191.708649,rpm,0,0
1782238191.708649,throttle_position,0,0
1782238191.709376,kill_switch,RUN,1
1782238191.709376,engine_on_counter,0,0
1782238191.719522,gear_position,N,0
1782238191.719522,shift_lever_displaced,REST,0
1782238191.719522,shift_lever_failed,OK,0
1782238191.719758,rpm,0,0
1782238191.719758,throttle_position,0,0
1782238191.732859,kill_switch,RUN,1
1782238191.732859,engine_on_counter,0,0
1782238191.733563,gear_position,N,0
1782238191.733563,shift_lever_displaced,REST,0
1782238191.733563,shift_lever_failed,OK,0
1782238191.751335,rpm,0,0
1782238191.751335,throttle_position,0,0
1782238191.751744,kill_switch,RUN,1
1782238191.751744,engine_on_counter,0,0
1782238191.768603,gear_position,N,0
1782238191.768603,shift_lever_displaced,REST,0
1782238191.768603,shift_lever_failed,OK,0
1782238191.768814,rpm,0,0
1782238191.768814,throttle_position,0,0
1782238191.769388,kill_switch,RUN,1
1782238191.769388,engine_on_counter,0,0
1782238191.779473,gear_position,N,0
1782238191.779473,shift_lever_displaced,REST,0
1782238191.779473,shift_lever_failed,OK,0
1782238191.779717,rpm,0,0
1782238191.779717,throttle_position,0,0
1782238191.797563,kill_switch,RUN,1
1782238191.797563,engine_on_counter,0,0
1782238191.797825,gear_position,N,0
1782238191.797825,shift_lever_displaced,REST,0
1782238191.797825,shift_lever_failed,OK,0
1782238191.803142,coolant_temp,72.5,725
1782238191.803142,warmup_index,0,0
1782238191.803142,side_stand,UP,1
1782238191.803316,rpm,0,0
1782238191.803316,throttle_position,0,0
1782238191.803540,kill_switch,RUN,1
1782238191.803540,engine_on_counter,0,0
1782238191.819157,gear_position,N,0
1782238191.819157,shift_lever_displaced,REST,0
1782238191.819157,shift_lever_failed,OK,0
1782238191.819244,rpm,0,0
1782238191.819244,throttle_position,0,0
1782238191.831297,kill_switch,RUN,1
1782238191.831297,engine_on_counter,0,0
1782238191.849197,gear_position,N,0
1782238191.849197,shift_lever_displaced,REST,0
1782238191.849197,shift_lever_failed,OK,0
1782238191.849293,rpm,0,0
1782238191.849293,throttle_position,0,0
1782238191.849555,kill_switch,RUN,1
1782238191.849555,engine_on_counter,0,0
1782238191.858873,gear_position,N,0
1782238191.858873,shift_lever_displaced,REST,0
1782238191.858873,shift_lever_failed,OK,0
1782238191.858959,rpm,0,0
1782238191.858959,throttle_position,0,0
1782238191.872465,kill_switch,RUN,1
1782238191.872465,engine_on_counter,0,0
1782238191.872879,gear_position,N,0
1782238191.872879,shift_lever_displaced,REST,0
1782238191.872879,shift_lever_failed,OK,0
1782238191.891014,rpm,0,0
1782238191.891014,throttle_position,0,0
1782238191.891459,kill_switch,RUN,1
1782238191.891459,engine_on_counter,0,0
1782238191.899544,gear_position,N,0
1782238191.899544,shift_lever_displaced,REST,0
1782238191.899544,shift_lever_failed,OK,0
1782238191.899767,coolant_temp,72.5,725
1782238191.899767,warmup_index,0,0
1782238191.899767,side_stand,UP,1
1782238191.900173,rpm,0,0
1782238191.900173,throttle_position,0,0
1782238191.918879,kill_switch,RUN,1
1782238191.918879,engine_on_counter,0,0
1782238191.919268,gear_position,N,0
1782238191.919268,shift_lever_displaced,REST,0
1782238191.919268,shift_lever_failed,OK,0
1782238191.919355,rpm,0,0
1782238191.919355,throttle_position,0,0
1782238191.928919,kill_switch,RUN,1
1782238191.928919,engine_on_counter,0,0
1782238191.939674,gear_position,N,0
1782238191.939674,shift_lever_displaced,REST,0
1782238191.939674,shift_lever_failed,OK,0
1782238191.939778,rpm,0,0
1782238191.939778,throttle_position,0,0
1782238191.958572,kill_switch,RUN,1
1782238191.958572,engine_on_counter,0,0
1782238191.958921,gear_position,N,0
1782238191.958921,shift_lever_displaced,REST,0
1782238191.958921,shift_lever_failed,OK,0
1782238191.959039,rpm,0,0
1782238191.959039,throttle_position,0,0
1782238191.971325,kill_switch,RUN,1
1782238191.971325,engine_on_counter,0,0
1782238191.990781,gear_position,N,0
1782238191.990781,shift_lever_displaced,REST,0
1782238191.990781,shift_lever_failed,OK,0
1782238191.990884,rpm,0,0
1782238191.990884,throttle_position,0,0
1782238191.991157,kill_switch,RUN,1
1782238191.991157,engine_on_counter,0,0
1782238191.998608,gear_position,N,0
1782238191.998608,shift_lever_displaced,REST,0
1782238191.998608,shift_lever_failed,OK,0
1782238191.998696,coolant_temp,72.5,725
1782238191.998696,warmup_index,0,0
1782238191.998696,side_stand,UP,1
1782238191.998877,rpm,0,0
1782238191.998877,throttle_position,0,0
1782238192.011189,kill_switch,RUN,1
1782238192.011189,engine_on_counter,0,0
